"","Mutant_1","Mutant_2","Mutant_3","Control_1","Control_2","Control_3","Control_4","Control_5","Control_6"
"Gm14964",0,0,0,0,3,0,4,1,1
"Zglp1",8,27,1,4,0,1,1,3,4
"Vmn2r65",0,0,0,0,0,0,0,0,0
"Krtap12-22",0,0,0,0,0,0,0,0,0
"F630206G17Rik",0,0,0,0,0,0,0,0,3
"Oog3",0,0,0,0,0,0,0,0,0
"Ldlrap1",42,88,46,49,57,87,68,82,96
"Mdn1",81,105,26,41,33,27,64,52,54
"Ifi208",9,18,3,5,0,11,0,5,3
"Wfdc17",48,110,36,35,31,10,12,54,43
"Mfap1b",0,0,0,0,2,1,1,0,0
"Tmsb15b2",0,0,0,0,0,0,0,0,0
"Cstdc5",0,0,1,0,0,0,0,0,0
"Gm15772",149,160,104,142,120,74,97,126,114
"Gm15114",0,0,0,0,0,0,0,0,0
"Gm17762",6,3,1,3,7,0,2,0,1
"Prr35",0,0,0,0,0,2,0,0,0
"Vmn1r223",0,0,0,0,0,0,0,0,0
"Gata5os",0,0,0,0,0,0,0,0,0
"Umad1",11,28,16,12,16,21,19,20,37
"Gm16982",0,0,0,0,0,0,0,0,0
"Gm11149",0,0,0,0,0,0,0,0,0
"Gm3373",0,0,0,0,0,0,1,0,0
"100036571",0,0,0,0,0,0,0,0,0
"LOC100036572",0,0,0,0,0,0,0,0,0
"Gm11696",33,92,38,49,51,65,46,38,34
"Dnajc3",323,517,294,353,503,446,727,454,421
"9430060I03Rik",16,24,15,6,18,14,15,5,32
"Gm12359",1,0,0,0,1,0,0,0,0
"Niban3",2,8,8,8,21,20,14,6,13
"Rsph3b",1,3,2,2,1,0,1,6,2
"Rnaset2a",264,251,320,443,1073,968,712,463,959
"D030047H15Rik",0,0,0,0,0,0,0,0,0
"Fam174b",0,0,1,0,0,0,1,0,0
"Gm10862",0,0,0,0,0,0,0,0,0
"Gm10532",0,0,0,5,1,1,2,1,7
"Gm15612",1,2,0,0,0,3,0,1,0
"Gm10856",0,0,0,0,0,0,0,0,1
"Gm10857",0,0,0,0,0,0,0,0,0
"100038359",2,0,0,0,3,7,2,5,0
"Gm10723",0,0,0,0,0,0,0,0,0
"Mir223hg",34,27,13,3,3,1,9,7,2
"Zfp389",1,6,0,0,0,0,0,0,0
"Gm10714",0,0,0,0,0,0,0,0,0
"Gm10876",0,0,0,0,0,0,0,0,0
"Gm10433",0,0,2,0,0,0,0,0,0
"Gm10837",0,2,0,0,1,0,0,3,0
"Gm10647",0,0,0,0,0,0,1,0,0
"Gm10648",0,0,0,1,1,0,0,0,0
"Gm10650",0,0,0,0,0,0,0,0,0
"Gm10610",0,0,0,0,0,0,0,0,0
"Gm10614",0,0,0,0,1,0,0,6,5
"Gm10287",0,0,0,0,0,0,0,0,0
"Gm10785",1,5,0,1,7,0,2,5,2
"Gm10512",0,0,0,0,0,0,0,0,0
"1700061E17Rik",0,0,0,0,0,0,0,0,0
"100038398",0,0,0,0,0,0,0,1,0
"Gm10579",0,0,0,0,0,0,0,0,0
"Gm10536",0,0,0,0,0,0,0,0,1
"Gm15998",1,2,0,0,0,1,0,0,0
"Faddos",0,0,0,0,0,0,0,0,0
"D130050E23Rik",0,0,0,0,0,0,0,0,0
"Gm10735",0,0,0,0,0,0,0,0,0
"Gm10643",5,7,0,0,2,0,0,2,1
"Spink13",0,0,0,0,0,0,0,0,0
"E330027M22Rik",0,0,0,0,0,0,0,0,0
"Gm10624",0,0,0,0,0,0,0,0,0
"Gm10733",0,0,0,0,0,0,0,0,0
"Gm10604",0,0,0,0,0,0,0,0,0
"100038425",9,35,21,9,10,17,5,25,17
"Gm10505",0,3,1,0,4,0,1,1,2
"Gm10568",0,0,0,0,0,0,0,0,0
"9130213A22Rik",0,0,0,0,0,0,6,1,0
"Gm10503",0,0,0,0,0,0,0,0,0
"Gm10556",0,0,0,0,0,0,0,0,0
"Gm16508",0,0,0,0,0,0,0,0,0
"100038452",0,0,0,0,0,0,0,0,0
"Gm12522",0,2,0,1,2,8,4,7,7
"Platr8",0,0,0,0,0,0,0,0,0
"Gm10677",0,0,0,0,0,0,0,0,0
"Gm15441",5,0,0,1,0,0,0,1,0
"A630072L19Rik",0,0,0,0,0,0,0,0,0
"Gm10684",0,0,0,0,0,0,0,0,0
"Gm10808",0,0,0,0,1,2,0,0,2
"Gm10616",3,6,3,0,2,0,0,0,1
"Gm10787",0,0,0,0,0,0,0,0,0
"Gm10510",0,0,0,0,0,0,0,0,0
"Gm10742",0,0,0,0,0,0,0,0,0
"100038487",2,1,0,0,0,0,0,0,0
"Apela",0,0,0,0,0,0,0,0,0
"Gm13582",0,0,0,0,0,0,0,0,0
"Gm10782",0,0,0,0,0,0,0,0,0
"Gm10655",2,4,2,1,9,2,2,7,8
"100038498",0,0,0,0,0,0,0,0,0
"Gm10369",4,6,3,0,1,1,1,0,0
"Gm10873",0,0,0,0,0,0,0,0,0
"Gm10797",0,0,0,0,0,0,0,0,0
"Gm10544",0,0,0,0,0,0,0,0,0
"Gm14149",0,0,0,0,0,0,0,0,0
"Gm11837",1,0,0,0,6,0,0,0,0
"Gm10640",2,2,0,0,4,0,0,0,0
"Dnmt3aos",0,0,0,0,0,0,0,0,0
"Gm10804",0,0,0,0,0,0,0,0,0
"Gm16008",0,0,0,0,0,0,0,0,0
"Gm10851",0,1,0,0,0,0,0,2,0
"Gm10765",0,0,0,0,0,0,0,0,0
"Gm10822",0,0,0,0,0,0,0,0,0
"Gm16503",0,0,0,0,0,0,0,0,0
"Ramacl",1,0,0,0,2,2,2,3,0
"Gm10554",0,0,0,0,0,0,0,0,0
"Gm10745",0,0,0,0,0,0,0,0,0
"Gm10743",0,0,0,0,0,0,0,0,0
"Gm10815",0,0,0,0,0,0,0,0,0
"Gm10521",0,2,0,5,2,6,5,3,3
"Gm10757",0,0,0,0,0,0,0,0,0
"Gm15348",0,0,0,0,0,0,0,0,0
"Gm10578",0,0,0,0,0,0,0,0,0
"Gm10445",0,0,0,0,0,0,0,0,0
"Gm10752",5,2,1,0,0,0,0,0,0
"Gm10687",0,5,0,0,0,0,0,0,0
"B230104I21Rik",0,0,0,0,0,0,0,0,0
"Gm10295",0,0,0,0,0,0,0,0,0
"Gm10658",2,17,1,2,0,0,0,0,0
"Gm10558",0,0,0,0,0,0,0,0,0
"Prcd",0,0,0,0,0,0,0,0,0
"Gm12863",0,0,0,0,0,0,0,0,0
"Gm10864",0,0,0,0,0,0,0,0,0
"Gm10415",0,0,0,0,0,0,0,0,0
"Gm10635",0,0,0,0,0,0,0,0,0
"Gm10790",21,27,31,44,93,50,47,56,94
"Gm10824",0,0,0,0,0,0,0,0,0
"Gm14812",0,0,0,0,0,0,0,0,0
"Gm10278",0,0,0,0,0,0,0,0,0
"Gm10744",1,0,0,0,0,0,0,0,0
"Gm10535",0,0,0,0,0,0,0,0,0
"F420014N23Rik",0,0,1,0,0,0,0,0,1
"Gm16287",0,3,1,0,1,5,2,0,1
"Gm10435",0,0,0,0,0,0,0,0,0
"Gm10710",0,0,0,0,0,0,0,0,0
"Gm11529",0,0,0,0,0,0,0,0,0
"Gm10865",0,0,0,0,0,0,0,0,0
"E030047D23Rik",2,0,0,2,1,0,0,1,0
"100038606",0,0,0,0,0,0,0,0,0
"Gm10636",0,0,0,0,0,0,0,0,0
"Gm10389",0,0,0,0,0,0,0,0,0
"Gm10747",0,0,0,0,0,0,0,0,0
"Gm10791",0,0,0,0,0,0,0,0,0
"Gm10466",0,0,0,0,0,0,0,0,0
"Gm10847",1,1,0,1,0,0,1,0,1
"Gm10839",0,0,0,0,0,0,0,0,0
"Gm10823",0,0,1,0,0,0,0,0,0
"Gm10846",0,3,4,2,2,1,1,0,4
"F630042J09Rik",0,0,0,0,0,0,0,0,0
"Gm10768",0,0,0,0,0,0,0,0,0
"Gm10463",3,0,0,0,1,0,0,0,0
"B230344G16Rik",1,10,1,0,0,0,0,0,1
"Fmr1os",0,0,0,0,0,1,0,0,0
"Gm10667",0,0,0,0,0,0,0,0,0
"Gm10572",0,0,0,0,0,0,0,0,1
"100038648",0,0,0,0,0,0,0,0,0
"Gm10690",0,0,0,0,0,0,0,0,0
"D130062J21Rik",4,0,2,5,4,1,0,7,7
"Gm10688",0,0,0,0,0,0,0,0,0
"Gm10538",0,0,0,0,0,0,0,0,0
"Myocos",0,0,0,0,0,0,0,0,0
"Mirt2",0,0,0,0,0,0,0,0,0
"D130046C19Rik",0,0,0,0,1,0,0,0,4
"Gm12298",0,0,0,0,0,0,0,0,0
"Macrod2os2",0,0,0,0,0,0,0,0,0
"Gm12526",0,0,0,0,0,0,0,0,0
"Gm10860",0,0,0,0,0,0,0,0,0
"Gm10764",0,0,0,0,0,0,0,0,0
"100038681",5,9,0,2,3,0,2,3,2
"Gm10775",0,0,0,0,0,0,0,0,0
"Gm10724",0,0,0,0,0,1,0,0,0
"Gm10421",0,0,0,0,0,0,0,0,0
"Gm10344",0,0,0,0,0,0,0,0,0
"Tmem51os1",0,0,0,0,0,0,0,0,0
"Gm10555",0,0,0,0,0,0,0,0,0
"Gm10866",4,8,5,15,35,12,23,21,17
"Gm10912",0,0,0,1,0,0,0,0,0
"Gm10754",0,0,0,0,0,0,0,0,0
"Gm14488",0,0,0,0,1,0,1,0,0
"Gm10637",0,0,0,0,0,0,0,0,0
"Gm10388",4,5,10,7,4,4,2,5,5
"Gm10855",0,0,0,0,0,0,0,0,0
"Gm10789",0,0,0,0,0,0,0,0,0
"Gm10309",0,3,0,0,0,0,0,1,0
"Gm10516",0,0,0,0,0,0,0,1,0
"Gm10432",0,0,0,0,0,0,0,0,0
"Gm15401",0,0,0,0,0,0,0,0,0
"Gm10826",0,0,0,0,0,0,0,0,0
"Gm10494",0,0,0,0,0,0,0,0,0
"Gm10305",0,0,0,0,0,0,0,0,0
"Gm10304",1,1,1,0,3,1,0,2,1
"Cep85l",10,4,4,2,2,1,3,0,1
"Gm10373",0,0,0,0,0,0,0,0,0
"Gm10387",0,1,0,1,0,0,0,0,0
"Gm11681",0,0,0,0,0,0,0,0,0
"Gm10845",0,0,0,0,0,0,0,0,0
"Gm10384",3,1,8,9,10,5,7,11,20
"Gm10615",3,5,5,2,2,1,4,4,1
"Gm13629",0,0,0,0,0,0,0,0,0
"Gm1976",19,9,30,1,2,4,4,4,2
"Gm10825",0,0,0,0,0,0,0,0,0
"100038846",0,0,0,0,0,0,0,0,0
"Gm10406",0,0,0,0,0,0,0,0,0
"Trav9d-3",0,0,0,0,0,0,0,0,0
"Gm1974",4,4,0,1,1,0,1,1,3
"Cstdc6",0,0,0,0,0,0,0,0,0
"Or10h1b",0,0,0,0,0,0,0,0,0
"Or10h1",0,0,0,0,0,0,0,0,0
"Btnl1",0,0,0,0,0,0,0,0,0
"Isg15",509,781,208,451,225,533,154,365,375
"Pira12",1,1,0,0,0,0,0,0,0
"Ceacam-ps1",0,0,0,0,0,0,0,0,0
"Gm16387",0,0,0,0,0,0,0,0,0
"Defa30",0,1,0,0,0,2,0,3,0
"100038937",0,0,0,0,0,0,0,0,0
"Vmn2r121",0,0,0,0,0,0,0,0,0
"100038944",0,0,0,0,0,0,0,0,0
"Sirpb1c",0,0,1,0,2,1,0,2,0
"Mup9",0,0,0,0,0,0,0,0,0
"Gm1979",0,0,0,0,0,0,0,0,0
"Gm1988",0,0,0,0,0,0,0,0,0
"Rps12-ps18",1,0,0,0,0,0,2,0,1
"Gm20792",0,0,0,0,0,0,0,0,0
"Gm1993",0,0,0,0,0,0,0,0,0
"Gm1995",0,0,0,0,0,0,0,0,0
"LOC100038987",0,0,0,0,0,0,0,0,0
"Ubl5c",0,0,0,0,0,0,0,0,0
"100038993",0,0,0,0,0,0,0,0,0
"LOC100038995",0,0,0,0,0,0,0,0,0
"Gm2003",0,0,0,0,0,0,0,0,0
"Gm13552",11,18,17,4,5,6,10,4,9
"Mup10",0,0,0,0,0,0,0,0,0
"LOC100039010",0,0,0,0,0,0,0,0,0
"Gm20793",0,0,0,0,0,0,0,0,0
"100039017",0,0,0,0,0,0,0,0,0
"Mup-ps12",0,0,0,0,0,0,0,0,0
"Gm2011",0,0,0,0,0,1,0,0,0
"Mup11",0,0,0,0,0,0,0,0,0
"LOC100039029",0,0,0,0,0,0,0,0,0
"Gm2012",0,0,0,0,0,0,0,0,0
"Gm20794",0,0,0,0,0,0,0,0,0
"Gm20795",0,0,0,0,0,0,0,0,0
"Eif1ad3",0,0,0,0,0,0,0,0,0
"Gm10731",0,0,0,0,0,0,0,0,0
"100039044",0,0,0,0,0,0,0,0,0
"Speer4a2",0,0,0,0,1,0,0,0,0
"Eif1ad4",0,0,0,0,0,0,0,0,0
"100039053",0,0,0,0,0,0,0,0,0
"Mup12",0,0,0,0,0,0,0,0,0
"Gm16404",0,0,0,0,0,0,0,0,0
"Gm2026",0,1,0,0,0,0,0,0,0
"Gm2027",1,6,0,0,1,0,2,0,0
"Gm2030",0,0,0,0,0,0,0,0,0
"100039068",0,0,0,0,0,0,0,0,0
"Eif1ad14",0,0,0,0,0,0,0,0,0
"Gm2036",0,2,0,0,0,0,3,0,0
"Gm15032",1,0,1,1,0,0,0,0,0
"Gm2042",0,0,0,0,0,0,0,0,0
"Mup13",0,0,0,0,0,0,0,0,0
"Eif1ad5",0,0,0,0,0,0,0,0,0
"Mup14",0,0,0,0,0,0,0,0,0
"Gm14525",0,0,0,0,0,0,0,0,0
"Gm14295",2,2,6,1,4,0,1,1,0
"Eif1ad11",0,0,0,0,0,0,0,0,0
"Gm2061",0,0,0,0,0,0,0,0,0
"Ccdc152",0,0,0,0,0,0,0,0,0
"Mup15",0,0,0,0,0,0,0,0,0
"100039151",0,0,0,0,0,0,0,0,0
"Eif1ad17",0,0,0,0,0,0,0,0,0
"100039175",0,0,0,0,0,0,0,0,0
"Gm13580",0,0,0,0,0,0,0,0,0
"Mup16",0,0,0,0,0,0,0,0,0
"Gm63880",0,0,0,0,0,0,0,0,0
"100039192",0,2,2,0,2,0,1,0,0
"100039194",0,0,0,0,0,0,0,0,0
"Mup17",0,0,0,0,0,0,0,0,0
"100039208",0,0,0,0,0,0,0,0,0
"100039209",0,0,0,0,0,0,0,0,0
"Gm2102",0,0,0,0,0,0,0,0,0
"100039211",0,0,0,0,0,0,0,0,0
"100039213",0,0,0,0,0,0,0,0,0
"Gm2109",0,0,0,0,0,0,0,0,0
"100039227",0,0,0,0,0,0,0,0,0
"Ctxnd1",0,0,0,0,0,0,0,0,0
"Gm10058",0,0,0,0,0,0,0,0,0
"100039246",0,0,0,0,0,0,0,0,1
"Gm12693",12,17,9,1,10,15,11,9,4
"100039257",0,0,0,0,0,0,0,0,0
"Gm2128",0,0,0,0,0,0,0,0,0
"100039271",0,0,0,0,0,0,0,0,0
"100039280",0,0,0,0,0,0,0,0,0
"100039293",0,0,0,0,0,0,0,0,0
"100039294",0,0,0,0,0,0,0,0,0
"100039304",0,4,0,0,0,0,0,0,0
"100039307",0,0,0,0,0,1,0,0,0
"Pramel51",0,0,0,0,1,0,0,1,0
"H2ab1",0,0,0,0,0,0,0,0,0
"Gm10147",0,0,0,0,0,0,0,0,0
"Gm2163",0,0,0,0,0,0,0,0,0
"Gm2165",0,0,0,0,0,0,0,0,0
"100039344",0,0,0,0,0,0,0,0,0
"Gm2176",1,1,0,0,0,4,0,3,2
"Gm16500",0,0,0,0,0,0,0,0,0
"Gm2178",2,1,0,1,2,1,2,0,4
"Gm2192",0,0,0,0,0,0,0,0,0
"Gm10096",0,0,0,0,0,0,0,0,0
"100039393",0,0,0,0,0,0,0,0,0
"Gm2223",0,1,0,0,2,0,1,0,5
"Gm2225",11,9,9,8,18,10,11,8,10
"Mageb16-ps1",0,0,0,0,0,0,0,0,0
"100039444",0,0,0,0,0,0,0,0,0
"Gm2240",0,0,0,0,0,0,0,0,0
"Gm2244",0,0,0,0,0,0,0,0,0
"Gm10487",0,0,0,0,0,0,0,0,0
"Gm11810",0,1,2,0,1,2,0,1,1
"Vmn1r186",0,0,0,0,0,0,0,0,0
"100039484",0,0,0,0,0,0,0,0,0
"Gm15706",7,17,2,7,14,15,15,8,22
"Vmn1r187",0,0,0,0,0,0,0,0,0
"100039503",0,0,0,0,0,0,0,0,0
"Gm2287",0,0,0,0,0,0,0,0,0
"Gm2288",0,0,0,0,0,0,0,0,0
"100039523",0,0,0,0,0,0,0,0,0
"Gm10029",0,0,1,0,0,0,1,0,0
"Gm15109",0,0,0,0,0,0,0,0,0
"Gm10486",0,0,0,0,0,0,0,0,0
"Tgif2lx2",0,0,0,0,0,0,0,0,0
"Gm10335",7,7,8,6,11,3,11,7,5
"Gm2318",0,0,0,0,0,0,0,0,0
"Gm20806",0,0,0,0,0,0,0,0,0
"Gm14819",0,0,0,0,0,0,0,0,0
"Gm2329",0,0,0,0,0,0,0,0,0
"Gm20807",0,0,0,0,0,0,0,0,0
"Tcf24",1,1,0,0,0,0,0,1,0
"100039602",0,0,0,0,0,0,0,0,0
"Gm20809",0,0,0,0,0,0,0,0,0
"Atp6v0c-ps2",129,234,114,135,195,249,187,139,181
"E330012B07Rik",0,0,0,0,0,0,0,0,0
"Idi2l",0,0,0,0,0,0,0,0,0
"100039659",0,0,0,0,0,0,0,0,0
"Msmp",0,0,0,0,0,0,0,0,0
"Gm2366",0,0,0,0,0,0,0,0,0
"Gm10634",0,2,0,0,0,0,2,0,0
"Gm20811",0,0,0,0,0,0,0,0,0
"Zcwpw2",0,0,0,0,0,0,0,1,2
"5031434O11Rik",0,16,11,10,16,13,11,7,16
"Lncenc1",0,0,0,0,0,0,0,0,0
"100039693",0,0,0,0,0,0,0,0,0
"Gm2381",0,0,0,0,0,0,0,0,0
"Mthfsl",39,79,47,30,84,85,63,57,46
"100039719",0,0,0,0,0,0,0,0,0
"Fkbp1a-ps3",0,0,0,0,0,0,0,0,0
"1700049E15Rik",0,0,0,0,0,0,0,0,0
"100039728",0,0,0,0,0,0,0,0,0
"Gm10051",52,82,64,46,70,72,66,50,56
"100039732",0,0,0,0,0,0,0,0,0
"A430060F13Rik",0,0,0,0,0,0,0,0,0
"100039741",0,0,0,0,0,0,0,0,0
"100039746",2,0,5,0,0,2,3,0,0
"Rpl15-ps6",6,2,3,2,6,2,5,3,0
"100039752",0,0,0,0,0,0,0,0,0
"Gm20815",0,0,0,0,0,0,0,0,0
"Gm10153",0,0,0,0,0,0,0,0,0
"Cldn34c6",0,0,0,0,0,0,0,0,0
"1700024F20Rik",0,11,0,7,3,3,2,5,0
"Hrct1",0,0,0,0,0,0,0,0,0
"Gm2423",0,0,0,0,0,0,0,0,0
"Ccl19-ps5",0,0,0,0,0,0,0,0,0
"Trbv3",0,0,0,0,0,0,0,0,0
"Gm2427",0,0,0,0,0,0,0,0,0
"Ildr2",74,69,104,143,202,120,115,110,175
"Tgtp2",2,0,4,0,0,1,1,1,0
"Cldn24",0,0,0,0,0,0,0,0,0
"D5Ertd605e",6,2,6,11,9,31,8,26,43
"Gm20816",0,0,0,0,0,0,0,0,0
"Gm2436",0,0,0,0,0,0,0,0,0
"100039826",0,0,0,0,0,0,0,0,0
"Gm2446",0,0,0,0,0,0,0,0,0
"Gm20817",0,0,0,0,0,0,0,0,0
"100039848",0,0,0,0,0,0,0,0,0
"Ccl27al",0,0,0,0,0,0,0,0,0
"Snhg12",653,525,385,176,219,285,277,232,274
"100039876",0,0,0,0,0,0,0,0,0
"Gm15093",0,0,0,0,0,0,0,0,0
"Gm2479",0,1,12,3,12,0,0,1,8
"100039897",0,0,0,0,0,0,0,0,0
"Tex13d",0,0,0,0,0,0,0,0,0
"2810407A14Rik",0,0,1,0,0,0,0,0,0
"Gm20819",0,0,0,0,0,0,0,0,0
"Gm20820",0,0,0,0,0,0,0,0,0
"Rhox2b",0,0,0,0,0,0,0,0,0
"Gm20821",0,0,0,0,0,0,0,0,0
"Gm15085",0,0,0,0,0,0,0,0,0
"100039939",0,0,0,0,0,0,0,0,0
"Rhox2c",0,0,0,0,0,0,0,0,0
"Gm2516",0,0,0,0,0,0,0,0,0
"Gm2518",4,4,8,3,1,11,0,2,7
"Tmem35b",6,3,4,24,56,36,36,36,60
"100039973",0,0,0,0,0,0,0,0,0
"Gm11826",1,2,5,2,2,0,1,1,2
"Gm2545",0,0,0,1,0,0,0,0,0
"Rhox2e",0,0,0,0,0,0,0,0,0
"Gmfg-ps",9,1,10,1,3,10,3,5,6
"Gm15143",0,0,0,0,0,0,0,0,0
"Gm20822",0,0,0,0,0,0,0,0,0
"Gm20823",0,0,0,0,0,0,0,0,0
"Ccl19-ps4",0,0,0,0,0,0,0,0,0
"100040044",0,0,0,0,0,0,0,0,0
"Ccl27b",0,0,0,0,0,0,0,0,0
"Smim38",6,4,1,4,3,3,0,2,0
"Gm2573",1,0,1,4,1,0,0,1,0
"100040054",0,0,0,0,0,0,0,0,0
"100040083",0,0,0,0,0,0,0,0,0
"100040110",1,5,0,1,6,2,14,1,1
"Gm2614",3,0,2,2,0,0,2,3,3
"100040135",0,0,0,0,0,0,0,0,0
"Gm20826",0,0,0,0,0,0,0,0,0
"Gm20827",0,0,0,0,0,0,0,0,0
"Gm20828",0,0,0,0,0,0,0,0,0
"100040196",0,0,0,0,0,0,0,0,0
"Krtap6-3",0,0,0,0,0,0,0,0,0
"Gm2663",0,0,0,0,0,0,0,0,0
"Gm2666",0,0,0,0,0,0,0,0,0
"Krtap6-7",0,0,0,0,0,0,0,0,0
"Gm9892",58,37,19,18,26,9,20,46,23
"Gm20831",0,0,0,0,0,0,0,0,0
"Prss3l",0,0,0,0,0,0,0,0,0
"Styx-ps",0,0,0,0,1,1,0,0,1
"Krtap4-25",0,0,0,0,0,0,0,0,0
"Krtap20-1",0,0,0,0,0,0,0,0,0
"Atf1-ps",0,0,0,0,1,0,0,0,0
"Gm20833",0,0,0,0,0,0,0,0,0
"100040263",0,0,0,0,0,0,0,0,0
"100040264",0,0,0,0,0,0,0,0,0
"Or13c7c",0,0,0,0,0,0,0,0,0
"Krtap4-22",0,0,0,0,0,0,0,0,0
"Mindy4b-ps",0,0,0,0,0,0,0,0,0
"Cbln1os",0,0,0,0,1,0,0,0,1
"100040297",270,317,247,262,255,236,233,333,288
"Gm15501",110,109,103,58,211,86,166,81,101
"Krtap10-20",0,0,0,0,0,0,0,0,0
"Gm14598",0,0,0,0,0,0,0,0,0
"100040320",0,0,0,0,0,0,0,0,0
"3830408C21Rik",0,2,0,2,0,0,0,0,1
"Gm20836",0,0,0,0,0,0,0,0,0
"Gm2721",0,0,0,0,0,0,0,0,0
"Gm20837",0,0,0,0,0,0,0,0,0
"Gm20838",0,0,0,0,0,0,0,0,0
"100040377",33,58,21,3,13,22,14,14,20
"100040382",0,0,0,0,0,0,0,0,0
"100040392",0,0,0,0,0,0,0,0,0
"100040400",0,0,0,0,0,0,0,0,0
"Gm14957",0,0,0,0,0,0,0,0,0
"Rpl13-ps6",4,3,5,0,2,3,2,1,3
"Gm2759",0,0,0,0,0,0,0,0,0
"100040418",0,0,0,0,0,0,0,0,0
"Gm2762",0,0,0,0,0,0,0,0,0
"Gm20842",0,0,0,0,0,0,0,0,0
"1700036A12Rik",0,0,0,0,0,0,0,0,0
"Btbd35f19",0,0,0,0,0,0,0,0,0
"Btbd35f26",0,0,0,0,0,0,0,0,0
"Mndal",5,0,2,2,2,1,0,0,6
"100040465",0,0,0,2,0,0,0,0,2
"100040467",0,0,0,0,0,0,0,0,0
"Btbd35f2",0,0,0,0,0,0,0,0,0
"100040483",0,0,0,0,0,0,0,0,0
"100040489",0,0,0,0,0,0,0,0,0
"100040494",0,0,0,0,0,0,0,0,0
"Gm2808",0,0,0,0,0,0,0,0,0
"Gm9923",0,0,0,0,0,0,1,0,0
"Gm20845",0,0,0,0,0,0,0,0,0
"Tmem181c-ps",0,0,1,0,0,1,0,0,0
"Gm2824",0,0,0,0,0,0,0,0,0
"Dynlt1f",13,3,4,7,2,8,9,15,10
"Btbd35f5",0,0,0,0,0,0,0,0,0
"Gm2830",160,221,185,108,145,74,91,158,98
"Gm2837",0,0,0,0,0,0,0,0,0
"Gm12408",0,0,0,0,0,0,0,0,0
"Dynlt1c",2,0,0,0,0,0,0,1,0
"100040564",0,0,0,0,0,0,0,0,0
"Gm12409",0,0,0,0,0,0,0,0,0
"Gm2848",0,0,4,0,0,3,0,0,1
"Kcnj13",0,0,0,0,0,0,0,0,0
"100040595",0,0,0,0,0,0,0,0,0
"Potefam3a",0,0,0,0,0,0,0,0,0
"Btbd35f12",0,0,0,0,0,0,0,0,0
"Fancf",19,35,15,10,14,19,11,10,13
"Wincr1",0,0,0,0,0,0,0,0,0
"Pramel3d",0,0,0,0,0,0,0,0,0
"100040636",0,0,0,0,0,0,0,0,0
"100040654",1,6,1,0,1,0,0,0,0
"Gm2888",0,0,0,0,0,0,0,0,0
"100040667",0,0,0,0,0,0,0,0,0
"Gm2897",1,0,0,0,0,0,0,0,0
"100040673",0,0,0,0,0,0,0,0,0
"Esd-ps",0,0,0,0,0,0,0,0,0
"Gm10340",0,0,0,0,0,0,0,0,0
"Btbd35f15",0,0,0,0,0,0,0,0,0
"100040711",1,4,0,6,2,11,1,5,1
"Gm20850",0,0,0,0,0,0,0,0,0
"Gm20851",0,0,0,0,0,0,0,0,0
"Mirg",0,0,0,0,0,0,0,0,0
"Btbd35f14",0,0,0,0,0,0,0,0,0
"Foxd2os",0,2,0,7,0,0,0,3,6
"Mroh2a",3,10,3,0,0,3,1,2,6
"Gm2959",0,0,0,0,0,0,0,0,0
"Btbd35f6",0,0,0,0,0,0,0,0,0
"Gm20852",0,0,0,0,0,0,0,0,0
"Gm11627",0,0,0,0,0,0,0,0,0
"Gm1604a",0,0,0,0,0,0,0,0,0
"Cyp4a32",0,0,0,0,0,0,0,0,0
"Gm9767",0,0,0,0,0,0,0,0,0
"Gm3002",0,0,1,0,1,0,3,3,1
"Gm13040",0,0,0,0,0,0,0,0,0
"100040859",0,0,0,0,0,0,0,0,0
"Gm13057",0,0,0,0,0,0,0,0,0
"Gm16405",0,0,0,0,0,0,0,0,0
"Gm3005",0,0,0,0,0,0,0,0,0
"100040873",0,0,0,0,0,0,0,0,0
"Gm3020",0,0,0,0,0,0,0,0,0
"1700017G19Rik",0,0,0,0,0,0,0,0,0
"Pramel33",0,0,0,0,0,0,0,0,0
"Gm16430",0,0,0,0,0,0,0,0,0
"Gm3029",0,0,0,0,0,0,0,0,0
"Gm15142",0,0,0,0,0,0,0,0,0
"Gm20854",0,0,0,0,0,0,0,0,0
"Gm3043",0,0,0,0,0,0,0,0,0
"Gm3045",0,0,0,0,0,0,0,0,0
"Gm3047",0,0,0,0,0,0,0,0,0
"Gm10362",3,1,2,0,0,2,2,3,0
"Cldn34b1",0,0,0,0,0,0,0,0,0
"Gm3055",0,0,0,0,0,0,0,0,0
"Gm10145",1,2,0,1,1,0,0,1,0
"100040963",0,0,0,0,0,0,0,0,0
"Tceal7",0,0,0,0,0,0,0,0,0
"LOC100040974",0,0,0,0,0,0,0,0,0
"Pramel36",0,0,0,0,0,0,0,0,0
"100040991",0,0,0,0,0,0,0,0,0
"Gm15340",0,1,0,0,0,0,0,0,0
"Gm3086",1,0,0,0,0,0,0,0,1
"Gm3089",0,0,0,0,0,0,0,0,0
"Gm3095",0,0,0,0,0,0,0,0,0
"Gm20857",0,0,0,0,0,0,0,0,0
"Gm3099",0,0,0,0,0,0,0,0,0
"Pramel38",0,0,0,0,0,0,0,0,0
"Gm20858",0,0,0,0,0,0,0,0,0
"Gm3115",0,0,0,0,0,0,0,0,0
"LOC100041057",0,0,0,0,0,0,0,0,0
"Gm13286",0,0,0,0,0,0,0,0,0
"Gm3127",0,0,0,0,0,0,0,0,0
"Pramel61",0,0,0,0,0,0,0,0,0
"100041080",0,0,0,0,0,0,0,0,0
"Mfsd4b3-ps",0,0,1,1,3,0,0,5,1
"Gm3134",54,96,43,95,135,113,91,105,158
"Iqcf6",0,0,0,0,0,0,0,0,0
"100041098",2,1,5,4,4,5,1,9,1
"Pramel42",0,0,0,0,0,0,0,0,0
"Gm3141",1,0,0,0,1,0,0,0,0
"Gm3142",0,0,0,0,0,0,0,0,0
"Gm3143",0,0,0,0,0,0,0,0,0
"Pramel43",0,0,0,0,0,0,0,0,0
"100041117",0,0,0,0,0,0,0,0,0
"Gm3149",0,0,0,0,0,0,0,0,0
"Gm3150",1,1,1,2,0,2,2,1,0
"Gm10144",0,0,0,0,0,0,0,0,0
"Gm3159",0,0,0,0,0,0,0,0,0
"100041141",0,0,0,0,0,0,0,0,0
"100041142",0,0,0,0,0,0,0,0,0
"Pira13",0,1,0,0,0,0,0,0,0
"Gm3636",0,0,0,0,0,0,0,0,0
"100041168",0,0,0,0,0,0,0,0,0
"Gm3182",0,0,0,0,0,0,0,0,0
"Pramel56",0,0,0,0,0,0,0,0,0
"100041184",0,0,0,0,1,0,0,0,0
"Or52e19",0,0,0,0,0,0,0,0,0
"Ahnak2",0,1,0,2,3,1,3,0,0
"100041207",0,0,0,0,0,0,0,0,0
"Gm20865",0,0,0,0,0,0,0,0,0
"Gm3213",0,0,0,0,0,0,0,0,0
"H4c17",0,0,0,0,0,0,0,0,17
"Gm3219",13,21,17,11,16,8,20,20,12
"Gm3227",0,0,2,0,0,0,0,0,0
"Gm3230",3,6,3,12,4,7,10,5,10
"Krtap10-21",0,0,0,0,0,0,0,0,0
"Pramel60",0,0,0,0,0,0,0,0,0
"100041255",0,0,0,0,0,0,0,0,0
"Gm20867",0,0,0,0,0,0,0,0,0
"Krtap10-22",0,0,0,0,0,0,0,0,0
"Gm3239",0,0,0,0,0,0,0,0,0
"Pramel46",0,0,0,0,0,0,0,0,0
"Ndufb4c",2,0,0,1,0,0,1,0,0
"Gm3248",0,0,0,0,1,0,1,0,0
"Krtap10-23",0,0,0,0,0,0,0,0,0
"Gm3252",0,0,0,0,0,0,0,0,0
"Gm20868",0,0,0,0,0,0,0,0,0
"Snhg15",212,347,131,54,38,58,56,52,69
"D4Ertd617e",0,2,0,0,0,4,0,0,0
"100041293",0,0,0,0,0,0,0,0,0
"Supt4b",0,0,1,1,0,0,0,0,0
"Pramel47",0,0,0,0,0,0,0,0,0
"Gm3264",0,0,0,0,0,0,0,0,0
"Gm20869",0,0,0,0,0,0,0,0,0
"Gm11978",0,0,0,0,0,0,0,0,0
"Gm3269",0,0,0,0,0,0,0,0,0
"Gm3278",0,0,0,0,0,0,0,0,0
"Gm3279",0,0,0,0,0,0,0,0,0
"Gm20870",0,0,0,0,0,0,0,0,0
"Gm20871",0,0,0,0,0,0,0,0,0
"Ccdc201",0,0,0,0,0,0,0,0,0
"Krtap10-24",0,0,0,0,0,0,0,0,0
"Tcp10c",0,0,0,0,0,0,0,0,0
"Pramel57",0,0,0,0,0,0,0,0,0
"Gm20873",0,0,0,0,0,0,0,0,0
"100041373",0,0,0,0,0,0,0,0,0
"Gm3298",0,0,0,0,0,0,0,0,0
"Cyp3a41b",0,0,0,0,0,0,0,0,0
"Zfp980",0,0,0,0,0,0,0,0,0
"Gm3302",0,0,0,0,0,0,0,0,0
"Krtap2-22",0,0,0,0,0,0,0,0,0
"Zfp981",0,2,0,2,0,0,0,0,0
"100041440",0,0,0,0,0,0,0,0,0
"Cyp3a59",0,0,0,0,0,0,0,0,0
"Gimap1os",0,0,0,0,0,0,0,0,0
"100041478",61,56,45,43,51,37,51,42,57
"Myef2l",1,0,0,0,0,0,1,0,0
"Gm3364",0,0,0,0,0,0,0,1,1
"Krtap2-21",0,0,0,0,0,0,0,0,0
"Gm20875",0,0,0,0,0,0,0,0,0
"100041504",0,0,0,0,0,0,0,0,0
"Rbmyf9",0,0,0,0,0,0,0,0,0
"Gm3383",0,0,0,0,0,0,0,0,0
"100041516",0,0,0,0,0,0,0,0,0
"100041536",0,0,0,0,0,0,0,0,0
"Ly6c2",34,1,21,0,1,4,2,5,0
"Gm3402",0,0,0,0,0,0,0,0,0
"100041549",0,0,0,0,0,0,0,0,0
"Gm20877",0,0,0,0,0,0,0,0,0
"Gm3404",0,0,0,0,0,0,0,0,0
"Gm14762",0,0,0,1,9,1,4,2,2
"Gm3409",0,0,0,0,0,0,0,0,0
"Ermardl2",3,6,4,2,2,7,1,4,3
"100041576",2,21,16,10,2,4,4,10,10
"Gm3415",0,0,0,0,0,0,0,0,0
"Gm20878",0,0,0,0,0,0,0,0,0
"Zkscan16",0,0,0,0,0,0,0,0,0
"Amd2",8,13,5,3,3,1,4,3,2
"Dynlt2a3",0,1,0,0,0,0,0,1,0
"100041593",0,0,0,0,0,0,0,0,0
"Spin2-ps3",0,0,0,0,0,0,0,0,0
"Gal3st2b",0,0,0,0,0,0,0,0,0
"Gm3424",0,0,0,0,0,0,0,0,0
"100041599",0,0,0,0,0,0,0,0,0
"Gm3428",0,0,0,0,0,0,0,0,0
"Gm3434",0,0,0,0,0,0,0,0,0
"Ermardl1",4,5,2,6,10,5,4,5,5
"Gm20879",0,0,0,0,0,0,0,0,0
"Dynlt2a2",0,0,0,0,0,0,0,0,0
"Spin2-ps4",0,0,0,0,0,0,0,0,0
"Mpc1-ps",0,0,0,0,1,0,0,0,0
"Gm3453",0,0,0,0,0,0,0,0,0
"100041654",0,3,0,0,0,0,0,0,0
"Gm10863",1,7,0,1,0,3,6,6,3
"Mup7",0,0,0,0,0,0,0,0,0
"100041662",0,0,0,0,0,0,0,0,0
"Gm3460",0,0,0,0,0,0,0,0,0
"LOC100041672",0,0,0,0,0,0,0,0,0
"Zfp984",64,102,37,40,40,29,10,37,52
"Gm3500",0,0,0,0,0,0,0,0,0
"Gm3470",0,0,0,0,0,0,0,0,0
"100041682",0,0,0,0,0,0,0,0,0
"100041683",0,0,0,0,0,0,0,0,0
"Mup8",0,0,0,0,0,0,0,0,0
"Defa35",0,0,0,0,0,0,0,0,0
"Ppp1r36dn",1,1,0,0,0,0,0,0,0
"Gm14719",9,15,5,9,13,9,7,6,6
"100041698",0,0,0,0,0,0,0,0,0
"Gm3476",0,0,0,0,0,0,0,0,0
"100041703",0,0,0,0,1,0,0,0,0
"LOC100041708",0,0,0,0,0,0,0,0,0
"LOC100041712",0,0,0,0,0,0,0,0,0
"100041714",0,0,0,0,0,0,0,0,0
"1700049E17Rik2",0,0,0,0,0,0,0,0,0
"Gm15217",0,0,0,0,0,0,0,0,0
"Speer4f2",0,0,0,0,0,0,0,0,0
"100041751",0,0,0,0,0,0,0,0,0
"Defa41",0,0,0,0,0,0,0,0,0
"100041776",0,0,0,0,0,0,0,0,0
"Gm3510",0,0,0,0,0,0,0,0,0
"Defa40",0,0,0,0,0,0,0,0,0
"100041789",0,0,0,0,0,0,0,0,0
"100041797",100,104,55,40,56,64,70,75,57
"LOC100041806",0,0,0,0,0,0,0,0,0
"100041809",0,0,0,0,0,0,0,0,0
"Defa27",0,0,0,0,0,0,0,0,0
"100041812",0,0,0,0,0,0,0,0,0
"100041813",0,0,0,0,0,0,0,0,0
"Gm3527",0,0,0,0,0,0,0,0,0
"100041824",0,0,0,0,0,0,0,0,0
"Gm3532",0,0,0,0,0,0,0,0,0
"Gm10408",0,0,0,0,0,0,0,0,0
"Gm3552",2,4,2,3,2,2,3,3,0
"Gm3558",1,0,1,0,1,1,1,0,0
"LOC100041877",0,0,0,0,0,0,0,0,0
"Defa32",0,0,0,0,0,0,0,0,0
"Defa37",0,0,0,0,0,0,0,0,0
"100041897",0,0,0,0,0,0,0,0,0
"LOC100041903",0,0,0,0,0,0,0,0,0
"100041913",0,0,0,0,0,0,0,0,0
"100041922",0,0,0,0,0,0,0,0,0
"Gm14586",243,226,188,169,159,144,132,156,163
"100041934",0,0,0,0,0,0,0,0,0
"Gm9800",6,9,6,12,9,15,10,11,6
"Defa34",0,0,0,0,0,0,0,0,0
"Sap18b",19,21,23,12,10,14,18,24,16
"Lamtor3l",0,0,0,1,1,0,0,0,0
"Gm3594",0,0,0,0,0,0,0,0,0
"Oaz1-ps",4,3,1,5,6,4,4,3,3
"100041966",0,0,0,0,0,0,0,0,0
"100041973",0,0,0,0,0,0,0,0,0
"100041975",0,0,0,0,0,0,0,0,0
"Gm3604",9,21,6,13,15,6,7,26,9
"Gm3609",0,0,0,0,0,0,0,0,0
"100041987",0,0,0,0,0,0,0,0,0
"100041995",5,2,6,6,7,1,4,6,14
"Gm9794",546,541,382,362,511,316,422,457,556
"100042012",0,0,0,0,0,0,0,0,0
"Gm20898",0,0,0,0,0,0,0,0,0
"100042014",8,8,4,1,4,8,6,6,3
"LOC100042019",0,0,0,0,0,0,0,0,0
"Gm10193",0,0,0,2,0,1,0,0,0
"Gm3629",0,0,0,0,0,0,0,0,0
"Gapdh-ps15",0,0,0,0,0,0,0,0,0
"Gm15421",18,17,8,14,10,11,10,20,21
"Gm3194",0,0,0,0,0,0,1,0,0
"Gm10377",0,0,0,0,0,0,0,0,0
"9130019P16Rik",0,0,0,0,0,2,0,0,0
"Gm3643",0,0,0,0,0,0,0,0,0
"Gm3646",0,0,0,0,0,0,0,0,0
"Impdh2-ps",38,51,46,32,28,35,29,21,24
"Gm3650",0,1,0,1,0,0,0,0,0
"Gm20901",0,0,0,0,0,0,0,0,0
"100042080",0,0,0,0,0,0,0,0,0
"Gm3657",0,0,0,0,0,0,0,0,0
"Gm3667",0,0,0,0,0,0,0,0,8
"Gm3669",0,0,0,0,0,0,0,0,0
"Gm10488",0,0,0,0,0,0,0,0,0
"Gm20903",0,0,0,0,0,0,0,0,0
"Gm3676",0,0,0,0,0,0,0,0,0
"100042116",0,0,0,0,0,0,0,0,0
"Gm3681",0,0,0,0,0,0,0,0,0
"Gm15535",0,0,0,2,2,1,2,0,5
"Gm3685",0,0,0,0,0,0,0,0,0
"Gm10376",0,0,0,0,0,0,0,0,0
"Gm12371",0,0,0,0,0,0,0,0,0
"Gm3693",0,0,0,0,0,0,0,0,0
"Gm14632",0,0,0,0,0,0,0,0,0
"Gm3696",0,0,0,0,1,0,0,0,0
"Nrg2",7,7,9,4,1,6,6,6,11
"Btbd35f16",0,0,0,0,0,0,0,0,0
"Thoc2l",145,192,69,49,27,33,78,61,100
"Btbd35f3",0,0,0,0,0,0,0,0,0
"Rps15a-ps6",11,19,10,7,3,5,10,9,11
"Gm10230",0,0,0,0,0,0,0,0,0
"Prdm16os",0,0,0,0,0,0,0,0,0
"Gm16434",0,0,0,0,0,0,0,0,0
"Gm13446",0,0,0,0,0,0,0,0,0
"100042195",0,0,0,0,0,0,0,0,0
"Gm3716",3,4,1,7,3,17,14,5,13
"Gm20906",0,0,0,0,0,0,0,0,0
"100042217",0,0,0,0,0,0,1,0,0
"Gm3739",0,0,0,0,0,0,4,3,3
"Btbd35f4",0,0,0,0,0,0,0,0,0
"Gm20907",0,0,0,0,0,0,0,0,0
"Btbd35f27",0,0,0,0,0,0,0,0,0
"Gm3764",1,5,0,0,0,0,1,1,1
"Gm20908",0,0,0,0,0,0,0,0,0
"Gsta13",0,0,0,0,0,0,0,0,0
"Gm38418",0,0,0,0,0,0,0,0,0
"100042311",0,1,0,0,2,0,2,1,0
"Gsta5",0,0,0,0,0,0,0,0,0
"100042318",0,0,0,0,0,0,0,0,0
"100042321",0,0,0,0,0,0,0,0,0
"Reno1",0,0,0,0,0,0,0,0,0
"Rps15a-ps5",13,10,7,9,5,2,2,8,2
"Gm20910",0,0,0,0,0,0,0,0,0
"Gm10375",0,0,0,0,0,0,0,0,0
"Gm10705",0,2,0,0,0,0,0,0,0
"100042357",0,0,0,0,0,0,0,0,0
"Trav2",0,0,0,0,0,0,0,0,0
"100042391",0,0,0,0,0,0,0,0,0
"100042395",0,0,0,0,0,0,0,0,0
"100042401",0,0,0,0,0,0,0,0,0
"Trav7d-2",0,0,0,0,0,0,0,0,0
"Gm3831",0,0,0,0,0,0,0,0,0
"Mnd1-ps",0,0,0,0,0,0,0,0,0
"Gm20916",0,0,0,0,0,0,0,0,0
"Trav7d-3",0,0,0,0,0,0,0,0,0
"Pdcd5-ps",80,132,58,47,53,59,42,46,65
"Gm20917",0,0,0,0,0,0,0,0,0
"100042435",0,0,0,0,0,0,0,0,0
"Vmn1r79",0,0,0,0,0,0,0,0,0
"100042440",0,0,0,0,0,0,0,0,0
"100042443",0,0,0,0,0,0,0,0,0
"Trav6d-6",0,0,0,0,0,0,0,0,0
"Smim17",0,3,0,0,0,0,0,0,0
"Gm3852",0,0,0,0,0,0,0,0,0
"100042464",0,0,0,0,0,0,0,0,0
"Trav3d-2",0,0,0,0,0,0,0,1,1
"Gm20921",0,0,0,0,0,0,0,0,0
"Trav4d-3",0,0,0,0,0,0,0,0,0
"Nhsl2",8,6,16,19,21,7,14,12,20
"Ccl21b",0,0,0,0,0,0,0,0,0
"100042494",0,0,0,0,0,0,0,0,0
"Mir22hg",53,170,56,16,31,38,30,43,15
"Vmn2r55",0,0,0,0,0,0,0,0,0
"Ndufb4b",5,9,0,4,2,6,5,5,1
"100042509",0,0,0,0,0,0,0,0,0
"100042512",0,0,0,0,0,0,0,0,0
"Gm3878",0,0,0,0,0,0,0,0,0
"Sprr2a3",0,0,0,0,0,0,0,0,0
"Gm3883",0,0,0,0,0,0,0,0,0
"Gm13303",0,0,0,0,0,0,0,0,0
"Gm11578",0,0,0,0,0,0,0,0,0
"100042537",0,0,0,0,0,0,0,0,0
"Gm3893",0,0,0,0,0,0,0,0,0
"Gm3897",0,0,0,0,2,0,0,0,0
"Gm3898",0,0,0,0,0,0,0,0,0
"100042550",0,0,0,0,0,0,0,0,0
"Gm3902",0,7,1,0,0,0,0,0,2
"Il11ra3",0,0,0,0,0,0,0,0,0
"Trav11n",0,0,0,0,0,0,0,0,0
"100042561",7,4,1,0,6,1,4,7,1
"100042563",0,0,0,0,0,0,0,0,0
"Gm20928",0,0,0,0,0,0,0,0,0
"Trav13n-1",0,0,0,0,0,0,0,0,0
"Trav3n-2",0,0,0,0,0,0,0,0,0
"Gm20929",0,0,0,0,0,0,0,0,0
"Trav4n-3",0,0,0,0,0,0,0,1,0
"Gm16523",1,0,0,0,2,0,0,0,0
"100042585",0,0,0,0,0,0,0,0,0
"Gm3916",0,0,0,0,0,0,0,0,0
"Vmn2r31",0,0,0,0,0,0,0,0,0
"Trav13n-2",0,0,0,0,0,0,0,0,0
"Gm20931",0,0,0,0,0,0,0,0,0
"Rbakdn",3,0,0,2,0,2,0,9,0
"Trav4n-4",0,0,0,0,0,0,0,0,0
"Trav5n-4",0,0,0,0,0,0,0,0,0
"100042619",0,0,0,0,0,0,0,0,0
"Gstp-ps",15,14,18,37,26,26,25,41,24
"Gm3940",0,0,1,0,0,0,0,3,0
"Vmn2r34",0,0,0,0,0,0,0,0,0
"Gm3948",0,0,0,1,0,0,0,0,0
"100042649",0,0,0,0,0,0,0,0,0
"Vmn2r36",0,0,0,0,0,0,0,0,0
"100042659",0,0,0,0,0,0,0,0,0
"1700003E24Rik",0,0,0,0,0,0,0,0,0
"Gm20934",0,0,0,0,0,0,0,0,0
"Gm16386",0,2,0,0,0,1,0,2,0
"100042682",0,0,0,0,0,0,0,0,0
"100042688",0,0,0,0,0,0,0,0,0
"100042689",0,0,0,0,0,0,0,0,0
"Or4x18",0,0,0,0,0,0,0,0,0
"100042706",0,0,0,0,0,0,0,0,0
"100042709",0,0,0,0,0,0,0,0,0
"Gm3985",0,0,0,0,0,0,0,0,0
"100042727",0,0,0,0,0,0,0,0,0
"Rpl31-ps9",1,0,3,4,3,0,0,1,2
"Gm4013",5,1,0,7,10,6,9,1,4
"Tdpoz7",0,0,0,0,0,0,0,0,0
"Tmed10-ps",7,6,4,0,0,0,1,5,1
"Eif1ad6",0,0,0,0,0,0,0,0,0
"Vmn2r40",0,0,0,0,0,0,0,0,0
"Fthl17d",0,0,0,0,0,0,0,0,0
"Prdm11",12,11,5,1,0,5,3,4,4
"Ubl5b",0,0,0,0,0,0,0,0,0
"AI463229",17,27,8,7,9,5,3,7,8
"Eif3j2",63,55,44,23,13,5,44,53,17
"Vmn2r45",0,0,0,0,0,0,0,0,0
"Apol7d",0,0,0,0,0,0,0,0,4
"H2al2b",0,0,0,0,0,0,0,0,0
"Vmn2r41",0,0,0,0,0,0,0,0,0
"Rbmyf1",0,0,0,0,0,0,0,0,0
"Gm10267",0,0,0,0,0,0,0,0,0
"Gvin2",4,3,3,4,1,0,1,1,3
"Rbmyf2",0,0,0,0,0,0,0,0,0
"Gm12059",0,0,0,3,1,0,2,0,1
"Rpl17-ps10",0,1,6,0,6,2,3,2,3
"Rbmyf3",0,0,0,0,0,0,0,0,0
"C920021L13Rik",0,1,4,1,0,0,0,0,0
"Vmn2r47",0,0,0,0,0,0,0,0,0
"Vmn2r46",0,0,0,0,0,0,0,0,0
"Uqcrh-ps1",3,5,3,4,0,1,2,1,4
"Vmn2r51",0,0,0,0,0,0,0,0,0
"H2al1a",0,0,0,0,0,0,0,0,0
"Gm13546",0,0,0,0,0,0,2,0,0
"H2al1b",0,0,0,0,0,0,0,0,0
"H2al1c",0,0,0,0,0,0,0,0,0
"H2al1d",0,0,0,0,0,0,0,0,0
"H2al1f",0,0,0,0,0,0,0,0,0
"Gm4117",0,2,0,0,0,0,0,0,0
"H2al1g",0,0,0,0,0,0,0,0,0
"H2al1h",0,0,0,0,0,0,0,0,0
"H2al1i",0,0,0,0,0,0,0,0,0
"100042947",0,0,0,0,0,0,0,0,0
"Gm15760",3,2,1,3,22,12,2,2,4
"Gm4129",2,5,1,1,0,2,7,0,0
"Gm4130",0,0,0,0,0,0,0,0,0
"Vmn1r243",0,0,0,0,0,0,0,0,0
"Vmn1r-ps79",0,0,0,0,0,0,0,0,0
"Vmn1r101",0,0,0,0,0,0,0,0,0
"Gm10670",0,0,0,0,0,0,0,0,0
"Vmn1r246",0,0,0,0,0,0,0,0,0
"Vmn1r114",0,0,0,0,0,0,0,0,0
"Llph-ps2",1,4,2,2,1,0,0,0,2
"Vmn1r126",0,0,0,0,0,0,0,0,0
"Vmn1r131",0,0,0,0,0,0,0,0,0
"Vmn1r247",0,0,0,0,0,0,0,0,0
"Vmn1r248",0,0,0,0,0,0,0,0,0
"100043027",0,0,0,0,2,0,0,1,3
"Vmn1r138",0,0,0,0,0,0,0,0,0
"Gm16451",0,0,0,0,0,0,0,0,0
"Rex2",0,0,0,0,0,0,0,0,0
"Vmn1r250",0,0,0,0,0,0,0,0,0
"Sec61g-ps1",4,8,3,8,12,6,7,7,5
"1110002L01Rik",5,15,5,12,4,4,22,5,6
"Vmn1r253",0,0,0,0,0,0,0,0,0
"Vmn1r149",0,0,0,0,0,0,0,0,0
"Tmem207",0,0,0,0,0,0,0,0,0
"Gm10665",0,0,0,0,0,0,0,0,0
"Gm4199",0,0,0,0,0,0,0,0,0
"Vmn1r256",0,0,0,0,0,0,0,0,0
"Vmn1r158",0,0,0,0,0,0,0,0,0
"A230070E04Rik",0,0,0,0,0,0,0,0,0
"Gm4211",0,0,0,0,0,0,0,0,0
"Vmn1r258",0,0,0,0,0,0,0,0,0
"Vmn1r259",0,0,0,0,0,0,0,0,0
"Vmn1r166",0,0,0,0,0,0,0,0,0
"Gm4224",0,0,0,0,0,0,0,0,0
"Vmn1r168",0,0,0,0,0,0,0,0,0
"4632428C04Rik",0,0,1,2,3,2,2,1,3
"Vmn1r169",0,0,0,0,0,0,0,0,0
"Cyp2c69",0,0,0,0,0,0,0,0,0
"Gm4242",0,0,0,0,0,0,0,0,0
"Gm10175",22,26,5,17,18,5,17,25,17
"Cd300ld4",0,0,0,0,0,0,0,0,0
"Cd300ld5",0,0,0,0,0,0,0,0,0
"100043126",0,0,0,0,0,0,0,0,0
"Gm4251",0,0,0,0,0,0,0,0,0
"Zfp696",11,36,8,23,34,14,21,16,17
"Gm4262",0,0,0,0,0,0,0,0,0
"Gm4265",0,0,0,0,0,0,0,0,0
"Gm4271",0,0,0,0,0,0,0,0,0
"100043160",0,0,0,0,0,0,0,0,0
"Gm4278",0,0,0,0,0,0,0,0,0
"Gm10080",1,3,1,0,5,3,0,0,0
"Gm15628",1,5,0,0,0,0,0,0,0
"Trav12d-1",0,0,0,0,0,0,0,0,0
"100043184",2,0,1,1,0,2,0,0,2
"Spopfm2",0,0,0,0,0,0,0,0,0
"Gm4285",10,31,25,10,16,7,17,17,22
"Sult2a2",0,0,0,0,0,0,0,0,0
"Trav12d-2",0,0,0,0,0,0,0,0,0
"Or10u4",0,0,0,0,0,0,0,0,0
"Trav3d-3",0,0,0,0,0,0,0,0,0
"Trav14n-1",0,0,0,0,0,0,0,0,0
"Gm13815",4,0,0,1,7,2,1,0,2
"Amy2a1",0,0,0,0,0,0,0,0,0
"5330434G04Rik",0,0,0,0,0,0,0,0,0
"Trav14d-2",0,0,0,0,0,0,0,0,0
"Gm4297",0,0,0,0,0,0,0,0,0
"100043217",10,10,9,1,5,6,6,6,10
"Trav12n-1",0,0,0,0,0,0,0,0,0
"Alyreffm4",0,0,0,0,0,0,0,0,0
"Alyreffm5",0,0,0,0,0,0,0,0,0
"Gm10046",0,0,0,0,0,0,0,0,0
"Alyreffm6",0,0,0,0,0,0,0,0,0
"3110099E03Rik",0,0,0,0,0,0,0,0,0
"Alyreffm7",0,0,0,0,0,0,0,0,0
"Alyreffm8",0,0,0,0,0,0,0,0,0
"Gm15583",0,0,0,0,1,0,0,0,0
"Alyreffm9",0,0,0,0,0,0,0,0,0
"Nps",0,0,0,0,0,0,0,0,0
"Rbm3-ps",1,2,0,0,0,0,0,1,0
"100043261",0,0,0,0,0,0,0,0,0
"Trav12n-2",0,0,0,0,0,0,0,0,0
"Inafm2",24,28,16,17,16,25,22,35,26
"Trav9n-3",0,0,0,0,0,0,0,0,0
"Trav3n-3",0,0,0,0,0,0,0,0,0
"Alyreffm10",0,0,0,0,0,0,0,0,0
"Gm4342",17,10,20,8,7,6,2,9,9
"Esp16",0,0,0,0,0,0,0,0,0
"Gm4349",0,0,0,3,4,1,0,0,0
"Trav14n-3",0,0,0,0,0,0,0,0,0
"Tigit",0,0,0,0,0,0,0,0,0
"LOC100043315",0,0,0,0,0,0,0,0,0
"Trav12-2",0,0,0,0,0,0,0,0,0
"Bnip3l-ps",1,0,1,0,0,0,0,0,0
"Scgb2b3",0,0,0,0,0,0,0,0,0
"Ankrd66",5,13,4,5,1,2,7,3,7
"Gm4371",0,0,0,0,0,0,0,0,0
"Gm4374",0,0,0,0,0,0,0,1,0
"Gm10045",1,1,0,0,0,0,0,1,1
"100043355",0,0,0,0,0,0,0,0,0
"100043364",0,0,2,3,1,0,2,2,9
"100043376",0,0,0,0,0,0,0,0,0
"Gm14308",0,0,0,0,0,0,0,0,0
"Gm14305",0,1,0,0,0,0,0,0,3
"100043388",0,0,0,0,0,0,0,0,0
"Gm4416",0,0,0,0,0,0,0,0,0
"Gm4419",0,0,0,0,0,0,0,0,0
"Gm4425",0,0,0,0,0,0,0,0,0
"Morrbid",15,26,13,11,16,14,15,19,13
"AA387883",0,0,0,0,0,0,0,0,0
"Hsd3b8",0,0,0,0,0,0,0,0,0
"Hsd3b9",0,0,0,0,0,0,0,0,0
"Nutf2-ps1",10,6,3,6,5,9,6,3,1
"Gm4454",0,0,0,0,0,0,0,0,0
"Zfp955b",41,76,51,21,43,15,22,47,36
"Or10h5",0,0,0,0,0,0,0,0,0
"1300002E11Rik",24,18,26,11,13,15,16,13,19
"Nat8f7",0,0,0,0,0,0,0,0,0
"Gng5-ps",0,1,0,1,0,0,0,0,1
"Ptges3-ps",6,3,1,0,7,1,1,2,0
"Gm4489",0,0,0,0,0,0,0,0,0
"Vmn1r242",0,0,0,0,0,0,0,0,0
"100043534",12,9,8,7,2,5,2,3,7
"Vmn1r100",0,0,0,0,0,0,0,0,0
"B630019A10Rik",1,0,0,1,0,0,0,0,1
"100043550",0,0,0,0,0,0,0,0,0
"Gm10668",0,0,0,0,0,0,0,0,0
"Vmn1r112",0,0,0,0,0,0,0,0,0
"Gm4524",0,0,0,0,0,0,0,0,0
"Gm4532",3,11,1,10,5,8,2,2,10
"AU016765",0,0,0,0,0,0,0,0,0
"Gm4541",0,0,0,0,0,0,0,0,0
"Vmn1r130",0,0,0,0,0,0,0,0,0
"Srcap",64,175,73,59,96,72,48,54,44
"Gm4544",0,0,0,0,0,0,0,0,0
"Vmn1r132",0,0,0,0,0,0,0,0,0
"Gm14207",0,0,0,0,0,0,0,0,0
"Vmn1r137",0,0,0,0,0,0,0,0,0
"Gm4553",0,0,0,0,0,0,0,0,0
"Gm4557",0,0,0,0,0,0,0,0,0
"Krtap5-20",0,0,0,0,0,0,0,0,0
"Slfnlnc",19,13,19,19,13,9,9,25,10
"Gm4565",0,0,0,0,0,0,0,0,0
"Gm4566",0,0,0,0,0,0,0,0,0
"Gm4567",0,0,0,0,0,0,0,0,0
"Gm10662",0,0,0,0,0,0,0,0,0
"Vmn1r165",0,0,0,0,0,0,0,0,0
"Gm4581",1,1,2,6,0,1,1,2,2
"Rbx1-ps",1,4,4,0,5,2,3,3,1
"Gm4583",1,9,3,0,4,2,2,2,0
"Gm10584",0,0,0,0,0,4,0,0,0
"Amy2a4",0,0,0,0,0,0,0,0,0
"Amy2a3",0,0,0,0,0,0,0,0,0
"Amy2a2",0,0,0,0,0,0,0,0,0
"Gm15483",0,1,0,2,3,1,3,5,1
"Gm4598",0,0,0,0,0,0,0,0,0
"Rpl36-ps12",29,71,32,22,22,13,27,25,34
"Gm4610",0,0,0,0,0,0,0,0,0
"Gm10132",2,2,4,0,2,1,2,1,2
"Zfp831",1,0,0,0,0,0,0,0,0
"Gm14399",0,2,0,0,0,0,0,0,0
"100043764",0,0,0,0,0,0,0,0,0
"Gm14057",6,9,15,2,0,9,0,3,6
"Josd1-ps",0,0,0,0,0,1,1,0,0
"Zfp850",9,33,6,2,5,2,11,5,3
"100043801",0,0,0,0,0,0,0,0,0
"Gm10224",93,94,74,45,64,53,64,66,88
"Frg2f11",0,0,0,0,0,0,0,0,0
"Frg2f12",0,0,0,0,0,0,0,0,0
"Rps27rt",83,112,51,56,54,48,63,51,54
"Frg2f13",0,0,0,0,0,0,0,0,0
"Gm4673",6,11,6,7,14,6,9,10,11
"Scgb2b7",0,0,0,0,0,0,0,0,0
"Scgb2b11",0,0,0,0,0,0,0,0,0
"Scgb2b18",0,0,0,0,0,0,0,0,0
"Scgb1b24",0,0,0,0,0,0,0,0,0
"Klrb1",0,0,0,0,0,0,0,0,0
"Scgb1b30",0,0,0,0,0,0,0,0,0
"Gm4701",0,0,0,0,0,0,0,0,0
"Rpl17-ps9",2,8,1,3,4,1,5,4,7
"Gm4705",1,1,2,0,2,1,1,1,3
"100043882",5,4,3,5,2,7,2,7,3
"Gm4710",0,0,0,0,0,0,0,0,0
"R3hdml",0,0,0,0,0,0,0,0,0
"Six3os1",2,0,0,0,0,0,0,0,0
"Gm4719",0,0,0,0,0,0,0,0,0
"A630075F10Rik",0,0,0,0,0,0,0,0,0
"Ppp4r1l-ps",18,18,16,11,25,18,12,42,24
"Zfp968",0,0,0,0,0,0,0,0,0
"Gm4724",0,0,0,0,0,0,0,0,0
"100043918",0,0,0,0,0,0,0,0,0
"Spata31f1d",0,0,0,0,0,0,0,0,0
"100043921",0,0,0,0,0,0,0,0,0
"Gm14635",0,0,0,0,0,0,0,0,0
"Gm20939",9,4,8,1,2,0,8,4,2
"Tgfbr3l",9,21,21,10,7,5,4,5,9
"Gm17764",0,0,0,0,0,0,0,0,0
"Gm17767",0,0,0,0,0,0,0,0,0
"Gm17768",0,0,0,0,0,0,0,0,0
"Gm14204",0,0,0,0,0,0,0,0,0
"Gm17769",0,0,0,0,0,0,0,0,1
"Rnf223",1,5,0,2,3,0,2,1,0
"Ect2l",0,0,0,1,0,0,0,0,0
"100046034",2,0,2,1,0,0,1,0,1
"Gm15266",0,0,0,0,0,0,0,0,0
"Gm17771",0,0,0,0,0,0,0,0,0
"100046579",0,0,0,0,0,0,0,0,0
"100046763",0,0,0,0,0,0,0,0,0
"Gm17778",0,0,0,0,0,0,0,0,0
"Gm16894",12,1,28,5,22,6,8,1,9
"100047183",4,3,1,0,2,0,4,2,1
"100047282",4,4,4,4,10,5,4,3,5
"Pitpnm2os2",0,0,0,0,0,0,0,0,0
"Cd200l2",0,0,0,0,0,0,0,0,0
"100048471",0,0,0,0,0,0,0,0,0
"Cfap43",0,0,2,5,5,1,0,1,5
"Pet117",0,0,0,0,0,0,1,0,0
"Ddx43",26,25,15,42,22,18,16,32,25
"AI847159",0,0,0,0,6,0,0,0,0
"Mup18",0,0,0,0,0,0,0,0,0
"9330020H09Rik",8,29,1,24,9,16,29,27,34
"Gm12945",0,1,0,0,0,0,0,0,0
"Gm13032",0,0,0,0,0,0,0,0,0
"100049164",1,0,0,1,0,0,0,0,0
"Mir741",0,0,0,0,0,0,0,0,0
"Mir743",0,0,0,0,0,0,0,0,0
"Mir804",0,0,0,0,0,0,0,0,0
"Mir742",0,0,0,0,0,0,0,0,0
"Mir181d",0,0,0,0,0,0,0,0,0
"Mir290a",0,0,0,0,0,0,0,0,0
"Mir292",0,0,0,0,0,0,0,0,0
"Mir294",0,0,0,0,0,0,0,0,0
"Mir295",0,0,0,0,0,0,0,0,0
"Mir293",0,0,0,0,0,0,0,0,0
"Mir291a",0,0,0,0,0,0,0,0,0
"Lrrc19",0,0,0,0,0,0,0,0,0
"Cyp2j11",0,0,0,0,0,0,0,0,0
"Camta1",44,70,29,28,39,37,17,45,45
"Yy2",15,24,12,14,8,11,14,4,15
"Kti12",98,131,89,32,74,77,89,70,59
"Rcc1",70,129,64,69,50,95,67,39,70
"Zbtb48",106,159,79,96,52,75,92,76,93
"Gm10400",0,0,0,0,0,0,0,0,0
"Trac",0,0,0,0,0,1,12,3,1
"Trav10d",0,0,0,0,0,0,0,0,0
"Trav15d-2-dv6d-2",0,0,0,0,0,0,0,0,0
"Srp54c",1,3,1,2,0,3,0,4,0
"Fam177a2",0,3,0,0,0,0,2,0,0
"Dnah7c",0,0,0,0,0,0,0,0,0
"Trav21-dv12",0,0,0,0,0,0,0,0,0
"Trdv2-1",0,0,0,0,0,0,0,0,0
"Pcsk9",0,0,0,0,0,0,0,0,0
"Snora15",0,0,0,0,0,0,0,0,0
"Adat3",36,44,26,9,27,17,6,13,18
"Trav13-4-dv7",0,0,0,0,0,0,0,0,0
"Trav6-7-dv9",0,0,0,0,0,0,0,0,0
"Trav4-4-dv10",0,0,0,0,0,0,0,0,0
"Trdv4",0,0,0,0,0,0,0,0,0
"Trdd1",0,0,0,0,0,0,0,0,0
"Trdd2",0,0,0,0,0,0,0,0,0
"Trdj1",0,0,0,0,0,0,0,0,0
"Trdj2",0,0,0,0,0,0,0,0,0
"Tdrd7",108,179,108,71,89,113,76,80,101
"Trdc",0,0,0,0,1,0,0,0,0
"Traj59",0,0,0,0,0,0,0,0,0
"Traj58",0,0,0,0,0,0,0,0,0
"Traj57",0,0,0,0,0,0,0,0,0
"Traj56",0,0,0,0,0,0,0,0,0
"Traj53",0,0,0,0,0,0,0,0,0
"Traj52",0,0,0,0,0,0,0,0,0
"Traj50",0,0,0,0,0,0,0,0,0
"Traj49",0,0,0,0,0,0,0,0,0
"Traj48",0,0,0,0,0,0,0,0,0
"Traj47",0,0,0,0,0,0,0,0,0
"Traj46",0,0,0,0,0,0,0,0,0
"Traj45",0,0,0,0,0,0,0,0,0
"Traj44",0,0,0,0,0,0,0,0,0
"Traj43",0,0,0,0,0,0,0,0,0
"Traj42",0,0,0,0,0,0,0,0,0
"Traj41",0,0,0,0,0,0,0,0,0
"Traj40",0,0,0,0,0,0,0,0,0
"Traj39",0,0,0,0,0,0,0,0,0
"Traj38",0,0,0,0,0,0,0,0,0
"Traj37",0,0,0,0,0,0,0,0,0
"Traj35",0,0,0,0,0,0,0,0,0
"Traj34",0,0,0,0,0,0,0,0,0
"Traj33",0,0,0,0,0,0,0,0,0
"Traj32",0,0,0,0,0,0,0,0,0
"Traj31",0,0,0,0,0,0,0,0,0
"Traj30",0,0,0,0,0,0,0,0,0
"Traj29",0,0,0,0,0,0,0,0,0
"Traj28",0,0,0,0,0,0,0,0,0
"Traj27",0,0,0,0,0,0,0,0,0
"Traj26",0,0,0,0,0,0,0,0,0
"Traj25",0,0,0,0,0,0,0,0,0
"Traj24",0,0,0,0,0,0,0,0,0
"Traj23",0,0,0,0,0,0,0,0,0
"Traj22",0,0,0,0,0,0,0,0,0
"Traj21",0,0,0,0,0,0,0,0,0
"Traj20",0,0,0,0,0,0,0,0,0
"Traj19",0,0,0,0,0,0,0,0,0
"Traj18",0,0,0,0,0,0,1,0,0
"Traj17",0,0,0,0,0,0,0,0,0
"Traj16",0,0,0,0,0,0,0,0,0
"Traj15",0,0,0,0,0,0,0,0,0
"Traj13",0,0,0,0,0,0,0,0,0
"Traj12",0,0,0,0,0,0,0,0,0
"Traj11",0,0,0,0,0,0,0,0,0
"Traj9",0,0,0,0,0,0,0,0,0
"Traj7",0,0,0,0,0,0,0,0,0
"Traj6",0,0,0,0,0,0,0,0,0
"Traj4",0,0,0,0,0,0,0,0,0
"Traj3",0,0,0,0,0,0,0,0,0
"Mir18b",0,0,0,0,0,0,0,0,0
"Mir193b",0,0,0,0,0,0,0,0,0
"Mir208b",0,0,0,0,0,0,0,0,0
"Mir327",0,0,0,0,0,0,0,0,0
"Mir343",0,0,0,0,0,0,0,0,0
"Mir344-2",0,0,0,0,0,0,0,0,0
"Mir465b-2",0,0,0,0,0,0,0,0,0
"Mir465c-1",0,0,0,0,0,0,0,0,0
"Mir466b-2",0,0,0,0,0,0,0,0,0
"Mir467d",0,0,0,0,0,0,0,0,0
"Mir509",0,0,0,0,0,0,0,0,0
"Mir544",0,0,0,0,0,0,0,0,0
"Mir574",0,0,0,0,0,0,3,0,0
"Mir598",0,0,0,0,0,0,0,0,0
"Mir654",0,0,0,0,0,0,0,0,0
"Mir872",0,0,0,0,0,0,0,0,0
"Mir873a",0,0,0,0,0,0,0,0,0
"Mir876",0,0,0,0,0,0,0,0,0
"Mir877",0,0,0,0,0,0,0,0,0
"Mir881",0,0,0,0,0,0,0,0,0
"Mir882",0,0,0,0,0,0,0,0,0
"Mir883a",0,0,0,0,0,0,0,0,0
"Mir105",0,0,0,0,0,0,0,0,0
"Mir465c-2",0,0,0,0,0,0,0,0,0
"Mir493",0,0,0,0,0,0,0,0,0
"Mir568",0,1,0,0,0,0,0,0,0
"Mir653",0,0,0,0,0,0,0,0,0
"Mir875",0,0,0,0,0,0,0,0,0
"Mir92b",0,0,0,0,0,0,0,0,0
"Mir291b",0,0,0,0,0,0,0,0,0
"Mir465b-1",0,0,0,0,0,0,0,0,0
"Mir466b-3",0,0,0,0,0,0,0,0,0
"Mir504",0,0,0,0,0,0,0,0,0
"Mir871",0,0,0,0,0,0,0,0,0
"Mir878",0,0,0,0,0,0,0,0,0
"Mir880",0,0,0,0,0,0,0,0,0
"Mir190b",0,0,0,0,0,0,0,0,0
"Mir453",0,0,0,0,0,0,0,0,0
"Mir467c",0,0,0,0,0,0,0,0,0
"Mir511",0,0,0,0,0,0,0,0,0
"Mir582",0,0,0,0,0,0,0,0,0
"Mir874",0,0,0,0,0,0,0,0,0
"Mir879",0,0,0,0,0,0,0,0,0
"Mir883b",0,0,0,0,0,0,0,0,0
"Mir421",0,0,0,0,0,0,0,0,0
"Mir466g",0,0,0,0,0,0,0,0,0
"Mir743b",0,0,0,0,0,0,0,0,0
"Mir467a-2",0,0,0,0,0,0,0,0,0
"Mir467a-4",0,0,0,0,0,0,0,0,0
"Mir467a-5",0,0,0,0,0,0,0,0,0
"Mir467a-6",0,0,0,0,0,0,0,0,0
"Mir467a-3",0,0,0,0,0,0,0,0,0
"Mir467a-8",0,0,0,0,0,0,0,0,0
"Mir683-2",0,0,0,0,0,0,0,0,0
"Trbv2",0,0,0,0,0,0,0,0,0
"Trbv4",0,0,0,0,0,0,0,0,0
"Trbv5",0,0,0,0,0,0,0,0,0
"Trbv11",0,0,0,0,0,0,0,0,0
"Trbv12-1",0,0,0,0,0,0,0,0,0
"Trbv13-1",0,0,0,0,0,0,0,0,0
"Trbv12-2",0,0,0,0,0,0,0,0,0
"Trbv13-2",0,0,0,0,0,0,0,0,0
"Trbv13-3",0,0,0,0,0,0,0,0,0
"Trbv14",0,0,0,0,0,0,0,0,0
"Trbv15",0,0,0,0,0,0,0,0,0
"Trbv16",0,0,0,0,0,0,0,0,0
"Trbv17",0,0,0,0,0,0,0,0,0
"Trbv18",0,0,0,0,0,0,0,0,0
"Trbv19",0,0,0,0,0,0,0,0,0
"Trbv20",0,0,0,0,0,0,0,0,0
"Trbv21",0,0,0,0,0,0,0,0,0
"Trbv23",0,0,0,0,0,0,0,0,0
"Trbv24",0,0,0,0,0,0,0,0,0
"Trbv30",0,0,0,0,0,0,0,0,0
"Trbd1",0,0,0,0,0,0,0,0,0
"Trbd2",0,0,0,0,0,0,0,0,0
"Trbj1-1",0,0,0,0,0,0,0,0,0
"Trbj1-2",0,0,0,0,0,0,0,0,0
"Trbj1-3",0,0,0,0,0,0,0,0,0
"Trbj1-4",0,0,0,0,0,0,0,0,0
"Trbj1-5",0,0,0,0,0,0,0,0,0
"Trbj1-6",0,0,0,0,0,0,0,0,0
"Trbj1-7",0,0,0,0,0,0,0,0,0
"Trbj2-1",0,0,0,0,0,0,0,0,0
"Trbj2-2",0,0,0,0,0,0,0,0,0
"Trbj2-3",0,0,0,0,0,0,0,0,0
"Trbj2-4",0,0,0,0,0,0,0,0,0
"Trbj2-5",0,0,0,0,0,0,0,0,0
"Trbj2-7",0,0,0,0,0,0,0,0,0
"Trbc1",1,0,0,0,2,0,4,0,0
"Trbc2",0,0,0,0,0,0,12,2,0
"A230020J21Rik",0,0,0,0,0,0,0,0,0
"Vmn2r2",0,0,0,0,0,0,0,0,0
"LOC100125594",0,0,0,0,0,0,0,0,0
"0610009E02Rik",0,3,2,3,0,2,5,5,3
"Phtf1os",3,8,6,4,6,4,7,1,6
"Gm10644",0,0,0,2,8,4,5,1,9
"6820426E19Rik",0,0,0,0,0,0,0,0,0
"Gm11747",0,0,0,0,0,0,0,0,0
"Krt83",3,0,0,0,0,0,0,0,0
"Gm13031",0,0,0,4,0,0,0,0,0
"Gm12758",0,0,0,0,0,0,0,0,0
"Frs3os",0,0,0,0,0,0,0,0,0
"A030001D20Rik",0,0,0,0,0,4,0,0,4
"Gm13262",0,0,0,0,0,0,0,0,0
"BC048602",0,0,0,0,0,0,0,0,0
"Trgj1",0,0,0,0,0,0,0,0,0
"Trgj3",0,0,0,0,0,0,0,0,0
"Trgj2",0,0,0,0,0,0,0,0,0
"Trgj4",0,0,0,0,0,0,0,0,0
"Trav6n-5",0,0,0,0,0,0,0,0,0
"Trav15n-1",0,0,0,0,0,0,0,0,0
"Trav5n-2",0,0,0,0,0,0,0,0,0
"Trav6n-7",0,0,0,0,0,0,0,0,0
"Trav7n-6",0,0,0,0,0,0,0,0,0
"Trav8n-2",0,0,0,0,0,0,0,0,0
"Trav16n",0,0,0,0,0,0,0,0,0
"Trav13n-4",0,0,0,0,0,0,0,0,0
"Trav4-2",0,0,0,0,0,0,0,0,0
"Trav6-4",0,0,0,0,0,0,0,0,0
"Trav6-5",0,0,0,0,0,0,0,0,0
"Trav6-6",0,0,0,0,0,0,0,0,0
"Trav11",0,0,0,0,0,0,0,0,0
"Trav13-1",0,0,0,0,0,0,0,0,0
"Trav4-3",0,0,0,0,0,0,0,0,0
"B020018J22Rik",0,0,0,0,0,0,0,0,0
"Esp36",0,0,0,0,0,0,0,0,0
"Esp3",0,0,0,0,0,0,0,0,0
"Esp31",0,0,0,0,0,0,0,0,0
"Esp34",0,0,0,0,0,0,0,0,0
"Esp18",0,0,0,0,0,0,0,0,0
"Esp38",0,0,0,0,0,0,0,0,0
"Esp24",0,0,0,0,0,0,0,0,0
"Esp4",0,0,0,0,0,0,0,0,0
"Esp8",0,0,0,0,0,0,0,0,0
"Esp23",0,0,0,0,0,0,0,0,0
"Sco2",236,382,156,78,122,154,182,105,126
"Gm9928",0,0,0,0,0,0,0,0,0
"Snord22",9,17,8,3,0,2,5,9,2
"Gpr153",1,0,0,1,5,5,0,3,2
"Gm44502",0,0,0,0,0,0,0,0,0
"Selenok-ps1",3,16,5,1,1,3,0,6,0
"Rhox3c",0,0,0,0,0,0,0,0,0
"Rhox3e",0,0,0,0,0,0,0,0,0
"4933428G20Rik",0,0,0,0,0,0,0,0,0
"Srsx",0,0,0,0,0,0,0,0,0
"Shoc1",0,0,0,0,0,0,0,0,0
"Pafah2",7,8,23,23,48,32,15,35,34
"AI507597",0,0,0,0,0,0,0,0,0
"Phactr4",83,124,73,74,147,88,107,98,77
"Gm10914",0,3,0,0,4,3,1,0,1
"Gm10933",3,0,5,2,1,1,0,4,0
"Gm3173",0,0,0,0,0,0,0,1,0
"Gm11110",0,2,0,3,0,0,3,0,0
"Gm10941",0,4,1,1,0,0,0,0,2
"Peg3os",0,0,0,0,0,0,0,0,0
"EU599041",0,0,0,0,0,0,0,0,0
"Zmym6",43,68,32,47,75,58,68,53,57
"Akna",96,154,109,74,148,132,158,112,154
"Mup19",0,0,0,0,0,0,0,0,0
"Mir449b",0,0,0,0,0,0,0,0,0
"Krtap10-4",0,0,0,0,0,0,0,0,0
"H6pd",89,100,54,62,108,78,54,72,94
"Tmem64",44,61,35,70,92,48,69,90,81
"Adprs",21,25,19,16,13,8,12,14,4
"Gpn2",75,148,66,47,31,60,54,44,54
"Rusc2",22,71,49,41,98,75,68,40,55
"Gm17501",0,1,0,0,0,0,0,0,0
"Zfp1005",0,0,0,0,3,0,0,0,0
"Ttll2",0,0,0,0,0,0,0,0,0
"Snord118",3,2,4,4,0,0,0,6,2
"Snord1b",0,1,0,0,0,0,0,0,0
"Snord2",0,2,0,1,0,0,0,0,1
"Snord55",0,0,0,1,0,0,0,1,1
"Snord96a",2,3,2,0,1,0,2,0,7
"Scarna9",0,0,0,0,0,0,0,0,0
"Snord1c",0,0,0,0,0,0,0,0,0
"Snord104",585,777,446,132,193,76,228,211,179
"Snord1a",0,0,0,0,0,0,0,0,0
"Snord4a",0,2,0,1,0,0,0,0,0
"Snord95",0,0,0,0,0,0,0,1,0
"Scarna10",0,0,0,0,0,0,0,0,0
"Scarna3a",2,6,3,1,2,2,1,4,0
"Scarna6",0,0,0,0,0,0,0,1,0
"Snora2b",0,0,0,0,0,0,0,0,0
"Snora34",0,0,0,0,0,0,0,0,0
"Snora44",0,4,1,0,1,0,0,0,0
"Snora52",0,0,0,0,0,0,0,0,0
"Snora81",0,0,0,0,2,0,0,0,0
"Snord11",0,0,0,0,0,0,0,0,0
"Snord13",5,4,0,2,2,7,2,5,1
"Snord19",0,0,0,0,0,0,0,0,0
"Snord38a",1,3,1,0,0,1,2,5,3
"Snord45c",0,0,0,0,0,0,0,0,0
"Snord49b",1,1,2,0,2,0,1,1,1
"Snord52",0,0,0,0,0,0,0,0,0
"Snord57",0,0,0,0,0,0,0,0,0
"Snord64",0,0,0,0,0,0,0,0,0
"Snord66",0,0,0,0,0,0,0,0,0
"Snord69",0,0,0,0,0,0,0,0,0
"Snord71",0,0,0,0,0,0,0,0,0
"Snord88a",0,0,0,0,0,0,0,0,0
"Snord88c",0,0,0,0,0,0,0,0,0
"Snord90",0,0,0,0,0,0,0,0,0
"Snord93",0,0,0,0,0,0,0,0,0
"Snord99",11,28,10,9,5,14,3,9,6
"Scarna2",1,3,1,0,3,2,6,11,8
"Snora19",0,0,0,0,0,0,0,0,0
"Snora61",2,1,2,0,0,0,2,1,1
"Snord23",1,1,2,0,0,0,0,1,0
"Snora30",1,1,1,0,2,0,1,0,0
"Snord12",3,6,3,5,2,1,3,5,2
"Snord65",27,20,15,12,12,22,14,29,26
"Snord8",0,0,0,0,0,0,0,0,0
"Snord47",19,22,8,7,3,5,2,6,3
"Scarna3b",0,0,0,0,0,2,0,0,0
"Scarna8",0,0,0,0,0,0,0,0,0
"Snora36b",0,0,0,0,0,0,0,0,0
"Snora47",0,0,0,0,0,0,0,0,0
"Snora7a",0,0,3,0,0,0,0,0,0
"Snord110",0,0,0,0,0,0,0,0,0
"Snord16a",2,7,0,0,2,0,1,0,0
"Snord37",0,0,0,0,0,0,0,0,0
"Snord49a",0,3,0,0,1,0,1,2,0
"Snord53",0,0,0,0,0,0,0,0,0
"Snord58b",0,0,0,0,0,0,1,1,0
"Snord67",0,0,0,0,0,0,0,0,0
"Snord70",0,0,0,0,0,0,0,0,0
"Snord85",0,0,0,0,0,0,0,0,0
"Snord89",0,0,0,0,0,0,0,0,0
"Snord92",2,2,2,2,0,1,0,1,0
"Snord98",0,0,0,0,0,0,0,0,0
"Snora41",1,0,0,2,0,0,0,0,0
"Snord111",0,2,0,0,0,0,0,0,0
"Scarna17",5,27,0,0,6,10,11,16,11
"Snora5c",0,0,0,0,0,0,0,0,0
"Snord45b",0,0,0,0,0,0,0,0,0
"Snord91a",0,0,0,0,0,0,0,0,0
"Stx12",189,287,131,86,114,131,98,127,140
"Gon7",24,15,18,15,21,12,15,22,20
"Spmip2",0,0,0,0,0,0,0,0,0
"Gm10778",0,0,0,0,0,0,0,0,0
"Gm14379",0,0,0,0,1,1,1,2,0
"Btbd18",0,0,0,0,0,0,0,0,0
"Scpppq1",0,0,0,0,0,0,0,0,0
"Uckl1os",2,2,0,0,3,2,0,0,2
"Zfp1004",0,0,0,0,0,0,0,0,0
"Gm15881",0,0,0,0,0,0,0,0,0
"AA543186",2,5,0,0,0,1,0,4,6
"Gm17801",0,0,0,0,0,0,1,0,2
"Osbpl9",200,193,188,185,256,246,167,210,238
"Gm16325",0,0,0,0,0,0,0,0,0
"Alkal2",0,0,0,0,0,0,0,0,0
"Defa2",0,0,0,0,0,1,0,0,0
"Zfp968-ps",1,0,0,0,0,0,0,0,0
"Snora21",1,1,1,1,0,0,0,0,1
"Snora3",3,3,0,0,0,0,1,0,0
"Snord72",5,8,4,4,8,11,0,9,6
"Snord68",0,0,0,0,0,0,0,1,0
"AF357399",1,0,0,0,0,0,1,0,1
"Snord14a",0,0,0,0,1,2,0,3,0
"Snord14d",0,0,0,1,0,2,0,0,0
"Snord14e",3,0,1,0,1,1,0,6,0
"Snord43",1,0,0,0,0,0,1,0,0
"Snord83b",0,3,1,0,0,3,0,0,2
"Gm11944",0,0,1,0,0,0,0,3,0
"Gm17455",0,0,0,0,0,3,1,0,0
"5830417I10Rik",64,103,69,52,143,112,152,72,103
"Snord7",0,0,0,0,0,0,0,0,0
"Actc1dt",0,0,0,0,0,0,0,0,0
"D7Ertd143e",0,0,0,0,0,0,0,0,0
"Gm26922",0,0,0,0,0,0,0,0,0
"AF357359",0,0,0,0,0,0,0,0,0
"Zfp967",0,0,0,0,0,0,0,0,0
"Snora35",0,0,0,0,0,0,0,0,0
"D030025P21Rik",0,0,0,0,0,0,0,0,0
"Gm10844",0,0,0,0,0,0,0,0,0
"Snora75",0,0,0,0,0,0,0,0,1
"Sprr2a2",0,0,0,0,0,0,0,0,0
"Snora20",1,0,0,0,1,0,0,0,0
"Gm12238",0,0,0,0,0,0,0,0,0
"Snora31",15,25,14,3,6,15,8,9,16
"Scarna13",0,0,0,0,2,0,1,0,0
"Snora73a",4,1,5,1,0,0,2,3,3
"Snora73b",8,8,12,2,5,0,6,4,7
"Snora78",72,76,47,9,14,9,23,25,29
"Snora17",3,0,0,1,0,1,0,4,0
"Snora43",0,2,0,0,0,0,0,0,0
"Snora24",0,0,0,0,0,0,0,0,0
"Gm10509",0,1,0,1,7,1,0,0,5
"Snora16a",0,0,0,0,0,0,0,1,0
"Dynlt1a",1,2,2,2,0,1,1,3,1
"Vmn1r2",0,0,0,0,0,0,0,0,0
"Vmn1r3",0,0,0,0,0,0,0,0,0
"Vmn1r86",0,0,0,0,0,0,0,0,0
"Vmn1r88",0,0,0,0,0,0,0,0,0
"Vmn1r95",0,0,0,0,0,0,0,0,0
"Vmn1r238",0,0,0,0,0,0,0,0,0
"Vmn1r184",0,0,0,0,0,0,0,0,0
"Vmn1r196",0,0,0,0,0,0,0,0,0
"Vmn1r221",0,0,0,0,0,0,0,0,0
"Pate8",0,0,0,0,0,0,0,0,0
"Pate10",0,0,0,0,0,0,0,0,0
"Pate3",0,0,0,0,0,0,0,0,0
"Pate7",0,0,0,0,0,0,0,0,0
"Pate1",0,0,0,0,0,0,0,0,0
"Snord17",1,1,0,0,1,1,0,5,2
"Nkx2-2os",0,0,0,0,0,0,0,0,0
"Snora26",0,0,0,0,0,0,0,0,0
"Mir669k",0,0,0,0,0,0,0,0,0
"Mir466i",0,0,0,0,0,0,0,0,0
"100316666",0,0,0,0,0,0,0,0,0
"Mir669i",0,0,0,0,0,0,0,0,0
"Mir1188",0,0,0,0,0,0,0,0,0
"Mir1192",0,0,0,0,0,0,0,0,0
"Mir1193",0,0,0,0,0,0,0,0,0
"Mir1195",1,5,2,1,6,2,1,4,3
"Mir1199",0,0,0,0,0,0,0,0,0
"Mir1902",0,0,0,0,0,0,0,0,0
"Mir1897",0,0,0,0,0,0,0,0,0
"Mir1903",0,0,0,0,0,0,0,0,0
"Mir1900",0,0,0,0,0,0,0,0,0
"Mir1892",0,0,0,0,0,0,0,0,0
"Mir1904",0,0,0,0,0,0,0,0,0
"Mir1898",0,0,0,0,0,0,0,0,0
"Mir1907",0,0,0,0,0,0,0,0,0
"Mir1901",0,1,0,0,0,0,0,0,0
"Mir1928",0,0,0,0,0,0,0,0,2
"Mir1929",0,0,0,0,0,0,0,0,0
"Mir1931",0,3,1,0,0,0,0,3,5
"Mir1932",0,0,0,0,0,0,0,0,4
"100316691",0,0,0,0,0,0,0,0,0
"Mir1938",2,0,0,0,0,0,0,0,1
"Mir1941",0,0,0,0,0,0,0,0,0
"Mir1943",0,0,0,0,0,0,0,0,0
"Mir1946a",0,0,0,0,0,0,0,0,0
"Mir1947",0,0,0,0,0,0,0,0,0
"Mir1948",0,0,0,0,0,0,0,0,0
"Mir1949",1,0,4,0,0,0,2,1,0
"Mir669m-1",0,0,0,0,0,0,0,0,0
"Mir1951",0,0,0,0,0,0,0,0,0
"Mir1953",0,0,0,0,0,0,0,0,0
"Mir1956",0,0,0,0,0,0,0,0,0
"100316707",0,0,0,0,0,0,0,0,0
"Mir1958",0,0,0,0,0,0,0,0,0
"Mir1960",0,0,0,0,0,0,0,0,0
"Mir1963",0,0,0,0,0,0,0,0,0
"Mir1964",0,0,0,0,0,0,0,0,0
"Mir1966",0,0,0,0,0,0,0,0,0
"Mir1968",0,0,0,0,0,0,0,0,0
"Mir1946b",0,0,1,0,2,0,0,0,0
"Mir1971",0,0,0,0,0,0,0,0,0
"Mir1983",0,0,0,0,0,0,0,0,0
"Mir1839",0,0,0,0,0,0,0,0,0
"Mir2136",0,0,0,0,0,0,0,0,0
"Mir432",0,0,0,0,0,0,0,0,0
"Mir599",0,0,0,0,0,0,0,0,0
"Mir1224",0,0,0,0,0,0,0,0,0
"Mir467f",0,0,0,0,0,0,0,0,0
"Mir1197",0,0,0,0,0,0,0,0,0
"Mir1896",0,0,0,0,0,0,0,0,0
"Mir1933",0,0,0,0,0,0,0,0,0
"Mir1955",0,0,0,0,0,0,0,0,0
"100316758",0,0,0,0,0,0,0,0,0
"Mir669j",0,0,0,0,0,0,0,0,0
"100316771",0,0,0,0,0,0,0,0,0
"Mir1899",0,0,0,0,0,0,0,0,0
"Mir1893",0,0,0,0,0,0,0,0,0
"Mir1942",0,0,0,0,0,0,0,0,0
"Mir1950",0,0,0,0,0,0,0,0,0
"Mir1954",0,1,0,0,0,0,0,0,0
"Mir1969",0,0,0,0,0,0,0,0,0
"Mir1982",0,0,0,0,0,0,0,0,0
"Mir2137",0,0,0,0,0,0,0,0,0
"Mir1b",0,0,0,0,0,0,0,0,0
"Mir1927",0,0,0,0,0,0,0,0,0
"Mir669g",0,0,0,0,0,0,0,0,0
"Mir1187",0,0,0,0,0,0,0,0,0
"Mir1190",0,0,0,0,0,0,0,0,0
"Mir669e",0,0,0,0,0,0,0,0,0
"Mir1198",0,0,0,0,0,0,0,0,0
"Mir1905",0,1,0,0,0,0,0,0,0
"Mir1906-1",0,0,0,0,0,0,0,0,0
"Mir1894",0,1,0,1,2,1,0,1,1
"Mir1930",0,0,0,0,0,0,0,0,0
"Mir1936",0,0,0,0,0,0,0,0,0
"100316813",0,0,0,0,0,0,0,0,0
"Mir1306",0,0,0,0,0,0,0,0,0
"Mir1952",0,0,0,0,0,0,0,0,0
"Mir1962",0,0,0,0,0,0,0,0,0
"Mir1967",0,0,0,0,0,0,0,0,0
"Mir1970",0,0,0,0,0,0,0,0,0
"Mir1981",0,0,0,0,0,0,0,0,0
"Mir767",0,0,0,0,0,0,0,0,0
"Mir669h",0,0,0,0,0,0,0,0,0
"Mir1895",0,0,0,0,0,0,0,0,0
"Mir1945",0,0,0,0,0,0,0,0,0
"Mir1191",0,0,0,0,0,0,0,0,0
"Mir1934",0,0,0,0,0,0,0,0,0
"Mir1961",0,0,0,0,0,0,0,0,0
"100316865",0,0,0,0,0,0,0,0,0
"Gm17821",0,0,0,0,0,0,0,0,0
"Gm20605",0,1,0,4,0,0,0,0,0
"Snora28",0,0,0,0,0,0,0,0,0
"AU040320",95,79,83,144,306,238,262,144,236
"Dthd1",0,0,0,0,0,0,0,0,0
"Il4i1b",0,0,0,0,0,0,0,0,0
"Ppp1r8",53,75,46,18,46,73,40,63,62
"Smpdl3b",187,362,86,13,38,76,90,29,43
"Tent5b",0,0,0,0,0,0,0,0,0
"Snora23",0,0,0,0,0,0,0,0,0
"Ino80dos",0,2,0,2,5,3,5,6,2
"AW011738",1,2,0,4,3,4,5,9,5
"Bsdc1",30,75,51,43,66,81,83,47,78
"Pcdha4b",0,0,0,0,0,0,0,0,0
"D230030E09Rik",0,0,0,0,0,0,0,0,0
"Gm17830",0,0,0,0,0,0,0,0,0
"Krtap9-20",0,0,0,0,0,0,0,0,0
"Tomm6os",0,3,5,0,0,0,1,1,6
"Gm12505",0,0,0,0,0,0,0,0,0
"Parail",0,0,0,3,4,10,3,4,5
"Gm15997",0,0,0,0,0,0,0,0,0
"Zfp729b",78,98,47,41,62,20,42,74,60
"Zfp572",0,0,0,0,0,0,0,0,0
"Gm18409",0,0,0,0,0,0,0,0,0
"Adh6b",0,0,0,0,0,0,0,0,0
"Nlrp5-ps",0,0,0,0,1,0,0,0,0
"Gvin-ps2",0,0,0,0,0,1,0,0,0
"Gvin-ps4",1,0,0,0,0,0,0,0,0
"100418235",0,0,0,0,0,0,0,0,0
"Slc44a1",16,36,9,16,30,19,33,18,18
"Mtrnr2l7",0,0,0,0,0,0,0,0,0
"BB283400",0,0,0,0,0,0,0,1,0
"Mob3c",252,408,204,160,216,232,200,255,253
"Lao1",0,0,0,0,0,0,0,0,0
"BB031773",0,0,0,0,0,0,0,0,0
"Zfand2a",92,236,106,48,60,67,61,67,63
"Mir3475",0,0,0,0,0,0,0,0,0
"Mir3099",0,0,0,0,0,0,0,0,0
"Mir2861",0,0,0,0,0,0,0,0,1
"Mir3072",0,0,0,0,0,0,0,0,0
"Mir3470a",0,0,0,0,0,0,0,0,0
"Mir3470b",0,0,0,0,0,0,0,0,0
"Mir3471-1",0,0,0,0,0,0,0,0,0
"Mir3471-2",0,0,0,0,0,0,0,0,0
"100499527",0,0,0,0,0,0,0,0,0
"Mir3473a",0,0,0,0,0,0,0,0,0
"Mir3474",0,0,0,0,0,0,0,0,0
"Mir1906-2",0,0,0,0,0,0,0,0,0
"9530027J09Rik",0,0,0,0,0,0,0,0,0
"Gm19261",0,0,0,0,0,0,0,0,0
"Gm10923",0,0,0,0,1,0,0,0,1
"100502583",0,0,0,0,0,0,0,0,0
"Gm19265",0,0,0,0,0,0,0,0,0
"Tex50",0,0,0,0,0,0,0,0,0
"Gm4736",0,0,0,0,0,0,0,0,0
"Gm19269",0,0,0,0,1,0,0,0,0
"100502594",0,0,0,0,0,0,0,0,0
"Gm19272",0,1,0,1,0,1,0,1,1
"100502598",0,0,0,0,0,0,0,0,0
"Gm19274",0,0,0,0,0,0,0,0,0
"Gm19276",0,0,0,0,0,0,0,0,0
"Gm19277",0,0,0,0,0,0,0,0,0
"Gm19279",1,0,0,2,0,0,0,0,0
"100502610",0,0,0,0,2,0,0,0,0
"Gm19288",0,0,0,0,0,0,0,0,0
"AW046200",3,6,0,5,7,2,4,1,2
"Gm13483",0,3,0,0,1,2,0,0,0
"100502626",0,0,0,1,0,3,0,0,0
"Gm19295",98,143,58,61,61,30,35,109,66
"100502629",2,5,4,1,3,2,2,1,6
"Gm15545",0,2,2,1,5,10,0,4,1
"Gm11525",5,4,0,0,0,1,0,0,2
"Gm19299",0,0,0,0,0,0,0,0,0
"Gm19301",0,0,0,0,0,0,0,0,0
"Gm17511",9,7,7,10,14,11,14,10,12
"Gm19303",0,0,0,0,0,0,0,0,0
"Gm11583",3,7,5,4,3,1,4,2,0
"Gm19304",1,0,2,0,2,2,1,0,2
"100502649",0,0,0,0,3,0,0,0,0
"C130060C02Rik",0,0,0,0,0,0,0,0,0
"Gm17522",0,0,0,0,0,0,0,0,0
"Gm15527",0,0,0,0,0,0,0,0,0
"Gm19313",135,184,121,92,123,81,114,95,147
"100502669",0,0,0,0,0,0,0,0,0
"Gm16010",0,0,0,0,0,0,0,0,0
"Gm19316",0,0,0,0,0,0,0,0,0
"Gm15577",0,0,0,0,0,0,0,0,0
"Gm10015",0,1,1,0,0,0,1,0,0
"Gm20621",0,0,0,0,0,0,0,0,0
"100502686",2,7,3,3,1,5,2,5,4
"100502687",0,0,0,0,0,0,0,0,0
"Gm19325",4,0,0,3,0,8,0,1,1
"Gm17399",1,1,2,1,3,1,1,9,0
"Gm19327",6,15,3,5,7,8,14,8,7
"Rubcn",64,127,96,125,220,174,132,161,183
"100502699",10,12,5,7,5,8,4,5,3
"AV039307",0,0,0,0,0,3,0,0,0
"100502702",0,0,0,0,0,0,0,0,0
"Gm19331",0,0,0,0,0,0,0,0,0
"100502705",3,25,11,19,23,36,18,21,22
"100502706",0,0,0,0,0,0,0,0,0
"100502708",0,0,0,0,0,0,0,0,0
"Gm19335",0,0,0,0,0,0,0,0,0
"Gm17267",0,0,0,0,0,0,0,0,0
"Gm16144",0,0,0,0,0,0,0,0,0
"Gm19337",0,0,0,0,0,0,0,1,0
"Tsga8",0,0,0,0,0,0,0,0,0
"Gm19340",0,0,0,0,0,0,0,0,0
"Gm19343",0,0,0,1,0,0,3,0,2
"Gm19344",19,37,29,32,25,13,20,39,40
"Gm16023",1,0,0,1,0,0,1,0,0
"Gm19345",0,0,0,0,0,0,0,0,0
"100502741",0,0,0,0,0,0,0,0,0
"1700007L15Rik",6,35,0,0,8,7,8,4,5
"100502743",0,0,0,0,0,0,0,0,0
"2900009J06Rik",0,0,0,0,0,0,0,0,0
"100502747",0,1,0,1,0,0,0,0,0
"Gm19351",0,0,0,0,0,0,0,0,0
"100502751",11,38,16,9,16,8,7,7,19
"A130015J22Rik",0,0,0,0,0,0,0,0,0
"100502755",0,0,0,0,0,0,0,0,2
"Gm17259",4,8,6,3,6,10,1,4,4
"100502763",0,0,0,5,15,3,2,5,2
"Gm16617",0,5,0,0,3,4,6,3,2
"Kifc1",1,8,0,22,18,7,5,9,9
"Gm19359",0,0,0,0,0,1,0,0,0
"100502772",2,0,1,0,0,0,0,0,0
"100502773",0,0,0,0,0,0,0,0,0
"100502774",0,0,0,0,0,0,0,0,0
"100502777",0,2,4,0,2,0,1,0,8
"100502778",3,1,3,0,4,3,1,1,1
"Gm12356",0,15,0,5,0,0,0,0,0
"100502783",0,0,0,1,0,0,0,2,1
"100502786",0,0,0,0,0,0,0,0,0
"100502789",0,5,2,0,0,0,0,1,3
"100502795",0,0,0,0,0,0,0,0,0
"100502796",1,1,0,2,2,0,0,3,4
"Gm19382",0,0,0,0,0,0,0,0,0
"Gm19383",0,0,0,0,0,0,0,0,0
"Krtap2-20",0,0,0,0,0,0,0,0,0
"100502805",0,0,0,0,0,0,0,0,0
"100502807",0,0,0,0,0,0,0,0,0
"Gm19386",0,0,0,0,0,0,0,0,0
"100502811",0,0,0,0,0,0,0,0,0
"100502813",0,0,0,0,0,0,0,0,0
"100502816",0,0,0,0,0,0,0,0,0
"100502818",0,0,0,0,0,0,0,0,0
"BC065403",0,0,0,0,0,0,0,0,0
"Gm19395",0,0,0,0,0,0,0,0,0
"100502821",0,0,0,0,0,0,0,0,0
"100502824",0,0,0,0,0,0,0,0,0
"Rpl37rt",292,264,217,245,269,238,276,242,310
"100502827",8,7,1,5,5,4,6,2,3
"Gm19401",0,0,0,0,0,1,0,0,0
"Gm9899",0,0,0,0,0,0,0,0,0
"Krtap10-33",0,0,0,0,0,0,0,0,0
"100502833",0,0,0,0,0,0,0,0,0
"Gm15972",0,0,0,0,1,0,0,1,0
"100502835",0,0,0,0,0,0,0,0,0
"Epg5",34,87,39,29,57,68,37,33,63
"Gm14718",0,0,0,0,0,0,0,0,0
"Gm19409",5,5,2,1,0,0,1,2,1
"Gm19410",0,1,0,0,0,0,0,0,0
"Gm19412",6,25,4,1,0,7,3,1,7
"100502853",0,0,0,0,0,0,0,0,0
"D030029J20Rik",5,5,11,9,20,20,6,18,7
"100502856",0,0,0,0,0,0,0,0,0
"100502857",0,0,0,0,0,0,0,0,3
"Ccdc13",0,0,0,0,0,0,0,0,0
"100502863",1,4,0,1,1,0,2,2,1
"100502864",0,0,0,0,0,0,0,0,0
"Krtap4-27",0,0,0,0,0,0,0,0,0
"Gm20963",0,0,0,0,0,0,0,0,0
"Gm20597",0,0,0,0,0,0,0,0,0
"Gm19422",0,0,0,0,0,1,2,0,0
"Gm19424",0,0,0,0,0,0,0,0,0
"100502872",1,1,0,0,1,0,0,4,1
"Gm19426",0,0,0,0,0,1,0,0,0
"Gm12676",0,2,0,0,0,0,2,0,0
"Kcnmb3",0,0,0,0,0,0,0,0,0
"Or2t49",0,0,0,0,0,0,0,0,0
"Gm19434",1,8,8,2,4,6,0,1,0
"100502889",0,0,0,0,0,0,0,0,0
"100502891",0,0,0,0,0,0,0,0,0
"100502892",0,0,0,0,0,0,0,0,0
"100502895",1,0,0,0,1,0,0,0,0
"Msantd5f3",0,0,0,0,0,0,0,0,0
"100502897",0,1,0,0,0,0,0,0,0
"Gm19440",0,0,0,0,0,0,0,0,0
"100502901",0,0,0,0,0,0,0,0,0
"100502902",1,1,1,0,0,0,0,0,0
"Gm19445",0,0,0,0,0,0,0,0,0
"Gm19446",2,0,0,0,0,0,0,0,0
"100502907",2,1,0,1,0,0,0,0,1
"100502911",0,0,0,0,0,0,0,0,0
"100502912",0,0,0,0,0,2,0,0,2
"100502913",0,2,1,0,0,0,1,0,0
"Gm19451",8,0,0,3,3,1,5,3,0
"Gm12130",0,0,0,0,0,0,0,0,0
"100502918",0,0,0,0,0,0,0,0,0
"Gm16998",0,4,2,2,6,4,3,3,5
"Krtap12-21",0,0,0,0,0,0,0,0,0
"Gm17619",0,0,0,0,0,0,0,0,0
"Gm38423",0,0,0,0,0,0,0,0,0
"100502925",12,28,29,12,23,13,16,4,25
"9430032J07Rik",0,0,0,0,0,0,0,0,0
"Gm15821",0,0,0,0,0,0,0,0,0
"Gm13544",0,0,0,0,0,0,0,0,0
"Gm19461",0,0,0,0,0,0,0,0,0
"100502934",0,0,0,0,0,0,0,0,0
"100502935",0,0,0,0,0,0,0,0,0
"Ube2q2l",0,0,0,0,0,0,0,0,0
"Gm19463",1,0,0,0,2,3,0,1,1
"Gm17491",45,80,26,63,52,30,51,57,42
"Gm4814",0,0,0,0,0,0,0,0,0
"100502943",0,2,0,1,0,0,0,0,0
"Gm19466",0,0,0,0,0,0,0,0,0
"Gm16796",0,2,0,0,0,0,0,0,0
"Gm3336",0,0,0,0,0,0,0,0,0
"Krtap12-20",0,0,0,0,0,0,0,0,0
"Gm19471",0,0,0,0,0,0,0,0,0
"AV051173",0,2,0,0,6,2,3,3,2
"Gm19474",1,1,1,0,0,0,0,1,1
"100502961",0,0,0,0,0,0,0,0,0
"100502965",0,0,2,0,0,0,0,0,0
"Speer4c1",0,0,0,0,0,0,0,0,0
"100502969",0,0,0,0,0,0,0,0,0
"100502970",0,0,0,0,0,0,0,0,0
"Gm12996",0,0,0,1,2,1,0,0,0
"100502975",0,0,0,0,0,0,0,0,0
"Gm19484",0,0,0,0,0,0,0,0,0
"100502979",0,0,0,0,0,0,0,0,0
"100502981",0,0,0,0,0,0,0,0,0
"BC037704",5,1,1,5,8,5,3,2,3
"100502984",0,0,0,0,0,0,0,0,0
"Gm10814",0,2,0,0,0,0,0,2,0
"100502987",199,289,158,88,97,33,49,99,65
"100502989",0,1,1,0,0,0,0,0,0
"100502992",5,8,11,2,5,7,9,6,2
"Gm19494",1,2,0,0,0,0,0,0,0
"100502997",1,0,2,4,2,3,3,1,5
"100502999",0,0,1,0,5,1,3,0,0
"Zfp993",11,28,3,6,13,1,11,10,20
"Gm38424",0,0,6,1,0,2,0,3,0
"Gm17484",0,0,0,0,1,2,0,1,0
"Gm19500",0,0,1,0,0,0,0,0,0
"Gm19501",0,0,0,0,0,0,0,0,0
"100503012",4,6,4,6,7,5,8,4,10
"Gm19505",0,0,0,0,0,0,0,0,0
"Gm16551",0,0,0,0,0,0,0,0,0
"Gm19510",4,16,0,4,0,0,0,0,0
"100503023",0,1,0,0,0,0,0,0,0
"100503024",0,4,0,4,2,3,0,8,7
"Gm19514",0,0,0,0,0,0,0,0,0
"100503027",0,0,0,0,0,0,0,0,0
"Gm19519",0,0,0,0,0,0,0,0,0
"Gm15228",0,0,0,0,0,0,0,0,0
"Ccdc179",0,0,0,0,0,0,0,0,0
"Gm19521",0,0,0,0,0,0,0,0,0
"Gm19522",0,0,0,0,0,3,0,2,0
"Pdzd7",0,0,0,0,0,0,0,0,0
"Armcx4",2,0,1,0,0,0,1,2,0
"A730020M07Rik",0,0,0,0,0,0,0,0,0
"100503045",0,0,0,0,0,0,0,0,0
"Eif1ad9",0,0,0,0,0,0,0,0,0
"100503050",0,0,0,0,0,0,0,0,0
"Gm14517",0,0,0,0,0,0,0,0,0
"100503054",31,37,24,60,76,44,67,61,57
"100503055",0,1,1,0,0,0,0,1,0
"100503057",0,0,0,0,0,0,0,0,0
"100503060",0,0,0,0,0,0,0,0,0
"100503066",4,7,0,11,13,4,10,17,8
"Smim43",0,0,0,0,0,1,0,0,0
"Gm16291",0,0,0,0,0,0,0,0,0
"Gm19537",0,0,0,0,0,0,0,0,0
"2610016A17Rik",0,0,0,0,0,0,0,0,0
"100503076",0,0,0,0,0,0,0,0,0
"Gm19541",0,0,0,0,0,0,0,0,0
"2010110K18Rik",0,0,0,5,0,0,0,0,0
"Gm19544",0,0,4,1,0,3,0,1,5
"100503084",0,0,0,0,0,0,0,0,1
"Klhl3",0,0,0,0,0,0,0,0,0
"100503089",0,0,0,0,0,0,0,0,0
"Gm19549",0,0,0,0,0,0,0,0,0
"Gm19551",2,1,0,0,0,1,0,4,0
"Gm19552",0,0,3,6,0,0,0,1,1
"Gm19553",0,0,0,0,0,0,0,0,0
"Gm19554",0,0,0,0,0,0,0,0,0
"Gm17388",0,0,0,2,9,0,4,1,0
"Gm19557",0,0,0,1,1,1,0,0,0
"Gm13944",0,0,0,0,0,0,0,0,0
"100503109",0,0,0,0,0,0,0,0,0
"100503115",1,1,0,3,0,0,2,1,0
"100503116",1,1,0,0,2,0,0,0,0
"2010010A06Rik",0,0,0,0,0,0,0,0,0
"100503119",0,0,0,0,0,0,0,0,0
"A930006K02Rik",2,0,1,7,7,4,5,1,6
"Gm19565",0,0,0,0,0,0,0,0,0
"Gm10913",0,0,0,0,0,0,0,0,0
"Gm19566",0,0,0,0,0,0,0,0,0
"Gm15964",1,1,0,0,0,0,0,0,0
"100503131",4,18,14,4,14,11,4,4,22
"Gm19569",0,0,0,0,0,0,0,0,0
"Gm13293",0,0,0,0,0,0,1,0,0
"100503150",0,0,0,0,0,0,0,1,0
"Gm19578",4,0,1,0,4,0,4,2,0
"Gm19579",0,10,2,0,0,0,3,0,0
"Gm15471",0,2,5,0,1,1,6,1,1
"1700048M11Rik",0,0,0,0,0,0,0,0,0
"Gm13752",0,0,0,0,0,0,0,0,0
"100503169",0,0,0,0,0,0,0,0,0
"Gm19582",3,4,0,0,0,0,0,0,0
"100503176",0,0,0,0,1,0,0,0,0
"2810013P06Rik",46,39,47,24,55,42,32,73,67
"100503181",0,0,0,0,0,0,0,0,0
"Gm19583",0,0,0,0,0,0,0,0,0
"Btbd8",2,3,0,0,0,0,1,6,0
"Gm19585",0,0,0,0,0,0,0,0,0
"100503192",0,0,0,0,0,0,0,0,0
"100503195",0,0,0,0,0,0,0,0,0
"Gm19589",0,0,0,0,0,0,0,0,0
"Gm19590",2,0,0,0,0,0,3,0,0
"100503200",1,4,0,1,4,0,0,0,1
"Gm19592",68,64,53,40,2,0,1,9,1
"100503205",0,0,1,1,0,1,0,1,0
"LOC100503212",0,0,0,0,1,1,0,7,1
"100503216",21,23,27,19,23,12,14,14,11
"100503222",2,4,1,7,16,7,11,6,5
"Gm19600",0,0,0,0,0,0,0,0,0
"100503231",0,0,0,0,0,0,0,0,0
"100503233",0,0,0,0,0,0,0,0,0
"100503237",1,2,1,11,7,2,11,5,7
"100503238",0,0,0,0,0,0,0,0,0
"Trpc5os",0,1,0,0,0,0,0,0,0
"Scgb2b6",0,0,0,0,0,0,0,0,0
"Gm15179",0,0,0,0,0,0,0,0,0
"100503249",0,0,0,0,0,0,0,0,0
"100503250",0,0,0,0,0,0,0,0,0
"100503253",1,2,1,1,3,7,8,0,4
"100503256",0,0,0,0,0,0,0,0,0
"Gm19617",1,2,2,0,0,2,0,0,0
"100503261",0,0,0,0,0,0,0,0,0
"Gm19619",0,0,0,0,0,0,0,0,0
"Gm19620",3,3,1,4,2,3,2,6,4
"Gm19622",0,0,0,0,0,0,0,0,0
"100503271",0,0,0,0,0,0,0,0,0
"Gm11423",6,28,7,11,15,11,23,6,11
"100503279",0,0,2,2,1,1,0,1,0
"Gm38425",0,1,0,0,0,0,0,0,0
"100503283",0,0,0,0,0,0,0,0,0
"Gm14133",0,0,0,0,0,0,0,0,0
"100503291",0,0,0,0,0,0,0,0,0
"Gm12279",0,0,0,0,6,1,8,1,10
"100503298",0,0,0,4,1,2,5,5,3
"Gm15408",0,0,0,2,0,0,2,1,5
"100503309",0,0,0,0,0,0,0,1,0
"Cimap3",0,0,0,0,0,0,0,0,0
"Gm15853",10,20,10,4,22,22,19,11,10
"Gm17281",0,0,0,0,0,0,0,0,0
"A230087F16Rik",0,0,0,0,0,0,0,0,0
"100503326",0,0,0,0,0,0,0,0,0
"Gm19639",0,0,0,0,0,0,0,0,0
"100503333",0,0,0,0,0,0,0,0,0
"100503334",0,0,0,0,0,0,0,0,0
"Gm9895",0,0,1,1,2,0,0,3,1
"Gm14636",3,1,0,0,0,0,0,0,0
"Gm19645",0,1,0,0,0,2,1,1,1
"Gm19648",4,8,12,4,2,16,13,17,8
"100503350",0,0,0,0,0,0,0,0,0
"100503351",0,1,3,0,0,5,4,2,1
"Zfp1009",0,0,0,0,0,0,0,0,0
"Gm19654",0,0,0,0,0,0,0,0,0
"Ppp1r18os",30,40,17,16,28,13,13,19,17
"Tmem95",0,0,0,0,0,4,0,0,0
"Rps12-ps26",7,20,1,3,5,5,7,5,2
"100503364",0,0,0,0,0,0,0,0,0
"100503365",1,0,0,0,0,0,0,1,0
"Gm19658",0,0,0,0,0,0,0,0,0
"100503367",0,0,0,0,0,0,0,0,0
"Gm20599",0,0,0,0,0,0,0,0,0
"Gm17584",0,0,0,0,0,0,0,0,0
"Gm19660",12,3,0,2,2,0,3,0,9
"100503373",0,0,0,0,0,0,0,0,0
"Gm17435",0,2,0,0,0,0,6,1,1
"Gm19663",0,0,0,0,0,0,0,0,0
"100503377",7,7,0,7,3,1,1,0,0
"Gm15638",0,0,0,0,0,0,0,0,0
"100503379",0,2,1,2,0,0,0,1,2
"Snhg4",54,50,29,16,15,4,8,6,8
"Gm14022",0,0,4,0,0,0,0,0,0
"Gm19665",0,0,0,0,0,0,0,0,0
"Tpbgl",258,153,288,220,406,478,383,322,308
"Gm19667",0,0,0,0,0,0,0,0,0
"Krtap10-34",0,0,0,0,0,0,0,0,0
"Gm17518",0,4,0,1,0,0,3,1,0
"100503391",0,0,0,0,0,0,0,0,0
"4833438C02Rik",30,95,20,30,28,19,15,29,24
"Gm14827",0,0,0,0,0,0,2,0,0
"Gm17494",0,0,0,0,0,0,0,3,0
"100503397",0,0,0,0,0,0,0,0,0
"Gm19673",0,0,0,0,0,1,1,0,4
"Gm13147",1,0,0,0,0,0,0,0,0
"100503407",6,8,2,2,2,2,7,1,1
"100503411",0,0,0,0,0,0,0,0,0
"100503414",0,0,0,0,0,0,0,0,0
"100503424",0,0,0,0,0,0,0,0,0
"Gm17469",0,0,0,0,0,0,0,0,0
"Gm10390",0,0,0,0,0,0,0,0,0
"100503430",0,0,0,0,0,0,0,0,0
"100503431",0,0,0,0,0,0,0,0,0
"Gm19688",0,1,0,0,0,2,0,0,0
"Gm15433",0,0,0,0,0,0,0,0,0
"Gm19689",0,4,0,9,2,3,5,7,17
"AW124847",7,10,2,14,8,7,6,8,8
"Gm19691",0,1,0,1,0,0,0,2,0
"Gm19692",0,0,0,0,0,0,0,0,0
"100503440",0,0,0,1,1,1,0,0,0
"Gm19696",0,0,0,0,0,0,0,0,0
"100503456",0,0,0,0,0,0,0,0,0
"Gm19703",1,0,0,0,4,0,0,0,0
"Gm19705",5,10,4,2,5,10,3,2,6
"Gm19706",0,0,0,0,0,0,0,0,0
"100503465",0,0,0,1,0,0,0,0,0
"AA667203",12,5,4,11,6,15,10,30,16
"Gm14023",0,17,3,0,3,3,0,2,4
"Gm19710",0,0,0,0,0,0,0,0,0
"Gm16619",0,0,0,0,0,0,0,0,0
"Gm15867",0,0,0,0,0,0,0,0,0
"Platr22",0,0,0,0,0,0,0,0,0
"100503475",0,0,0,0,0,0,0,0,0
"100503480",0,0,2,0,0,0,0,0,0
"4930453H23Rik",0,0,0,0,0,0,0,0,0
"Gm19719",0,0,0,0,0,0,1,1,2
"Or8g22",0,0,0,0,0,0,0,0,0
"100503488",1,0,0,0,0,0,0,0,0
"Gm19723",0,1,0,0,0,0,0,0,0
"100503492",1,1,0,0,1,1,0,1,0
"A930016O22Rik",0,0,0,0,0,0,0,0,0
"Gm45916",6,6,4,0,3,0,4,9,9
"Gm16675",6,3,1,3,0,2,0,4,3
"100503499",0,0,0,0,0,0,0,0,0
"Gm10552",0,0,0,0,0,0,0,0,0
"100503503",0,1,0,0,1,0,0,1,0
"Gm19733",0,1,8,2,4,2,4,0,0
"100503512",2,0,0,0,0,0,1,0,0
"100503517",0,2,1,0,0,4,3,1,2
"Gm11827",32,32,51,9,33,7,9,8,15
"Gm19744",0,0,0,0,0,0,0,0,0
"100503521",0,0,0,0,0,0,0,0,0
"100503522",0,0,0,0,0,0,0,0,0
"100503526",0,1,0,0,0,0,0,0,0
"100503527",0,0,0,0,3,0,0,0,1
"100503529",2,6,2,1,1,0,1,3,4
"Gm11351",0,0,0,0,0,0,0,0,0
"100503531",0,0,0,0,0,0,0,0,0
"100503535",0,0,0,0,0,0,0,0,0
"Gm19757",0,0,0,0,0,0,0,0,0
"Gm15941",0,0,0,0,0,0,0,0,0
"Gm19760",0,0,0,2,0,0,0,0,0
"Nuggc",0,0,0,0,0,0,0,0,0
"Gm15958",0,0,0,0,0,0,0,0,0
"Gm19763",0,0,0,0,0,0,0,0,0
"Speer4e2",0,0,0,0,0,0,0,0,0
"Lrrc8dos",0,0,0,2,0,0,0,0,0
"100503552",4,7,4,1,0,2,0,0,0
"Gm20603",0,0,0,0,0,0,0,0,0
"100503555",0,0,0,0,0,0,0,0,0
"100503558",0,0,0,0,0,0,0,0,0
"100503559",0,0,0,0,0,0,0,0,0
"100503562",0,0,0,0,0,0,0,0,0
"Gm9926",0,0,0,0,0,0,0,0,0
"100503567",0,1,1,0,0,1,0,0,0
"Gm16754",0,0,0,0,0,0,1,1,0
"100503570",5,6,1,0,3,1,2,1,3
"100503571",0,0,0,0,0,0,1,0,0
"Bbip1",80,102,49,95,130,57,90,88,105
"100503578",0,2,2,3,6,7,5,8,5
"Gm19782",0,0,0,0,0,0,0,0,0
"100503581",0,0,0,0,0,0,0,0,0
"Gm19784",0,0,0,0,0,0,0,0,0
"Fsbp",0,0,0,6,0,0,0,7,1
"Zfp534",0,1,0,0,0,0,0,0,0
"Gm11702",21,21,4,15,20,28,19,16,13
"Gm19785",0,0,1,0,0,0,1,0,0
"A330076C08Rik",0,0,0,0,0,0,0,0,0
"100503593",0,0,0,0,0,0,0,0,0
"4930534D22Rik",0,0,0,0,0,0,0,0,0
"Gm13003",0,0,0,0,0,0,0,0,0
"100503596",0,0,0,3,0,0,0,0,5
"100503597",0,1,1,0,1,0,0,0,0
"Gm19792",0,0,0,0,0,0,0,0,0
"100503601",0,0,0,0,0,0,0,0,0
"100503602",0,0,0,0,0,0,0,0,0
"Hbb-bs",124,0,23,120,1,0,0,1,0
"BB319198",0,0,0,0,0,0,0,0,0
"Lnp1",0,0,0,0,0,0,0,0,0
"5031434C07Rik",0,0,0,0,0,0,0,0,0
"100503615",3,0,0,2,1,0,0,0,0
"100503618",0,0,0,0,0,0,0,0,0
"E330011O21Rik",0,0,0,0,0,0,0,0,0
"Gm15337",0,5,1,0,0,0,0,1,0
"Gm16630",0,0,0,0,0,0,0,0,0
"100503623",0,0,0,0,0,0,0,0,0
"100503626",0,0,0,0,0,0,0,0,0
"Gm12002",0,0,0,0,0,0,0,0,0
"Gm19805",0,0,0,0,0,0,0,0,0
"Gm16892",0,0,0,0,0,0,0,0,0
"1700123M08Rik",1,2,0,3,10,2,1,3,0
"100503642",333,306,316,274,260,166,189,214,276
"100503647",0,0,0,1,0,0,0,0,0
"Sap30bpos",0,0,1,0,0,0,0,0,0
"Gm15354",0,0,0,0,0,0,0,0,0
"Gm16845",4,9,10,6,21,13,10,9,18
"Gm19816",4,7,1,3,7,1,5,7,9
"Gm19817",0,0,0,0,0,0,0,0,0
"Cbarp",6,9,10,25,1,17,9,13,27
"100503660",0,0,0,0,0,0,0,0,0
"1700010B13Rik",0,0,0,0,0,0,0,0,0
"100503664",0,6,3,0,0,0,1,5,2
"100503665",15,16,5,67,65,33,69,58,56
"100503666",0,0,0,0,0,0,0,0,0
"Rpl5",1581,1884,1171,922,943,879,850,972,1077
"Gm19825",0,0,0,0,0,0,0,0,0
"Gm38426",0,7,2,2,5,2,3,2,4
"100503677",2,2,2,2,2,2,2,7,6
"100503679",0,0,0,0,0,0,0,0,0
"Rapgef4os2",0,0,0,0,0,0,0,0,0
"Gm15567",0,0,0,0,0,0,0,0,0
"100503686",0,0,0,0,0,0,0,0,0
"100503688",0,0,0,0,0,0,0,0,0
"Gm19835",0,0,0,0,0,0,0,0,0
"Gm14552",0,0,0,0,0,0,0,0,0
"100503695",0,0,0,0,3,0,0,0,0
"100503696",0,0,0,0,0,0,0,0,0
"100503697",0,0,0,0,0,0,0,0,0
"100503699",0,1,0,1,1,0,0,0,0
"Gm19845",0,0,0,1,0,0,0,0,0
"Gm16861",0,3,1,6,2,13,9,3,9
"100503705",0,0,0,0,0,0,0,0,0
"100503707",0,0,0,0,0,0,0,0,0
"100503713",0,0,0,0,0,0,0,0,0
"100503714",2,1,2,3,3,1,0,1,1
"Gm19854",0,0,0,0,0,0,0,0,0
"100503720",0,0,4,0,1,0,0,0,0
"Dnajc19-ps",18,26,14,15,10,11,19,10,12
"100503725",0,0,0,0,0,0,0,0,0
"1700011B04Rik",2,0,0,0,0,0,0,0,0
"100503729",0,0,0,0,0,0,0,0,0
"Gm19860",0,0,0,0,1,2,1,0,0
"100503731",0,0,0,0,0,0,0,0,0
"100503732",0,0,0,0,0,0,0,0,0
"LOC100503733",0,0,0,0,0,0,0,0,0
"Gm19863",0,0,0,0,0,0,0,0,0
"100503742",0,0,0,0,0,0,0,0,0
"Gm19866",0,0,0,0,0,0,0,0,0
"100503745",0,0,0,0,0,1,0,1,1
"100503750",0,0,0,0,0,0,0,0,0
"Gm19872",0,0,0,0,0,0,0,0,0
"100503752",0,0,0,0,0,0,0,0,0
"Gm11725",11,35,5,8,23,13,3,12,17
"Gm19876",0,1,0,0,1,0,1,0,1
"Gm5084",0,0,0,0,0,0,0,0,0
"100503760",0,0,0,0,0,0,0,0,0
"100503764",0,0,0,0,0,0,0,0,0
"Gm17473",0,0,0,0,0,0,0,0,0
"100503771",5,7,4,6,1,9,2,0,3
"100503772",0,0,0,0,0,0,0,0,0
"100503773",2,2,1,1,1,0,3,0,1
"100503781",0,0,0,0,0,0,0,0,0
"Gm17733",0,0,0,0,0,0,0,0,0
"Igf1it",0,0,0,0,0,0,0,0,0
"Gm19897",7,1,2,10,8,1,6,5,9
"100503791",6,11,0,0,4,1,0,0,0
"100503793",6,17,7,10,5,16,10,4,7
"Gm9920",2,2,5,0,7,1,2,1,11
"Gm19899",1,3,2,6,1,3,6,3,4
"Gm11738",0,1,2,0,0,0,0,0,0
"Gm7931",1,0,0,0,0,0,0,0,0
"100503800",0,0,0,0,2,0,3,0,0
"Gm10419",0,2,0,0,0,0,0,0,0
"100503803",0,0,0,0,0,0,0,0,0
"Gm19905",1,2,5,0,4,0,0,4,2
"Gm14925",0,0,0,0,0,0,0,0,0
"Gm13056",1,0,0,0,0,0,0,2,0
"3300002A11Rik",0,0,0,0,0,0,0,0,0
"100503814",0,1,0,0,1,0,0,1,0
"Gm16548",0,0,0,0,0,0,0,0,0
"100503817",13,28,5,11,8,10,9,19,7
"100503818",0,0,0,0,0,0,0,0,0
"Gm12454",2,3,4,6,5,2,8,2,3
"100503821",10,22,5,4,2,4,6,9,4
"100503822",21,21,27,6,12,3,7,7,6
"Gm16973",28,36,38,30,32,37,24,24,35
"100503824",0,0,0,0,0,0,0,0,0
"Gm13075",0,0,0,0,0,0,0,0,0
"Tnfsf13os",0,2,0,2,16,7,0,1,19
"Gm11762",0,0,0,0,0,0,0,0,0
"Gm38427",0,0,0,0,0,0,0,0,0
"Gm19916",0,0,0,0,0,0,0,0,0
"Gm19918",0,0,0,0,0,1,0,0,1
"2410022M11Rik",38,45,32,16,31,48,41,31,41
"100503843",0,0,0,0,0,0,0,0,0
"100503845",0,0,0,0,1,0,0,0,0
"Gm19924",0,0,0,0,0,0,0,0,0
"100503848",10,15,1,2,3,3,3,3,3
"Sp3os",45,47,56,52,79,40,40,55,94
"Gm19929",10,11,11,6,10,12,4,10,19
"1700024B05Rik",0,0,0,0,0,0,0,0,0
"1110015O18Rik",0,0,0,0,0,0,0,0,0
"100503862",0,0,0,0,0,0,0,0,0
"100503864",0,0,0,0,0,0,0,0,0
"100503865",0,0,0,0,0,0,0,0,0
"Gm15558",0,0,0,0,0,0,0,0,0
"Gm19935",0,0,0,0,0,0,3,0,0
"Mkln1os",13,7,6,3,15,3,14,6,5
"4833432E10Rik",3,10,4,0,0,2,0,4,1
"Hotair",0,0,0,0,0,0,0,0,0
"Gm19937",0,0,0,0,0,0,0,0,0
"Gm19938",0,0,0,0,0,1,0,2,1
"Gm19939",0,2,1,0,1,0,1,0,0
"Gm5901",0,0,0,0,0,0,0,0,0
"100503881",4,3,1,0,2,1,0,0,1
"Gm17308",0,0,0,0,0,0,0,0,0
"100503883",0,0,0,2,6,2,1,1,2
"Ccdc149",0,2,4,6,4,14,7,7,4
"Pet100",226,168,132,218,235,202,229,213,186
"100503893",0,0,0,0,0,0,0,0,0
"Tpsab1",0,0,0,0,0,0,0,0,0
"100503901",0,0,0,0,0,0,0,0,0
"Gm19955",1,6,1,0,2,1,0,1,3
"Gm19956",0,0,0,0,0,0,0,0,0
"100503911",0,0,0,1,0,0,0,0,0
"100503912",14,9,13,41,46,47,35,51,41
"100503913",0,0,0,0,0,1,0,1,1
"Smpd5",162,237,97,52,84,77,82,48,95
"Gm19963",0,0,0,0,0,0,0,0,0
"Gm19966",0,0,0,0,0,0,0,0,0
"Gm19967",1,1,0,0,4,0,5,0,1
"LOC100503923",0,0,0,0,0,0,0,0,0
"Fcor",3,8,5,2,1,1,4,5,3
"Gm17540",0,0,0,0,0,0,0,0,0
"100503930",0,0,0,0,0,0,0,0,0
"100503932",0,0,0,0,0,1,0,0,0
"100503934",0,1,0,0,1,0,0,0,0
"Gm19976",0,0,0,0,0,0,0,0,0
"100503942",0,0,0,0,1,0,0,0,0
"Gm19980",0,0,0,0,0,0,0,0,0
"100503945",0,0,0,0,0,0,0,0,0
"Zfp965",0,0,0,0,0,0,0,0,0
"100503950",0,0,0,0,0,0,0,0,0
"100503954",0,0,0,0,0,0,0,0,0
"100503955",0,0,1,2,0,0,0,0,0
"100503956",6,38,11,17,11,16,23,12,13
"Gm19990",0,0,0,0,0,0,0,0,0
"Gm16701",0,0,0,0,0,0,0,0,0
"Gm17266",0,0,0,0,0,0,0,0,0
"Gm12167",0,0,0,0,0,0,0,0,0
"100503966",0,0,0,0,0,0,0,0,0
"1810008I18Rik",0,0,0,0,0,0,0,0,0
"100503974",0,0,0,0,0,0,0,0,0
"100503977",0,0,0,0,0,0,0,0,0
"Gm11483",0,1,0,0,0,2,0,0,2
"100503981",1,0,0,0,0,0,0,0,0
"Gm19998",0,1,0,0,0,1,2,1,0
"100503986",0,2,2,0,0,0,0,0,0
"100503988",0,0,0,0,0,0,0,0,0
"Acp4",0,0,0,0,0,0,0,0,0
"100503998",0,0,0,0,0,0,0,0,0
"Gm20005",0,5,0,0,0,0,0,0,0
"Gm14839",0,0,0,0,0,0,0,0,0
"100504005",0,0,0,0,0,0,0,0,0
"Gm15787",0,0,1,0,0,0,0,0,2
"Gm20014",0,1,0,5,5,1,2,7,0
"100504017",0,0,0,0,0,0,0,0,0
"Gm20016",0,0,0,0,0,0,0,0,0
"C1qtnf9bos",0,0,0,0,0,0,0,0,0
"Gm17638",0,0,0,0,0,0,0,0,0
"Gm13553",0,0,0,0,0,0,0,0,0
"Altre",0,0,0,0,0,0,0,0,0
"100504027",0,0,0,0,0,0,0,0,0
"Gm16740",7,35,7,6,8,5,2,5,28
"100504030",0,0,0,0,0,0,0,0,0
"Gm20022",3,1,0,1,4,0,4,7,2
"100504034",0,0,1,0,0,0,0,1,0
"Gm20026",0,0,0,0,0,0,0,0,0
"Gm53064",0,0,0,0,0,0,0,0,0
"100504040",72,160,88,34,73,60,51,49,68
"Gm17529",0,1,0,0,0,0,0,0,0
"100504046",1,9,2,2,0,0,0,2,2
"100504048",12,28,16,23,14,20,10,8,24
"100504051",18,45,19,17,69,26,39,22,44
"100504054",0,0,0,0,0,0,0,0,0
"Gm20036",0,4,3,0,0,0,0,1,0
"Gm20038",0,0,0,0,2,0,5,3,3
"8030451A03Rik",0,0,0,0,0,0,0,0,0
"Gm20978",0,0,0,0,0,0,0,0,0
"100504068",0,0,0,0,4,0,0,0,0
"Gm15915",0,0,0,0,0,0,0,0,0
"Gm20043",0,0,0,0,0,0,0,0,0
"Gm20044",0,0,0,0,2,0,1,1,0
"100504072",1,8,5,5,6,7,4,13,5
"100504076",0,0,0,0,0,0,0,0,0
"Gm20049",0,0,0,0,0,0,0,0,0
"100504083",0,0,0,0,0,0,0,0,0
"100504084",0,0,0,0,0,0,0,0,0
"Gm20056",0,0,0,0,0,0,1,0,0
"100504090",0,0,0,0,0,0,0,0,1
"100504099",0,0,0,0,0,0,0,0,0
"Gm20063",0,0,0,0,0,0,0,0,0
"Gm20064",0,1,0,0,0,0,0,0,0
"Gm16062",0,6,3,2,3,3,3,8,4
"100504106",0,0,0,0,0,0,0,0,0
"100504109",0,0,1,3,1,5,6,2,3
"Gm20069",0,0,0,0,0,0,0,0,0
"Gm16907",3,4,2,0,1,3,2,1,3
"Brd3os",0,0,0,0,0,0,0,0,0
"100504117",0,1,0,0,1,0,0,0,0
"100504119",0,0,0,0,0,0,0,0,0
"Med9os",1,0,0,0,0,0,0,2,0
"Gm17690",0,1,2,1,4,1,8,6,2
"100504131",22,34,3,21,17,17,31,19,17
"100504139",0,0,0,0,0,1,0,0,0
"4930412M03Rik",0,5,1,3,0,3,2,0,1
"Gm20083",0,0,0,0,0,0,0,0,0
"Platr30",0,0,0,0,0,0,0,0,0
"Gm20089",0,0,0,0,0,0,0,0,0
"Fam181a",0,0,0,0,0,0,0,0,0
"Gm20091",0,0,0,0,1,0,0,0,0
"Gm20093",0,1,1,0,0,0,0,0,0
"100504160",0,0,0,0,0,0,0,0,0
"100504161",0,0,0,0,0,0,0,0,0
"Prss51",0,0,0,0,0,0,0,0,0
"Cmtm1",0,0,0,0,0,0,0,0,0
"100504165",0,0,0,0,0,0,0,0,0
"4933421O10Rik",21,44,45,31,35,52,54,43,44
"Gm20098",0,0,0,0,0,0,0,0,0
"Gm20099",0,0,0,0,0,1,0,0,0
"Gm17575",0,0,0,0,0,0,0,0,0
"100504173",0,0,0,0,0,2,0,0,0
"100504174",5,5,2,1,6,5,2,9,12
"Gm20100",4,10,13,3,1,4,1,6,0
"Gm20101",0,2,0,0,0,0,2,2,0
"F730016J06Rik",0,0,0,0,0,0,0,0,0
"Dhrs13os",0,0,0,0,0,0,0,0,2
"LOC100504180",0,0,0,0,0,0,0,0,0
"Krtap16-1",0,0,0,0,0,0,0,0,0
"Gm16336",0,0,0,0,0,0,0,0,0
"C230013L11Rik",4,16,3,1,0,4,1,5,0
"Gm13392",24,45,23,17,29,35,34,23,31
"Gm16576",12,10,8,5,5,12,8,5,19
"100504195",0,0,0,0,0,1,0,0,0
"Gm10023",1,2,0,2,3,5,1,0,2
"Gm8050",0,0,0,0,0,0,0,0,0
"Gm20110",0,0,0,0,0,0,0,0,0
"Gm16055",0,0,0,0,0,0,0,0,0
"Arhgap33os",0,0,0,0,0,0,0,0,0
"100504211",0,3,1,3,0,1,2,0,1
"Gm20115",0,0,0,0,0,0,0,0,0
"100504218",0,0,0,0,0,0,0,0,0
"100504223",4,9,7,6,21,11,7,10,14
"100504225",6,10,9,8,14,3,5,15,14
"100504230",314,742,424,593,468,634,231,461,677
"Gm15708",22,60,25,17,24,13,13,16,23
"Mptx2",0,0,0,0,0,0,0,0,0
"Ccdc170",0,0,0,0,0,0,0,0,0
"Gm20125",0,0,0,0,0,0,0,0,0
"Ccl21e",0,0,0,0,0,0,0,0,0
"100504244",0,1,0,0,0,1,0,4,2
"Gm15350",0,0,0,0,0,0,0,0,0
"Gm10088",0,0,0,0,0,0,0,0,0
"100504251",0,0,0,0,0,0,0,0,0
"100504252",0,0,0,0,0,0,0,0,0
"Gm15903",12,14,7,6,10,5,4,4,16
"Gm12159",0,0,0,0,0,0,0,0,0
"Gm13425",0,0,0,0,0,0,0,0,0
"Gm17608",0,2,4,1,1,3,0,9,0
"A730020E08Rik",0,0,0,0,0,0,0,0,0
"100504264",0,0,0,0,0,0,0,0,0
"Gm20139",0,1,0,0,0,0,0,0,0
"Gm20140",0,0,0,0,0,0,0,0,0
"Trp53cor1",0,1,5,5,18,4,3,7,13
"2310005A03Rik",1,0,0,0,0,0,0,0,0
"100504273",0,0,0,0,0,0,0,0,0
"2810402E24Rik",8,18,5,13,17,11,9,11,6
"100504279",0,0,0,0,0,0,0,0,0
"Gm20149",0,0,0,0,0,0,0,0,0
"Abhd12b",0,0,0,0,0,0,0,0,0
"Ifi203-ps",0,0,0,0,0,0,0,0,0
"Gm16618",0,0,0,0,0,0,0,0,0
"Gm20153",0,0,0,0,0,0,0,0,0
"100504295",0,0,0,0,0,0,0,0,0
"100504297",0,0,0,0,0,0,0,0,0
"100504298",0,0,0,0,0,0,1,0,0
"6230426M11Rik",9,13,1,9,3,6,0,2,5
"Gm20161",0,0,0,0,0,0,0,0,0
"Gm16534",2,1,1,2,2,0,3,0,4
"Gm20163",1,6,1,1,0,5,2,3,1
"Gm15473",0,0,0,0,0,0,0,0,0
"Smim27",58,44,27,32,67,34,80,52,54
"Gm17597",0,0,0,1,3,2,0,0,3
"100504315",1,1,0,1,0,1,0,0,0
"Gm20169",14,40,6,13,18,18,22,15,8
"Gm20172",0,0,0,0,0,0,0,0,0
"100504326",0,0,0,0,0,0,0,0,0
"Gm14406",0,0,0,0,0,0,0,0,0
"100504329",30,39,12,23,14,8,16,18,17
"Gm16712",1,3,0,0,0,0,0,0,1
"Gm20179",0,0,0,0,0,0,0,0,0
"100504337",69,91,39,45,10,4,12,47,31
"100504341",0,0,0,1,1,0,0,0,0
"100504343",12,9,1,1,0,3,0,1,0
"Gm20186",0,4,0,3,4,0,0,1,3
"Ccl21f",0,0,0,0,0,0,0,0,0
"Gm20187",0,0,0,0,0,0,0,0,0
"Gm13187",0,0,0,0,0,0,3,0,0
"Gm14169",0,0,0,0,0,0,0,0,0
"C78197",0,0,0,0,0,0,0,0,0
"Gm20982",0,0,0,0,0,0,0,0,0
"100504356",0,0,0,0,0,0,0,0,0
"Gm14974",0,0,0,0,0,0,0,0,0
"100504358",0,0,0,0,0,0,0,0,0
"100504359",0,0,1,0,0,0,0,0,4
"D730003I15Rik",8,8,10,27,40,32,8,8,19
"Gm14230",0,0,0,0,0,0,0,0,0
"100504362",0,0,0,0,0,0,0,0,0
"100504364",1,0,0,0,1,1,0,1,0
"100504368",0,0,0,0,0,0,0,0,0
"Gm13920",0,0,0,0,0,0,0,0,0
"Gm15880",1,0,0,0,2,1,1,2,16
"100504376",0,0,0,0,0,0,0,0,0
"Gm20199",3,4,1,6,2,1,0,7,2
"Gm20201",0,0,0,0,0,1,0,0,0
"Gm17276",0,0,0,0,0,0,0,0,0
"100504383",0,0,0,0,0,0,0,0,0
"9030407P20Rik",0,5,2,1,8,6,0,0,13
"Gm20204",1,12,3,2,1,1,2,10,0
"100504397",1,0,1,0,2,1,0,0,0
"C130021I20Rik",0,0,0,0,0,0,0,0,0
"Cypt14-ps",0,0,0,0,0,0,0,0,0
"100504401",0,0,0,0,0,0,0,0,0
"100504402",0,0,0,0,0,0,0,0,0
"H2-Ea",0,1,0,0,0,0,0,0,0
"Gm10617",0,1,0,0,2,0,0,0,0
"100504407",0,0,0,0,0,0,0,0,0
"100504411",0,0,0,0,0,0,0,0,0
"Kcnmb4os2",0,0,0,0,0,0,0,0,0
"100504413",0,0,0,0,0,0,0,0,0
"2900076A07Rik",5,13,10,2,16,7,10,3,5
"100504423",3,6,7,6,5,1,5,1,2
"Tincr",13,67,15,3,4,9,1,7,9
"100504427",1,0,0,0,0,0,0,2,1
"Spin2d",0,0,0,0,0,0,0,0,0
"100504437",0,0,0,0,0,0,0,0,0
"Gm21977",0,0,0,0,0,0,0,0,0
"Prr22",10,13,4,7,6,14,0,15,8
"100504448",0,2,5,7,0,1,0,1,2
"100504451",0,0,0,0,0,0,0,0,0
"Gm20235",1,0,0,4,0,0,0,3,4
"Gm20236",0,0,0,0,0,0,0,0,0
"4930573C08Rik",0,0,0,0,0,0,0,0,0
"Gm15834",4,15,0,2,2,3,5,4,6
"4921513H07Rik",0,0,0,0,0,0,0,0,0
"Gm12367",0,3,0,3,0,3,0,0,4
"100504460",0,0,0,0,0,0,0,0,0
"5430401H09Rik",0,0,0,0,0,0,0,0,0
"E230016K23Rik",2,1,0,0,0,0,0,0,1
"Gm16596",0,0,0,0,0,0,0,0,0
"Gm20242",0,0,0,0,0,0,0,0,0
"100504472",0,0,0,0,0,0,0,0,0
"Smlr1",0,0,0,0,0,0,0,0,0
"100504475",3,9,2,1,1,2,2,4,3
"100504476",0,0,0,0,0,0,0,0,0
"Gm16677",0,0,0,0,0,0,0,0,0
"100504484",0,0,0,0,0,0,0,0,0
"Gdap10",64,35,18,46,28,36,19,37,35
"100504487",0,0,0,0,0,0,0,0,0
"100504489",0,0,0,0,0,0,0,0,0
"100504490",0,0,0,0,0,0,0,0,0
"Dcdc2b",1,0,0,0,3,0,2,3,1
"Gm20987",0,0,0,0,0,0,0,0,0
"Gm13605",0,0,0,0,0,0,0,0,0
"100504494",0,4,0,1,2,7,1,2,2
"100504495",0,0,0,0,0,0,0,0,0
"Gm20255",0,0,0,0,1,1,0,1,0
"Gm16233",0,0,0,0,0,2,1,0,0
"100504500",3,4,2,1,16,9,7,14,6
"Gm20257",10,15,7,12,17,18,21,13,21
"4833423F13Rik",0,0,2,9,9,6,17,11,5
"100504506",0,0,0,0,0,0,0,0,0
"100504507",0,0,0,0,0,0,0,0,0
"Gm29349",0,0,0,0,0,0,0,0,0
"4930426I24Rik",0,3,0,0,10,1,0,1,0
"100504514",0,0,0,0,0,0,0,0,0
"100504515",0,0,0,0,0,0,0,0,0
"Gm20262",0,0,0,0,0,0,0,0,0
"Atxn7l1os1",0,0,0,0,0,0,0,0,0
"3425401B19Rik",3,1,1,0,0,0,1,0,0
"100504519",0,0,0,2,0,0,1,1,1
"100504521",0,0,0,0,0,0,0,0,0
"100504522",0,0,0,0,0,0,0,0,0
"Gm20266",1,0,0,2,0,0,0,0,1
"Cisd3b",0,0,0,0,0,0,0,0,0
"Gm20268",0,0,0,0,0,0,0,0,0
"100504526",0,2,0,0,0,0,0,1,0
"Gm10374",26,40,43,53,123,91,69,50,79
"100504532",0,0,0,0,0,0,0,0,0
"100504533",60,96,37,80,62,31,52,66,73
"100504536",9,0,2,5,9,5,3,3,15
"Gm20275",0,0,0,0,0,0,0,0,0
"Gm20276",0,0,0,0,0,0,0,0,0
"Gm13417",0,0,0,0,0,0,0,0,0
"100504545",0,0,0,0,0,0,0,0,0
"100504548",0,0,0,0,0,0,1,0,0
"AI463170",0,0,0,0,0,0,0,0,0
"100504553",0,0,0,3,0,0,0,1,0
"D5Ertd683e",5,3,3,5,4,0,1,15,5
"100504560",0,0,0,0,0,0,0,0,0
"9230112J17Rik",0,0,0,0,0,0,0,0,0
"100504564",0,1,1,11,38,12,11,6,24
"Gm20290",5,40,8,41,42,12,24,37,42
"Gm17634",0,0,0,0,0,0,0,0,0
"Gm15464",4,2,0,4,1,0,2,4,0
"100504576",0,0,0,0,0,0,0,0,0
"100504577",0,0,0,0,0,0,0,0,0
"100504579",0,0,0,0,0,0,0,0,0
"Gm17275",0,0,0,0,0,0,0,0,0
"100504584",1,2,0,0,1,0,1,0,0
"Gm20300",15,20,22,25,17,17,26,20,20
"Gm11454",0,0,0,0,0,0,0,0,0
"Gm15987",1,15,0,0,0,0,1,0,0
"100504592",0,0,0,0,0,0,0,0,0
"Gm13431",0,0,0,0,0,0,0,0,0
"A630012P03Rik",0,0,0,0,0,0,0,0,0
"100504598",0,1,0,0,0,0,0,0,0
"Gm16702",0,0,2,0,1,6,0,1,2
"100504604",3,2,0,0,0,0,0,0,0
"Gm20310",0,0,0,0,0,0,0,0,0
"Gm17693",0,0,0,0,0,0,0,0,0
"Eef1akmt3",0,0,0,0,0,0,0,0,0
"100504609",0,0,0,0,0,0,0,0,0
"100504611",1,1,0,0,0,0,1,0,0
"Gm15910",1,5,0,1,0,0,1,0,0
"Gm11579",0,0,2,0,0,0,0,0,0
"100504619",0,0,0,0,0,0,0,0,0
"100504621",0,3,0,0,0,0,0,0,0
"100504625",0,0,0,0,0,0,0,0,0
"Gm16364",0,0,0,0,0,0,0,0,0
"Gm20319",0,0,0,0,0,0,0,0,0
"100504629",5,4,2,2,1,0,0,4,3
"100504630",0,0,0,0,0,0,0,0,0
"Gm11478",236,222,179,170,250,200,243,196,283
"100504636",0,0,0,0,0,0,0,0,0
"Gm20324",5,8,7,1,3,4,1,1,4
"Gm20325",2,1,0,0,4,3,0,0,5
"Gm16089",5,2,4,2,3,1,2,5,1
"1700101I11Rik",2,0,0,0,0,1,0,0,0
"Gm21996",0,0,0,0,0,0,0,0,0
"Gm20326",0,0,0,0,0,0,0,0,0
"Gm20328",0,0,0,0,0,0,0,0,0
"100504648",0,0,0,0,0,0,0,0,0
"100504649",0,0,0,0,0,0,1,0,0
"A730085E03Rik",0,0,0,0,0,0,0,0,0
"100504651",21,49,21,6,11,6,11,13,8
"Gm12880",0,0,1,0,0,0,0,0,0
"4930555A03Rik",0,0,0,0,0,0,0,0,0
"Gm10736",11,12,24,16,22,15,13,8,22
"100504655",0,0,0,0,0,0,0,0,0
"100504658",0,0,0,0,0,0,0,0,0
"100504659",0,0,0,0,0,0,0,0,0
"Gm20337",3,8,5,3,4,11,7,5,17
"Gm20338",0,1,3,0,0,1,1,0,0
"Atg14",36,61,50,18,37,46,45,57,67
"Gm20342",2,4,2,2,1,3,5,5,1
"Gm20343",0,0,0,0,0,0,0,0,0
"AA666905",0,0,0,0,0,0,0,0,0
"100504674",3,5,1,9,6,12,12,1,7
"Gm15327",1,3,5,2,7,0,4,3,9
"100504676",3,11,0,5,2,2,0,0,1
"100504681",0,0,0,0,0,0,0,0,0
"2810029C07Rik",14,23,1,0,1,5,6,5,3
"Plscr5",0,0,0,0,0,0,0,0,0
"100504690",0,1,0,0,1,0,0,0,0
"Gm20356",0,0,0,0,0,0,0,0,0
"100504696",3,2,0,0,3,0,2,6,2
"Gm20362",0,0,0,0,0,0,0,0,0
"100504702",0,0,0,0,0,0,0,0,0
"A730063M14Rik",9,13,13,20,20,3,19,13,13
"100504704",0,0,0,0,0,1,0,0,0
"100504708",0,0,0,0,0,0,0,0,0
"Nat8f6",0,0,0,0,0,0,0,0,0
"Gm20367",0,0,1,1,1,0,0,1,0
"Gm16793",0,3,0,0,2,0,0,0,0
"Tmppe",177,339,155,89,86,128,130,102,119
"Gm12709",0,0,0,0,0,0,0,0,0
"Gm20371",0,0,0,0,0,0,0,0,0
"2310002F09Rik",0,0,0,0,0,0,0,0,0
"100504721",1,1,2,2,1,3,5,2,2
"Gm20994",0,0,0,0,0,0,0,0,0
"BE692007",0,0,0,0,0,0,0,0,1
"Gm13985",0,0,0,0,0,0,0,0,0
"Gm13660",0,0,0,0,0,0,0,0,0
"A730018C14Rik",0,0,0,0,0,0,0,0,0
"Gm16794",0,1,0,2,2,0,3,0,1
"100504736",0,0,0,0,0,0,0,0,0
"Gm20381",0,0,0,0,0,0,0,0,0
"Gm20382",0,0,0,0,0,0,0,0,0
"Gm20383",0,0,0,0,0,0,1,0,0
"100504779",51,69,68,61,83,44,77,50,117
"100504925",0,0,0,0,0,0,0,0,0
"100504971",1,0,0,0,1,0,0,1,0
"100505012",0,0,0,0,0,0,0,0,0
"100505018",0,0,0,0,0,0,0,0,0
"4930429H19Rik",0,0,0,0,0,0,0,0,0
"100505050",11,6,4,8,6,11,5,3,5
"100505062",22,38,16,24,8,11,25,18,13
"Defa33",0,0,0,0,0,0,0,0,0
"100505179",33,46,23,37,65,37,38,35,43
"100505224",1,0,0,0,0,0,0,0,0
"100505355",0,0,0,0,2,0,0,0,0
"Iqschfp",0,0,0,0,0,0,0,0,0
"Gm20385",0,0,0,0,0,0,0,0,0
"Zfp518b",18,25,9,5,13,11,10,29,2
"Mir1264",0,0,0,0,0,0,0,0,0
"Mir1249",0,0,0,0,0,0,0,1,0
"Mir1298",0,0,0,0,0,0,0,0,0
"Mir3058",0,0,0,0,0,0,0,0,0
"Mir3106",0,0,0,0,0,0,0,0,0
"Mir3057",0,0,0,0,0,0,0,0,0
"Mir3060",0,1,0,0,0,0,0,0,0
"Mir3061",0,0,0,0,0,0,0,0,0
"Mir3063",0,0,0,0,0,0,0,0,0
"Mir3064",0,1,0,0,1,0,0,1,0
"Mir3066",0,0,0,0,0,0,0,0,0
"Mir3069",0,0,0,0,0,0,0,0,0
"Mir3070a",0,0,0,0,0,0,0,0,0
"Mir3071",0,0,0,0,0,0,0,0,0
"Mir3074-1",0,0,0,0,0,0,0,0,0
"Mir3076",0,0,0,0,0,0,0,0,0
"Mir3077",0,0,0,0,0,0,0,1,0
"Mir3080",0,0,0,0,0,0,0,0,0
"Mir3081",0,0,0,0,0,0,0,0,0
"Mir3086",0,0,0,0,0,0,0,0,0
"Mir466o",0,0,0,0,0,0,0,0,0
"Mir669a-5",0,0,0,0,0,0,0,0,0
"Mir669a-6",0,0,0,0,0,0,0,0,0
"Mir669a-8",0,0,0,0,0,0,0,0,0
"Mir669a-9",0,0,0,0,0,0,0,0,0
"Mir669a-10",0,0,0,0,0,0,0,0,0
"Mir669a-11",0,0,0,0,0,0,0,0,0
"Mir669a-12",0,0,0,0,0,0,0,0,0
"Mir3088",0,0,0,0,0,0,0,0,0
"Mir3089",0,0,0,0,0,0,0,0,0
"Mir3090",0,0,0,0,0,0,0,0,0
"Mir3094",0,0,0,0,0,0,0,0,0
"Mir3095",0,0,0,0,0,0,0,0,0
"100526503",0,0,0,0,0,0,0,0,0
"Mir3100",0,0,0,0,0,0,0,0,0
"Mir3101",0,0,0,0,0,0,0,0,0
"Mir344c",0,0,0,0,0,0,0,0,0
"Mir344g",0,0,0,0,0,0,0,0,0
"Mir3102",0,0,0,0,0,0,0,0,0
"Mir3104",0,0,0,0,0,0,0,0,0
"Mir3107",0,0,0,0,0,0,0,0,0
"Mir3108",0,0,0,0,0,0,0,0,0
"Mir3110",0,0,0,0,0,0,0,0,0
"Mir374c",0,0,0,0,0,0,0,0,0
"Mir3112",0,0,0,0,0,0,0,0,0
"Mir1247",0,0,0,0,0,0,0,0,0
"Mir3059",0,0,0,0,0,0,0,0,0
"Mir1251",0,0,0,0,0,0,0,0,0
"Mir3065",0,0,0,0,0,0,0,0,0
"Mir3070b",0,0,0,0,0,0,0,0,0
"Mir3078",0,0,0,0,0,0,0,0,0
"Mir466n",0,0,0,0,0,0,0,0,0
"Mir3092",0,0,0,0,0,0,0,0,0
"Mir3098",0,0,0,2,0,0,0,0,0
"Mir344f",0,0,0,0,0,0,0,0,0
"Mir3074-2",0,0,0,0,0,0,0,0,0
"Mir1912",0,0,0,0,0,0,0,0,0
"Mir344d-2",0,0,0,0,0,0,0,0,0
"Mir3067",0,0,0,0,0,0,0,0,0
"Mir3075",0,0,0,0,0,0,0,0,0
"Mir3083",0,0,0,0,0,0,0,0,0
"Mir669a-4",0,0,0,0,0,0,0,0,0
"Mir669a-7",0,0,0,0,0,0,0,0,0
"Mir669p-2",0,0,0,0,0,0,0,0,0
"Mir467a-10",0,0,0,0,0,0,0,0,0
"Mir3093",0,0,0,0,0,0,0,0,0
"Mir344e",0,0,0,0,0,0,0,0,0
"Mir344d-3",0,0,0,0,0,0,0,0,0
"Mir344d-1",0,0,0,0,0,0,0,0,0
"Mir3062",0,0,0,0,0,0,0,0,0
"Mir3068",0,0,0,0,0,0,0,0,0
"Mir3073a",0,0,0,0,0,0,0,0,0
"Mir3079",0,0,0,0,0,0,0,0,0
"Mir3085",0,0,0,0,0,0,0,0,0
"Mir669p-1",0,0,0,0,0,0,0,0,0
"Mir467a-7",0,0,0,0,0,0,0,0,0
"Mir467a-9",0,0,0,0,0,0,0,0,0
"Mir3087",0,0,0,0,0,0,0,0,0
"Mir3091",5,3,1,1,6,0,2,1,0
"Mir3097",0,0,0,0,0,0,0,0,0
"Mir344b",0,0,0,0,0,0,0,0,0
"Mir3103",0,0,0,0,0,0,0,0,0
"Mir3109",0,0,0,0,0,0,0,0,0
"Mir3105",0,0,0,0,0,0,0,0,0
"Cahm",28,30,19,22,31,10,17,19,28
"Snora33",10,15,10,8,19,23,19,33,19
"Snord100",19,23,20,6,7,4,2,12,4
"Snord42a",0,1,0,0,0,1,0,0,1
"Snord42b",0,0,0,0,0,0,0,0,0
"5830418P13Rik",0,0,0,0,0,0,0,0,0
"H2-T27",0,0,0,0,0,0,0,0,0
"Rell1",7,14,13,7,28,7,21,10,18
"C230037L18Rik",1,4,2,6,5,1,6,2,9
"Gm15008",0,0,0,0,0,0,0,0,0
"Oas1d",0,0,0,0,0,0,0,0,0
"Pramel52-ps",0,0,0,0,0,0,0,0,0
"Ugt2b38",0,0,0,0,0,0,0,0,0
"Slc15a4",239,739,209,311,478,537,449,301,449
"Bc1",0,0,0,1,0,0,0,0,0
"Gm10619",0,0,0,0,0,0,0,0,0
"Gm16833",0,0,0,0,0,0,0,0,0
"Lrrc8c",0,4,4,2,4,1,2,1,0
"Noc4l",153,219,100,38,76,96,81,77,65
"Nsun5",96,167,68,44,49,59,88,64,48
"Snhg18",0,0,0,0,0,0,0,0,0
"Mir28c",0,0,0,0,0,0,0,0,0
"Mir3963",0,0,0,0,0,0,0,0,0
"100628569",0,0,0,0,0,0,0,0,0
"Mir3965",0,0,0,0,0,0,0,0,0
"Mir378b",0,0,0,0,0,0,0,0,0
"Mir101c",0,0,0,0,0,0,0,0,0
"Mir3969",0,0,0,0,0,0,0,0,0
"Mir28b",0,0,0,0,0,0,0,0,0
"Mir3970",0,0,0,0,0,0,0,0,0
"Mir5046",0,0,0,0,0,0,0,0,0
"Mir5098",0,0,0,0,0,0,0,0,0
"Mir5099",0,0,0,0,0,0,0,0,0
"100628579",0,2,0,0,0,1,0,0,1
"Mir5103",0,0,0,0,0,0,0,0,0
"Mir5104",0,0,0,0,0,0,0,0,0
"Mir3473c",0,0,0,0,0,0,0,0,0
"Mir5108",0,0,0,0,0,0,0,0,0
"100628584",0,0,0,0,0,0,0,0,0
"100628585",3,0,6,1,0,2,3,1,3
"Mir5112",0,0,0,0,0,0,0,0,0
"100628587",0,0,0,0,0,0,0,0,0
"100628588",0,0,0,0,0,0,0,0,0
"Mir5118",0,0,0,0,0,0,0,0,0
"Mir5120",0,0,0,0,0,0,0,0,0
"Mir3473d",2,0,2,0,0,0,0,1,0
"Mir5125",0,0,0,0,0,0,3,0,0
"Mir3572",0,0,0,0,0,0,0,0,0
"Mir5126",0,0,0,0,0,0,0,0,0
"Mir5127",0,0,0,0,0,0,0,0,0
"Mir5129",1,4,0,0,0,2,0,5,0
"Mir5130",0,0,0,0,0,0,0,0,0
"Mir5131",0,0,0,0,0,0,0,0,0
"Mir5132",0,0,0,0,0,0,0,0,0
"Mir5133",0,3,0,0,0,0,0,0,0
"Mir5134",0,0,0,0,0,0,0,0,0
"Mir5135",0,0,0,0,0,0,0,0,0
"Mir5136",0,0,0,0,0,0,0,0,0
"Mir3960",0,0,0,1,0,0,0,0,0
"Mir3964",0,0,0,0,0,0,0,0,0
"Mir3967",0,0,0,0,0,0,0,0,0
"Mir3473b",0,0,0,0,0,0,0,0,0
"Mir5101",0,0,0,0,0,0,0,0,0
"Mir5107",0,0,0,0,0,0,0,0,0
"Mir5113",0,0,0,0,0,0,0,0,0
"Mir5119",0,0,0,0,0,0,0,0,0
"Mir5123",0,0,0,0,0,0,0,0,0
"Mir3962",0,0,0,0,0,0,0,0,0
"Mir3966",0,0,0,0,0,0,0,0,0
"100628617",0,0,0,0,0,0,0,0,0
"Mir5106",0,0,0,0,0,0,0,0,0
"Mir5114",0,0,0,0,0,0,0,0,0
"Mir5122",0,0,0,0,0,0,0,0,0
"Mir3961",0,0,0,0,0,0,0,0,0
"Mir3968",0,0,0,0,0,0,0,0,0
"Mir3971",0,0,0,0,0,0,0,0,0
"Mir5100",0,0,0,0,0,0,0,0,0
"100628626",40,66,30,52,58,10,21,74,62
"Mir5110",0,0,0,0,0,0,0,0,0
"Mir5116",0,0,0,0,0,0,0,0,0
"Mir5121",0,0,0,0,0,0,0,0,0
"Mir5124a",0,0,0,0,0,0,0,0,0
"N4bp2l1",27,21,30,64,130,86,103,112,118
"Gm15446",3,1,2,2,0,0,2,2,1
"Upk3b",1,7,0,0,0,0,0,0,0
"100662",87,152,70,67,51,48,65,85,45
"Psph",65,61,31,26,61,51,55,39,38
"Trrap",77,81,57,59,92,110,96,59,92
"Spon2",0,0,1,0,0,0,0,0,0
"9330133O14Rik",58,76,51,28,55,41,62,37,50
"Gbp6",4,5,5,1,0,0,1,3,1
"Acacb",0,0,0,0,0,3,0,0,0
"Pds5b",33,53,15,78,55,28,65,67,45
"Tent2",62,91,60,57,41,32,27,65,39
"Ugt2b34",0,0,0,0,0,0,0,0,0
"Mapre3",8,17,17,15,14,20,12,14,16
"Mira",0,0,0,0,0,0,0,0,0
"Dcun1d4",15,17,3,24,17,10,5,21,16
"AI839979",0,0,0,1,7,9,2,2,0
"Usp30",69,142,101,75,138,140,121,133,171
"Ube3c",55,74,47,45,89,57,68,49,50
"Rita1",16,13,18,6,11,19,10,7,16
"Ighv8-13",0,0,0,0,0,0,0,0,0
"Ighv1-74",0,0,0,0,0,0,0,0,0
"Ighv1-76",0,0,0,0,0,0,0,0,0
"Ighv1-82",0,0,0,0,0,0,0,0,0
"Tbc1d14",139,169,187,112,187,194,140,156,239
"Gm20604",0,0,0,0,0,0,0,0,0
"Gm21057",0,0,0,0,0,0,0,0,0
"n-R5s100",0,0,0,0,0,0,0,0,0
"n-R5s103",0,0,0,0,0,0,0,0,0
"n-R5s104",0,0,0,0,0,0,0,0,0
"n-R5s105",0,0,0,0,0,1,0,0,0
"n-R5s108",0,0,0,0,0,0,0,0,0
"n-R5s110",0,0,0,0,0,0,0,0,0
"n-R5s111",0,0,0,0,0,0,0,0,0
"n-R5s113",0,0,0,0,0,0,0,0,0
"Gm25018",0,0,0,0,0,0,0,0,0
"n-R5s117",0,0,0,0,0,0,0,0,0
"n-R5s121",0,0,0,0,0,0,0,0,0
"n-R5s122",0,0,0,0,0,0,0,0,0
"n-R5s123",0,0,0,0,0,0,0,0,0
"n-R5s124",0,0,0,0,0,0,0,0,0
"n-R5s128",0,0,0,0,0,0,0,0,0
"Gm26391",0,0,0,0,0,0,0,0,0
"n-R5s133",0,0,0,0,0,0,0,0,0
"n-R5s134",0,0,0,0,0,0,0,0,0
"n-R5s136",0,0,0,0,0,4,0,0,0
"n-R5s138",0,0,0,0,0,0,0,0,0
"n-R5s139",0,0,0,0,0,0,0,0,0
"Gm22109",0,0,0,0,0,0,0,0,0
"n-R5s141",0,0,0,0,0,0,0,0,0
"n-R5s142",0,0,0,0,0,0,0,0,0
"n-R5s143",0,0,0,0,0,0,0,0,0
"n-R5s144",0,0,0,0,0,0,0,0,0
"Gm25212",0,0,0,0,0,0,0,0,0
"n-R5s146",0,0,0,0,0,0,0,0,0
"Gm22291",0,0,0,0,0,0,0,0,0
"Gm23284",0,0,0,0,0,0,0,0,0
"n-R5s149",0,0,0,0,0,0,0,0,0
"Rn45s",6432,13652,3896,9521,7138,3708,10542,10885,9146
"DQ267100",0,0,0,0,0,0,0,0,0
"DQ267101",0,0,0,0,0,0,0,0,0
"DQ267102",0,0,0,0,0,0,0,0,0
"100861595",0,0,0,0,0,0,0,0,0
"100861596",0,0,0,0,0,0,0,0,0
"Gm21064",0,0,0,0,0,0,0,0,0
"100861599",0,0,0,0,0,0,0,0,0
"100861600",0,0,0,0,0,0,0,0,0
"100861601",0,0,0,0,0,0,0,0,0
"100861602",0,0,0,0,0,0,0,0,0
"100861603",0,0,0,0,0,0,0,0,0
"100861604",0,0,0,0,0,0,0,0,0
"100861606",0,0,0,0,0,0,0,0,0
"100861608",0,0,0,0,0,0,0,0,0
"Gm21075",0,0,0,0,0,0,0,0,0
"100861611",0,0,0,0,0,0,0,0,0
"Gm3411",0,0,0,0,0,0,0,0,0
"100861616",1,0,0,0,0,0,0,0,0
"100861617",0,1,0,0,2,0,2,0,1
"Ccl19-ps1",0,0,0,0,0,0,0,0,0
"100861619",4,0,0,0,0,0,0,2,0
"Gm21082",0,1,0,0,0,0,0,0,0
"100861621",0,0,0,0,0,0,0,0,0
"100861622",0,0,0,0,0,0,0,0,0
"Rhox3a2",0,0,0,0,0,0,0,0,0
"100861624",0,0,0,0,0,0,0,0,0
"100861625",0,0,0,0,0,0,0,0,0
"100861626",0,0,0,0,0,0,0,0,0
"100861628",0,0,0,0,0,0,0,0,0
"100861629",0,0,0,0,0,0,0,0,0
"100861630",0,0,0,0,0,0,0,0,0
"100861632",0,1,0,0,0,0,1,0,0
"100861633",8,6,0,0,2,0,5,1,2
"Gm21092",1,2,0,3,4,0,1,2,4
"Gm21093",0,0,0,0,0,0,0,0,0
"100861636",0,0,0,0,0,0,0,0,0
"Gm21095",0,0,0,0,0,0,0,0,0
"100861638",0,0,0,0,0,0,0,0,0
"100861639",10,16,11,19,3,3,12,10,5
"Rhox4a2",0,0,0,0,0,0,0,0,0
"100861641",19,3,5,3,10,1,6,9,11
"100861642",2,3,0,2,0,2,1,3,0
"100861643",0,0,0,0,0,0,0,0,0
"100861644",0,3,0,0,0,0,0,0,0
"100861645",0,0,0,0,1,4,0,1,1
"100861646",0,0,0,0,0,0,0,0,0
"Ccl19-ps6",0,0,0,0,0,0,0,0,0
"100861648",1,0,3,0,2,3,2,2,0
"100861649",28,46,33,22,22,17,42,35,39
"100861650",0,0,0,2,0,1,1,1,2
"100861652",1,0,0,0,0,0,0,1,0
"100861653",0,2,0,0,0,0,0,0,1
"LOC100861655",0,0,0,0,0,0,0,0,0
"100861657",0,0,0,0,0,0,0,0,0
"100861659",0,0,0,0,0,0,0,0,0
"100861661",0,0,0,0,0,0,0,0,0
"100861662",0,0,0,0,0,0,0,0,0
"Gm6605",0,0,0,0,0,0,0,0,0
"100861664",0,0,0,0,0,0,0,1,0
"100861665",0,0,0,0,0,0,0,0,0
"Gm21118",0,0,0,0,0,0,0,0,0
"Potefam3b",0,1,0,1,0,0,0,1,0
"100861669",0,0,0,1,0,0,0,0,0
"100861670",0,0,0,0,0,0,0,0,0
"100861671",0,0,1,1,0,0,0,2,0
"Gm21123",0,0,0,0,0,0,0,0,0
"100861674",0,0,0,0,0,1,0,0,3
"100861675",0,0,0,0,0,0,1,0,0
"100861676",0,0,0,0,1,0,0,0,0
"100861677",0,0,0,0,0,0,0,0,0
"Gm21129",0,0,0,0,0,0,0,0,0
"100861680",1,0,0,0,0,0,0,0,0
"100861681",0,0,0,1,0,0,0,0,0
"100861682",2,0,0,0,0,0,2,1,0
"Gm21133",0,0,0,0,0,0,0,0,0
"100861684",14,24,5,10,9,6,12,12,8
"Gm21135",0,0,0,0,0,0,0,0,0
"Gm21136",0,0,0,0,0,0,0,0,0
"100861687",0,0,0,0,1,0,2,0,0
"100861688",0,0,0,0,0,0,0,0,0
"100861689",0,0,0,0,0,0,0,3,0
"LOC100861691",0,0,0,0,0,0,0,0,0
"100861692",0,0,0,0,0,1,0,0,0
"100861693",0,0,0,0,0,0,0,0,0
"Gm21142",0,0,0,0,0,0,0,0,0
"100861695",0,0,0,0,0,0,0,0,0
"100861696",0,0,0,0,0,0,0,0,0
"100861697",3,1,1,3,1,0,0,0,0
"100861699",3,2,2,0,1,2,1,2,0
"100861701",0,0,0,0,0,0,3,0,0
"Gm21149",0,0,0,0,0,0,0,0,0
"100861703",0,0,0,0,0,0,0,0,0
"100861704",0,0,0,0,0,0,0,0,0
"Gm21152",0,0,0,0,0,0,0,0,0
"100861706",3,9,3,7,9,3,4,1,12
"100861707",0,0,0,0,0,0,0,0,0
"100861709",0,0,0,0,0,0,0,0,0
"100861711",0,0,0,0,0,0,0,0,0
"100861712",0,2,0,4,7,1,0,0,0
"100861714",0,0,0,0,0,0,0,0,0
"Gm21158",0,0,0,0,0,0,0,0,0
"100861716",0,0,0,0,0,0,0,0,0
"100861717",0,0,0,0,0,0,0,0,0
"100861718",0,0,0,0,0,0,0,0,0
"Gm21162",0,0,0,0,0,0,0,0,0
"100861720",0,0,0,0,0,0,0,0,0
"100861721",0,0,0,0,0,3,5,0,0
"100861722",85,182,101,54,119,114,95,91,100
"100861724",0,3,1,0,0,0,0,2,2
"100861725",1,1,1,0,2,1,5,0,0
"100861726",0,0,0,0,0,0,0,0,0
"100861727",0,0,0,0,0,0,0,0,0
"100861729",0,0,3,0,2,1,0,1,0
"Gm21170",0,0,0,0,0,0,0,0,0
"100861731",0,0,0,0,0,0,0,0,0
"100861732",1,0,0,1,0,0,0,0,0
"100861733",0,0,0,0,0,0,0,0,0
"Gm21173",0,0,0,0,0,0,0,0,0
"100861735",2,1,0,6,6,2,4,4,0
"100861736",0,2,3,0,0,0,0,5,4
"LOC100861738",0,0,0,0,0,0,0,0,0
"100861739",1,0,0,0,0,0,0,0,1
"100861742",0,0,0,0,0,0,0,0,2
"Gm21180",0,0,0,0,0,0,0,0,0
"100861745",0,0,0,0,0,0,0,0,0
"100861748",0,0,0,0,0,0,0,0,0
"LOC100861749",0,0,0,0,0,0,0,0,0
"100861750",0,0,0,1,0,1,1,2,0
"100861751",0,0,0,0,0,0,0,0,0
"100861752",0,0,0,0,2,0,1,0,0
"Anxa2r1",0,0,0,0,0,0,0,0,1
"100861754",1,0,0,0,1,0,0,0,0
"Gm21190",0,0,0,0,0,0,0,0,0
"Gm21191",0,0,0,0,0,0,0,0,0
"100861758",10,2,6,4,1,0,9,1,1
"100861759",0,0,0,0,0,0,0,0,0
"100861760",0,0,0,0,0,0,0,0,0
"100861762",0,0,2,0,1,1,0,1,1
"100861764",0,0,0,0,0,0,0,0,0
"100861765",0,0,0,0,0,0,0,0,0
"Gm16755",2,1,0,0,0,0,0,0,0
"100861767",8,9,1,7,3,3,7,11,2
"100861769",0,0,0,0,0,0,0,0,0
"100861771",0,0,1,0,0,0,0,1,0
"100861772",3,2,0,1,1,0,0,1,2
"100861773",2,0,0,4,0,0,0,2,0
"100861774",16,5,4,5,2,4,6,14,7
"100861776",4,3,0,1,1,0,0,2,0
"100861778",0,0,0,0,0,0,0,0,0
"100861779",0,0,0,0,0,0,0,0,0
"100861780",0,0,0,0,0,0,0,0,0
"100861783",0,0,0,1,0,1,0,0,0
"Gm6098",0,0,0,0,0,0,0,0,0
"100861785",0,0,0,0,0,0,0,0,0
"100861786",0,0,1,0,1,0,1,0,0
"100861787",0,0,0,0,0,0,0,0,0
"100861790",8,9,6,11,15,13,3,8,11
"100861791",7,1,4,4,3,3,2,6,1
"100861792",0,0,0,0,0,0,0,0,0
"100861793",0,0,0,0,0,0,0,0,0
"Gm21221",0,0,0,0,0,0,0,0,0
"100861795",0,0,0,0,0,0,0,0,0
"100861796",1,2,1,3,2,5,2,3,5
"100861797",0,0,0,1,0,0,0,0,1
"100861799",0,2,0,0,0,1,1,0,1
"100861801",0,0,0,0,0,0,0,0,0
"100861803",2,1,3,1,2,2,4,2,3
"100861804",3,6,2,4,2,0,0,1,1
"100861805",8,2,8,3,8,4,12,3,14
"100861807",0,0,0,0,0,0,0,0,0
"100861808",0,0,0,0,0,0,0,0,0
"100861809",0,0,0,0,0,0,0,0,0
"100861810",30,32,13,8,11,3,10,13,6
"100861811",0,0,0,0,0,0,0,0,0
"100861812",3,1,0,0,1,0,0,3,0
"100861813",0,0,0,0,0,0,0,0,0
"100861815",0,0,1,0,0,0,0,0,0
"100861816",0,0,0,0,0,0,0,0,0
"Gm21242",0,0,0,0,0,0,0,0,0
"100861819",0,0,0,0,0,0,0,0,0
"100861820",0,0,0,0,0,0,0,0,0
"Gm21245",0,0,0,0,0,0,0,0,0
"100861822",0,0,0,0,0,0,0,0,0
"100861824",0,0,0,0,0,0,0,0,0
"Gm21248",0,0,0,0,0,0,0,0,0
"100861827",0,0,0,0,0,0,0,0,0
"100861828",0,0,0,0,0,0,0,0,0
"100861829",0,0,0,0,0,0,0,0,0
"100861830",0,0,0,0,0,1,0,0,0
"100861831",1,0,0,0,0,0,0,0,0
"100861832",0,0,0,0,0,0,0,0,0
"100861833",0,0,0,0,0,0,0,0,0
"100861834",0,0,0,0,0,0,0,0,0
"100861835",0,0,0,0,0,0,0,0,0
"100861836",0,0,0,0,0,0,0,0,0
"100861837",0,0,0,0,0,3,0,0,1
"100861838",0,0,0,0,0,0,0,0,0
"Gm21258",0,0,0,0,0,0,0,0,0
"100861840",0,0,0,0,0,0,0,0,0
"100861841",2,0,0,1,0,0,0,0,3
"100861842",0,0,0,0,0,0,0,0,0
"100861843",0,0,0,0,0,0,0,0,0
"100861846",0,0,0,0,1,0,0,0,0
"100861847",0,0,0,0,0,0,0,0,0
"100861848",0,1,3,0,0,0,0,0,0
"100861850",0,0,0,0,0,0,0,0,0
"Gm21269",0,0,0,0,0,0,0,0,0
"100861852",0,0,0,0,0,0,0,0,1
"100861853",92,138,58,141,159,50,88,119,180
"100861854",0,0,0,0,0,0,0,0,0
"Gm16170",0,0,0,0,0,0,0,0,0
"100861856",0,0,0,0,0,0,0,0,0
"100861858",1,0,0,1,1,0,1,1,0
"100861860",0,0,0,0,0,0,0,0,0
"Gm21276",0,0,0,0,0,0,0,0,0
"100861862",4,4,3,3,3,5,3,0,5
"100861863",0,0,0,0,0,0,0,0,0
"100861864",0,0,0,0,0,0,0,0,0
"100861866",1,0,0,0,0,0,2,0,0
"100861867",0,0,0,0,0,0,0,0,0
"100861868",0,0,0,0,0,0,0,0,0
"Gm21283",0,0,0,0,0,0,0,0,0
"Gm21284",0,0,1,0,0,2,0,0,0
"100861871",0,0,0,0,0,0,0,0,0
"100861873",0,0,0,0,0,0,0,0,0
"100861874",103,56,73,79,44,38,71,97,81
"100861875",0,0,0,0,0,0,0,0,3
"100861876",0,0,0,0,0,0,0,0,0
"100861877",0,0,0,0,0,0,0,0,0
"100861878",0,0,0,0,0,0,0,0,0
"Gm21292",0,0,0,0,0,0,0,0,0
"Alyreffm11",0,0,0,0,0,0,0,0,0
"Gm21294",0,0,0,0,0,0,0,0,0
"100861882",39,21,20,32,52,15,29,53,30
"100861883",0,0,0,0,2,0,1,0,0
"100861885",0,0,0,0,0,0,0,0,0
"100861886",0,2,0,0,0,0,0,0,0
"100861887",1,1,0,0,0,1,4,0,0
"100861888",0,0,0,0,0,0,0,0,0
"100861889",0,0,0,0,0,0,0,0,0
"100861890",0,0,0,0,0,0,0,0,0
"Alyreffm16",0,0,0,0,0,0,0,0,0
"100861892",0,0,0,0,0,0,0,0,0
"100861893",0,0,0,0,0,0,0,0,0
"100861894",2,0,1,0,0,2,1,1,0
"100861896",0,0,0,0,0,0,0,0,0
"100861897",2,0,2,0,0,2,0,0,1
"Eif1ad13",0,0,0,0,0,0,0,0,0
"Gm21310",0,0,0,0,0,0,0,0,0
"100861900",0,2,0,2,0,1,0,0,0
"Alyreffm17",0,0,0,0,0,0,0,0,0
"100861902",1,0,0,0,0,0,0,0,0
"100861903",0,0,0,0,0,0,0,0,0
"100861904",0,0,0,0,0,0,1,0,0
"100861905",0,0,0,0,0,0,0,0,0
"Gm21317",0,0,0,0,0,0,0,0,0
"100861907",0,0,0,3,2,4,0,1,3
"Eif1ad19",0,0,0,0,0,0,0,0,0
"Mup22",0,0,0,0,0,0,0,0,0
"100861910",0,0,0,0,0,0,0,0,0
"100861912",0,0,0,0,0,0,1,0,0
"C330026H20Rik",0,0,0,0,0,0,0,0,0
"100861914",0,0,0,0,0,0,0,0,0
"100861916",3,4,1,4,4,0,2,1,0
"100861917",0,0,0,0,0,0,0,0,0
"100861918",0,2,0,1,0,0,0,2,0
"100861919",3,0,0,2,0,2,3,2,0
"100861920",0,0,0,2,0,0,0,0,0
"100861921",0,1,0,0,0,0,0,0,2
"100861922",0,0,0,0,0,0,0,0,0
"100861923",0,0,0,0,0,0,0,0,0
"100861924",0,0,0,0,0,0,0,0,0
"100861925",0,0,0,0,0,0,0,0,0
"100861926",0,0,0,0,1,1,0,0,0
"100861927",2,1,1,0,4,6,0,0,1
"100861928",0,0,0,0,0,0,0,0,0
"100861930",0,2,0,0,2,0,0,0,0
"100861931",0,0,0,0,0,0,0,0,0
"100861932",4,3,0,2,1,2,2,2,4
"100861934",0,1,0,0,0,0,0,0,0
"100861935",0,0,0,0,0,0,0,0,0
"100861936",0,0,0,0,0,0,0,0,0
"100861937",0,0,0,0,0,0,0,0,0
"100861938",3,0,0,0,0,0,1,0,0
"100861939",0,1,0,0,0,1,2,1,2
"100861940",0,0,0,0,0,0,0,1,0
"100861941",0,1,0,0,0,0,0,0,0
"100861942",0,0,0,0,0,0,0,0,0
"100861943",0,0,0,0,2,0,0,0,0
"100861945",0,0,0,0,4,0,0,0,0
"100861946",0,0,0,0,0,0,0,0,0
"Gm13123",2,10,10,3,7,13,11,4,10
"100861949",0,0,0,0,2,1,1,0,0
"100861950",0,0,0,0,0,0,0,0,0
"100861951",0,0,1,0,0,0,1,0,0
"100861952",0,0,0,0,0,0,0,0,0
"100861953",0,0,0,2,0,0,0,0,0
"100861954",0,0,0,0,0,0,0,0,0
"100861955",16,12,13,11,10,10,8,2,23
"100861956",0,0,0,0,0,0,0,0,0
"100861957",2,0,2,1,1,0,0,1,0
"100861958",0,0,0,0,0,0,0,0,0
"100861959",16,20,11,25,34,29,44,38,27
"100861960",0,0,0,0,0,0,0,0,0
"100861961",0,0,0,0,0,0,1,1,0
"100861963",0,0,0,0,0,0,1,0,0
"100861964",1,0,2,2,0,0,0,0,0
"100861965",0,0,0,2,0,0,1,0,0
"Btbd35f23",0,0,0,0,0,0,0,0,0
"100861967",1,0,0,1,0,0,0,0,0
"100861969",0,0,0,0,0,0,0,0,0
"100861970",0,0,0,0,0,0,0,0,0
"Btbd35f24",0,0,0,0,0,0,0,0,0
"100861972",0,0,0,0,0,0,0,0,0
"Gm21366",0,0,0,0,0,0,0,0,0
"100861974",0,4,0,0,0,0,0,0,2
"100861975",0,1,0,0,0,0,0,0,0
"100861976",0,0,1,0,0,0,3,0,1
"Gm21370",0,0,0,0,0,0,0,0,0
"100861978",0,0,0,0,0,0,0,0,0
"100861979",1,0,0,0,0,0,0,0,0
"100861980",0,0,0,0,0,0,0,0,0
"100861981",0,1,0,0,0,2,0,0,0
"100861982",0,1,1,0,2,0,0,0,0
"100861983",0,1,0,0,0,0,0,0,0
"100861984",0,0,0,0,0,0,0,0,0
"100861985",0,0,0,0,0,0,0,0,0
"Gm21378",0,0,0,0,0,2,0,0,1
"Gm21379",0,0,0,0,0,0,0,0,0
"100861988",0,0,0,0,0,0,0,0,0
"100861989",3,7,0,0,0,1,6,4,1
"100861990",0,0,0,0,1,0,0,0,0
"100861991",5,4,4,4,9,0,3,3,8
"100861992",0,0,0,1,0,0,0,0,0
"100861993",0,0,0,0,0,0,0,0,0
"100861995",0,0,2,0,0,2,2,0,2
"100861997",0,0,0,0,0,0,0,0,0
"Gm21388",0,0,0,0,0,0,0,0,0
"100861999",0,0,0,0,0,0,0,0,0
"100862000",0,0,0,0,0,0,0,0,0
"100862001",2,0,0,0,0,0,0,0,0
"100862002",0,0,0,0,0,0,0,0,0
"100862004",9,20,5,3,4,3,1,0,1
"100862006",0,0,0,0,0,0,0,0,0
"100862007",1,0,1,0,0,0,0,1,0
"100862008",0,0,0,1,0,0,0,0,0
"100862009",0,0,0,0,0,0,0,0,0
"100862010",0,0,0,0,0,0,0,0,0
"100862011",2,1,0,0,0,3,0,0,0
"Gm21399",1,1,0,0,0,0,0,1,0
"100862013",0,0,0,0,0,0,0,0,0
"100862014",0,0,0,0,0,0,0,0,0
"Msantd5f4",0,0,0,0,0,0,0,0,0
"100862016",0,0,0,0,0,0,0,0,0
"100862017",0,0,0,0,0,0,0,0,0
"100862018",0,0,0,7,0,1,0,0,0
"Gm21404",0,0,0,0,0,0,0,0,0
"Gm21405",0,0,0,0,0,0,0,0,0
"100862021",1,1,1,2,4,0,2,1,1
"100862023",2,1,0,0,2,0,2,0,1
"100862024",25,42,19,31,43,32,34,34,55
"Gm21409",0,0,0,0,0,0,0,0,0
"100862026",2,5,0,0,3,1,2,0,0
"100862027",0,0,0,0,0,0,0,0,0
"100862028",0,0,0,0,0,0,0,0,0
"Gm21413",0,0,0,0,0,0,0,0,0
"100862030",0,0,0,0,0,0,0,0,0
"100862031",0,1,0,0,0,0,0,1,0
"100862032",0,0,0,0,0,0,0,0,0
"100862033",31,28,31,27,18,21,26,25,30
"100862034",0,0,0,1,0,0,0,0,1
"100862035",0,0,0,0,0,0,0,0,0
"Gm21419",0,0,0,0,0,0,0,0,0
"100862038",0,0,0,0,0,0,0,0,0
"100862039",2,3,2,0,0,0,0,0,1
"100862040",1,7,2,12,2,2,3,9,3
"Gm21425",0,0,0,0,0,0,0,0,0
"100862043",0,0,0,0,0,0,0,0,0
"100862044",0,0,0,0,0,0,0,0,0
"100862045",0,0,0,0,0,0,0,0,0
"Gm21428",0,0,0,0,0,0,0,0,0
"100862047",0,0,0,0,0,0,0,0,0
"100862049",0,0,1,0,0,0,0,0,0
"100862051",0,0,0,0,0,0,0,0,0
"100862052",0,2,0,0,0,0,1,0,1
"100862053",0,0,0,0,0,0,0,0,0
"100862054",4,6,2,12,3,5,1,2,1
"100862055",2,0,0,0,0,0,0,0,0
"100862056",1,0,0,0,0,0,1,0,0
"100862057",48,95,28,45,45,16,20,36,36
"100862058",0,0,0,0,0,0,0,0,0
"Gm21440",0,0,0,0,0,0,0,0,0
"100862060",0,0,0,0,0,0,0,0,0
"100862061",1,0,0,0,1,1,2,0,0
"100862062",0,0,0,0,0,0,0,0,0
"100862063",7,10,9,5,9,4,7,12,9
"100862064",0,0,0,0,0,0,0,0,0
"100862065",0,0,0,0,0,0,0,0,0
"Cfap99",0,0,0,0,0,0,0,0,0
"Btbd35f29",0,0,0,0,0,0,0,0,0
"100862068",0,0,0,1,0,0,1,1,0
"100862069",0,0,0,0,0,0,0,0,0
"100862070",0,0,0,0,0,0,0,0,0
"Gm21450",0,0,0,0,0,0,0,0,0
"Gm21451",0,0,0,0,0,0,0,0,0
"100862073",0,0,0,0,0,0,0,0,0
"100862074",0,0,0,0,0,0,0,0,0
"Gm21454",0,0,0,0,0,0,0,0,0
"100862076",0,0,0,0,0,0,0,0,0
"100862078",0,0,0,0,0,0,0,1,0
"100862080",3,0,0,0,0,0,0,0,0
"100862081",0,0,0,0,0,0,0,2,0
"100862083",0,0,0,0,0,0,0,0,0
"100862084",0,0,0,3,1,4,4,0,3
"Gm16867",1,0,0,0,0,0,0,0,0
"100862086",6,12,2,11,2,3,6,1,2
"100862089",0,0,0,0,0,0,0,0,0
"100862090",0,0,0,0,0,0,0,0,0
"100862091",0,0,0,0,0,0,0,0,0
"100862092",0,0,0,0,0,0,0,0,0
"100862093",0,1,0,0,0,0,0,0,0
"100862094",0,0,0,0,0,0,0,0,0
"100862095",0,0,0,0,0,0,0,1,0
"100862096",0,0,0,0,0,0,0,0,0
"100862098",2,0,0,2,0,0,1,0,0
"100862099",0,0,0,0,0,0,0,0,0
"100862100",0,0,0,0,0,0,0,0,0
"100862101",0,0,0,0,0,0,0,0,0
"100862102",0,0,0,0,0,0,0,0,0
"100862103",1,0,1,0,0,0,0,1,0
"100862104",0,0,0,0,0,0,0,0,0
"100862107",63,83,30,27,40,32,44,45,25
"100862108",2,0,0,8,2,0,1,3,3
"100862109",0,0,0,0,0,0,1,0,0
"100862110",0,2,1,0,1,0,0,0,0
"100862111",0,0,0,0,0,0,0,0,0
"100862112",0,0,0,0,0,0,0,1,0
"100862113",0,0,0,0,0,0,0,0,0
"Gm21489",0,0,0,0,0,0,0,0,0
"LOC100862115",0,0,0,0,0,0,0,0,0
"100862116",0,0,0,0,0,0,0,0,0
"100862117",0,0,0,0,0,0,0,0,0
"Spin2e",0,0,0,0,0,0,0,0,0
"100862120",11,20,9,11,2,11,6,22,10
"100862121",0,0,0,0,0,0,0,0,0
"100862123",0,0,0,0,0,0,0,0,0
"Gm15026",0,0,0,0,0,0,0,0,0
"Gm21497",0,0,0,0,0,0,0,0,0
"Defa36",0,0,0,0,0,0,0,0,0
"100862127",0,0,0,0,0,0,0,0,0
"100862128",0,3,0,1,0,0,2,0,1
"100862129",0,0,0,0,0,0,0,0,0
"100862130",0,0,0,0,0,0,0,0,0
"100862131",0,0,0,0,0,0,0,0,0
"100862132",32,8,20,16,12,7,18,64,30
"100862134",0,0,0,0,0,0,0,0,0
"100862135",0,0,0,0,0,0,0,0,0
"100862136",0,0,0,0,0,0,0,0,0
"100862137",0,0,0,0,0,0,0,0,0
"100862138",0,0,0,0,0,0,0,0,0
"100862139",0,0,0,0,0,0,0,0,0
"100862140",0,0,0,0,1,0,0,0,0
"100862141",0,0,0,0,0,0,0,0,1
"100862143",0,0,0,0,0,0,0,0,0
"100862144",55,80,55,36,69,62,71,86,66
"100862145",0,0,0,0,0,0,0,0,0
"100862147",0,0,0,0,0,0,0,0,0
"100862148",0,0,0,0,0,0,0,0,0
"100862149",0,0,0,0,0,0,0,0,0
"LOC100862150",0,0,0,0,0,0,0,0,0
"100862151",0,0,0,0,0,0,0,0,0
"100862152",14,33,16,20,15,9,19,25,15
"100862153",4,2,1,2,0,1,0,0,1
"100862154",0,0,0,0,0,1,4,0,1
"100862155",0,0,0,0,0,0,0,0,0
"100862156",0,0,0,0,0,0,0,0,0
"100862157",0,0,0,0,0,0,0,0,0
"100862158",0,1,0,2,1,0,0,0,0
"100862159",5,2,4,6,9,6,7,14,8
"100862160",0,0,0,0,0,0,0,0,0
"Gm21529",0,0,0,0,0,0,0,0,0
"100862162",0,0,0,0,0,0,0,0,0
"100862163",0,0,0,0,0,0,0,0,0
"100862164",0,0,0,0,0,0,0,0,0
"100862165",0,0,0,0,0,0,0,0,0
"100862166",0,0,0,0,0,0,0,0,0
"100862167",0,0,0,0,0,0,0,0,0
"100862168",0,0,0,0,0,0,0,0,0
"100862169",0,0,0,0,0,0,0,0,0
"100862170",0,0,0,0,0,0,0,0,0
"100862171",13,12,9,2,1,3,0,6,2
"100862172",0,0,0,0,0,0,0,0,0
"Gm21539",0,0,0,0,0,0,0,0,0
"100862174",0,0,0,0,0,0,0,0,0
"Gm10698",5,12,2,6,10,14,12,6,7
"100862176",0,0,0,0,0,0,0,0,0
"Ccl21d",0,0,0,0,0,0,0,0,0
"LOC100862180",0,0,0,0,0,0,0,0,0
"100862181",2,2,5,2,2,6,1,1,3
"100862182",0,0,0,0,0,0,0,0,0
"100862183",0,1,3,1,2,0,1,2,5
"100862184",5,4,1,4,3,5,5,1,5
"100862186",0,0,0,0,0,0,0,0,0
"100862187",0,0,0,0,0,0,0,0,0
"100862189",0,0,0,0,0,1,0,0,0
"100862190",0,2,0,4,6,1,1,3,1
"100862191",0,0,0,0,0,0,0,0,0
"LOC100862192",0,0,0,0,0,0,0,0,0
"100862193",0,0,0,0,0,0,0,1,0
"100862194",0,1,0,0,0,0,0,2,1
"100862195",1,0,1,3,0,1,4,3,3
"100862196",0,1,0,0,0,0,0,0,0
"100862197",0,0,0,0,0,0,0,0,0
"100862198",0,0,0,0,0,0,0,2,0
"100862199",1,3,0,0,0,0,2,0,1
"100862200",0,0,0,0,0,0,0,0,0
"100862201",1,0,0,0,0,2,1,0,1
"LOC100862202",0,0,0,0,0,0,0,0,0
"100862205",0,0,0,6,1,2,10,14,7
"Gm21559",0,0,0,0,0,0,0,0,0
"100862207",0,0,0,0,0,0,0,0,0
"100862208",0,0,0,0,0,0,0,1,1
"Gm21562",0,0,0,0,0,0,0,0,0
"100862210",0,0,0,0,0,0,0,0,0
"100862211",0,0,0,0,0,0,0,0,0
"100862212",0,0,0,0,0,0,0,0,0
"100862213",0,0,0,0,0,0,0,0,0
"100862214",0,0,0,0,0,0,0,0,0
"100862215",0,0,0,0,0,0,0,0,0
"100862216",10,11,4,21,8,6,12,17,7
"100862217",0,0,0,0,0,0,0,0,0
"100862219",0,0,0,0,0,0,0,0,0
"100862220",0,0,0,0,0,0,0,0,0
"100862222",0,0,0,0,0,0,0,0,0
"Gm21571",0,0,0,0,0,0,0,0,0
"Gm21572",0,0,0,0,0,0,0,0,0
"100862225",0,0,0,0,0,0,0,0,0
"100862226",0,0,0,0,0,0,0,0,0
"100862227",0,0,1,0,0,0,1,0,2
"100862228",0,0,0,0,0,0,0,0,0
"100862230",0,0,0,0,0,0,0,0,0
"100862232",3,3,1,0,1,1,2,3,0
"100862234",0,0,0,0,0,0,0,0,0
"100862235",0,0,0,0,0,0,0,0,0
"100862236",1,0,1,0,1,0,1,1,1
"100862237",0,0,0,0,0,0,0,0,0
"100862238",0,0,0,1,0,1,0,1,0
"100862240",0,0,0,0,2,0,0,0,1
"100862241",0,0,0,0,0,0,0,0,0
"100862243",0,0,0,0,0,0,0,0,0
"LOC100862245",0,0,0,0,0,0,0,0,0
"100862246",0,0,0,0,0,0,0,0,0
"Gm21586",0,0,0,0,0,0,0,0,0
"100862248",5,3,2,11,4,0,0,5,2
"Gm21588",0,0,0,0,0,0,0,0,0
"100862251",76,84,61,81,82,64,82,141,79
"100862252",0,0,0,0,0,0,0,0,0
"100862253",0,0,0,0,0,0,0,0,0
"100862254",0,0,0,0,0,0,0,0,0
"100862255",0,0,0,0,1,0,0,0,0
"100862257",1,0,0,0,0,0,0,0,0
"Gm21596",0,0,0,0,0,0,0,0,1
"100862259",6,4,1,4,0,0,0,1,0
"100862260",0,0,0,0,0,0,0,0,0
"Spata31f1c",0,0,0,0,0,0,0,0,0
"Gm21599",0,0,0,0,0,0,0,0,0
"100862263",0,0,0,0,0,0,0,0,0
"100862264",0,0,0,0,0,0,0,0,0
"100862265",0,0,0,0,0,0,0,0,0
"100862267",19,39,21,16,25,15,27,42,17
"Gm16958",0,0,0,0,0,0,0,0,0
"100862269",0,0,0,0,0,0,0,0,0
"100862270",0,0,0,0,0,0,0,0,0
"100862272",0,0,0,0,0,0,0,0,0
"100862273",0,0,0,0,0,0,0,0,0
"Btbd35f25",0,0,0,0,0,0,0,0,0
"100862275",0,0,0,0,0,0,0,0,0
"100862276",0,0,0,0,0,0,0,0,0
"100862277",0,0,0,0,0,0,0,0,0
"100862279",0,0,0,0,0,0,0,0,0
"Gm21616",0,0,0,0,0,0,0,0,0
"100862283",0,0,0,0,0,0,0,0,0
"100862285",1,0,0,1,0,3,1,2,0
"100862286",0,0,0,0,0,0,0,0,0
"LOC100862287",1,6,0,0,2,0,11,0,1
"100862290",0,0,0,0,0,0,0,0,0
"100862291",0,0,0,1,0,1,2,0,1
"100862293",0,0,0,0,0,0,0,0,0
"100862294",0,0,0,0,0,0,0,0,0
"100862295",3,1,0,1,1,0,2,1,2
"Gm21626",0,0,0,0,0,0,0,0,0
"100862297",0,0,0,0,0,0,0,0,0
"100862298",0,0,0,0,0,0,0,0,0
"100862299",0,0,0,0,0,0,0,0,0
"100862301",0,0,0,0,0,0,0,0,0
"100862303",0,0,0,0,0,0,0,0,0
"100862305",0,0,0,0,0,0,0,0,0
"100862306",0,0,0,0,0,0,0,0,0
"100862307",201,281,162,346,532,424,320,500,488
"100862308",1,0,1,2,0,0,0,0,0
"100862309",0,0,0,0,1,2,0,0,0
"Gm21633",0,0,0,0,0,0,0,0,0
"100862311",0,0,0,0,0,0,0,0,0
"100862312",0,0,0,0,0,0,0,0,0
"100862313",2,2,2,1,1,1,3,0,2
"Spin2j",0,0,0,0,0,0,0,0,0
"100862315",0,0,0,0,0,0,0,0,0
"100862316",0,0,0,0,0,0,0,0,0
"100862317",0,0,0,0,0,1,0,0,0
"100862318",3,0,1,1,1,0,6,0,0
"100862319",0,0,0,0,0,1,0,2,0
"100862320",0,0,0,0,0,0,0,0,0
"100862321",0,0,0,0,0,0,0,0,0
"100862322",0,0,0,0,0,0,0,0,0
"Btbd35f22",0,0,0,0,0,0,0,0,0
"100862324",0,0,0,0,0,0,0,0,0
"100862325",0,0,0,0,0,0,0,0,0
"Gm21647",0,0,0,0,0,0,0,0,0
"100862327",0,0,0,0,0,0,0,0,0
"100862328",0,0,0,0,0,0,0,0,0
"Btbd35f21",0,0,0,0,0,0,0,0,0
"100862330",0,0,0,0,0,0,0,0,0
"100862331",0,0,0,0,0,0,0,0,0
"100862332",0,0,0,0,0,0,0,0,0
"100862333",0,0,0,0,0,0,0,0,0
"100862334",1,1,0,0,0,1,1,1,1
"100862335",0,0,0,0,0,0,0,0,0
"100862336",0,0,0,0,0,0,0,0,0
"LOC100862337",0,0,0,0,0,0,0,0,0
"100862338",0,0,0,0,0,0,0,0,0
"100862340",8,17,0,3,0,4,0,1,0
"Btbd35f30",0,0,0,0,0,0,0,0,0
"Gm21658",0,0,0,0,0,0,0,0,0
"100862343",1,1,0,0,0,0,0,1,0
"100862344",0,0,0,0,2,0,2,2,0
"Gm21660",0,0,0,0,0,0,0,0,0
"100862346",0,0,0,0,0,0,0,0,0
"100862347",0,0,0,0,0,0,0,0,0
"Gm21663",0,0,0,0,0,0,0,0,0
"100862351",5,5,2,1,2,1,2,3,3
"100862354",0,0,0,0,0,0,0,0,0
"100862355",0,0,0,0,0,0,0,0,0
"100862356",0,0,0,0,0,0,0,0,0
"100862357",0,0,0,0,0,0,0,0,0
"100862358",0,0,0,0,0,0,0,0,0
"Speer4a3",0,0,0,0,0,0,0,0,0
"Gm21672",0,0,0,0,0,0,0,0,0
"100862361",0,0,0,0,0,0,0,0,0
"100862362",0,1,1,0,0,0,0,0,0
"100862363",0,0,0,0,0,0,0,0,0
"100862364",0,0,0,0,0,0,0,0,0
"Rbmyf5",0,0,0,0,0,0,0,0,0
"Gm21678",0,0,0,0,0,0,0,0,0
"100862367",0,0,0,0,0,0,0,0,0
"Gm21680",0,0,0,0,0,0,0,0,0
"Btbd35f9",0,0,0,0,0,0,0,0,0
"100862370",0,0,0,0,0,0,0,0,0
"Gm21683",0,0,0,0,0,0,0,0,0
"100862373",1,0,1,0,0,2,0,4,2
"Entpd4b",0,0,0,0,0,0,0,0,0
"100862376",0,0,0,0,0,0,0,0,0
"100862377",0,0,0,0,0,0,2,1,0
"100862378",0,0,0,0,0,0,0,0,0
"100862379",0,0,0,0,0,0,0,0,0
"100862380",0,0,0,0,0,0,0,0,0
"100862381",0,0,0,0,0,0,0,0,0
"100862382",0,0,0,0,0,0,0,3,0
"Rbmyf6",0,0,0,0,0,0,0,0,0
"100862384",0,2,1,1,0,0,0,0,0
"100862386",0,0,0,0,0,0,0,0,0
"100862387",0,0,0,0,0,0,0,0,0
"Gm21698",0,0,0,0,0,0,0,0,0
"Btbd35f8",0,0,0,0,0,0,0,0,0
"100862390",0,0,0,0,0,0,0,0,0
"100862391",0,0,0,0,0,0,0,0,0
"100862392",0,0,2,0,0,0,0,0,0
"100862393",0,0,0,0,0,0,0,0,0
"Rbmyf7",0,0,0,0,0,0,0,0,0
"100862396",0,0,0,0,0,0,0,0,0
"100862397",0,0,0,0,0,0,0,0,0
"Rbmyf8",0,0,0,0,0,0,0,0,0
"100862399",0,0,0,0,0,0,0,0,0
"Gm37254",6,16,7,8,3,7,9,19,10
"100862401",0,0,0,0,0,0,0,0,0
"100862403",2,0,0,0,1,0,1,0,0
"100862404",0,0,0,0,0,0,0,0,0
"100862405",0,0,0,0,0,0,0,0,0
"100862406",0,0,0,0,0,0,0,0,0
"Hscb",39,19,48,60,88,77,33,55,120
"Chpf2",173,291,187,132,275,259,347,159,251
"Tyw1",68,57,38,64,72,80,91,71,72
"Emilin1",0,1,2,6,17,2,6,3,4
"Rab28",60,96,49,24,62,25,47,40,37
"Nfxl1",80,95,46,90,106,112,150,87,104
"Akap9",88,57,67,81,141,120,136,95,108
"100993",1,0,0,0,0,0,0,0,0
"Zfp513",267,370,209,200,349,329,300,211,374
"Zfp282",49,67,33,25,46,49,58,50,44
"Ttll3",46,174,42,51,37,84,47,57,59
"Snx21",7,4,7,3,12,13,5,16,22
"Tmem168",123,164,74,112,119,138,120,121,154
"Rpusd3",31,49,33,11,15,15,50,20,11
"Itfg2",50,70,37,18,38,34,31,19,47
"Samtor",73,141,53,75,53,14,53,83,57
"Pot1a",18,44,20,32,76,44,52,32,49
"Parp11",31,40,34,37,71,50,57,35,60
"Zfp956",27,66,22,17,47,29,35,18,44
"Hepacam2",0,0,0,0,0,0,0,0,0
"Tada3",54,84,51,70,104,144,110,49,82
"Tra2a",190,200,121,138,101,72,141,149,127
"Wdr91",27,92,22,31,34,37,38,33,34
"Brk1",441,564,438,399,688,708,601,533,643
"Dyrk4",3,3,1,22,11,16,12,17,14
"Eogt",6,14,15,11,17,9,27,18,7
"Fbxl14",171,211,132,134,240,191,193,127,201
"Prrt4",0,0,0,0,0,0,0,0,0
"Adamts9",0,0,0,0,0,0,0,0,0
"Ceacam15",0,0,0,0,0,0,0,0,0
"Dhx32",57,74,38,36,86,53,54,51,44
"Phrf1",199,257,108,98,139,190,159,163,142
"Plekha1",92,124,120,64,104,49,50,90,96
"Slco2b1",1375,801,1492,1768,3063,2812,2803,2251,2778
"Ric8a",195,308,202,99,174,182,165,98,191
"Inpp5f",22,43,22,17,40,30,39,31,30
"Plekhg2",61,56,49,41,71,52,76,28,50
"Hsd3b7",100,188,105,196,335,289,277,247,334
"Mob2",91,139,129,85,83,83,73,93,97
"AI314278",0,0,0,0,0,0,0,0,0
"Klk9",0,2,0,0,0,0,0,0,0
"Prkd2",30,30,29,17,45,29,44,25,23
"Wtip",54,100,23,63,77,104,77,75,63
"Zfp575",1,1,0,0,0,0,0,0,0
"Ccp110",19,34,17,14,17,15,10,29,17
"Vrk3",157,212,168,185,198,199,155,185,254
"Efl1",37,87,28,17,34,39,38,26,32
"AI467606",59,69,91,76,165,168,132,99,130
"Zfp764l1",13,22,28,16,10,29,12,10,12
"Grwd1",106,169,60,30,24,53,45,47,23
"Nlrp6",0,0,0,0,0,0,0,0,0
"Pwwp2b",27,22,6,21,14,50,17,30,20
"Spty2d1",116,172,60,92,57,41,64,85,104
"Mir9-3hg",0,6,0,0,0,0,0,2,0
"Trim68",11,28,8,14,16,24,12,18,15
"Numa1",69,62,91,174,222,140,216,160,154
"Psip1",15,18,12,33,24,9,8,18,27
"Acp7",0,0,0,0,0,0,0,0,0
"Ano1",0,0,0,0,0,0,0,0,1
"A730082K24Rik",0,0,0,0,0,0,0,0,0
"Spred3",7,16,0,6,30,26,2,8,36
"Faap24",52,73,35,23,36,19,35,29,42
"AW146154",14,4,9,16,20,13,8,25,15
"Ints4",88,139,88,60,90,97,64,69,51
"Rrp8",67,74,32,20,37,25,38,26,28
"Unc45a",71,97,66,29,77,60,37,59,36
"Igflr1",32,70,68,63,139,153,92,90,134
"Sf3b3",138,292,129,103,89,159,112,129,114
"D8Ertd738e",405,487,405,274,524,401,384,340,480
"Usb1",69,138,54,31,51,64,48,48,66
"Champ1",122,192,96,65,125,99,117,97,103
"Ces2a",0,0,0,0,0,0,0,0,0
"Smim19",106,156,88,84,124,136,128,113,121
"Exoc8",48,47,50,38,56,34,58,44,55
"Gadd45gip1",254,385,174,174,215,154,219,201,230
"Plekhg4",19,23,1,1,1,2,2,2,2
"Phkb",12,22,22,23,40,52,43,49,33
"Arhgef18",68,74,54,55,85,81,88,68,88
"Mtus1",289,332,313,525,783,547,507,651,774
"Dohh",163,226,127,82,104,128,117,113,164
"Psme3ip1",86,133,50,60,93,106,70,76,88
"Enkd1",33,41,18,50,39,30,19,44,35
"E230013L22Rik",11,40,2,0,3,2,8,9,2
"Snx25",17,18,21,41,42,40,36,35,31
"Taf5l",46,112,29,16,42,71,31,26,25
"Prmt9",134,225,92,124,135,106,117,149,122
"Zdhhc7",132,201,161,107,215,182,193,163,144
"Snapc2",41,96,54,48,112,95,33,40,84
"Gpat4",235,313,175,146,204,194,239,127,196
"Cpne7",3,0,1,0,1,0,4,0,0
"Cyp4v3",137,130,128,128,229,123,138,184,189
"Dcun1d2",61,39,23,36,64,64,73,47,81
"Ankrd10",253,376,192,232,274,309,242,250,329
"Cog4",64,102,48,96,103,108,120,90,116
"Myzap",0,0,0,0,0,0,0,0,0
"AA414992",0,0,0,0,0,0,0,0,0
"Clk3",244,392,164,258,310,294,324,237,303
"Hinfp",12,32,10,23,35,19,21,19,32
"Lars2",16,50,24,39,51,57,55,42,56
"Dennd4a",551,1044,532,266,584,493,460,352,525
"Xylb",17,23,7,18,32,41,31,29,47
"Imp3",235,325,264,116,224,165,201,175,237
"Pls1",0,0,0,0,0,1,0,0,0
"Cmtm7",146,130,142,363,890,689,534,456,713
"Ano10",41,42,38,47,47,59,52,84,62
"Slc22a13",1,0,0,0,0,0,0,0,0
"Alg9",24,44,17,36,41,39,40,29,43
"Plekho2",127,332,163,116,135,146,116,93,194
"Snx19",139,241,112,113,149,105,138,133,149
"Rpp25",0,3,1,0,0,1,0,0,0
"102623",0,0,0,0,0,0,0,0,0
"Mapkapk3",58,199,50,38,59,62,40,61,41
"Acad11",21,12,20,20,35,36,25,44,13
"Oaf",253,574,131,173,175,311,248,198,218
"Cd276",26,53,25,8,30,33,19,32,24
"Slc6a20a",0,1,0,0,0,0,0,0,0
"AU023762",0,0,0,0,0,0,0,0,0
"Phldb1",43,82,26,33,39,46,65,51,41
"Lrrc49",4,16,2,1,0,8,4,2,2
"Bbs4",53,62,24,19,19,21,28,21,15
"Tcta",29,67,32,27,31,60,31,46,31
"Slc6a8",30,36,30,7,14,34,18,11,28
"Pls3",13,17,21,33,27,12,7,23,27
"Radx",9,38,9,8,1,6,7,10,5
"Cenpi",0,4,1,9,1,4,2,4,6
"B630019K06Rik",1,5,0,2,0,0,0,0,1
"Nudt10",0,0,0,0,0,0,0,0,0
"Ezhip",0,0,0,0,0,0,0,0,0
"Firre",81,124,101,81,143,155,110,106,144
"Septin10",8,11,12,8,10,7,5,9,8
"Slc6a15",0,0,0,0,0,0,0,0,0
"Pan2",14,84,42,45,29,61,37,35,45
"Pwp1",90,239,43,30,38,52,40,35,26
"Gstt3",5,5,3,8,11,15,22,10,30
"Rdh9",0,0,1,2,0,0,1,0,0
"Upb1",0,0,0,0,0,0,0,0,0
"Apof",0,2,0,0,3,2,0,0,1
"Chchd10",18,34,14,11,13,10,22,18,16
"D630029K05Rik",0,0,0,0,0,0,0,0,0
"Fig4",44,102,69,34,59,29,60,36,42
"Traf3ip2",3,9,0,0,0,0,1,0,0
"Ttc41",0,4,2,6,11,5,4,3,3
"Gm15122",1,0,0,0,1,0,0,0,0
"Csnk1g2",261,442,196,197,255,240,258,240,252
"Tmem263",6,8,6,4,1,2,7,2,0
"Cep57l1",3,3,4,14,10,19,9,14,18
"Zc3h10",103,136,68,61,99,84,88,81,74
"Zfr2",0,5,6,0,1,6,3,2,3
"Ncln",914,1179,1047,628,777,906,898,724,762
"Nt5dc3",31,60,37,31,46,54,62,45,35
"Nup107",31,42,25,25,17,40,37,36,20
"BB019430",0,0,0,0,0,0,0,0,0
"Calhm5",0,0,0,0,0,0,0,0,0
"Mgat4b",153,251,196,187,306,291,290,200,314
"Mbtd1",143,169,139,142,147,105,103,201,159
"Epop",59,103,55,18,34,36,40,22,22
"Psme4",114,309,129,132,101,85,172,170,119
"Xpo1",179,285,146,116,102,95,67,129,128
"Fbxw11",137,260,111,170,234,223,177,200,183
"Sec14l4",0,1,0,2,0,0,0,0,0
"Smg6",50,81,70,48,60,52,83,45,46
"Tmed4",115,209,157,82,166,147,153,133,148
"Slc35e4",47,30,26,11,15,7,23,13,14
"Pnpo",40,44,79,80,81,92,72,103,112
"6330403K07Rik",0,1,0,0,0,0,0,0,0
"Tbc1d10a",117,180,148,213,270,218,180,220,310
"AI450353",0,1,4,0,0,1,0,7,1
"Tubg1",106,131,69,112,70,136,67,76,103
"Pex12",25,84,31,38,22,21,44,38,49
"Mien1",361,572,249,303,314,321,345,205,347
"Tmem98",0,3,0,0,0,0,0,1,0
"Tmem17",24,18,8,15,29,18,21,19,14
"Tubg2",0,1,2,0,0,1,1,0,0
"Slc25a41",0,0,0,0,0,0,0,0,0
"Dnaaf10",7,25,18,6,20,34,18,23,22
"Maml1",47,102,39,32,101,44,65,52,67
"Zfp692",69,74,89,108,117,142,165,111,108
"Cuedc1",0,0,0,0,0,1,0,0,0
"Inca1",1,3,17,3,2,26,2,12,8
"Nt5m",68,103,45,61,97,82,108,81,106
"Hoxb2",0,0,0,0,0,0,0,0,0
"Rpn1",326,367,296,535,926,1037,1005,710,666
"Try5",0,0,0,0,0,0,0,0,0
"Dnm3",5,1,2,1,3,0,0,0,0
"Plin1",0,2,0,0,0,0,0,0,0
"Gpc5",0,1,0,0,0,0,0,0,1
"Gck",0,0,0,1,0,0,0,0,2
"Rtn1",103,160,74,144,209,162,222,150,203
"Ctsq",0,0,0,0,0,0,0,0,0
"Qsox1",55,123,80,29,59,45,57,50,70
"Cdh22",9,1,2,3,0,0,0,0,0
"Synj1",546,880,433,366,524,264,372,395,491
"Synpo",2,1,1,2,2,0,0,1,0
"Sncb",6,23,1,3,4,2,7,3,7
"Nxph3",0,0,0,1,0,0,0,0,0
"Nxph4",0,0,0,0,0,0,0,0,0
"Wdr7",31,26,25,35,39,26,9,31,44
"Cyp27a1",32,69,83,125,174,116,136,129,161
"Itga9",91,286,36,63,124,95,145,98,89
"Airn",0,0,0,0,0,0,0,1,0
"Adcy4",0,0,2,4,5,5,8,4,6
"Adcy3",8,14,6,7,19,18,5,6,9
"Acly",175,303,138,198,285,241,234,205,296
"Ndufb11",367,427,364,382,660,612,510,459,707
"Etv5",71,99,104,151,202,164,152,155,177
"Ces1d",0,0,0,0,0,0,0,0,0
"Gldc",0,0,0,0,0,0,0,0,0
"Sbk1",7,11,20,10,21,10,7,9,11
"Chil4",0,0,0,0,0,0,0,0,0
"Blmh",107,175,99,100,103,120,89,143,91
"Rhoq",412,571,167,185,299,258,258,295,252
"Slc6a5",0,0,0,0,0,0,0,0,0
"Cabin1",139,274,207,107,302,274,249,194,265
"Cdc42ep2",12,21,1,3,1,1,1,1,7
"Kdm3a",47,121,92,60,76,64,65,98,86
"Tex15",0,0,0,0,0,0,0,0,0
"Arl1",11,11,6,12,17,4,17,23,5
"Rnu12",19,12,4,9,18,5,14,26,20
"Csnk1d",468,767,381,303,436,497,394,426,413
"Gas8",77,122,49,29,12,40,41,58,44
"Zfp120",131,197,111,157,187,85,101,127,134
"Zfp119a",28,27,6,10,5,8,1,6,12
"Isl2",0,0,0,0,0,0,0,0,0
"Meig1",0,2,0,0,0,0,0,0,0
"Snora64",0,0,0,0,0,0,0,0,0
"Snora65",5,16,4,3,2,6,0,4,9
"Snora70",0,1,0,1,0,1,0,0,1
"Snora69",3,0,0,0,0,1,0,2,0
"Snora68",11,14,19,6,1,4,6,3,2
"Barhl2",1,0,0,0,0,0,0,0,0
"Rcor2",5,6,4,0,3,3,2,1,10
"Rhox9",0,0,0,0,0,0,0,0,0
"E2f4",178,279,154,150,190,228,203,189,237
"Pcnx3",103,193,117,82,214,236,210,140,231
"Bap1",121,182,76,70,112,136,113,98,95
"Dgkz",261,674,327,287,567,886,656,393,559
"Snora62",0,0,0,0,0,2,0,0,0
"Npffr2",0,0,0,0,0,0,0,0,0
"Rexo2",121,164,87,97,89,187,117,160,141
"Cdc42ep1",1,0,0,0,0,0,0,0,0
"Bacc1",265,253,203,258,379,394,277,309,401
"Rars1",288,334,157,87,133,124,97,97,127
"Ccdc117",37,50,46,28,33,62,30,38,26
"AU040972",0,2,0,0,0,0,0,0,0
"Ppp4r3b",176,274,150,109,195,88,163,158,225
"Rprml",1,0,0,1,0,1,1,0,0
"Mycbpap",1,4,0,7,4,7,3,6,5
"Cnot6",118,198,97,97,98,35,57,154,106
"Tsr1",228,329,118,66,67,83,72,85,72
"Slc16a6",1522,2381,1358,987,1585,1628,1674,1324,1554
"Gm12108",0,0,0,0,0,0,0,0,0
"Pik3r6",577,1091,297,126,231,241,259,217,265
"Ttc7b",14,53,29,17,23,29,17,34,19
"Ddx1",201,284,150,125,138,180,103,149,162
"Sptssa",55,49,49,44,89,99,89,62,74
"Tedc1",6,23,7,18,12,16,2,12,12
"Pld4",683,847,942,4049,4111,3718,2390,3486,5490
"Jkamp",182,255,160,168,314,204,174,202,231
"Aldh6a1",38,19,35,12,19,16,9,15,19
"Sfta3",0,0,0,0,0,0,0,0,0
"Vipas39",49,56,66,45,71,73,65,78,89
"Fancm",7,26,12,18,13,5,12,26,8
"Aspg",0,0,1,0,0,0,0,0,0
"Ptpn23",154,285,93,128,125,128,110,124,139
"Cbll1",66,136,49,44,33,43,44,58,43
"Tecpr2",42,58,33,47,61,38,48,49,59
"Spata7",7,18,16,6,16,9,15,9,12
"Tdp1",20,45,25,32,47,71,38,36,58
"Tmem179",1,1,2,0,1,0,0,0,0
"Rab15",2,13,6,0,0,0,1,0,0
"Slc25a47",8,11,5,6,0,17,4,16,7
"Adi1",41,66,68,72,107,49,58,72,106
"Fam110c",0,0,0,0,0,0,0,0,0
"Dnal1",9,14,2,12,6,9,11,14,22
"Lratd1",0,0,0,0,2,0,5,0,0
"Rdh14",88,137,74,68,120,118,107,72,116
"Pelo",61,102,49,31,41,47,60,44,49
"AI197445",0,0,0,0,0,0,0,0,0
"Iars1",189,297,130,112,128,178,205,193,137
"Arrdc3",51,91,64,11,13,16,10,18,17
"Nhlrc1",17,13,8,11,1,3,5,10,18
"Tasor2",41,70,36,18,33,14,27,23,33
"Rnf44",127,210,159,122,212,189,176,120,185
"Slc9a3",0,0,0,0,0,0,0,0,0
"Txndc5",59,73,31,45,80,72,94,44,63
"Brd9",115,178,69,133,185,172,159,159,148
"Cdk20",144,140,110,64,80,112,85,137,125
"E030046B03Rik",0,0,0,0,0,0,0,0,0
"Epdr1",0,0,1,0,0,0,0,0,0
"Golm1",368,403,412,1114,1015,1112,794,1138,1297
"Akr1c18",0,0,0,0,0,0,0,0,0
"AW209491",19,50,29,23,21,18,22,37,16
"Dusp22",49,78,101,62,138,111,124,82,117
"Slc17a3",0,0,0,0,0,0,0,0,0
"AW495222",0,0,0,0,0,0,0,0,0
"Utp15",61,166,58,35,42,53,39,47,27
"Slf1",65,92,47,48,37,31,18,35,25
"Akr1c14",0,0,0,0,0,0,0,0,0
"BB123696",0,0,0,0,0,0,0,0,0
"E330034G19Rik",0,0,0,0,0,0,0,0,0
"Fam149b",32,45,48,42,51,77,47,47,63
"Slain1",0,0,0,0,0,0,0,1,0
"Kctd9",13,34,8,20,13,7,3,18,18
"Dock9",10,21,22,29,33,52,34,53,70
"Gmpr2",238,359,314,217,300,300,407,287,275
"Mmrn2",0,0,0,0,0,0,0,0,0
"Abhd4",84,78,113,92,121,135,74,115,121
"Exoc5",162,215,109,107,108,73,79,122,114
"Fam170b",0,1,0,1,0,0,0,0,0
"Chmp7",74,128,61,41,82,92,102,69,100
"A630023A22Rik",0,0,0,0,0,0,0,0,0
"Ankrd28",2,14,4,4,5,3,1,3,8
"Mbnl2",292,557,277,240,345,172,295,365,367
"Zfp957",0,0,0,0,0,0,0,0,0
"Cphx1",0,0,0,0,0,0,0,0,0
"Dph3",121,174,111,39,90,96,64,64,61
"Ppp1r3e",1,3,0,1,1,1,3,0,0
"Phyhip",0,9,3,0,3,2,0,2,0
"Thtpa",29,47,32,36,41,34,49,43,50
"Rcbtb2",121,100,89,297,270,238,276,261,315
"Ppif",63,161,44,29,53,99,77,91,79
"Mycbp2",280,407,238,476,490,274,367,378,484
"Ano6",162,241,165,131,286,229,226,191,238
"Slc38a1",119,193,149,195,299,211,223,289,295
"Fam83h",10,28,2,4,3,7,7,12,5
"Tigd5",1,14,5,11,12,11,10,7,6
"Scrib",227,262,213,204,223,264,240,217,251
"Kdelr3",4,0,0,0,0,0,0,1,0
"Prkaa1",71,44,45,40,47,18,39,49,52
"Amigo2",1,0,0,0,0,1,0,0,0
"Ccdc65",0,0,0,0,0,0,0,0,0
"Sgsm3",65,85,89,64,82,69,109,67,83
"Mtbp",26,56,17,10,7,32,13,22,6
"Dennd3",0,0,0,1,0,1,0,2,3
"Card10",1,2,2,2,5,3,1,3,9
"Lmf2",100,165,109,164,191,175,182,135,167
"Mal2",0,0,0,0,0,0,0,0,0
"Nckap1l",858,918,649,1094,1215,1132,1048,1086,1425
"Csdc2",0,3,0,4,0,0,1,0,2
"Krt72",0,0,0,0,0,0,0,0,0
"Ugt3a2",0,0,0,0,0,0,0,0,0
"9030619P08Rik",0,0,0,0,0,0,0,0,0
"AU021063",0,0,0,0,0,0,0,0,0
"AU022754",0,0,0,0,0,0,0,0,0
"AU022793",4,31,17,7,16,30,30,9,9
"Espl1",27,29,20,60,69,152,122,50,119
"Tafa5",1,2,0,1,1,0,0,0,0
"Topors",131,156,76,82,77,63,103,97,110
"Sharpin",325,463,329,199,251,316,286,289,300
"AW121686",0,0,0,0,0,0,0,0,0
"Gga1",94,134,121,98,121,124,123,100,154
"Prickle1",24,128,7,6,5,6,13,3,5
"Fbxo4",95,133,64,39,66,68,73,47,58
"A430088P11Rik",0,0,0,0,0,0,0,0,0
"Rimoc1",83,135,111,113,91,52,82,105,128
"Slc45a4",62,102,86,109,251,221,202,123,186
"Mfsd5",247,382,273,219,264,295,292,226,305
"Cggbp1",211,354,204,177,217,159,234,234,254
"Txndc11",135,205,145,111,247,242,304,184,199
"Zc3h7a",336,508,266,302,356,424,397,319,331
"Qtrt2",26,53,11,12,8,14,8,25,13
"Ncbp2as2",233,423,312,205,423,333,343,262,400
"Rrn3",96,163,72,42,35,49,48,49,73
"Osbpl11",230,258,358,231,664,307,353,336,541
"Nsun3",2,6,0,1,1,0,1,1,5
"Rfc4",26,42,22,50,36,47,34,34,43
"Ildr1",3,31,3,5,6,2,9,2,0
"Ypel1",1,3,0,1,0,1,0,3,5
"Eaf2",0,0,0,1,0,0,1,0,0
"Srl",11,7,5,3,17,19,4,3,6
"Slc51a",0,0,0,0,0,0,0,0,0
"Sft2d1",128,190,145,193,294,265,224,209,303
"Stk38",124,217,144,226,243,224,215,249,286
"Gpsm3",541,466,595,428,552,457,380,558,738
"Pkdcc",33,63,35,63,62,89,85,76,84
"Tecr",280,375,331,557,763,536,486,555,714
"Ldhal6b",0,0,0,0,0,0,0,0,3
"Ppcs",59,148,68,74,73,88,67,76,77
"Dlk2",0,0,0,3,1,2,0,0,6
"Rab31",234,456,151,77,177,152,144,142,132
"Fam234a",48,70,51,93,144,118,130,69,163
"Nrm",76,84,102,132,84,146,65,131,137
"Scaf8",101,131,78,62,109,74,83,86,99
"Ankrd12",118,172,87,97,72,71,101,74,142
"Wdr90",7,16,8,27,15,25,11,6,16
"Trip10",23,69,26,29,40,59,35,25,48
"Ift140",21,32,23,31,84,67,44,55,45
"Vmac",4,30,14,6,17,21,21,20,23
"Cyp4f15",0,0,0,1,0,0,0,0,0
"Smim29",139,196,72,153,314,279,262,187,254
"Rpusd1",42,99,73,50,68,50,48,53,57
"Mpig6b",0,0,0,0,0,0,0,0,0
"106740",8,13,6,3,2,6,3,8,10
"Catsperd",3,3,0,0,0,0,0,0,0
"Ticam1",69,184,78,60,126,82,88,96,117
"Ttbk1",0,0,1,1,0,6,1,0,0
"Stap2",7,0,1,0,3,4,1,0,0
"Dhx57",54,111,44,63,74,100,66,69,78
"Tcf19",3,5,3,66,43,43,17,35,44
"Oard1",21,40,28,39,57,62,43,26,51
"Unc119b",42,62,51,25,75,46,54,40,51
"Abhd3",24,22,21,15,16,10,18,6,8
"Tnfaip8",276,413,182,236,333,316,324,298,276
"Afap1l1",170,228,179,54,125,94,154,73,90
"Smim3",201,356,142,89,145,171,94,125,194
"Hmgxb3",62,128,51,27,53,80,63,50,57
"Kctd1",0,0,2,2,1,5,7,1,11
"Slc39a3",161,272,140,106,97,106,110,112,103
"Arap3",77,130,112,173,289,260,231,231,213
"Slc39a6",58,103,30,56,46,43,38,58,49
"A330093E20Rik",0,0,0,0,0,0,0,0,0
"Gramd2b",3,2,6,5,1,4,4,11,5
"Me2",29,65,51,22,33,50,41,50,39
"Fbxo38",69,150,61,58,105,77,109,91,84
"Lars1",90,97,69,53,81,104,121,105,80
"Psmg2",112,120,91,47,80,86,86,72,71
"Lrrtm2",0,0,0,0,0,0,0,0,0
"Wdr74",246,241,141,92,108,164,104,116,134
"Rrp12",119,180,49,36,19,24,66,46,21
"Cyp2c50",0,0,0,0,0,0,0,0,0
"Glyat",0,0,0,0,0,0,0,0,0
"Gpr137",170,158,165,228,449,247,319,234,278
"Btaf1",165,282,130,131,160,98,137,132,148
"Uqcc3",122,108,109,122,233,181,151,160,180
"Ffar4",0,0,0,0,0,0,0,0,0
"Macrod1",5,0,0,19,28,22,17,25,64
"Carns1",0,8,3,5,1,0,2,1,2
"AI837181",133,249,125,169,220,191,157,159,199
"Kazald1",3,4,4,1,7,5,4,1,2
"Otub1",238,291,205,83,71,34,72,101,102
"Yars1",170,171,104,64,88,96,168,99,109
"Psat1",214,226,209,165,265,209,236,211,251
"Vps37c",31,58,18,23,27,20,15,15,11
"Lpxn",183,655,191,89,260,205,204,154,185
"Trpt1",4,16,5,20,16,19,17,17,34
"Gbf1",127,216,88,125,141,158,178,107,193
"AW112010",2840,2219,868,81,91,54,166,111,78
"Kank1",0,0,2,0,0,4,0,0,0
"Tm9sf3",436,524,270,344,445,189,357,436,406
"Pdzd8",77,146,73,75,83,49,84,98,80
"Exoc6",45,73,70,69,91,95,87,91,95
"C030016D13Rik",0,1,0,0,0,0,0,0,0
"Fam111a",202,182,155,262,183,101,149,200,203
"Slc25a45",160,211,144,342,598,569,420,415,540
"E330013P04Rik",0,0,0,0,0,0,0,0,0
"Brms1",71,153,93,39,65,62,39,39,94
"Hat1",236,341,150,232,138,101,97,149,194
"Unc5a",0,1,1,1,6,2,2,2,3
"Unc5b",0,0,0,6,0,0,1,0,0
"Acaca",24,47,42,15,18,20,29,22,14
"Guca1b",3,7,1,1,6,9,10,7,3
"Atf5",49,56,25,47,36,44,69,72,64
"Eprs1",250,328,141,119,139,221,191,213,188
"Ssr1",410,578,360,235,317,398,398,310,275
"Lgr4",13,46,7,3,2,4,4,4,2
"Ece2",114,54,61,34,59,92,75,69,73
"Gimap4",0,0,0,0,0,0,2,0,0
"Il1rl2",1,0,0,0,0,0,2,0,5
"Magee1",9,17,9,6,11,6,6,5,9
"Arl2bp",89,177,75,22,64,86,56,48,74
"Wwp1",26,61,36,49,49,9,28,39,52
"Nt5c3",59,99,72,39,44,66,45,41,46
"Trgc1",0,0,0,0,0,0,0,0,0
"Trgc2",0,0,0,0,0,0,0,0,0
"Trgc3",0,0,0,0,0,0,0,0,0
"Trgc4",0,0,0,0,0,0,0,0,0
"Col16a1",0,0,0,0,0,0,0,0,0
"Dio3",0,1,0,0,0,0,0,0,0
"Ovol2",0,0,0,0,0,0,0,0,0
"Osr2",0,0,0,0,0,0,0,0,0
"Mylk",1,6,1,3,0,1,0,0,0
"Rdh1",0,0,0,0,0,0,0,0,0
"Nod1",34,43,35,97,92,120,67,99,64
"Asmt",0,0,0,0,0,0,0,0,1
"Pi4kb",14,22,15,12,10,5,10,12,12
"Uap1",38,54,37,39,66,68,65,33,52
"Krt9",0,0,0,0,0,0,0,0,0
"Coro2a",52,148,132,112,116,123,78,137,117
"Snrpd2",492,542,409,277,290,206,227,325,321
"Sf3b4",92,106,44,35,54,65,54,61,49
"Rnh1",622,797,635,354,574,544,446,481,614
"Slc12a6",92,135,151,90,169,124,101,106,131
"Mrpl10",89,144,89,88,130,169,118,99,131
"Mrpl41",189,214,180,98,193,154,191,135,208
"Mrpl30",202,327,186,153,130,137,183,211,180
"Rapgef1",118,336,89,141,141,174,133,164,224
"Aldh1l1",2,1,2,1,4,7,0,3,8
"Drgx",0,0,0,0,0,0,0,0,0
"Lgals2",0,3,0,2,9,1,1,5,4
"Ankrd1",0,0,0,0,0,0,0,0,0
"Haao",24,18,12,6,8,8,2,2,2
"Scamp1",109,196,124,120,266,301,198,174,234
"Tm6sf1",366,475,446,208,385,294,324,235,295
"Tm6sf2",0,0,0,8,0,5,1,0,0
"Bmyc",80,99,163,299,447,401,308,333,410
"Scml2",0,0,0,0,0,0,0,0,0
"Jmjd6",236,347,129,96,122,131,151,157,126
"Nsd2",97,159,78,234,179,168,126,188,178
"Thoc5",124,140,89,53,73,89,59,76,76
"Adgrb1",2,1,1,0,4,1,4,2,7
"Prl2c5",0,0,0,0,0,0,0,0,0
"Usp9y",0,0,0,0,0,0,0,0,0
"Cth",0,0,0,0,0,0,0,0,0
"Mthfs",32,46,24,46,89,81,44,37,63
"Gcm2",0,0,0,1,5,0,0,1,0
"Mgat5",14,20,11,28,44,8,12,20,13
"Chd4",832,1113,643,567,919,735,952,715,978
"Celsr3",24,32,17,1,4,0,4,0,0
"Pom121",326,558,269,252,249,301,359,209,182
"Cdk9",57,109,60,54,51,44,46,49,61
"H1f6",0,0,0,0,0,4,0,0,1
"Frs3",13,9,6,10,27,39,16,18,29
"Pacs1",38,85,49,67,139,109,60,53,113
"Babam2",83,51,82,52,76,92,90,76,62
"Ddb2",16,11,22,37,69,47,32,45,59
"Bfsp2",0,0,0,0,0,0,0,0,0
"Cdc20",7,8,5,9,6,17,3,4,6
"Gtpbp6",156,251,134,125,96,69,90,137,131
"Cenpf",0,0,0,9,5,4,0,5,8
"Igkv3-1",0,0,0,0,0,0,0,0,0
"Igkv3-7",0,0,0,0,0,0,0,0,0
"Ap4e1",60,124,40,46,46,62,57,42,59
"Ap1s2",54,23,66,27,66,12,68,42,45
"Celf4",12,11,16,7,13,12,2,6,5
"Srsf9",202,268,225,363,535,669,417,396,493
"Chrnb4",0,0,0,0,2,1,0,0,0
"Fxyd4",0,0,0,1,0,0,0,0,0
"Igkv6-15",0,0,0,0,0,0,0,0,0
"Igkv6-20",0,0,0,0,0,0,0,0,0
"Lin7a",0,1,1,0,0,0,0,0,0
"Shmt2",176,212,118,122,129,175,175,141,116
"Chrnb3",0,0,0,0,0,0,0,0,0
"Slc14a1",0,0,0,4,15,3,12,6,4
"Camk2d",141,107,105,107,204,85,185,188,198
"Cstf2",47,153,71,36,55,20,51,48,39
"Eif2b3",73,86,52,23,26,37,56,40,33
"Grm2",0,0,0,0,0,0,0,0,0
"Grm3",0,1,0,0,0,0,0,0,0
"Grm5",0,0,0,0,0,0,4,0,7
"Grm6",0,0,0,0,0,0,0,0,0
"Grm7",0,0,0,0,0,0,0,0,0
"Ltbp4",0,1,0,0,0,0,2,4,4
"Skic2",253,477,265,276,384,439,410,265,372
"Olr1",4,23,3,7,4,0,6,12,2
"Prkaa2",3,2,4,2,8,2,0,4,1
"Pip4k2b",121,153,143,153,175,127,135,108,117
"Rnf216",229,510,212,191,251,213,264,204,217
"Rnf144a",0,0,0,0,0,0,0,1,0
"Slco1a5",0,0,0,0,0,0,0,0,0
"Prkab2",39,61,29,19,47,36,33,22,26
"Med21",33,36,13,25,14,9,21,17,20
"Prkag2",18,9,26,17,32,22,27,20,29
"Baiap2",111,121,180,110,169,98,62,87,165
"Fermt3",709,1128,1020,723,1274,1236,1313,919,801
"B3gnt5",0,0,0,0,0,0,0,0,0
"Eif4ebp3",84,134,56,94,120,142,96,115,171
"Slc22a7",0,0,0,0,0,0,0,0,0
"Slco4a1",109,266,190,384,474,596,285,425,578
"Slco3a1",0,34,1,0,2,1,1,1,1
"U2af1",62,87,75,32,40,48,40,38,41
"Napg",100,189,108,79,139,139,112,115,133
"Napa",420,775,448,356,507,572,342,395,537
"Xrcc4",16,16,11,19,22,9,10,9,15
"Taf9",99,139,92,95,57,98,62,104,61
"Atic",195,157,120,47,44,118,109,96,84
"Galnt2",69,62,68,196,326,205,187,239,225
"Galnt7",98,103,59,136,218,131,201,147,197
"Sema3d",0,0,0,0,0,0,0,0,0
"Adamts7",0,0,0,0,0,0,0,0,0
"Adamts6",0,0,8,2,4,3,1,8,1
"Ogt",77,145,63,106,127,56,81,101,109
"Mthfd1",126,116,82,71,74,109,85,75,70
"Ubxn8",174,235,78,71,91,86,71,75,100
"Fam50a",156,126,116,151,156,158,172,137,160
"Fam50b",0,0,0,0,0,0,0,0,0
"Npm3-ps1",5,5,7,3,0,3,1,3,0
"Snord14c",0,0,0,0,0,0,0,0,0
"Mat2b",116,150,78,64,99,111,79,87,87
"Slc35b3",44,99,63,32,37,65,55,48,30
"Rimklb",0,1,0,0,0,0,0,0,0
"Fam210a",29,59,7,18,8,16,13,30,15
"Foxp1",180,374,132,112,271,89,150,124,171
"Rnpepl1",202,284,252,199,319,289,303,311,281
"Rnf187",248,360,189,233,239,328,291,274,265
"Atp6v1h",125,256,98,47,75,72,67,103,63
"Epsti1",223,317,168,299,444,449,341,288,437
"Dnajc9",37,34,31,62,85,66,53,61,36
"Zdhhc15",0,0,0,0,0,0,0,0,0
"Ccdc86",902,1352,704,397,478,643,555,561,703
"Cops8",162,304,158,110,201,192,158,165,165
"Gpt2",19,15,16,17,14,30,25,11,22
"Ccdc88a",124,109,83,85,57,39,94,98,73
"Edem2",168,222,277,267,475,394,324,280,515
"Stn1",15,42,25,21,61,37,30,12,37
"Chn1",1,4,2,2,0,2,2,3,4
"Pttg1ip",257,379,292,264,381,317,302,310,337
"Slx9",171,257,138,83,104,125,130,126,125
"Card11",0,0,1,7,2,8,2,14,8
"Sft2d2",84,67,87,229,335,248,211,226,284
"Oxsr1",47,63,44,16,43,43,32,27,44
"Lyrm2",73,139,63,68,95,54,74,110,82
"Galnt16",0,3,0,2,6,1,0,0,4
"Pnrc1",366,322,436,201,448,394,328,428,636
"Mex3b",29,44,21,27,66,26,34,16,45
"Ston2",10,39,10,23,26,23,14,6,20
"Calr4",0,1,0,0,0,0,0,0,0
"Spem2",0,0,0,0,0,0,0,0,0
"4933407E24Rik",0,0,0,0,0,0,0,0,0
"Ccdc122",25,43,19,7,23,28,21,27,28
"Flacc1",0,0,0,0,0,1,0,0,0
"4933409K07Rik",0,0,0,0,0,0,0,0,0
"Jmjd1c",274,332,249,251,298,120,235,262,257
"Tmem74b",0,0,0,0,0,0,0,0,0
"Ibtk",69,79,27,22,43,53,63,44,30
"Rdh13",43,84,45,18,14,20,20,18,21
"Mtrf1l",33,102,56,41,52,51,55,53,52
"Ankhd1",44,69,35,67,94,34,67,80,70
"Atad3a",335,531,221,112,170,191,217,212,165
"Aif1l",1,0,0,1,0,0,0,0,0
"Zfta",34,45,17,29,15,36,17,39,16
"Fam72a",32,67,12,42,56,51,56,49,64
"B4gat1",74,66,50,61,149,110,106,132,144
"Tbcd",112,123,65,65,91,79,57,74,97
"Nusap1",0,0,0,10,8,5,0,3,6
"Aida",72,87,42,50,31,54,61,81,67
"Rcc2",141,192,113,103,201,294,262,139,198
"Cdca2",1,4,0,16,16,19,2,8,21
"Lhfpl6",0,0,0,0,0,0,2,0,0
"Smim13",67,81,38,31,85,23,67,50,64
"Rnf169",2010,2430,2038,214,624,234,395,240,404
"Trmt10a",22,28,17,37,49,43,32,44,53
"Zzz3",97,154,86,95,100,79,66,93,104
"1700049L16Rik",0,0,0,0,0,0,0,0,0
"Ppp1r15b",444,679,308,241,258,234,250,283,221
"Apol7c",0,0,0,0,0,0,0,0,0
"Miga2",32,23,13,20,22,52,59,33,37
"Irak2",155,361,111,66,157,132,125,113,123
"E2f8",0,0,0,17,18,14,1,3,15
"4930519F24Rik",0,0,0,0,0,0,0,0,0
"4930555G01Rik",0,0,0,0,0,0,0,0,0
"Tpr",241,287,113,209,209,273,293,237,282
"Tbc1d10c",10,3,7,3,2,9,14,3,0
"Ciapin1",97,194,92,64,70,100,99,90,97
"Nabp1",68,55,45,23,26,31,34,32,22
"Sp110",113,83,64,83,76,118,75,94,120
"Cavin3",0,0,0,0,0,0,3,0,0
"Inka2",2,16,1,2,0,1,2,3,0
"Krt75",0,0,0,0,0,0,0,0,0
"Pfdn4",34,44,26,12,24,17,15,24,17
"Dnaaf2",28,41,24,17,19,37,20,23,21
"Exosc4",137,194,104,97,106,72,138,109,111
"Ints5",39,55,60,36,67,63,76,43,56
"Sephs1",80,103,61,66,66,76,45,52,114
"Fbxw17",24,46,20,22,36,24,13,25,16
"Rars2",46,44,48,24,35,47,52,38,61
"Rbm15b",6,20,8,6,23,16,25,15,12
"Slc30a9",161,175,180,152,207,159,202,195,214
"Uhrf2",74,95,57,62,93,107,116,98,106
"Supt3",26,13,20,41,48,51,51,39,70
"Mmadhc",96,159,62,43,51,87,74,53,70
"Plekha5",8,20,10,14,9,8,11,26,20
"Mmaa",16,16,25,41,42,54,33,39,38
"Gins4",54,123,58,57,93,80,70,83,88
"Chd9",41,61,39,78,105,59,77,110,88
"Mlec",206,267,173,352,501,448,425,444,375
"Ube2q2",12,10,7,19,10,5,8,18,4
"3010003L21Rik",34,45,25,7,10,6,6,6,31
"Atl3",56,84,33,48,38,37,42,68,42
"Igip",14,18,13,33,23,26,30,28,16
"Trip11",34,55,25,35,42,15,42,43,48
"6030407O03Rik",0,0,0,0,0,0,0,0,0
"A930024E05Rik",1,24,3,42,37,26,34,12,22
"Sobp",0,2,0,0,0,0,0,0,1
"Pimreg",0,0,0,18,13,23,0,3,24
"Lncbate1",0,0,0,0,0,0,0,0,0
"Tmem139",0,0,0,0,0,0,0,0,0
"Rarres1",0,0,0,0,0,0,0,0,0
"Ms4a7",1,18,3,3,2,18,5,8,13
"A930002I21Rik",0,0,0,0,0,0,0,0,0
"Fam118b",26,43,19,23,57,75,39,25,52
"Sccpdh",42,74,64,41,62,60,29,53,48
"Mbd5",18,27,9,19,13,15,19,19,21
"Kif24",6,3,0,5,1,3,2,1,1
"Lrrc39",1,0,2,0,0,0,0,7,5
"Tspan9",34,29,25,15,74,40,33,32,69
"Adtrp",0,1,0,1,1,0,1,0,2
"Rlf",52,68,60,40,66,36,26,45,34
"Me3",0,0,0,0,0,0,0,0,0
"Ssc4d",4,3,2,1,2,1,0,1,0
"Prr5",15,16,27,7,6,9,3,5,9
"Mybpc1",0,0,0,0,0,0,0,0,0
"Actr5",29,55,32,20,29,18,29,29,30
"Slc22a13b",1,2,0,0,7,2,3,5,0
"R3hdm4",41,76,52,52,70,57,61,62,72
"4631423B10Rik",11,18,5,1,29,20,11,22,14
"Prex2",1,0,0,1,0,1,0,0,0
"Tmem250",52,120,52,29,64,75,45,65,99
"Orai1",306,274,325,528,859,659,686,469,773
"Prr9",0,0,0,0,0,0,0,0,0
"C1qtnf7",0,2,0,0,2,0,0,0,0
"Rnf20",68,131,41,58,75,49,55,114,75
"Cdcp1",0,0,0,0,0,0,0,0,0
"Pkn2",80,119,60,76,105,58,69,103,92
"B230398E01Rik",12,47,5,1,4,12,4,8,14
"9230102K24Rik",0,0,0,0,0,0,0,0,0
"Slc5a10",1,1,3,1,4,3,4,0,1
"E130215H24Rik",5,15,8,4,5,7,1,2,7
"Ankrd39",41,80,78,30,30,49,26,30,45
"Fam163b",0,0,0,2,0,0,0,0,0
"Abraxas2",93,155,89,105,137,138,155,109,115
"D730005E14Rik",26,42,13,17,41,33,54,37,37
"Sri",243,342,258,224,306,352,256,236,351
"Tbx10",0,0,0,0,0,0,0,0,0
"Lmo3",2,1,0,0,1,0,0,1,0
"Lmo1",2,0,1,0,0,0,0,0,0
"Dsp",0,0,0,0,0,0,0,0,0
"Cald1",0,0,0,1,0,0,0,1,0
"Upk1a",4,10,7,0,0,0,2,0,5
"Npy",0,1,2,1,0,0,4,0,0
"Acy1",62,24,54,28,78,87,67,52,53
"Txlna",119,188,71,88,176,156,207,133,180
"Ctrl",6,25,6,5,2,13,0,0,7
"Hoxc11",0,0,0,0,0,0,0,0,0
"Cyb5a",131,94,110,153,172,149,143,153,189
"Ampd2",139,280,113,99,158,151,199,103,95
"Ank2",27,35,23,23,29,60,26,39,57
"Hyal3",8,4,2,9,2,4,0,3,9
"Arrb1",30,60,49,108,140,105,179,105,181
"Cpa1",0,0,0,0,0,0,0,0,0
"Itga1",0,0,0,0,0,0,0,0,0
"Actn1",33,117,56,80,195,134,148,99,170
"Maob",0,0,4,0,0,0,0,0,0
"Cyb5r3",213,272,165,140,209,180,207,155,132
"Blvra",115,249,128,153,220,159,200,129,197
"Pgm3",25,44,17,14,19,27,23,22,14
"Clps",0,0,0,0,0,0,0,0,0
"Glo1",63,67,37,21,60,43,37,36,22
"Selenos",422,600,361,292,530,505,617,428,499
"Pgc",0,0,0,0,0,0,0,0,0
"F11",0,1,0,0,0,0,0,0,0
"C7",0,0,0,0,0,0,0,0,0
"Cbr3",23,51,27,20,38,41,46,28,52
"Braf",51,102,52,43,95,51,78,78,58
"Mzf1",5,1,1,4,17,9,9,8,2
"Asl",91,96,107,60,92,77,89,55,115
"Cela1",18,25,14,24,41,48,28,41,37
"Mcf2",0,0,0,0,0,0,0,0,0
"Rap1a",194,241,153,162,155,173,155,196,186
"Zfp91",155,324,129,148,150,116,190,169,158
"Zbtb25",38,56,15,27,55,63,26,31,56
"Abr",132,301,166,152,297,342,238,180,266
"Amy2a5",0,0,0,0,0,0,0,0,0
"Art4",0,0,0,0,0,0,0,0,0
"Art3",10,6,5,20,9,11,0,9,5
"Gusb",888,1068,949,1339,1518,1480,1328,1549,1651
"Tpgs1",224,244,198,202,245,149,224,184,253
"Kif22",5,22,7,42,23,27,16,15,31
"Dek",476,613,229,381,281,172,318,500,373
"Syt17",0,0,0,0,0,0,0,0,0
"Dut",9,34,13,56,26,70,19,36,49
"Bmp3",0,0,0,0,0,0,0,0,0
"Pygb",57,80,37,60,51,57,84,59,75
"Dnah5",0,0,0,0,0,0,0,0,0
"Dnah12",0,1,0,0,0,0,0,0,0
"Dnah1",1,2,0,4,3,0,0,1,5
"Phka2",92,229,144,206,333,295,301,236,329
"Pygl",18,35,22,19,25,25,13,23,41
"Nop2",298,451,188,134,175,226,239,152,170
"Cyp11b1",0,0,0,0,0,0,0,0,0
"Mpi",63,55,48,224,382,298,237,319,401
"Fgb",0,0,0,0,0,0,0,0,0
"Ehmt2",181,337,212,181,301,307,304,220,262
"Raf1",123,214,131,104,213,201,150,157,209
"Gpr18",369,610,85,6,33,35,29,33,22
"Slc35b1",259,417,214,256,340,423,331,279,275
"Manba",78,116,92,78,168,170,151,109,135
"Ggct",37,40,30,11,13,30,37,18,18
"Scgb2b26",0,0,0,0,0,0,0,0,0
"Fdps",26,44,37,33,25,62,40,62,52
"Dgkg",1,2,0,1,5,1,1,0,5
"Akr7a5",53,78,62,58,63,54,64,47,100
"Pgd",671,689,662,362,549,533,619,445,495
"Tmbim6",2168,3001,1763,1907,2992,3395,2538,2305,2692
"Triobp",66,132,83,62,52,39,61,62,56
"Hba-a2",46,0,1,43,0,0,1,4,0
"Msra",108,103,74,29,55,33,38,50,32
"Bcr",12,21,9,22,26,13,27,25,29
"Glra3",0,0,0,0,0,0,0,0,0
"Krt5",0,0,0,0,0,0,0,0,0
"Krt7",0,0,0,0,0,0,0,0,0
"Pmch",0,0,0,0,0,0,0,0,0
"Trbv26",0,0,0,0,0,0,0,0,0
"Cox6b1",761,848,565,628,689,652,637,777,779
"Tas1r1",0,0,0,0,0,0,0,0,0
"Pp2d1",0,0,2,0,0,0,0,0,0
"Rmst",0,0,0,0,0,0,0,0,0
"Dync2h1",24,56,8,11,15,7,1,14,14
"Rap1gap",7,3,10,25,31,19,4,11,12
"Grk2",1087,2063,921,744,897,918,869,698,1079
"Sec13",215,259,146,148,206,254,208,234,216
"Shroom2",0,0,0,0,0,0,0,0,0
"C8b",0,0,0,0,0,0,0,0,0
"Pde4c",0,0,0,0,0,0,0,0,0
"Qdpr",88,126,70,87,129,210,218,133,129
"Pigh",24,38,32,35,45,42,54,38,28
"Acat1",77,87,45,71,68,67,86,76,70
"Ly6a",73,14,50,228,113,157,31,98,146
"Acat2",19,26,17,33,15,27,16,24,6
"Or5w22",0,0,0,0,0,0,0,0,0
"Hivep1",76,123,64,42,41,47,79,39,43
"Dgkq",46,45,40,33,34,52,61,55,53
"Adarb1",35,37,36,21,66,56,40,38,45
"Amhr2",1,0,0,3,0,0,2,0,0
"H2-Q6",0,2,1,0,1,0,0,2,3
"Prdm2",217,353,118,136,158,144,205,221,147
"Timp4",0,0,2,0,0,0,0,0,0
"Arhgef28",0,0,0,0,0,0,0,0,0
"Fntb",36,35,15,22,16,31,24,13,32
"Hdlbp",320,414,202,248,400,385,468,370,374
"Iglv2",0,0,0,0,0,0,0,0,0
"Atxn3",45,86,56,31,76,67,52,72,62
"Grik4",0,1,1,0,0,0,0,0,0
"Prps2",79,129,80,96,67,55,103,102,100
"Lmx1a",0,0,0,0,0,0,0,0,0
"Rps6ka3",1,7,7,0,1,4,6,9,3
"Aldh7a1",23,36,16,21,69,79,45,55,49
"H2-M10.3",0,0,0,0,0,0,0,0,0
"Chaf1b",17,41,14,63,23,74,26,35,47
"Cse1l",114,168,90,104,127,88,113,110,111
"Adam33",3,13,6,2,11,12,8,5,26
"Igkj1",0,0,0,0,0,0,0,0,0
"Igkj2",0,0,0,0,0,0,0,0,0
"Igkj3",0,0,0,0,0,0,0,0,0
"Igkj4",0,0,0,0,0,0,0,0,0
"Igkj5",0,0,0,0,0,0,0,0,0
"Nr3c2",3,1,0,2,4,1,5,5,1
"Iglc1",0,1,1,0,0,12,0,5,1
"Iglc2",0,0,3,0,0,2,0,4,0
"Iglc3",0,0,0,0,0,0,0,0,0
"Adgrv1",0,0,0,0,0,0,0,0,0
"Cebpe",7,0,1,4,1,0,0,0,0
"Tshz1",32,38,42,35,46,30,40,44,35
"Foxe1",0,0,0,0,0,0,0,0,0
"Srsf1",224,344,113,176,150,155,127,192,150
"Pwp2",89,156,102,24,34,51,33,36,28
"Pcca",37,56,41,43,71,66,61,57,65
"Etfb",183,213,153,226,267,200,194,286,286
"Lims1",188,523,155,203,285,191,222,308,259
"Chrna3",0,0,0,0,0,0,0,0,0
"Chrna5",0,1,0,0,0,0,0,0,0
"Etfa",65,69,48,67,78,120,76,94,58
"Ptpa",296,438,239,272,343,234,381,354,340
"Pde6c",0,0,0,0,0,0,0,0,0
"Kcnq3",0,2,1,0,0,0,0,0,0
"Scn2a",1,2,0,2,0,6,4,5,0
"Slc18a1",0,0,1,0,0,0,0,1,0
"Scn4a",0,0,0,0,0,0,0,0,0
"Gabra5",0,0,0,0,0,0,0,0,0
"Slc8a2",4,0,0,0,0,0,0,0,0
"Slc8a3",0,0,0,0,0,0,0,0,0
"Slc9a4",0,1,0,0,0,0,0,0,0
"Chrna2",0,0,0,0,0,0,0,0,0
"Cds2",217,280,277,188,340,309,300,263,349
"Hspa13",72,76,43,76,63,82,109,87,63
"Atp6v1b1",0,0,0,0,0,0,0,0,0
"Hlcs",3,11,14,4,2,11,7,9,9
"Rpl10",1257,1276,997,822,977,834,797,861,1264
"D1Pas1",0,0,0,0,0,0,0,0,0
"M1ap",11,39,5,1,10,7,5,6,12
"Nudt19",167,240,126,91,122,83,100,120,91
"Tars1",297,485,237,116,236,205,324,197,211
"Mbd6",91,143,131,114,224,212,158,158,226
"Marcksl1-ps4",0,0,0,0,0,0,0,0,0
"Erc1",0,0,0,0,7,0,0,1,0
"Taar1",0,0,0,0,0,0,0,0,0
"Pecr",55,47,64,64,111,117,93,109,111
"Stmn1-rs1",0,0,0,0,0,0,1,0,0
"Hmga1b",5,5,5,8,11,5,5,8,4
"Dlx1as",0,0,1,0,2,0,0,0,0
"Igf2os",0,0,0,0,0,0,0,0,0
"Dxo",101,147,80,146,160,137,110,105,97
"Egln1",49,92,50,51,83,82,93,74,106
"Egln2",739,2617,375,214,169,181,169,185,210
"Egln3",0,0,0,5,18,7,9,7,3
"Tas2r116",0,0,0,0,0,0,0,0,0
"Zfp607b",7,3,1,6,2,5,1,4,2
"Ugt2b37",0,0,0,0,0,0,0,0,0
"1700102P08Rik",0,2,4,1,2,5,1,0,0
"Ifit1bl2",1,2,0,0,0,0,2,0,1
"Zfp979",0,0,0,0,0,0,0,0,0
"Pzp2",0,0,0,0,0,0,0,0,0
"Aanat",0,0,0,0,0,0,0,0,0
"Aatk",9,7,18,10,32,20,15,19,31
"Abca1",634,821,366,505,579,239,378,478,608
"Abca4",0,0,0,0,0,0,0,0,0
"Abca2",89,231,99,127,203,116,117,93,181
"Abcb7",56,95,41,54,43,14,59,50,50
"Abcg1",481,838,662,486,505,389,419,398,614
"Abi1",202,399,180,200,291,260,230,282,278
"Abl1",71,121,88,167,277,278,344,229,297
"Abl2",246,399,304,144,294,115,170,209,266
"Scgb1b27",0,0,0,0,0,0,0,0,0
"Acadl",191,385,196,126,124,155,101,110,149
"Acadm",109,104,106,96,129,129,104,138,154
"Acadvl",133,178,148,121,174,162,171,161,159
"Vmn1r48",0,0,0,0,0,0,0,0,0
"Vmn1r47",0,0,0,0,0,0,0,0,0
"Vmn1r43",0,0,0,0,0,0,0,0,0
"Vmn1r42",0,0,0,0,0,0,0,0,0
"Vmn1r52",0,0,0,0,0,0,0,0,0
"V1ra8",0,0,0,0,0,0,0,0,0
"Vmn1r54",0,0,0,0,0,0,0,0,0
"Vmn1r50",0,0,0,0,0,0,0,0,0
"Vmn1r53",0,0,0,0,0,0,0,0,0
"Vmn1r44",0,0,0,0,0,0,0,0,0
"Vmn1r40",0,0,0,0,0,0,0,0,0
"Vmn1r46",0,0,0,0,0,0,0,0,0
"Vmn1r41",0,0,0,0,0,0,0,0,0
"Vmn1r10",0,0,0,0,0,0,0,0,0
"Vmn1r29",0,0,0,0,0,0,0,0,0
"Vmn1r11",0,0,0,0,0,0,0,0,0
"Vmn1r13",0,0,0,0,0,0,0,0,0
"Vmn1r15",0,0,0,0,0,0,0,0,0
"Vmn1r14",0,0,0,0,0,0,0,0,0
"Vmn1r25",0,0,0,0,0,0,0,0,0
"Acaa1a",122,121,92,212,212,293,332,270,219
"Acads",128,220,165,176,149,160,127,185,193
"Laptm4b",60,104,77,137,283,228,135,128,199
"Cldn16",0,0,0,0,0,0,0,0,0
"Foxp2",0,0,0,0,0,0,0,0,0
"Atp6v0b",953,1101,992,985,952,828,1005,941,1159
"Slc33a1",82,122,70,58,52,50,65,67,71
"Asic2",0,0,1,0,0,0,0,0,0
"Asic1",0,4,0,0,0,0,0,0,0
"Ace",0,3,0,5,0,7,0,1,0
"Prss1",0,0,0,0,0,0,0,0,0
"Kiss1r",0,2,0,4,6,7,7,7,0
"Ache",0,11,27,30,10,14,15,26,32
"Aipl1",0,2,1,0,0,0,1,0,2
"Npnt",0,12,3,42,35,25,25,41,65
"Apoc4",1,0,0,0,3,1,14,9,13
"Dok4",4,6,0,2,0,3,11,3,5
"Macf1",344,660,341,471,755,660,722,518,648
"Aco1",128,165,97,64,212,179,134,89,141
"Aco2",262,378,225,221,385,470,380,294,376
"Acox1",89,142,72,85,173,128,144,167,151
"Palmd",0,0,0,0,2,0,0,0,0
"Slc28a3",0,0,0,0,0,0,0,0,0
"Acp1",53,74,32,23,33,38,24,43,41
"Acp2",483,658,230,585,936,829,869,968,926
"Acp5",56,86,23,15,75,64,85,57,62
"Lyve1",0,0,0,0,3,1,0,4,4
"Acr",0,0,0,0,0,0,0,0,0
"Chrna1",0,0,0,0,0,0,0,0,0
"Chrna4",0,0,0,0,0,3,0,0,0
"Chrna6",0,0,0,0,0,0,0,0,0
"Chrna7",0,0,0,0,0,0,0,0,0
"Chrnb1",2,2,0,4,3,0,0,5,0
"Chrnb2",0,7,0,3,4,3,2,4,1
"Chrnd",0,0,0,0,0,0,0,0,0
"Slc5a5",0,0,0,1,0,5,3,1,1
"Chrne",0,0,0,0,0,0,0,0,0
"Chrng",0,0,0,0,0,0,0,0,0
"Adipoq",0,0,0,0,3,0,0,0,0
"Acrv1",0,0,0,0,0,0,0,0,0
"Csprs",0,0,0,0,0,0,0,0,0
"Zbtb21",38,74,28,30,25,38,44,33,29
"Krt82",0,0,0,0,0,0,0,0,0
"Crip3",0,0,0,0,1,0,3,0,1
"Clic1",1204,1269,1204,1034,1586,1783,1329,1263,1871
"D17H6S53E",78,67,49,26,32,20,22,29,40
"Acta1",0,3,4,0,1,2,1,1,4
"Ehbp1l1",508,895,412,458,516,690,629,491,620
"Zmynd10",0,0,0,0,0,1,0,0,0
"Prdm15",19,31,9,13,34,49,31,25,31
"Tle6",2,4,0,1,2,6,2,2,2
"Actb",20986,20517,13430,15065,22545,16587,24696,20582,21689
"Elac1",63,104,53,39,72,79,71,63,63
"Actc1",0,0,0,0,0,0,0,0,0
"Pth2",0,0,0,0,0,0,0,0,0
"Rpl31",1670,1840,1325,1271,1546,1402,1267,1474,1706
"Brdt",3,11,9,0,3,3,0,4,3
"Oas1c",10,6,24,11,25,17,13,14,28
"Slc13a3",669,2320,253,99,127,122,150,161,180
"Actg1",25,24,17,18,49,20,45,24,28
"Ly6g5c",0,0,0,0,0,0,0,0,0
"Ly6g6d",2,2,2,10,19,14,5,9,22
"Etos1",0,0,0,0,0,0,0,0,0
"Prss28",0,0,0,0,0,0,0,0,0
"Prss29",0,0,0,0,0,0,0,0,0
"Impa2",7,18,4,1,8,14,12,7,17
"Hsd17b11",211,262,243,218,321,215,277,256,316
"Krtap5-5",0,0,0,0,0,0,0,0,0
"5033404E19Rik",0,0,0,0,0,0,0,0,0
"Semp2l2b",0,0,0,0,0,0,0,0,0
"1700007E05Rik",0,0,0,0,0,0,0,0,0
"4930433N12Rik",0,0,0,0,0,0,0,0,0
"Gtf2ird2",33,34,24,28,37,52,34,50,56
"Wdr87",0,0,0,0,0,0,0,1,0
"4930519F09Rik",0,2,1,0,0,0,0,0,0
"Selenom",34,59,23,12,23,27,25,21,28
"Actg2",0,0,0,0,0,0,0,0,0
"Actl7a",0,0,0,0,0,0,0,0,0
"Actl7b",0,0,0,0,0,0,0,0,0
"Ferd3l",0,0,0,0,0,0,0,0,0
"Rasa2",122,145,124,59,78,89,119,119,80
"Rad51c",0,2,0,5,5,1,4,8,2
"Spred1",15,28,10,20,37,30,20,16,19
"Spred2",5,12,3,3,16,5,24,9,9
"Actn2",0,0,0,0,1,4,1,0,0
"Actn3",3,7,0,0,0,0,0,0,0
"Supt16",38,69,27,43,63,24,44,24,51
"Acta2",1,3,0,1,0,0,0,0,0
"G6bos",0,0,0,0,0,0,0,0,0
"Acvr1",54,67,30,59,109,85,87,70,83
"Pawr",0,0,0,0,0,0,0,0,0
"Acvr1b",12,5,0,0,0,5,4,7,2
"Acvr2a",31,43,16,6,18,9,26,22,23
"Acvr2b",71,61,91,76,125,56,55,54,136
"Acvrl1",33,41,29,92,119,111,94,92,79
"Aspa",0,0,0,0,0,0,0,0,0
"Ada",10,14,15,15,33,23,29,28,20
"Plpbp",71,116,54,42,70,59,81,55,39
"Psg25",0,0,0,0,0,0,0,0,0
"Adam10",219,150,147,335,341,129,324,364,360
"Psg28",0,0,0,0,0,0,0,0,0
"Psg29",0,0,0,0,0,0,0,0,0
"Dscaml1",0,0,0,0,0,0,0,0,0
"Ddhd1",47,61,16,18,45,44,26,32,53
"Plcz1",0,1,0,0,0,0,0,0,0
"Adam11",0,6,1,0,0,2,1,0,0
"Cygb",0,0,1,1,0,2,0,0,0
"Vsx1",0,1,0,0,0,1,0,1,0
"Adam12",0,0,0,0,0,0,0,0,0
"Dcun1d1",39,68,35,29,63,32,46,59,40
"Afg3l1",354,471,256,257,185,236,263,271,240
"Adam15",482,481,511,871,1205,1064,1166,1010,1326
"Adam17",332,396,293,336,564,567,572,521,652
"Adam19",0,0,0,0,0,0,5,3,0
"Adam2",0,0,0,0,0,0,0,0,0
"Adam22",4,9,0,2,2,1,7,1,2
"Adam3",25,57,14,9,12,7,5,18,6
"Adam4",8,0,0,0,2,3,0,2,6
"Adam5",0,0,0,0,0,0,0,0,0
"Adam7",0,0,0,0,0,0,0,0,0
"Adam8",244,174,144,27,52,35,41,16,53
"Adam9",253,218,188,126,189,182,191,159,175
"Adamts1",236,190,214,93,63,132,99,134,149
"Adcy6",35,48,34,38,45,44,33,44,41
"Adcy7",176,274,150,283,555,497,432,323,548
"Adcy8",0,1,0,0,1,1,8,0,9
"Adcy9",29,45,26,27,56,30,27,35,36
"Adcyap1",0,0,0,0,0,0,0,0,0
"Adcyap1r1",0,5,0,0,0,0,0,0,1
"Add1",126,101,118,182,327,310,303,213,253
"Add2",0,1,1,0,0,2,0,0,0
"Plin2",201,718,165,44,90,122,98,86,139
"Adh1",0,0,0,0,0,0,0,0,0
"Adh7",0,0,0,0,0,0,0,0,0
"Adh5",236,366,267,202,222,266,210,251,223
"Adk",9,23,6,23,12,33,9,26,18
"Adm",0,4,0,0,0,0,0,0,0
"Gpr182",0,0,0,0,0,0,0,0,0
"Cfd",0,0,0,0,0,0,0,0,0
"Adnp",141,176,100,123,171,119,131,144,175
"Adora1",8,16,22,194,124,118,44,129,157
"Adora2a",3,26,1,0,0,0,2,0,0
"Adora2b",17,3,4,0,0,0,0,0,0
"Adora3",595,708,414,452,564,494,454,545,533
"Adprh",345,451,324,188,325,434,401,261,344
"Parp1",87,103,69,163,232,315,236,197,271
"Parp2",118,152,112,129,184,193,169,199,196
"Adra1b",0,0,0,0,0,0,0,0,0
"Adra1a",0,0,0,0,0,0,0,0,0
"Adra1d",0,0,0,0,0,0,0,0,0
"Adra2a",2,11,0,1,2,0,1,0,3
"Adra2b",0,0,0,0,0,0,0,0,0
"Adra2c",0,0,0,0,0,0,0,0,0
"Adrb1",100,215,146,150,261,159,227,111,220
"Adrb2",52,38,62,67,144,138,123,55,83
"Adrb3",0,0,0,0,0,0,0,0,0
"Adsl",198,252,96,65,89,98,96,80,69
"Adss1",120,87,151,57,113,114,76,62,89
"Adss2",112,138,89,69,83,47,53,70,92
"Avil",0,0,0,0,0,2,0,0,0
"Aebp1",13,3,3,3,0,0,0,0,5
"Aebp2",91,216,93,108,89,130,105,119,68
"Crisp1",0,0,0,0,0,0,0,0,0
"Crisp3",0,0,0,0,0,0,0,0,0
"Afp",41,24,32,18,36,47,28,46,47
"Aga",103,173,109,171,231,240,300,195,237
"Acan",0,0,0,0,0,0,0,0,0
"Ager",43,105,79,17,33,30,24,31,37
"Angpt1",0,0,0,0,0,0,0,0,0
"Angpt2",0,1,0,0,0,0,0,0,0
"Angpt4",0,0,0,0,0,0,0,0,0
"Agrn",39,45,34,66,139,75,50,67,74
"Agrp",0,0,0,0,0,0,0,0,0
"Gla",37,74,36,17,20,50,26,36,33
"Agt",2,0,1,1,0,0,1,0,0
"Agtr1a",0,0,0,0,0,0,0,0,0
"Agtr1b",0,0,0,0,0,0,0,0,0
"Agtr2",0,0,0,0,0,0,0,0,0
"Agtrap",353,449,219,108,129,109,127,153,136
"Agxt",0,0,0,0,0,0,0,0,0
"Nr0b1",0,0,0,0,0,0,0,0,0
"Ahr",57,83,20,5,12,2,9,7,7
"Ahrr",7,4,10,2,8,3,2,2,8
"Ahsg",0,0,0,0,0,0,0,0,0
"Aicda",0,0,0,0,0,0,0,0,0
"Aif1",939,838,779,2303,2382,2813,1889,2451,2654
"Crybg1",16,39,17,19,12,7,9,14,16
"Aip",111,153,112,129,127,66,63,94,139
"Aire",0,0,0,0,0,0,0,0,0
"Ak1",43,47,18,69,48,88,36,76,76
"Ak2",491,711,310,263,650,642,617,507,541
"Ak4",0,1,0,0,0,0,0,0,0
"Akap1",67,61,26,26,39,47,46,29,35
"11641",0,2,0,0,0,1,0,0,0
"Akap3",0,0,0,0,0,0,1,0,0
"Akap4",0,0,0,0,0,0,0,0,0
"Alpl",0,0,0,0,0,0,0,0,0
"Akp3",0,0,0,0,0,0,0,0,0
"Alppl2",0,0,0,0,0,0,0,0,0
"Akt1",350,578,427,266,560,396,403,282,522
"Akt2",17,27,21,27,24,22,23,21,27
"Alas1",352,422,181,295,513,330,445,323,392
"Alas2",1,0,0,4,0,0,0,0,0
"Alb",0,0,0,4,6,4,3,0,3
"Alcam",5,5,3,1,0,1,1,4,0
"Abcd1",63,68,85,75,64,57,49,73,82
"Aldh1a1",0,1,0,0,0,0,0,0,0
"Aldh2",74,96,50,136,180,171,119,119,161
"Aldh3a1",0,0,0,0,0,0,0,0,0
"Fgfrl1",9,18,6,16,14,18,15,15,10
"Aldh3a2",100,165,80,90,112,136,142,81,135
"Pcdha1",0,0,0,0,0,0,0,0,0
"Tsga13",0,0,0,1,0,0,0,0,0
"Vps4a",89,233,102,87,132,93,94,109,131
"Aldoa",551,488,453,413,638,707,678,563,705
"Defb6",0,0,0,0,0,0,0,0,0
"Lsm10",23,29,40,38,60,98,56,41,63
"Aldoc",17,28,8,6,1,8,4,5,5
"Akr1b1",11,18,11,12,6,15,3,13,17
"Foxn4",0,0,0,0,0,0,0,0,0
"Zim3",0,0,0,0,0,0,0,0,0
"Alk",0,0,0,0,0,0,0,0,0
"Rims1",0,0,0,0,0,0,0,2,0
"Rims2",0,3,1,0,1,0,1,0,0
"Alox12",0,0,0,0,0,2,0,0,0
"Prelp",0,0,0,0,2,0,0,0,0
"Baz2a",59,152,75,53,106,68,121,88,79
"Il22b",0,0,0,0,0,0,0,0,0
"Alox12e",0,0,0,0,0,0,0,0,0
"Akr1c20",0,0,0,0,0,0,0,0,0
"Alox12b",0,0,0,0,0,0,0,0,0
"Alox15",6,6,4,1,1,0,0,0,2
"Mta1",162,183,112,118,158,189,205,109,125
"Mta3",10,19,16,22,25,27,50,30,40
"Serpinb7",0,0,0,0,0,0,0,0,0
"Stim2",57,51,47,70,51,40,58,55,59
"Alox8",0,0,0,0,0,0,0,0,0
"Alox5",203,203,225,149,434,279,435,244,325
"Derl2",279,409,251,351,379,384,404,336,405
"Alox5ap",453,238,768,869,1606,1676,1325,1124,1363
"Calcb",0,0,0,0,0,0,0,0,0
"Alpk3",1,0,0,0,0,0,0,0,0
"Dph1",0,3,0,1,0,0,0,0,0
"Cts8-ps",0,0,0,0,0,0,0,0,0
"Tpbpb",0,0,0,0,0,0,0,0,0
"Slc19a2",8,13,8,4,5,8,3,11,9
"Gfer",443,644,374,307,403,419,398,444,523
"Pnpla3",0,0,0,0,0,0,0,0,0
"Alx3",0,0,0,0,0,0,0,0,0
"Tgs1",186,342,107,158,194,102,157,227,164
"Alx4",0,0,0,0,0,0,0,0,0
"Tlcd3a",1,0,0,0,0,2,0,2,0
"Ambn",0,0,0,0,0,0,0,0,0
"Ambp",2,2,2,1,0,4,0,2,7
"Or5d18",0,0,0,0,0,0,0,0,0
"Or5d47",0,0,0,0,0,0,0,0,0
"Amd1",13,15,8,4,6,1,5,6,2
"Amelx",0,0,0,0,0,0,0,0,0
"Amh",0,1,0,0,0,0,0,0,0
"Cts3",0,0,0,0,0,0,0,0,0
"Pop5",155,142,147,108,200,180,235,187,154
"Ube3b",29,51,47,47,63,86,59,48,62
"Acsm1",0,0,0,0,0,0,0,0,0
"Necab2",0,0,0,0,0,0,0,0,1
"Tirap",221,368,239,161,185,146,145,193,169
"Pip4k2c",98,263,144,82,130,149,124,95,141
"Scgb3a2",0,0,0,0,0,0,0,0,0
"Ttyh2",9,18,8,4,18,17,24,3,39
"Steap4",0,1,1,0,0,0,0,0,0
"Ampd3",22,26,17,19,86,66,78,55,64
"1110038F14Rik",99,170,74,72,106,95,84,96,113
"Krtap13-20",0,0,0,0,0,0,0,0,0
"Bloc1s4",109,159,73,52,116,90,80,81,88
"Ivns1abp",813,815,856,769,1019,683,1063,1187,974
"Mat1a",0,0,0,0,0,0,0,0,0
"Amy1",4,3,4,0,0,2,1,0,5
"Stk33",0,0,0,0,0,0,0,0,0
"Ang",61,61,76,122,224,130,135,124,164
"Ang2",0,0,0,0,0,0,0,0,0
"Ank",71,85,84,27,35,14,23,24,27
"Ank1",4,2,5,0,1,5,3,2,0
"Ank3",2,1,3,0,0,0,4,3,3
"Ankfy1",159,312,173,162,268,294,281,260,354
"Anp32a",73,117,83,134,141,176,130,142,174
"Slc25a4",407,551,238,258,305,328,270,284,393
"Slc25a5",1373,1506,838,557,872,1097,916,833,961
"Anxa11",0,1,3,0,0,0,6,1,0
"Anxa3",1137,1213,1114,704,958,973,915,1056,1008
"Anxa4",11,41,28,37,38,49,26,23,19
"Anxa5",64,187,83,63,139,149,156,108,124
"Anxa6",73,76,52,76,61,45,52,63,87
"Anxa7",116,198,126,71,97,149,101,88,118
"Anxa8",0,0,0,0,0,0,0,0,1
"Aoc3",0,0,0,0,0,0,0,0,0
"Prdx3",40,33,50,35,44,88,39,55,36
"Prdx6",288,275,191,89,142,98,117,117,114
"A1bg",0,0,0,0,0,0,0,0,0
"Asb7",32,73,15,17,51,42,43,37,45
"Asb10",9,20,4,20,24,32,17,17,29
"Slc2a9",12,32,19,29,36,34,24,37,62
"B3galt6",27,32,31,18,16,52,47,30,35
"Helb",63,108,39,32,62,37,46,61,49
"Srgap1",1,7,0,0,0,0,1,2,0
"Boc",0,0,0,0,0,0,0,0,0
"Aox1",0,0,0,0,0,0,0,0,0
"Ap1b1",422,641,434,470,839,708,787,565,821
"Ap1g1",154,299,158,216,249,246,175,235,240
"Ap1g2",124,259,111,120,147,146,137,115,180
"Ap1m1",262,358,207,149,236,223,240,172,222
"Ap1m2",0,0,0,0,0,0,0,0,0
"Ap1s1",244,386,181,166,285,290,286,236,282
"Fabp4",0,0,0,0,0,0,0,1,0
"Ap2a1",60,73,44,44,31,53,43,36,38
"Ap2a2",92,75,66,57,103,78,113,60,64
"Ap2m1",129,208,170,225,253,210,218,205,238
"Ap3b1",132,218,106,169,264,180,178,179,243
"Ap3b2",0,0,2,0,2,0,0,2,0
"Ap3d1",173,331,167,316,383,440,309,314,380
"Ap3s1",3,19,9,7,21,17,8,6,15
"Ap3s2",47,86,59,43,39,49,49,43,59
"Ap4m1",14,27,13,18,46,45,19,18,29
"Ap4s1",124,131,71,75,160,145,96,95,140
"Apaf1",50,65,57,47,51,36,50,59,64
"Apba2",1,5,0,1,0,0,0,0,3
"Apbb1",10,24,10,22,11,19,3,9,15
"Apbb2",33,57,48,26,38,69,43,68,37
"Apc",120,203,82,103,87,86,101,91,126
"Speg",22,72,36,61,116,112,102,79,137
"Apex1",144,129,90,115,156,155,129,166,150
"Atg5",172,293,127,148,202,223,176,208,183
"Birc3",167,351,97,52,87,114,89,108,85
"Birc2",49,107,81,44,81,95,93,98,58
"Xiap",119,107,47,82,89,91,83,95,76
"Birc5",1,6,1,32,13,22,9,5,49
"Api5",78,113,67,60,81,70,57,82,72
"Cd5l",2,4,0,0,6,4,3,4,13
"Aplp1",14,9,4,4,21,3,0,1,3
"Aplp2",241,237,187,95,211,226,137,160,198
"Apoa1",0,0,0,0,4,0,0,0,0
"Apoa2",1,0,4,0,0,0,0,0,0
"Apoa4",0,0,0,0,0,0,0,0,0
"Apobec1",607,1194,639,512,779,733,487,572,800
"Apobec2",13,13,28,8,10,12,3,9,7
"Apoc1",27,25,19,90,144,115,163,83,149
"Apoc2",129,191,117,53,178,93,208,100,165
"Apoc3",0,0,0,0,0,0,0,0,0
"Apod",6,13,8,10,0,6,1,7,1
"Apoe",11560,11024,14754,29228,50848,41391,41543,27829,54652
"Apoh",0,0,0,0,0,0,0,0,0
"Nr2f2",0,0,0,0,0,0,1,0,0
"App",793,715,559,360,721,609,622,450,624
"Aprt",515,458,404,157,296,210,353,243,345
"Aqp1",5,1,0,0,1,0,0,0,0
"Aqp2",0,0,0,0,0,0,0,0,0
"Aqp3",0,0,0,0,0,0,0,0,0
"Aqp4",0,0,0,0,0,0,1,0,1
"Aqp5",0,0,0,0,0,0,0,0,0
"Aqp6",0,0,0,0,0,0,0,0,0
"Aqp7",0,0,0,1,0,0,0,0,0
"Aqp8",0,0,0,0,0,0,0,0,0
"Aqr",86,113,58,56,47,54,85,63,45
"Ar",0,0,0,0,0,0,0,0,0
"Araf",114,139,113,91,149,211,154,122,173
"Rplp0",3083,3482,2521,1979,3710,3006,2805,2462,3462
"Arc",1,4,1,0,0,1,0,1,0
"Areg",0,0,0,0,0,0,0,0,0
"Arf1",376,458,327,269,570,455,459,396,613
"Arf2",106,174,92,107,113,97,116,132,112
"Arf3",83,123,45,101,164,144,127,120,74
"Arf4",334,459,230,241,371,396,376,305,325
"Arf5",52,48,36,42,78,50,63,37,58
"Klf16",36,52,8,26,23,27,16,35,24
"Gjc3",0,0,0,0,0,1,2,0,0
"Synpo2",0,0,0,0,0,0,0,0,0
"Arf6",185,266,156,138,223,287,177,140,181
"Mrps2",126,150,88,46,94,97,71,70,64
"Baalc",1,13,2,0,0,0,0,0,0
"Mmp28",2,0,0,0,0,0,1,0,5
"Gjc2",0,0,0,1,0,0,2,2,0
"Arg1",12,7,21,1,0,0,9,1,0
"Arg2",0,0,0,0,0,0,0,0,0
"Rhoa",462,590,368,449,700,708,591,471,581
"Rhob",946,608,1233,641,1536,1521,1632,1117,1562
"Rhoc",56,115,62,61,67,102,65,51,87
"Rhod",0,0,0,0,3,0,0,4,0
"Arhgap5",77,99,87,163,165,33,188,203,194
"Arhgap6",0,0,0,0,6,0,0,0,0
"Arhgdib",568,539,549,650,842,947,661,742,841
"Rnd2",0,0,0,0,0,0,0,0,0
"Phox2a",0,0,0,0,0,0,0,0,0
"Arl4a",24,42,25,4,25,24,20,17,30
"Arnt",50,87,50,32,38,51,67,60,45
"Arnt2",1,2,0,1,0,0,0,0,0
"Bmal1",12,35,30,9,41,19,19,30,22
"Arpc1b",2590,3974,2207,2211,2897,3801,2955,2610,3322
"Art1",0,0,0,0,0,0,0,0,0
"Art2a",0,0,0,0,0,0,0,0,0
"Art2b",0,0,0,0,0,0,0,0,0
"Art5",0,0,0,0,0,0,0,0,0
"Artn",0,0,2,1,2,3,4,0,0
"Arvcf",10,30,32,27,48,50,29,15,27
"Arx",0,0,0,0,0,0,0,0,0
"Arsb",279,392,256,664,818,677,587,720,762
"Arsa",87,47,101,141,209,219,219,186,214
"Asah1",503,663,538,628,730,777,561,684,822
"Asgr1",0,0,0,0,0,0,0,0,0
"Asgr2",2,0,4,13,43,14,3,9,34
"Rab27a",128,101,202,212,310,338,215,350,323
"Ass1",39,9,15,2,0,9,8,5,3
"Astn1",1,1,0,0,0,0,1,0,0
"Serpinc1",1,1,1,0,0,0,0,0,0
"Zfhx3",557,635,647,840,1205,682,935,1006,1058
"Ate1",61,116,63,53,77,76,63,62,62
"Atf1",93,132,56,62,69,98,60,74,102
"Atf2",81,165,69,64,87,29,57,100,122
"Atf3",204,455,256,206,169,196,173,168,329
"Atf4",1875,2801,1446,598,845,1192,1013,954,1109
"Atm",61,75,53,57,51,35,40,59,38
"Atoh1",0,0,0,1,0,0,0,0,0
"Neurod6",0,0,0,0,0,0,0,0,0
"Neurod4",0,0,0,0,0,0,0,0,0
"Neurog2",0,0,0,0,0,0,0,0,0
"Neurog3",0,0,0,0,0,0,0,0,0
"Atox1",1274,1435,1165,677,937,831,938,969,975
"Atp1a1",962,937,826,659,1239,1339,1456,884,1141
"Atp1b1",3,9,1,1,0,5,2,5,1
"Atp1b2",6,8,4,2,0,13,0,1,4
"Atp1b3",686,878,508,641,678,753,722,627,671
"Fxyd2",38,17,13,16,23,12,8,7,29
"Atp2a1",0,1,3,4,1,0,0,0,0
"Atp2a2",523,742,369,317,572,555,704,407,481
"Atp2b2",0,3,4,3,4,3,2,8,4
"Atp4a",0,0,0,0,0,0,0,0,0
"Atp4b",0,0,0,0,0,0,0,0,0
"Atp5f1a",792,1188,694,506,765,966,733,672,797
"Atp5f1b",2049,2509,1542,1127,1262,1684,1324,1434,1525
"Atp5f1c",400,403,358,369,468,394,469,411,497
"Atp5pb",371,365,237,333,415,457,353,385,497
"Atp5mc1",325,303,241,154,172,234,205,211,205
"Atp5pf",325,391,265,395,364,334,363,479,496
"Atp5me",323,282,202,356,354,280,275,420,360
"Atp6v1a",144,270,131,134,253,220,252,228,254
"Atp6v1b2",146,293,138,184,211,323,196,199,236
"Atp6v0d1",388,576,333,314,449,512,370,387,555
"Atp6v1e1",245,431,243,163,307,292,257,227,275
"Atp6v0e",301,386,367,229,393,385,332,269,372
"Atp6v0a1",197,197,282,354,599,514,643,396,650
"Atp7a",146,177,142,202,281,198,219,271,263
"Atp7b",0,0,0,0,0,0,0,0,0
"Atp8a1",400,367,293,998,1710,815,932,1196,1574
"Atp9a",3,6,6,18,5,10,3,3,9
"Atp10a",25,8,19,21,2,8,4,7,16
"Atp5if1",524,522,539,850,896,800,619,940,1053
"Atp6v0c",57,37,20,12,31,24,39,15,37
"Slc7a1",165,307,97,34,16,45,83,36,52
"Slc7a2",7,9,2,0,0,0,0,0,0
"Slc7a3",1,5,5,1,1,4,0,3,9
"Atrn",58,109,71,43,67,37,52,60,45
"Hnrnpd",149,276,110,178,238,233,221,242,260
"Auh",48,72,67,34,88,53,66,59,54
"Aup1",605,770,462,745,909,776,799,855,773
"Pcdh15",0,0,1,0,0,0,0,0,0
"Akr1b7",0,1,0,0,2,4,0,3,3
"Avp",1,3,1,0,1,0,0,2,1
"Avpr2",0,0,0,0,0,0,0,0,0
"Axin1",58,85,57,27,47,46,58,41,49
"Axin2",0,4,0,1,1,2,0,0,0
"Azgp1",0,0,0,0,0,0,0,0,0
"Cep131",21,31,18,10,34,41,21,24,21
"B2m",11999,11811,9358,8502,8808,6592,6571,8126,9645
"Baat",0,0,3,0,0,0,0,0,0
"Bach1",104,179,92,120,118,79,104,131,136
"Bach2",66,191,93,78,120,100,79,104,120
"Bad",104,117,62,97,115,82,76,101,130
"Bag1",444,543,381,353,454,356,373,438,436
"Bak1",151,213,140,95,66,96,90,117,107
"Nkx3-2",0,0,0,0,0,0,0,0,0
"Bard1",1,1,0,14,5,32,1,16,8
"Barx1",0,0,0,0,0,0,0,0,0
"Barx2",0,0,0,0,0,0,0,0,0
"Bax",484,653,378,220,390,411,362,291,401
"Bcl6b",0,0,0,0,0,0,0,0,0
"Bcan",3,2,6,1,0,3,0,3,1
"Bcap29",148,156,104,81,93,92,114,96,85
"Phb2",635,826,411,299,392,501,479,383,448
"Bcat1",3,1,0,2,0,2,0,1,3
"Bcat2",28,22,17,23,44,14,26,28,29
"Bche",0,0,0,0,0,0,0,0,0
"Bckdha",65,138,107,119,162,119,105,108,175
"Bckdhb",49,99,20,35,65,36,39,67,67
"Bckdk",92,128,88,103,128,147,104,160,109
"Bcl10",167,236,110,112,191,182,178,160,209
"Bcl2",62,154,100,41,57,92,86,57,54
"Bcl2a1a",237,320,70,22,49,54,67,51,48
"Bcl2a1b",508,942,352,168,211,168,178,239,289
"Bcl2a1c",2,1,0,0,0,0,0,0,0
"Bcl2a1d",50,121,12,4,3,5,4,5,4
"Bcl2l1",455,503,401,153,218,242,286,167,277
"Bcl2l10",0,0,0,0,0,0,0,0,0
"Bcl2l2",13,56,15,20,19,38,14,20,11
"Bcl3",289,598,201,64,102,231,178,128,136
"Bcl6",153,297,70,94,142,170,159,96,153
"Bcl7b",118,130,82,69,99,150,94,117,130
"Bcl7c",40,66,54,38,27,24,26,41,31
"Opn1sw",0,0,0,0,0,0,0,0,0
"Bdkrb1",0,0,0,0,0,0,0,0,0
"Bdkrb2",0,0,0,0,0,0,0,0,0
"Bdnf",0,0,0,0,0,0,0,0,0
"Bet1",39,30,29,42,58,43,54,61,64
"Bex2",2,6,2,0,3,0,0,0,0
"Bex3",30,31,36,18,35,32,15,27,35
"Bfsp1",2,1,1,1,0,2,0,1,5
"Glb1",64,49,84,147,249,209,116,187,269
"Bglap3",0,0,0,0,0,0,0,0,0
"Bglap",0,0,0,0,0,0,0,0,0
"Bglap2",0,0,0,0,0,0,0,0,0
"Cspg4",23,27,25,7,8,8,7,12,17
"Mrps6",59,74,39,35,49,65,59,43,44
"Bgn",0,0,0,0,0,0,0,4,0
"Bhmt",0,0,1,0,0,0,0,0,0
"Bicd1",0,0,0,0,0,0,0,0,0
"Bid",77,55,131,73,145,177,171,100,121
"Hrk",0,0,0,0,0,0,0,0,0
"Bik",9,5,0,7,11,20,5,10,10
"Bcl2l11",45,87,77,77,69,74,59,67,61
"Fabp7",3,0,0,0,0,0,0,0,0
"Prdm1",6,19,20,9,11,14,16,17,10
"Blk",0,0,0,0,0,0,0,0,0
"Blm",26,57,15,14,22,17,34,24,17
"Cxcr5",0,0,0,0,0,0,0,1,0
"Bmi1",76,124,55,70,53,50,58,99,64
"Bmp1",156,481,44,50,66,78,87,45,52
"Bmp10",0,0,0,0,0,0,0,0,0
"Bmp15",0,0,0,0,0,0,0,0,0
"Bmp2",0,0,0,0,0,0,0,0,0
"Bmp4",0,0,0,0,3,3,0,0,0
"Bmp5",0,0,0,0,0,0,0,0,0
"Bmp6",0,0,0,0,0,0,0,0,0
"Bmp7",0,0,0,0,0,0,0,0,0
"Bmp8a",10,6,4,1,0,0,0,0,0
"Bmp8b",0,0,0,0,0,0,0,0,0
"Gdf2",0,0,0,0,0,0,0,0,0
"Bmpr1a",57,80,41,41,52,52,60,56,87
"Bmpr1b",0,0,0,0,0,0,0,0,0
"Bmpr2",17,21,20,25,22,9,32,36,11
"Bmx",0,0,0,0,0,0,0,0,0
"Bnc1",0,0,0,0,0,0,0,0,0
"Bnip2",225,363,155,150,218,196,197,213,257
"Bnip3",41,54,48,34,44,51,58,41,51
"Bnip3l",311,312,343,189,320,136,150,232,295
"Smyd1",0,2,0,0,0,2,0,0,0
"Bop1",283,557,170,114,103,184,161,111,108
"Bst1",9,13,26,3,14,25,24,6,8
"Bpgm",23,44,31,19,40,35,39,31,30
"Brca1",0,0,0,17,5,14,8,10,9
"Brca2",6,35,9,63,25,36,31,35,33
"Zfp36l1",714,684,734,455,593,535,669,662,929
"Zfp36l2",253,313,374,123,250,130,337,277,258
"Brs3",0,0,0,0,0,0,0,2,0
"Birc6",114,169,93,120,131,69,129,127,111
"Chic1",12,12,3,9,4,3,0,5,4
"Bsg",897,870,738,1107,1111,859,820,1100,1313
"Bsn",2,12,3,5,11,17,10,6,6
"Btc",0,0,0,0,0,0,0,0,0
"Klf5",3,0,1,0,0,0,0,3,0
"Btg1",495,505,392,389,364,144,244,450,493
"Btg2",801,745,885,303,509,563,608,647,740
"Btg3",12,37,9,5,8,1,8,6,1
"Btk",131,159,120,123,188,159,178,155,208
"Btn1a1",0,0,0,0,0,0,0,0,0
"Btrc",27,65,36,15,55,24,36,43,43
"Bub1",1,0,0,29,7,3,2,6,14
"Bub1b",20,30,7,25,10,14,10,13,12
"Bub3",172,286,163,104,201,230,151,155,166
"Commd3",188,334,204,208,387,342,321,288,363
"Tspo",899,807,988,1478,2110,1641,1153,1357,2589
"Serping1",0,0,0,0,0,0,0,0,0
"C1qa",26626,26168,34719,38520,59929,56697,44183,39657,62480
"C1qb",37657,42096,41532,33074,75339,62099,52246,43063,76940
"C1qbp",394,622,290,187,293,406,324,261,247
"C1qc",12206,14849,14157,21889,38248,35391,22374,21929,38006
"C2",0,4,2,1,0,6,0,2,0
"Ciita",0,0,1,0,0,0,0,0,3
"C3",70,108,26,37,103,112,96,60,102
"C3ar1",3496,8237,1512,1109,1557,1071,1466,1429,1446
"C4b",116,118,260,676,625,591,284,444,1068
"C4bp",0,0,0,0,0,0,0,0,0
"C4bp-ps1",0,0,0,0,0,0,0,0,0
"C5ar1",414,611,362,161,286,367,283,198,162
"C6",0,0,0,0,0,0,0,0,0
"C9",0,0,0,0,0,0,0,0,0
"Hyou1",29,17,19,41,27,47,85,37,27
"Cab39",175,315,131,147,244,125,183,186,219
"Cacna1a",15,17,12,35,33,49,31,34,49
"Cacna1b",0,0,0,0,0,0,0,0,0
"Cacna1c",0,0,1,0,0,0,0,0,0
"Cacna1d",607,792,352,274,362,276,372,334,413
"Cacna1e",0,0,0,0,0,0,0,0,0
"Cacna1g",0,2,5,3,0,0,0,0,0
"Cacna1s",12,13,21,68,33,77,36,73,41
"Cacna2d1",0,3,0,0,0,0,0,1,0
"Cacna2d3",0,0,1,0,0,0,0,0,1
"Cacnb1",10,12,1,6,3,15,19,9,16
"Cacnb2",30,78,20,10,27,13,8,17,9
"Cacnb3",0,4,0,1,0,3,7,0,2
"Cacnb4",0,6,4,2,1,9,0,0,1
"Cacng1",0,0,0,0,0,0,0,0,0
"Cacng2",0,4,2,1,0,0,2,0,5
"Cacybp",111,95,47,92,78,100,119,98,90
"Pdia4",25,37,46,65,119,151,123,85,60
"Ddr1",0,0,0,0,0,2,0,0,2
"Anxa2",32,21,84,9,17,12,10,14,11
"Calb1",0,1,0,0,2,1,0,0,0
"Calb2",1,5,0,0,0,3,0,1,0
"S100g",0,0,0,0,0,0,0,0,0
"Calca",0,0,2,2,1,1,3,0,0
"Calcr",0,0,0,0,0,0,0,0,0
"Calm1",2221,2472,1366,1954,3539,3485,3206,3186,3385
"Calm2",617,543,513,655,888,660,555,757,878
"Calm3",230,280,225,252,328,287,259,328,429
"Aspm",0,5,1,8,6,5,2,5,12
"Calr",849,701,835,3616,4380,5535,3908,3745,3553
"Car8",0,3,0,0,0,0,1,0,0
"Calu",65,117,58,46,71,79,79,91,61
"Camk2a",8,13,8,4,14,10,6,5,15
"Camk2b",14,15,6,7,11,24,18,26,32
"Camk2g",184,282,180,123,197,196,155,179,156
"Camk4",2,2,1,2,1,1,3,0,5
"Caml",105,145,94,110,150,118,106,126,124
"Canx",638,537,385,786,829,545,858,949,733
"Cap1",34,24,12,41,59,25,45,42,42
"Capg",277,421,298,45,195,111,258,136,109
"Capn1",15,36,14,43,37,28,32,34,34
"Capn2",14,29,15,6,5,0,16,3,8
"Capn3",52,60,103,710,910,797,534,634,962
"Capns1",687,779,597,555,619,490,489,519,706
"Capn5",1,2,1,1,0,3,6,2,2
"Capn6",0,0,0,0,0,0,0,0,0
"Capn7",59,103,49,81,68,39,55,105,91
"Capza1",56,105,36,60,82,62,61,70,78
"Capza2",692,934,520,431,514,295,454,510,473
"Capza3",0,0,0,0,0,0,0,0,0
"Capzb",797,1232,851,685,864,838,731,784,908
"Car1",0,0,0,0,0,0,1,0,0
"Car11",8,9,1,5,16,6,2,5,9
"Car2",1,2,0,2,0,1,1,5,3
"Car3",0,0,0,0,0,0,0,0,0
"Car4",0,0,0,0,1,0,0,0,2
"Car5a",1,0,0,3,0,2,0,2,0
"Car6",0,0,0,0,3,0,1,0,2
"Car7",1,5,2,1,1,2,6,1,0
"Nr1i3",0,0,0,0,0,0,0,0,0
"Cat",23,21,26,23,47,77,54,39,32
"Cask",70,93,63,64,83,48,59,60,65
"Casp1",176,233,171,122,177,60,116,143,174
"Casp4",198,370,171,120,145,149,115,197,175
"Casp12",7,1,4,2,4,2,0,3,4
"Casp14",0,0,0,0,0,0,0,0,0
"Casp2",28,33,28,35,34,28,14,36,27
"Casp3",6,1,0,2,11,9,7,10,13
"Casp6",33,70,48,51,43,40,47,45,59
"Casp7",6,10,0,5,7,19,10,16,11
"Casp8",121,202,144,195,300,398,266,276,306
"Casp9",33,92,44,32,58,84,56,49,65
"Casq1",0,4,0,0,0,0,0,0,0
"Casq2",0,0,0,0,0,0,0,0,0
"Casr",0,0,0,0,0,0,0,0,0
"Cast",52,83,36,13,35,12,33,32,26
"Ctnna1",63,96,60,64,110,104,99,77,84
"Ctnna2",1,2,0,0,0,0,0,0,2
"Ctnnb1",344,576,297,363,433,505,391,440,468
"Ctnnd1",135,205,83,60,109,65,77,79,130
"Cav1",1,0,0,0,0,0,0,0,1
"Cav2",1,1,5,6,7,3,4,3,3
"Cav3",0,0,0,0,0,0,0,0,0
"Runx2",0,3,0,0,0,2,0,1,1
"Runx1",1076,1959,889,913,1493,863,1042,1080,1431
"Runx1t1",0,0,0,0,0,0,0,1,0
"Cbfa2t2",26,86,36,30,45,47,26,35,38
"Cbfa2t3",14,39,123,61,83,88,42,86,102
"Runx3",2,4,7,0,3,3,7,5,0
"Cbfb",104,138,87,93,107,61,79,124,93
"Serpina6",0,0,0,0,0,0,0,0,0
"Cbl",22,42,44,31,18,8,27,36,24
"Cbln1",0,1,3,0,0,0,0,0,0
"Cbln2",0,0,0,0,0,0,0,0,0
"Serpinh1",0,1,0,0,0,0,0,0,0
"Cbr1",97,107,79,126,123,139,124,133,177
"Cbr2",1,4,3,47,128,117,123,74,147
"Cbs",1,1,3,0,3,8,2,7,1
"Cbx1",6,16,5,26,79,16,8,25,7
"Cbx2",1,4,0,10,16,4,0,1,5
"Cbx3",14,6,1,7,6,12,34,19,20
"Cbx4",40,84,49,62,131,130,132,74,120
"Cbx5",45,37,43,69,27,39,32,44,45
"Rb1cc1",65,95,58,66,63,38,68,84,71
"Cck",3,12,3,3,1,0,0,1,0
"Cckar",0,0,0,0,0,0,0,0,0
"Cckbr",1,0,0,0,0,0,0,0,0
"Ccna1",0,0,0,0,0,0,0,0,0
"Ccna2",4,6,2,28,14,16,7,4,28
"Ccnb2",4,3,5,21,8,7,5,4,33
"Ccnd1",458,419,447,401,733,601,716,471,676
"Ccnd2",288,322,119,29,29,40,68,41,45
"Ccnd3",171,225,288,280,519,368,218,228,386
"Ccne1",2,7,10,20,15,29,13,23,19
"Ccne2",6,13,0,43,7,11,5,12,8
"Ccnf",13,18,3,33,19,22,7,16,23
"Ccng1",91,163,55,47,89,70,55,64,73
"Ccng2",29,21,33,45,47,30,25,80,87
"Ccni",215,237,142,287,491,412,307,359,344
"Ccnk",148,283,141,122,196,173,166,116,166
"Ccnt1",55,75,44,52,44,20,25,42,38
"Noct",20,85,17,7,11,18,21,9,3
"Ccr6",1,1,12,5,5,2,3,7,1
"Ccs",112,173,116,92,134,109,100,106,168
"Cct2",707,958,511,315,396,388,363,403,384
"Cct3",547,714,302,232,203,346,307,321,235
"Cct4",286,320,140,206,152,210,167,242,186
"Cct5",590,748,375,341,355,359,321,371,361
"Cct6a",526,699,325,205,250,352,325,288,280
"Cct6b",0,0,0,0,0,1,1,0,0
"Cct7",586,747,445,412,397,517,393,463,440
"Cct8",382,513,231,204,268,291,283,260,227
"Cd14",4431,6290,2729,918,2067,1768,2077,1459,1936
"Cd151",212,239,219,225,525,501,374,346,441
"Ctla4",0,0,0,0,0,0,2,0,2
"Cd19",0,0,0,0,0,0,0,0,0
"Cd1d1",11,29,12,6,10,10,7,9,15
"Cd1d2",0,0,0,0,0,0,0,0,0
"Cd2",0,0,0,0,1,0,6,5,1
"Ms4a1",0,0,0,0,0,0,0,0,0
"Cd22",18,80,23,63,71,51,63,41,89
"Cd24a",3,0,0,0,0,0,1,0,1
"Cd28",0,0,0,0,1,0,0,0,0
"Cd2ap",208,343,139,167,246,103,147,225,187
"Cd33",635,581,684,272,521,500,414,468,483
"Cd34",677,634,934,1217,2093,1600,1208,1374,1756
"Cd36",4,2,4,4,0,1,0,1,1
"Scarb2",238,532,235,367,375,397,417,326,396
"Cd37",430,471,557,781,1469,1135,1136,1125,1501
"Cd38",15,29,8,0,1,2,6,2,5
"Entpd1",231,268,326,685,1160,617,674,541,841
"Entpd2",0,0,0,0,0,0,0,0,1
"Entpd6",26,42,34,13,34,36,50,40,39
"Entpd5",15,12,17,18,36,26,20,19,32
"Cd3d",0,0,1,0,0,0,14,3,1
"Cd3e",1,0,0,0,0,0,9,0,0
"Cd3g",0,0,0,0,0,0,2,0,0
"Cd247",0,0,0,0,0,0,6,4,0
"Cd4",1,2,2,0,0,1,15,6,0
"Cd44",176,377,65,17,15,7,41,22,24
"Cd48",210,292,179,297,273,134,192,268,285
"Cd5",1,0,0,0,2,0,1,1,0
"Cd53",1268,1303,1239,897,802,441,603,814,860
"Cd59a",1,6,3,1,1,1,2,2,4
"Cd6",0,0,0,0,0,0,7,1,1
"Cd63",2332,2249,2305,1911,2607,3270,1732,1973,2848
"Cd68",556,627,716,985,1031,895,729,1241,1071
"Cd69",50,110,5,17,6,11,11,17,6
"Cd7",0,0,0,0,0,0,0,0,0
"Cd72",1187,3024,358,1057,1397,1601,1275,1129,1671
"Cd79a",0,0,0,0,0,0,0,0,0
"Cd80",44,38,14,13,11,6,11,6,13
"Cd81",2674,3016,3291,3928,4654,4827,3294,3054,4740
"Cd82",293,533,323,672,748,926,699,752,835
"Cd83",205,480,178,286,171,247,110,182,217
"Cd84",336,414,334,327,467,330,424,416,476
"Cd86",704,974,661,489,472,387,317,464,508
"Cd8a",0,0,0,0,0,0,0,1,0
"Cd8b1",0,0,0,0,0,0,0,0,0
"Cd9",480,613,551,820,930,1505,903,876,965
"Cdc25a",74,96,25,58,78,75,86,91,86
"Cdc25b",6,10,11,14,10,14,19,7,21
"Cdc25c",4,0,0,4,9,2,3,0,3
"Cdk1",5,15,6,60,14,51,19,18,52
"Cdk11b",160,203,122,82,183,113,182,123,137
"Cdc37",144,183,126,193,268,370,353,209,236
"Cdc42",1564,2305,1442,1315,1792,1881,1570,1819,1991
"Cdc45",18,27,4,18,26,47,12,20,18
"Cdc7",19,8,1,37,15,23,14,26,16
"Arhgap31",133,317,107,100,145,101,117,107,131
"Cdh1",1,2,0,0,0,0,1,0,0
"Cdh11",0,1,0,0,0,0,0,0,0
"Cdh13",0,3,1,0,0,1,0,0,0
"Cdh15",0,0,0,0,0,0,0,3,0
"Cdh16",0,0,0,0,0,0,0,0,0
"Cdh17",0,0,0,0,0,1,0,0,0
"Cdh2",0,0,0,0,0,0,0,0,0
"Cdh3",0,0,1,0,0,0,0,0,0
"Cdh4",1,1,0,0,0,0,0,0,0
"Cdh5",7,0,0,3,1,7,1,0,3
"Cdh6",0,0,0,0,0,0,0,0,0
"Cdh8",0,0,0,0,0,0,0,0,0
"Cdh9",0,0,0,0,0,0,0,0,0
"Cdk2",24,49,18,32,30,43,31,23,25
"Cdk4",173,173,162,162,245,371,199,224,287
"Cdk5",185,387,233,198,220,205,219,240,268
"Cdk5r1",76,137,109,249,364,416,304,343,410
"Cdk5r2",2,4,0,0,0,4,1,0,3
"Cdk6",5,3,6,4,5,1,1,9,4
"Cdk7",127,241,117,99,129,103,138,120,122
"Cdkn1a",981,1183,1079,65,80,120,167,112,141
"Cdkn1b",23,21,22,29,24,27,34,54,43
"Cdkn1c",7,4,11,11,29,7,12,5,14
"Cdkn2a",7,4,4,3,0,6,3,8,0
"Cdkn2b",0,0,0,0,0,1,0,0,2
"Cdkn2c",3,7,3,2,8,4,3,9,6
"Cdkn2d",29,49,98,38,63,90,32,34,95
"Cdo1",0,1,0,0,0,0,0,2,4
"Cdr2",4,6,1,0,0,0,13,10,0
"Mia",0,2,0,1,8,6,1,3,4
"Ift81",9,9,4,2,14,7,12,16,5
"Cdx1",0,0,0,0,0,0,0,0,0
"Cdx2",0,0,0,0,0,0,0,0,0
"Cdx4",0,0,0,0,1,0,0,0,0
"Cdyl",37,59,32,19,33,33,32,35,38
"Cebpa",106,121,202,222,269,405,352,299,398
"Cebpz",303,353,219,195,263,224,334,351,308
"Cebpb",1094,919,1138,307,810,915,849,444,722
"Cebpd",767,856,743,312,843,735,801,684,736
"Cebpg",139,181,163,242,394,341,325,297,353
"Cel",0,0,0,0,0,0,0,0,0
"Celsr1",0,0,0,0,0,0,0,0,0
"Cenpa",4,5,3,43,20,9,23,9,50
"Cenpb",412,625,349,164,219,134,128,161,219
"Cenpc1",30,63,27,28,28,17,22,35,30
"Cer1",0,0,0,0,0,0,0,0,0
"Ces1g",0,0,0,0,0,0,0,0,0
"Cetn3",135,131,85,84,95,99,102,157,83
"Cfc1",0,0,0,0,0,1,0,0,0
"Cfh",488,424,539,970,1111,476,618,922,1107
"Cfi",0,0,0,0,0,0,0,0,0
"Cfl1",4749,5711,4448,2841,3795,4032,3454,3508,3836
"Cfl2",59,144,34,51,90,71,76,77,76
"Cflar",420,847,264,270,417,311,382,401,423
"Cftr",0,0,0,0,0,0,0,0,0
"Cga",0,0,0,0,0,0,0,0,0
"Ch25h",1332,4758,140,74,3,118,46,67,29
"Chad",3,3,7,1,13,5,0,3,7
"Chat",0,0,0,0,0,0,0,0,0
"Chd1",94,115,52,83,61,57,89,69,68
"Chek1",0,7,1,18,8,11,6,15,15
"Chkb",143,211,88,90,107,106,107,106,130
"Chga",0,0,0,1,0,0,0,2,0
"Chgb",3,15,1,0,4,7,1,1,2
"Chi3l1",6,4,2,5,12,1,0,7,3
"Chil3",96,2,25,0,1,7,1,3,9
"Ovgp1",4,13,3,2,0,3,2,11,1
"Chka",223,407,239,133,231,163,152,129,216
"Chl1",0,0,0,0,0,0,0,0,1
"Chm",51,70,44,55,59,27,47,46,54
"Chml",16,21,10,22,16,23,14,20,15
"Chrd",0,0,0,0,0,0,0,2,0
"Chrm1",0,0,0,0,2,1,0,1,1
"Chrm3",0,0,0,0,0,0,0,2,0
"Chrm4",0,1,0,0,1,0,0,0,0
"Chuk",100,159,55,96,116,111,124,120,111
"Vsx2",0,0,0,0,0,0,0,0,0
"Cidea",0,0,0,0,0,2,0,1,0
"Cideb",2,3,0,5,17,8,5,3,15
"Elovl3",1,0,0,0,3,0,0,0,0
"Patj",0,7,1,1,0,1,1,7,2
"Cirbp",240,368,278,44,108,107,73,101,183
"Cish",14,13,0,0,5,1,5,3,7
"Socs3",2428,3410,1626,995,2185,2698,1614,1620,2877
"Socs1",80,80,23,30,24,64,18,29,32
"Cit",0,3,0,27,1,3,4,9,7
"Cited1",0,0,0,0,0,1,0,0,0
"Ckb",489,359,745,1677,1763,2452,1309,1727,2298
"Ckm",8,2,2,0,5,4,3,5,17
"Ckmt1",2,6,0,0,0,0,5,0,1
"Coro1a",2168,2155,2434,1927,2763,3335,2962,2232,2974
"Clca3a1",0,0,0,0,0,0,0,0,0
"Clcn1",0,0,0,0,0,0,0,0,0
"Clcn2",23,40,12,9,23,12,21,23,17
"Clcn3",157,291,140,155,255,135,194,218,156
"Clcn4",519,556,299,530,680,466,586,643,658
"Clcn5",11,9,8,11,7,0,10,5,4
"Clns1a",129,193,72,114,95,138,112,108,128
"Clcnka",0,0,0,0,0,0,0,0,0
"Cldn1",0,2,3,0,0,0,0,2,0
"Cldn2",1,0,0,0,0,0,0,0,0
"Cldn3",0,0,0,1,0,0,0,1,0
"Cldn4",0,0,0,0,0,0,0,0,0
"Cldn5",0,1,0,0,0,0,0,0,0
"Clgn",7,7,7,35,18,14,24,23,21
"Clk1",375,377,440,415,584,428,401,500,551
"Clk2",189,302,238,225,279,200,259,234,301
"Clk4",63,81,68,48,131,82,68,84,83
"Tpp1",408,447,389,741,1263,793,824,727,1133
"Cln3",382,513,326,311,292,353,345,344,396
"Clock",37,92,27,32,27,16,20,22,18
"Clta",1304,1526,1166,1714,2607,2365,1898,1778,2642
"Clu",15,17,10,10,3,9,1,11,5
"Cmah",0,0,0,0,0,0,0,0,0
"Cmas",153,211,215,145,247,272,257,184,227
"Cxcr2",2,0,1,0,6,1,6,10,4
"Cxcr3",0,3,0,1,0,0,0,0,0
"Cxcr4",3,0,6,2,8,1,1,3,2
"Ccr1",35,13,24,17,8,19,34,20,29
"Ccr9",2,4,0,0,0,0,0,0,0
"Ccr1l1",0,0,0,0,0,0,0,0,0
"Ccr3",0,0,0,1,4,0,1,0,4
"Ccr2",1,2,4,5,3,4,11,10,6
"Ccr4",0,0,0,0,0,0,0,0,0
"Ccr5",117,40,150,620,396,491,299,549,598
"Ccr7",4,4,5,0,0,0,6,2,0
"Ccr8",0,0,0,0,0,0,0,0,0
"Ccr10",0,0,4,0,0,0,1,0,0
"Ackr3",1,1,0,6,3,17,5,9,8
"Abcc2",0,0,0,0,0,0,0,0,0
"Cnbp",961,1264,641,395,431,476,517,519,502
"Cnga1",0,0,0,0,0,0,0,0,0
"Cnga2",0,0,1,0,0,0,0,0,0
"Cnga3",0,0,0,0,0,0,0,0,0
"Cnih1",193,277,107,158,226,257,198,159,233
"Cnih2",21,58,13,2,7,3,5,1,6
"Plk3",436,587,498,333,438,538,472,367,685
"Camp",87,4,13,0,0,0,0,0,0
"Cnn1",0,0,0,0,0,0,0,0,0
"Cnn2",77,21,40,79,188,150,117,115,143
"Cnp",55,71,50,152,132,124,76,87,121
"Cnr1",0,0,0,0,0,0,0,0,0
"Cnr2",30,45,73,40,59,52,55,43,63
"Cntf",0,0,0,0,0,0,0,0,0
"Cntfr",0,2,2,0,0,0,0,0,0
"Cntn1",0,1,0,0,3,0,0,0,2
"Hps3",170,323,149,291,384,287,264,299,306
"Cobl",0,0,0,0,0,0,0,0,0
"Coch",0,1,0,0,0,0,0,0,0
"Coil",26,99,38,54,31,39,28,43,43
"Col10a1",0,0,0,0,0,0,0,0,0
"Col11a1",0,0,0,1,0,0,0,0,0
"Col11a2",2,1,1,5,0,5,10,3,1
"Col12a1",0,0,0,0,0,0,0,0,0
"Col13a1",0,0,0,0,0,0,0,0,0
"Col14a1",2,8,0,5,12,6,5,3,8
"Col15a1",19,77,33,37,88,59,62,56,79
"Col17a1",0,0,0,0,0,0,0,0,0
"Col18a1",0,0,0,0,0,0,0,0,0
"Col19a1",0,0,0,0,0,0,0,0,0
"Col2a1",0,0,0,0,0,0,0,0,0
"Col3a1",0,0,0,0,0,0,0,0,0
"Col4a1",3,1,0,0,0,9,0,1,0
"Col4a2",0,1,0,0,0,0,0,0,0
"Col4a3",0,0,0,0,1,0,0,1,1
"Col4a4",0,3,0,0,0,0,0,0,0
"Col4a5",0,0,0,0,0,0,0,0,0
"Col5a1",0,2,0,0,7,1,0,0,0
"Col5a2",0,0,0,0,0,0,0,0,0
"Col6a1",0,0,0,0,0,0,0,2,0
"Col6a2",0,0,0,0,0,0,0,0,0
"Col6a3",8,10,3,68,112,91,50,63,126
"Col7a1",2,3,0,1,2,0,5,2,6
"Col8a1",3,0,0,0,0,0,0,0,0
"Col9a1",0,0,0,0,0,0,0,0,0
"Col9a2",0,0,1,0,0,0,0,0,1
"Col9a3",7,4,2,6,2,26,10,13,2
"Col1a1",0,0,0,0,0,0,0,0,0
"Col1a2",0,1,3,1,0,0,1,3,0
"Comp",24,44,34,104,128,130,87,129,133
"Comt",308,328,422,781,968,730,631,723,995
"Copa",253,394,198,222,344,355,307,314,374
"Cops2",136,200,97,100,94,97,67,123,92
"Coq7",61,120,27,57,81,94,102,73,103
"Cort",0,0,0,1,1,1,0,0,0
"Cox17",368,499,291,386,370,226,361,404,365
"Cox4i1",2399,3071,2370,1855,2636,1683,2054,2160,3050
"Cox5a",410,472,299,300,506,421,417,439,490
"Cox5b",545,617,458,371,503,417,447,489,570
"Cox6a1",1133,1053,1089,1466,2122,1781,1564,1657,2176
"Cox6a2",97,79,134,196,189,191,126,203,182
"Cox6c",411,462,331,333,421,304,316,383,446
"Cox7a1",2,0,0,4,4,4,0,5,0
"Cox7a2",302,353,248,211,275,196,201,284,288
"Cox7c",286,334,237,236,242,242,256,262,273
"Cox8a",618,712,514,540,568,404,441,600,669
"Cox8b",0,0,0,0,2,0,0,0,0
"Cp",348,750,52,94,253,73,129,169,168
"Cpa3",0,0,0,0,0,0,0,0,0
"Cpd",1225,2372,424,389,432,491,544,612,418
"Cpe",3,18,1,9,2,12,5,1,3
"Cpeb1",0,2,0,0,0,1,0,0,0
"Cys1",0,0,0,0,0,0,0,0,0
"Cplx1",0,13,3,0,2,2,0,0,1
"Cplx2",3,9,3,5,1,7,1,9,0
"Cpne6",0,3,0,2,0,2,0,1,0
"Cpox",43,28,25,33,66,50,79,67,39
"Cpt1a",58,156,69,46,83,87,114,92,95
"Cpt1b",0,0,0,0,0,0,0,0,0
"Cpt2",40,86,70,50,61,71,67,49,69
"Cr2",0,1,0,0,0,1,0,0,0
"Crabp1",0,0,0,0,0,0,0,0,1
"Crabp2",0,3,0,0,0,0,0,0,0
"Cradd",17,38,36,20,63,43,36,33,65
"Crat",45,72,71,172,187,171,152,138,141
"Crcp",67,83,84,47,57,65,56,54,106
"Creb1",54,97,57,140,183,127,119,189,150
"Creb3",203,200,185,130,190,230,193,169,174
"Crebbp",39,79,39,27,34,10,58,56,51
"Atf6b",183,184,135,170,256,360,394,167,281
"Crem",6,3,2,8,5,6,13,8,8
"Crh",0,0,0,0,0,0,0,0,0
"Crhbp",1,0,0,0,0,0,0,0,0
"Crhr1",0,0,0,0,2,0,0,1,0
"Crhr2",0,1,0,0,3,0,0,1,0
"Crip1",60,48,141,29,44,37,76,51,96
"Bcar1",1,5,2,0,0,0,0,0,0
"Crk",128,152,106,67,95,68,83,113,108
"Crkl",1,8,3,0,11,1,11,1,14
"Crlf1",0,0,0,0,0,0,0,0,0
"Crmp1",1,5,1,0,0,1,2,2,0
"Dpysl2",29,82,27,43,31,21,44,47,26
"Pcdha4",0,0,0,0,0,0,0,0,0
"Pcdha6",0,0,0,0,0,0,0,0,0
"Pcdha7",0,0,0,0,0,0,0,0,0
"Pcdha5",0,0,0,0,0,0,0,0,0
"Pcdha11",0,0,0,0,0,0,0,0,0
"Pcdha10",0,0,0,0,0,0,0,0,0
"Crp",0,0,0,0,0,0,0,0,0
"Dmbt1",1,0,0,3,0,1,2,5,1
"Cr1l",270,356,180,142,216,197,209,250,206
"Hapln1",0,0,0,0,0,0,0,0,0
"Crx",0,0,0,0,0,0,0,0,0
"Cry1",15,59,28,2,5,10,6,0,3
"Cry2",25,135,24,18,10,17,15,21,9
"Cryaa",0,0,0,0,0,0,0,4,0
"Cryab",1,5,8,13,9,12,13,5,4
"Cryba1",0,0,0,0,0,0,0,0,0
"Cryba2",0,0,0,0,0,0,0,0,0
"Cryba4",46,39,95,562,574,442,432,445,672
"Crybb1",136,64,210,1749,1303,928,601,1042,1744
"Crybb2",0,0,0,0,0,0,0,0,0
"Crybb3",2,0,0,2,0,0,0,0,0
"Cryga",0,0,0,0,0,0,0,0,0
"Crygb",0,0,0,0,0,0,0,0,0
"Crygc",0,0,0,0,0,0,0,0,0
"Crygd",0,0,0,0,0,0,0,0,0
"Cryge",0,0,2,0,0,0,0,0,0
"Crygf",0,0,0,0,0,0,0,0,0
"Crygs",0,0,0,0,0,0,0,0,0
"Crym",0,0,1,2,0,2,0,3,0
"Cryz",18,16,15,27,27,20,8,20,18
"Cs",219,330,203,193,238,259,180,194,275
"Csf1",142,115,112,169,175,241,145,144,188
"Csf1r",10505,10335,11446,13533,22800,14875,12942,14198,18832
"Csf2",0,0,0,0,0,0,0,0,0
"Csf2ra",292,402,204,373,656,887,808,518,632
"Csf2rb",1428,1327,1237,942,1458,1069,978,1492,1647
"Csf2rb2",408,429,456,360,611,669,429,540,634
"Csf3",14,58,8,1,0,0,0,0,0
"Csf3r",174,162,189,620,1201,999,689,758,1023
"Csk",311,558,353,446,743,776,622,523,791
"Csn1s1",0,0,0,0,0,0,0,0,0
"Csn2",0,0,0,0,0,0,0,0,0
"Csn1s2b",0,0,0,0,0,0,0,0,0
"Csn1s2a",0,0,0,0,0,0,0,0,0
"Csn3",0,0,0,0,0,0,0,0,0
"Csnk2a1",82,92,52,64,60,44,71,67,67
"Csnk2a2",170,301,91,62,134,107,115,91,105
"Csnk2b",230,311,205,170,254,290,210,192,242
"Dnajc5",175,239,134,97,197,118,181,161,181
"Vcan",2,3,0,5,0,1,0,1,0
"Ncan",2,0,0,0,1,1,0,0,2
"Smc3",71,83,36,80,72,72,79,77,64
"Csrp1",11,35,10,33,8,34,10,18,21
"Csrp2",0,3,0,6,0,5,3,1,0
"Csrp3",0,0,0,0,0,0,0,0,0
"Cst3",79558,78140,73186,47360,61457,45067,46782,53913,70464
"Cst7",126,165,114,240,123,229,121,169,215
"Cst8",0,0,0,0,0,0,0,0,0
"Cst9",0,0,0,0,0,0,0,0,0
"Cstb",509,695,386,270,424,506,366,316,449
"Ctbp1",302,351,224,167,332,306,308,233,239
"Ctbp2",83,163,68,89,87,99,121,120,74
"Ctcf",149,222,132,147,195,165,176,187,201
"Ctf1",0,0,0,0,5,2,0,0,2
"Ctla2a",15,9,7,0,0,5,9,4,11
"Ctla2b",122,145,112,69,175,71,127,95,179
"Pcyt1a",50,112,51,74,67,57,82,58,87
"Ctsb",4779,7087,5257,7382,11257,10628,8413,8392,12271
"Ctsc",1775,1997,1460,2150,2686,2960,2651,2407,2303
"Ctsd",9862,13062,14366,23393,30598,28019,21148,20110,36105
"Ctse",0,2,5,0,11,5,8,3,7
"Ctsg",0,0,0,0,0,0,0,0,0
"Ctsh",1606,2329,1902,4998,7881,5501,4959,4792,7632
"Ctsk",6,10,1,2,10,5,2,7,6
"Ctsl",8341,8016,5757,7680,8620,9020,6676,8090,9082
"Ctss",20783,22232,19895,21094,32983,30890,24122,22581,35452
"Ctsw",0,0,0,0,0,0,5,3,0
"Cttn",0,0,0,0,0,1,0,0,0
"Celf1",299,458,181,248,358,283,394,368,295
"Cux1",171,200,249,305,311,307,214,283,384
"Cux2",3,5,8,3,2,1,1,3,0
"Cx3cr1",2480,3272,1610,5611,6200,4948,6803,6964,6475
"Cxadr",0,0,0,0,0,0,0,0,0
"Cyb561",1,0,0,0,0,0,0,0,0
"Cyba",3183,3345,2773,3171,4984,4434,4468,4067,5307
"Cybb",708,2074,196,284,576,508,627,489,460
"Cycs",49,51,18,29,41,32,35,23,32
"Cyct",0,0,0,0,0,0,0,0,0
"Cyp11a1",1,0,1,0,0,0,3,0,0
"Cyp11b2",0,0,0,0,0,0,0,0,0
"Cyp17a1",0,0,0,0,0,0,0,0,0
"Cyp19a1",0,0,0,0,0,0,0,0,0
"Cyp1a1",0,0,0,0,0,0,0,0,0
"Cyp1a2",0,0,0,0,0,0,0,0,0
"Cyp1b1",0,1,0,0,0,0,0,0,0
"Cyp21a1",0,0,0,0,0,0,0,0,0
"Cyp24a1",0,0,0,0,0,0,0,0,0
"Cyp26a1",1,0,0,1,4,2,0,2,0
"Cyp2a12",0,0,0,0,0,0,0,0,0
"Cyp2a4",0,0,0,0,0,0,1,0,0
"Cyp2a5",0,0,0,0,0,0,0,0,0
"Cyp2b10",0,0,0,0,0,0,0,0,0
"Cyp2b13",0,0,0,0,0,0,0,0,0
"Cyp2b19",0,0,0,0,0,0,0,0,0
"Cyp2b9",0,0,0,0,0,0,0,0,0
"Cyp2c29",0,0,0,0,0,0,0,0,0
"Cyp2c37",0,0,0,0,0,0,0,0,0
"Cyp2c38",0,0,0,0,0,0,0,0,0
"Cyp2c39",0,0,0,0,0,0,0,0,0
"Cyp2c40",0,0,0,0,0,0,0,0,0
"Cyp2d10",0,0,0,0,0,0,0,0,0
"Cyp2d9",0,0,0,0,0,0,0,0,0
"Cyp2e1",0,1,1,0,0,0,0,3,0
"Cyp2f2",0,0,0,0,0,0,0,0,0
"Cyp2g1",0,0,0,0,0,0,0,0,0
"Cyp2j5",0,0,0,0,0,0,0,0,0
"Cyp2j6",0,0,0,0,0,0,0,1,0
"Cyp3a11",0,0,0,0,0,0,0,0,0
"Cyp3a13",0,0,0,0,0,0,0,0,0
"Cyp3a16",0,0,0,0,0,0,0,0,0
"Cyp27b1",0,4,3,0,0,1,1,0,2
"Cyp46a1",14,27,20,25,42,19,32,20,24
"Cyp4a10",0,0,0,0,0,0,0,0,0
"Cyp4a12b",0,0,0,0,0,0,0,0,0
"Cyp4a14",0,0,0,0,0,0,0,0,0
"Cyp4b1",0,0,0,0,0,0,0,0,0
"Cyp51",15,36,23,40,47,68,35,70,39
"Cyp7a1",0,0,0,0,0,0,0,0,0
"Cyp7b1",0,0,0,0,0,0,0,1,0
"Cyp8b1",0,0,0,0,0,0,0,0,0
"Dab1",0,2,0,0,4,0,0,0,0
"Dab2",374,427,302,47,107,65,120,65,127
"Dach1",0,0,0,0,0,0,0,0,0
"Dad1",557,616,404,410,542,664,452,481,460
"Cd55",0,18,0,0,0,0,0,0,4
"Cd55b",0,2,0,0,0,0,0,0,0
"Dag1",26,36,31,36,60,21,51,40,45
"Dgka",26,21,57,15,88,31,45,46,66
"Dao",0,0,1,0,0,0,0,0,0
"Dapk2",0,0,0,0,0,0,0,0,0
"Dapk3",134,171,182,69,75,60,93,76,78
"Slc6a3",0,0,0,0,0,0,0,0,0
"Daxx",93,187,57,71,79,146,132,69,86
"Dazl",0,0,0,0,0,0,0,4,0
"Dbh",0,0,0,0,0,0,0,0,0
"Dbi",172,181,187,247,275,261,243,273,289
"Dbil5",1,1,0,0,0,0,0,0,0
"Dbnl",314,369,340,339,471,430,430,405,418
"Dbp",10,17,21,40,9,19,17,17,22
"Dbt",72,105,39,30,32,20,40,54,35
"Dbx1",0,0,0,0,0,0,0,0,0
"Dclk1",2,3,0,0,0,0,0,0,2
"Dcc",0,0,0,0,0,0,0,0,0
"Eci1",74,87,81,60,124,146,104,103,127
"Dck",20,36,10,66,48,66,48,50,56
"Dcn",2,0,0,0,0,0,0,0,0
"Pcbd1",0,0,0,0,0,0,0,0,0
"Dcpp1",0,1,0,0,0,0,0,0,0
"Vps26c",46,79,69,48,89,70,69,60,54
"Dct",0,0,0,0,0,0,0,0,0
"Dctn1",22,31,33,39,25,28,45,45,43
"Dcx",0,2,0,0,0,0,0,0,0
"Ddb1",424,619,376,335,402,438,457,377,430
"Ddc",1,1,0,0,0,0,0,0,0
"Asap1",78,173,59,107,166,130,155,131,178
"Gadd45a",28,21,22,5,14,12,6,4,20
"Ddit3",90,146,130,109,122,101,116,155,181
"Ddn",0,4,1,1,3,0,0,2,2
"Ddost",307,355,320,422,578,783,528,476,467
"Ddt",83,115,141,112,165,184,138,124,185
"Dhx15",415,590,309,258,257,189,278,313,273
"Ddx3x",1134,1378,751,563,708,441,604,936,835
"Ddx4",0,0,0,0,0,0,0,2,0
"Ddx5",1311,2203,1075,1434,1816,1756,1646,1933,2213
"Ddx6",272,393,190,228,252,194,223,267,314
"Dhx9",234,255,132,157,267,204,199,226,263
"Defb1",0,0,0,0,0,0,0,0,0
"Defb2",0,0,0,0,0,0,0,0,0
"Defa29",0,0,0,0,0,0,0,1,0
"Defa31",0,0,0,0,0,0,0,0,0
"Defa25",0,0,0,0,0,0,0,0,0
"Defa3",0,0,0,0,0,0,0,0,0
"Defa5",0,0,0,0,0,0,0,0,0
"Degs1",432,658,305,132,197,196,236,198,236
"Slc29a2",43,68,28,6,29,21,11,23,9
"Twist2",0,0,0,0,0,0,0,0,0
"Des",0,0,0,0,0,0,0,0,0
"Dffa",48,57,46,49,28,44,38,60,49
"Ackr1",0,0,6,0,0,0,0,0,0
"Dgat1",47,90,48,91,122,108,100,127,117
"Dgcr6",10,23,15,12,28,40,20,22,34
"Dgcr2",116,175,127,93,203,196,227,136,155
"Slc25a1",103,110,92,107,113,167,62,116,103
"Dhcr7",29,69,30,55,53,95,82,54,51
"Dhfr",10,45,10,73,21,54,20,38,37
"Dhh",0,0,0,0,0,0,0,0,0
"Diaph1",38,38,34,8,24,15,15,13,18
"Dffb",10,50,12,10,14,25,11,18,26
"Dio1",0,0,0,0,0,0,0,0,0
"Dio2",0,5,0,0,4,0,0,0,4
"Dkk1",1,0,0,0,0,0,0,0,0
"Dld",269,445,172,151,170,127,128,135,137
"Dlg1",63,78,68,57,74,82,72,63,76
"Mpp3",0,0,0,0,0,0,0,0,0
"Dlg4",16,5,11,19,49,39,42,18,24
"Dlk1",0,0,0,0,0,0,0,0,0
"Dll1",2,2,0,0,3,2,1,0,0
"Dll3",0,0,0,0,0,0,0,0,0
"Dlx1",0,1,2,0,0,0,0,1,0
"Dlx2",0,0,0,0,0,0,0,0,0
"Dlx3",0,0,0,0,0,0,0,0,0
"Dlx4",2,0,1,0,0,0,0,0,0
"Dlx5",0,0,0,0,1,0,0,0,0
"Dlx6",0,0,0,0,0,0,0,0,0
"Dlx6os2",0,0,0,0,0,0,0,0,0
"Dmpk",0,0,3,1,2,1,0,0,0
"Dmwd",16,17,12,2,3,2,2,5,2
"Dmc1",3,2,0,7,1,6,0,0,4
"Dmd",0,0,0,0,0,0,0,1,0
"Dmp1",0,0,0,0,0,0,0,0,0
"Tmc1",0,0,0,0,0,0,0,0,4
"Dnah11",0,0,0,0,0,0,0,0,0
"Dnah8",2,8,3,1,6,2,1,2,0
"Dnajc1",123,149,112,105,210,120,235,157,172
"Dnase1",0,0,0,0,0,0,0,0,0
"Dnase1l3",0,9,9,32,2,3,0,6,2
"Dnase2a",516,592,418,464,490,537,407,538,566
"Dync1h1",507,723,486,539,664,753,679,677,782
"Dync1i1",0,1,0,0,0,0,0,0,0
"Dync1i2",287,386,187,234,289,269,402,316,323
"Dnm1",3,5,5,5,1,4,2,3,2
"Dnm2",615,919,766,719,1283,1015,1257,940,1453
"Dnmt1",22,22,18,70,53,131,66,70,66
"Trdmt1",11,30,11,3,5,13,15,9,6
"Dnmt3a",68,146,52,138,153,152,180,167,187
"Dnmt3b",31,65,29,17,26,32,33,35,9
"Dnpep",99,115,90,69,143,183,207,127,134
"Cdk2ap1",171,240,136,244,383,494,273,312,297
"Doc2a",1,2,1,0,0,0,0,0,0
"Doc2b",0,0,0,0,0,0,0,0,0
"Dok1",132,211,164,148,175,178,222,165,218
"Dok2",41,48,13,9,1,9,12,17,8
"Reep5",751,1106,998,978,1322,1173,1063,1212,1298
"Dpagt1",57,68,70,109,130,120,118,112,127
"Dpep1",0,0,0,0,0,0,0,0,0
"Dpm1",151,244,102,54,103,102,103,92,118
"Dpm2",307,271,276,174,256,288,219,292,334
"Dpp4",0,0,0,0,0,0,0,0,0
"Dpp6",5,2,3,4,0,0,3,1,1
"Dr1",64,120,49,39,44,34,59,53,37
"Slc26a3",0,0,0,0,0,0,0,0,0
"Drd1",0,0,0,0,3,0,0,0,0
"Drd2",0,0,0,0,0,0,0,0,0
"Drd3",0,0,0,0,0,0,0,0,0
"Drd4",0,0,0,0,0,0,0,0,0
"Drd5",0,0,0,0,0,0,0,0,0
"Drg1",88,134,86,73,121,101,79,87,108
"Drg2",139,236,105,85,89,99,81,92,133
"Arid3a",92,93,71,37,93,81,97,109,114
"Drp2",0,1,0,0,0,1,0,0,0
"Atn1",42,50,32,34,56,54,38,34,65
"Dsc1",0,0,0,0,0,0,0,0,0
"Dsc2",0,0,0,0,0,0,0,0,0
"Dsc3",0,0,0,0,0,0,0,0,0
"Dscam",0,3,0,0,4,0,0,0,0
"Dsg1a",0,0,0,0,0,0,0,0,0
"Dsg2",1,1,0,0,0,0,0,0,0
"Dsg3",0,0,0,0,0,0,0,0,0
"Epyc",0,0,0,0,0,0,0,0,0
"Dst",917,1344,689,423,635,571,649,634,643
"Slc26a2",87,136,49,37,48,37,69,69,33
"Adam28",0,0,0,0,0,0,0,0,0
"Adam18",1,3,0,1,0,3,0,0,0
"Adam26a",0,0,0,0,0,0,0,0,0
"Adam24",0,0,0,0,0,0,0,0,0
"Dtna",1,0,3,0,1,0,0,1,0
"Dtnb",3,13,12,6,3,7,11,2,2
"Prl8a2",0,0,0,0,0,0,0,0,0
"Usp17la",0,0,0,0,0,0,0,0,0
"Usp17lc",0,0,0,0,0,0,0,0,0
"Dusp2",1138,2345,184,32,25,87,39,66,49
"Dvl1",98,187,120,97,141,191,174,108,173
"Dvl2",39,30,30,33,38,55,45,41,36
"Dvl3",0,3,0,1,1,0,5,5,0
"Dyrk1a",119,182,102,84,152,139,136,116,159
"Dyrk1b",6,7,11,11,9,7,9,20,17
"E2f1",12,4,8,77,31,57,29,72,51
"E2f3",46,111,53,104,119,107,91,103,118
"E2f5",71,82,35,47,73,37,69,77,57
"E4f1",79,150,77,36,60,92,82,79,83
"Ear1",0,0,0,0,0,0,0,0,0
"Ear2",3,0,0,0,0,0,0,0,0
"Mapre1",378,592,324,284,327,365,299,384,432
"Lefty1",34,28,41,54,60,82,50,58,81
"Ebf1",0,0,0,0,0,0,0,0,0
"Ebf2",0,0,0,0,0,0,0,0,0
"Ebf3",31,76,56,35,80,81,53,63,45
"Ebp",288,373,196,360,425,446,363,383,348
"Ecel1",0,0,0,0,0,1,6,0,0
"Ecm1",127,105,81,105,203,224,128,160,314
"Sparcl1",5,12,7,1,3,8,1,1,4
"Opn3",8,18,5,17,3,24,9,9,4
"Ect2",4,4,1,3,5,3,6,6,3
"Eda",0,0,0,0,0,0,0,0,0
"Edar",0,0,0,0,0,0,0,0,0
"S1pr1",11,11,26,31,61,38,28,54,71
"S1pr3",3,0,0,0,0,0,0,0,0
"S1pr4",25,41,22,6,7,13,13,5,12
"Edil3",1,0,0,0,0,0,0,0,0
"Edn1",673,4745,85,19,11,19,26,59,7
"Edn2",0,0,0,0,0,0,0,2,0
"Edn3",0,0,0,0,0,0,0,0,0
"Ednra",0,0,0,0,0,0,0,0,0
"Ednrb",0,0,0,1,1,0,0,1,0
"Phc1",36,49,16,39,28,47,40,27,39
"Eed",186,200,108,129,182,165,150,212,180
"Eef1a1",2701,2962,1937,1781,2910,2715,2159,2056,3148
"Eef1a2",2,10,12,7,3,6,1,4,3
"Eef2",1765,2177,1501,1189,1471,1027,1466,1263,1683
"Eef2k",64,118,112,178,310,227,179,170,315
"Efna1",0,0,0,0,0,0,0,0,0
"Efna2",0,0,0,0,0,1,0,0,0
"Efna3",0,0,0,0,0,0,0,0,0
"Efna4",2,1,3,5,1,6,5,3,12
"Efna5",1,2,1,3,0,1,0,3,2
"Efnb1",41,49,46,64,111,103,76,79,121
"Efnb2",25,28,25,0,0,4,2,2,5
"Efnb3",4,10,4,1,4,2,5,1,1
"Efs",0,0,0,0,0,0,0,0,0
"Egf",6,9,11,5,9,6,4,11,1
"Klk1b22",0,0,0,0,0,0,0,0,0
"Klk1b9",0,0,0,0,0,0,0,0,0
"Egfr",0,0,0,0,0,0,0,0,0
"Rhbdf1",28,88,4,31,44,54,56,27,46
"Egr1",1780,1887,1720,578,659,970,1012,1521,1809
"Egr2",13,4,16,8,6,10,6,9,28
"Egr3",0,1,0,0,3,0,0,0,0
"Egr4",0,0,0,0,0,0,0,2,0
"Ehd1",1395,2895,563,160,375,364,592,325,398
"Ehf",0,0,2,0,0,0,0,0,1
"Ei24",107,104,94,79,69,82,69,89,60
"Eif1a",160,242,134,71,68,73,82,124,122
"Eif2s1",158,279,76,60,64,95,91,90,62
"Eif2ak3",40,48,36,30,103,73,74,57,50
"Eif2b4",252,281,175,116,194,171,196,211,190
"Eif3a",299,299,154,119,121,111,195,166,150
"Ddx19a",58,106,72,44,50,37,45,55,37
"Eif4a1",1105,1430,709,393,447,780,731,622,561
"Eif4a2",120,126,77,96,98,80,77,101,92
"Eif4e",74,99,47,44,36,39,37,60,64
"Eif4ebp1",258,409,344,160,287,243,214,230,357
"Eif4ebp2",70,86,59,63,122,54,116,130,149
"Eif4g2",743,1284,530,496,456,301,420,557,528
"Cela2a",0,0,0,0,0,0,0,0,0
"Elf1",161,327,131,174,167,135,161,214,163
"Elf3",1,0,2,0,0,0,0,2,0
"Elf5",0,0,0,0,0,0,0,0,0
"Elk1",7,17,8,11,6,7,7,11,7
"Elk3",235,345,196,345,355,425,439,406,450
"Elk4",16,23,10,4,11,2,9,5,9
"Ell",95,137,96,44,108,138,99,53,129
"Eln",0,0,0,0,0,0,0,0,0
"Aimp1",297,347,170,100,161,165,147,140,158
"Emb",48,32,51,6,20,8,17,7,18
"Emd",121,143,84,65,85,86,70,80,112
"Mark2",302,361,272,271,275,255,286,254,478
"Emp1",1,2,1,0,0,0,0,0,0
"Emp2",0,0,0,0,0,0,0,0,0
"Emp3",311,329,379,293,566,573,707,499,574
"Adgre1",843,1744,374,1475,2347,2880,2430,1867,2320
"Emx1",0,0,0,0,0,0,0,0,0
"Emx2",0,0,0,0,0,0,0,0,0
"En1",0,0,0,0,0,0,0,0,0
"En2",0,0,0,0,0,0,0,0,0
"Enah",0,0,2,0,0,0,0,0,0
"Enam",0,0,0,0,0,0,0,0,0
"Enc1",12,13,20,32,51,72,58,37,52
"Endog",60,64,52,34,48,61,46,59,59
"Eng",264,454,252,293,314,241,238,234,293
"Eno1",154,195,149,118,60,50,92,128,86
"Eno2",29,80,18,11,5,10,6,9,11
"Eno3",58,225,79,102,182,121,99,124,157
"Enpep",0,0,0,0,0,0,0,0,1
"Eomes",0,0,0,0,0,0,0,0,0
"Epas1",0,6,0,1,0,5,0,2,4
"Epb41l1",3,17,3,20,12,16,15,8,23
"Epb41l2",550,628,491,1222,1776,1579,1160,1491,1580
"Epb41l3",30,25,9,42,79,54,24,51,71
"Epb41l4a",0,0,0,0,0,0,0,0,0
"Epb42",0,0,0,0,0,0,0,0,0
"Dmtn",2,9,4,1,0,0,3,2,1
"Stom",11,41,28,8,15,13,9,22,16
"Epc1",127,214,100,94,148,77,113,117,154
"Epha1",0,0,0,0,0,0,0,0,0
"Epha2",49,46,82,78,231,196,155,93,185
"Epha3",0,0,0,0,0,0,0,0,0
"Epha4",1,6,1,0,0,0,1,5,0
"Epha5",0,1,0,0,0,0,0,0,0
"Epha6",0,0,0,0,0,0,0,0,0
"Epha7",0,0,1,0,0,0,0,0,0
"Epha8",0,0,0,0,0,0,0,0,0
"Ephb2",0,0,0,0,2,0,0,1,0
"Ephb3",9,17,12,14,28,23,19,19,10
"Ephb4",1,0,0,0,0,0,0,0,0
"Ephb6",0,0,0,0,2,3,0,0,0
"Ephx1",19,35,37,16,13,13,11,21,26
"Ephx2",0,0,0,2,0,1,0,0,1
"Stx2",60,65,67,140,226,237,171,209,216
"Epm2a",0,0,0,0,0,0,0,0,0
"Epn1",639,916,682,725,775,697,822,775,999
"Epn2",12,28,9,20,40,15,36,26,17
"Epo",0,0,0,0,0,0,0,0,0
"Epor",0,2,4,4,3,13,6,3,6
"Eps15",80,107,64,82,113,47,90,95,88
"Eps15l1",126,189,124,133,118,136,119,146,135
"Eps8",82,110,53,16,54,32,24,16,44
"Epx",0,0,0,0,0,0,0,0,0
"Lcn5",0,0,0,0,0,0,0,0,0
"Nr2f6",42,121,50,50,85,117,116,83,100
"Nr2f1",0,3,2,3,2,0,0,2,2
"Erbb2",0,0,0,0,0,0,0,0,0
"Erbb3",0,0,0,0,0,0,0,0,0
"Erbb4",0,0,0,0,0,0,0,0,0
"Ercc1",63,112,38,29,44,31,55,43,35
"Ercc2",178,227,112,91,89,123,92,96,131
"Ercc3",80,178,69,54,118,128,117,94,117
"Ereg",0,0,0,0,0,0,0,0,0
"Erf",156,246,182,256,217,272,219,269,298
"Erg",0,0,0,0,0,0,0,0,0
"Erh",11,5,10,10,5,7,9,4,2
"Ces1c",0,0,0,0,0,0,0,0,0
"Esd",223,331,161,127,123,99,126,157,143
"Ces1e",0,0,0,0,0,0,0,0,0
"Ces3b",0,0,0,0,0,0,0,0,0
"Ptprv",0,1,0,0,0,6,2,0,0
"Amz2",56,107,52,48,80,41,91,65,73
"Gnb1l",25,27,28,20,20,22,25,18,34
"Esr1",2,0,0,4,0,0,0,3,5
"Esr2",0,0,0,0,0,0,0,0,0
"Esx1",0,0,0,0,0,0,0,0,0
"Smarcad1",39,71,36,39,28,20,55,35,32
"Khdrbs3",0,1,1,4,2,1,1,0,2
"Etohd2",2,1,0,3,3,7,3,4,14
"Fgd6",1,5,4,6,6,4,5,5,2
"Gm14288",0,0,0,0,0,0,0,0,0
"Drosha",111,191,47,75,68,81,81,91,78
"Chchd2",1018,1074,982,859,1194,1199,1052,1010,1076
"Celf2",498,485,536,858,970,604,728,878,899
"Etv2",0,0,0,0,0,0,0,0,0
"Etv1",9,6,12,14,26,13,25,23,33
"Etv6",252,470,239,189,253,283,269,190,274
"Mpzl2",0,0,0,0,0,0,0,0,0
"Mecom",0,0,0,0,0,0,0,0,0
"Evi2a",663,1109,510,478,373,591,386,461,499
"Evi5",64,41,68,47,132,54,109,112,82
"Bcl11a",1,3,0,0,1,4,2,2,5
"Evl",364,374,320,568,937,851,641,709,982
"Evpl",0,3,0,0,0,0,0,0,0
"Evx1",0,0,0,0,0,0,0,0,0
"Evx2",0,0,0,0,0,0,0,0,0
"Ewsr1",537,791,390,392,672,612,627,507,574
"Wfdc18",0,7,0,0,0,0,0,0,0
"Ext1",136,246,151,105,106,81,93,96,135
"Ext2",70,114,69,85,159,149,147,123,183
"Muc4",0,0,0,0,0,0,0,0,0
"Bsnd",0,0,0,0,0,0,0,0,0
"Strc",0,0,0,0,0,0,0,0,0
"Dmbx1",0,0,0,0,0,0,0,0,0
"Eya1",0,0,0,0,0,0,0,0,0
"Man2a2",62,63,85,127,189,148,125,131,238
"Zfp358",39,51,58,38,58,57,49,44,49
"Hnmt",21,24,49,49,60,19,26,61,56
"Pofut1",125,230,121,171,263,190,244,219,246
"Igf2bp1",0,0,0,0,0,0,0,0,0
"Igf2bp3",2,6,5,1,0,1,1,0,1
"Bhlhe23",0,0,0,0,0,0,0,0,0
"Eya2",0,0,0,0,0,0,0,0,0
"Ppp1r3a",0,0,0,0,0,0,0,0,0
"Kcnn2",0,0,0,0,0,0,0,0,0
"Kcnn3",0,0,0,0,0,3,0,0,0
"Atp6v0a4",0,0,0,0,3,0,0,0,0
"Cd300c2",623,715,752,1483,2451,2249,1875,1538,2892
"Rxfp2",0,0,0,0,0,0,0,0,0
"Ube2j2",184,275,182,74,135,244,201,159,174
"Eya3",76,71,65,46,101,82,74,47,58
"Acap3",42,59,56,43,57,67,67,73,53
"Eya4",15,36,19,21,14,2,25,20,21
"Eri3",101,119,116,80,105,97,110,109,122
"Ezh1",59,106,93,85,151,89,92,72,122
"Smc1b",0,1,0,1,0,1,0,1,0
"Igsf8",116,113,91,213,343,372,423,314,341
"Ezh2",14,9,8,52,25,33,25,50,30
"Sfxn1",311,609,163,192,206,252,260,215,158
"Plxnb2",533,583,658,1563,2248,2160,2032,1524,2610
"Plxnb3",3,16,4,34,42,40,22,32,52
"Ankrd6",1,1,0,0,0,0,0,0,0
"Elmo2",153,221,189,222,455,381,354,246,365
"F10",11,3,8,0,4,0,1,0,0
"Elmo1",111,240,148,164,226,255,227,214,236
"F13b",0,0,0,0,0,0,0,0,0
"F2",1,1,1,0,0,0,0,2,4
"F2r",0,5,1,0,0,0,0,0,0
"Ubox5",35,48,45,24,79,56,87,51,67
"F2rl1",0,0,0,0,0,0,2,0,0
"Ube4a",101,146,71,86,132,66,106,115,146
"F2rl2",0,0,0,0,0,0,0,0,0
"F2rl3",0,1,0,0,0,0,2,0,0
"F3",33,90,8,5,7,21,14,10,8
"F5",2,1,0,0,0,1,0,7,0
"F7",0,1,2,0,0,0,0,0,1
"F8",0,1,0,6,0,0,0,2,0
"F8a",29,51,40,38,55,60,64,42,51
"Emid1",0,0,0,0,0,0,0,0,1
"Col26a1",0,0,0,0,0,0,0,0,0
"F9",8,21,14,15,20,10,12,4,14
"Caskin2",1,0,0,2,0,1,1,0,0
"Cacng5",0,2,0,0,0,0,0,0,0
"Faah",1,2,0,1,0,0,0,0,0
"Sec63",149,240,138,144,205,188,226,214,171
"Gpr6",0,0,0,0,0,0,0,0,0
"Sesn1",183,468,238,175,295,254,239,207,252
"Rem2",0,0,0,0,0,0,0,0,0
"Tmprss3",0,0,0,0,0,0,0,0,0
"Fabp3",0,1,1,2,1,3,0,5,1
"Bmp2k",163,194,95,256,386,167,235,338,365
"Myh7",0,0,0,0,0,0,0,0,0
"Fabp2",0,0,0,0,0,0,0,0,0
"Colec12",0,0,0,0,0,0,2,0,0
"P2ry14",6,2,0,7,8,11,3,5,28
"Fabp1",0,1,0,1,0,0,0,0,0
"Il25",0,0,0,0,0,0,0,0,0
"Acsl1",103,215,100,60,100,56,69,81,103
"Ttbk2",32,51,16,26,29,12,27,21,31
"Fadd",47,78,34,72,83,107,69,60,75
"Ptk2",14,27,16,16,14,6,15,9,7
"Faf1",106,203,98,73,119,64,85,76,106
"Fah",4,9,2,2,6,0,3,0,2
"Wdr5",90,198,89,23,90,92,66,89,83
"Nek8",8,10,4,5,1,3,13,1,10
"Fscn1",267,401,108,178,223,357,213,261,191
"Fanca",16,25,6,58,29,31,9,22,24
"Fancc",24,39,23,34,34,40,21,41,29
"Lnx2",17,28,11,13,13,16,26,18,17
"Fap",10,60,14,8,4,6,3,1,0
"Caln1",1,1,1,0,0,0,1,0,0
"Dclre1b",46,73,56,61,86,66,63,85,74
"Slc7a12",0,0,0,0,0,0,0,0,0
"Slc17a6",0,0,0,0,0,1,0,0,0
"Fas",43,64,6,2,6,7,7,7,2
"Fasl",0,0,0,0,0,0,0,0,0
"Fasn",184,211,125,66,78,108,137,54,61
"Srsf10",85,120,60,79,80,52,68,126,105
"Foxh1",0,0,0,0,0,0,0,0,0
"Fat1",2,15,7,5,9,10,0,5,4
"Fau",2604,2560,2605,1779,2091,1423,1667,1832,2588
"Fbl",347,399,233,103,182,117,133,151,131
"Fbln1",0,0,0,0,0,0,1,0,0
"Fbln2",0,0,0,0,0,0,0,0,0
"Fbn1",0,1,0,0,1,0,0,0,0
"Fbn2",0,0,0,0,0,0,0,0,0
"Fbp2",0,0,2,0,0,0,0,0,0
"Fbp1",0,6,0,0,0,1,0,0,0
"Fbrs",360,684,308,293,393,429,489,317,480
"Fcer1a",0,0,0,0,0,0,0,0,0
"Ms4a2",0,0,0,0,0,0,0,0,0
"Fcer1g",2670,3196,2055,2636,3229,3315,2293,2656,3418
"Fcer2a",0,0,0,0,0,0,0,0,0
"Fcgr1",3496,4945,2636,3334,3697,4053,2969,3194,3603
"Fcgr2b",328,323,275,485,806,910,460,372,641
"Fcgr3",6776,6220,6283,5221,9233,7709,6914,6590,8936
"Fcgrt",96,98,192,314,424,400,257,336,485
"Fcna",0,0,0,0,1,0,0,0,0
"Fcnb",0,0,0,0,0,0,0,0,0
"Fdft1",25,31,16,20,24,55,28,25,31
"Fdx1",70,87,53,21,45,59,62,56,38
"Fdxr",56,41,53,73,43,45,40,58,64
"Fech",59,149,75,65,135,90,88,87,72
"Fem1a",128,188,81,65,110,91,113,97,87
"Fem1b",60,152,60,37,36,46,20,58,63
"Fen1",89,155,50,112,77,123,88,95,97
"Fer",6,21,10,33,35,44,20,26,34
"Fes",765,874,873,735,1074,1114,949,803,1196
"Lgr5",0,0,0,0,0,0,0,1,0
"Fga",0,0,0,0,0,0,0,0,0
"Fgd1",0,2,1,0,0,0,0,1,0
"Fgf1",1,5,2,4,12,4,3,8,7
"Fgf10",0,0,0,0,0,0,0,0,0
"Fgf11",0,0,0,0,1,0,0,0,0
"Fgf12",0,0,0,0,0,0,4,0,0
"Fgf13",13,12,5,10,8,12,9,18,2
"Fgf14",1,0,0,0,0,0,0,0,0
"Fgf15",0,0,0,0,0,0,0,0,0
"Fgf17",0,0,0,2,0,0,0,0,0
"Fgf18",0,0,0,0,0,0,0,0,0
"Fgf2",2,1,0,0,1,0,0,0,2
"Fgf3",0,0,0,0,0,0,0,0,0
"Fgf4",0,0,0,0,0,0,0,0,0
"Fgf5",0,0,0,0,0,0,0,0,0
"Fgf6",0,0,0,0,0,0,0,0,0
"Fgf7",0,0,0,1,0,0,0,0,0
"Fgf8",0,0,0,0,0,0,0,0,0
"Fgf9",0,0,0,0,0,0,0,0,0
"Fgfbp1",0,0,0,0,0,0,0,0,0
"Fgfr1",9,5,0,8,6,10,4,7,0
"Fgfr2",0,1,0,0,0,0,0,0,0
"Fgfr3",0,0,0,2,1,1,1,0,1
"Fgfr4",0,4,1,0,0,0,0,0,0
"Akr1b8",0,0,0,0,0,0,0,0,1
"Fgl2",232,271,167,459,252,193,171,310,403
"Fgr",945,894,715,151,321,357,462,368,393
"Fh1",92,147,63,90,97,121,97,97,124
"Fhit",13,10,6,5,13,10,0,10,7
"Fhl1",0,0,0,0,3,0,0,0,0
"Fhl2",0,0,0,0,0,0,0,2,0
"Fhl3",20,33,12,5,13,9,22,3,14
"Fhl4",0,0,0,0,0,2,0,0,0
"Il4i1",0,0,0,0,0,0,0,0,0
"Vegfd",0,0,0,0,0,0,0,0,0
"Ppm1g",261,250,181,179,296,319,365,279,198
"Smc2",12,24,9,54,34,26,27,40,24
"Sh3pxd2a",163,186,185,87,218,121,175,86,205
"Ccn2",0,0,0,0,0,0,0,2,0
"Fjx1",0,3,2,0,0,0,0,0,2
"Fkbp1a",278,331,199,123,183,289,200,210,291
"Fkbp1b",8,14,9,8,16,34,38,14,13
"Fkbp2",640,533,694,1406,1894,1442,1252,1536,1899
"Fkbp4",198,224,160,247,254,265,267,227,221
"Fkbp5",1067,1273,1320,449,1134,605,696,399,1052
"Fkbp10",9,10,4,0,0,2,0,0,0
"Fkbp7",47,66,53,26,34,11,16,37,20
"Fkbp8",433,532,376,303,392,327,395,325,466
"Foxi1",0,0,0,0,0,0,0,0,0
"Foxc2",0,0,0,0,0,0,0,0,1
"Foxm1",4,10,16,31,11,37,14,9,10
"Foxn2",62,112,54,27,67,23,51,42,39
"Foxd4",0,0,0,0,0,0,0,1,0
"Foxf2",0,0,0,0,0,0,0,0,0
"Foxs1",0,0,0,0,0,0,0,0,0
"Foxb2",0,0,0,0,0,0,0,0,0
"Foxl1",0,0,0,0,0,0,0,0,0
"Lpin1",60,109,89,107,243,177,137,177,218
"Flg",0,0,0,0,0,0,0,0,0
"Fli1",122,110,89,111,273,145,200,156,213
"Flii",228,518,212,228,279,246,243,215,290
"Flot1",308,219,520,397,521,477,429,432,522
"Flot2",118,138,170,34,41,39,31,29,33
"Flt1",1,9,0,3,3,1,3,2,0
"Flt3",1,1,4,0,0,1,0,5,2
"Flt3l",12,23,11,28,60,59,66,37,78
"Flt4",0,2,0,1,0,0,0,0,0
"Fmn1",29,84,22,9,11,7,26,24,15
"Fmo1",0,0,0,0,0,0,0,0,0
"Fmo3",0,0,0,0,0,0,0,0,0
"Fmo5",13,9,29,35,34,22,25,23,39
"Fmod",0,0,0,0,1,0,0,0,0
"Fmr1",42,73,25,52,58,16,43,41,72
"Aff2",0,0,0,0,0,0,0,1,0
"Fn1",76,49,148,102,317,426,282,162,327
"Slc34a3",0,0,0,0,0,0,0,0,0
"Zcchc14",39,74,42,20,67,48,72,46,58
"Asb14",0,0,0,0,0,0,0,0,0
"Asb13",42,62,50,77,60,87,48,79,67
"Fnbp1",93,102,99,112,156,129,150,163,149
"Srgap2",331,607,307,710,1019,1030,600,695,899
"Fnta",126,219,123,106,116,169,140,140,120
"Folr1",2,1,0,3,0,0,0,0,4
"Folr2",1,2,0,5,12,20,19,8,32
"Fos",752,503,1112,468,748,1234,1015,1198,1666
"Fosb",31,5,74,16,10,69,14,31,67
"Fosl1",3,1,2,0,0,0,0,0,0
"Fosl2",81,28,75,18,62,26,40,35,35
"Fpgs",41,75,24,11,31,29,24,24,13
"Fpr2",194,214,35,2,20,12,17,12,16
"Fpr-rs3",0,0,0,0,0,0,0,0,0
"Fpr-rs4",0,0,0,0,0,0,0,0,0
"Fpr1",268,258,30,8,8,18,13,5,12
"Fpr3",0,0,0,0,0,0,0,0,0
"Frat1",2,0,7,3,10,2,2,1,5
"Fxn",23,11,14,7,5,11,8,8,17
"Tlr3",62,88,75,173,156,57,81,150,188
"Ncs1",17,30,8,14,20,19,24,11,20
"Frg1",43,71,43,29,55,41,45,45,32
"Frk",1,0,0,0,0,0,0,0,0
"Fshb",0,0,0,0,0,0,0,0,0
"Fshr",0,0,0,0,0,0,0,0,0
"Cidec",0,0,0,0,0,0,0,0,0
"Brd2",387,481,254,198,381,334,322,312,393
"Fst",0,0,0,0,0,0,0,0,0
"Fstl1",0,0,2,0,0,0,0,0,0
"Ftcd",0,0,0,0,0,0,0,0,0
"Fth1",27229,33115,13746,8626,16170,14532,13631,12343,15666
"Ftl1",5505,7782,5695,4506,5808,5362,4346,5753,6957
"Aktip",13,14,18,16,18,29,22,8,23
"Fut1",0,0,0,0,1,0,0,0,0
"Fut2",0,0,0,0,0,0,0,0,0
"Fut4",13,15,7,5,9,8,11,13,7
"Fut4-ps1",0,0,0,0,0,0,0,0,0
"Fut7",0,1,5,1,10,3,8,11,9
"Fut9",0,2,0,0,0,0,0,0,0
"Fv1",1,1,0,0,0,0,0,0,2
"Timm10b",543,379,569,485,917,666,767,679,854
"Dtx1",0,3,0,0,0,0,0,0,3
"Fxr1",79,109,54,100,123,60,84,110,84
"Fyn",24,29,20,11,19,12,22,13,7
"Fzd1",0,0,0,0,0,0,0,0,0
"Fzd3",1,10,2,0,0,3,0,0,2
"Fzd4",24,52,13,26,22,24,25,27,45
"Fzd5",10,21,3,6,4,10,8,16,7
"Fzd6",0,0,0,0,0,0,0,0,0
"Fzd7",15,22,9,18,23,7,14,14,31
"Fzd8",18,23,3,13,7,10,11,7,16
"Fzd9",0,4,0,1,0,0,0,1,0
"G0s2",3,3,4,8,2,8,1,5,6
"Xrcc6",62,52,20,51,57,88,76,66,57
"Ganab",224,263,199,311,420,482,330,306,425
"G6pc1",0,0,0,0,0,0,0,0,0
"G6pc2",0,0,0,0,0,0,0,0,0
"G6pd2",0,0,0,0,0,0,0,0,0
"G6pdx",296,345,182,202,242,271,288,269,311
"Slc37a4",53,71,66,49,81,90,73,70,106
"Gaa",164,228,192,215,323,322,278,187,314
"Gab1",24,22,42,46,74,43,37,71,79
"Gab2",99,182,115,88,141,104,98,128,124
"Gabpa",78,79,57,45,73,76,46,89,56
"Gabpb1",22,20,13,25,38,38,29,27,43
"Gabra1",0,0,0,0,0,0,0,0,0
"Gabra2",0,0,0,0,0,0,0,0,0
"Gabra3",0,1,0,0,0,0,0,0,0
"Gabra4",0,0,0,0,0,0,0,0,0
"Gabra6",0,0,0,0,0,2,0,0,0
"Gabrb1",0,1,0,0,0,0,0,0,0
"Gabrb2",1,1,0,0,1,0,0,0,0
"Gabrb3",0,3,0,0,2,4,0,0,0
"Gabrd",0,2,0,1,5,4,0,4,1
"Gabre",0,0,0,0,0,0,0,0,0
"Gabrg1",0,0,0,0,0,0,0,0,0
"Gabrg2",0,0,0,0,0,0,0,1,0
"Gabrg3",0,0,0,0,0,0,0,0,0
"Gabrr1",0,0,0,0,0,0,0,0,0
"Gabrr2",0,0,0,0,0,0,1,1,0
"Slc6a12",17,104,14,0,0,3,0,2,0
"Slc6a13",3,4,4,1,5,0,0,0,0
"Gad1",0,15,0,0,1,1,1,3,0
"Gad2",2,0,0,1,3,0,2,0,0
"Gal",0,0,0,0,0,0,0,0,0
"Galc",97,90,148,136,154,124,133,143,169
"B4galnt1",498,506,605,381,385,213,323,337,410
"B4galnt2",8,12,5,2,0,0,0,1,0
"Galnt1",171,189,205,169,277,124,162,194,247
"Galnt3",14,24,17,22,36,31,31,24,19
"Galnt4",37,60,41,38,50,29,36,65,58
"Galr1",0,0,0,0,0,0,0,0,0
"Galr2",1,1,0,0,0,0,0,0,2
"Galr3",0,0,0,0,0,0,0,0,0
"Galt",73,190,98,99,179,151,154,129,133
"Gamt",5,0,4,39,74,81,47,48,65
"Gap43",4,1,0,0,0,9,0,1,0
"Gapdh",32,45,41,17,12,16,11,27,16
"Gapdhs",1,0,0,0,0,0,0,0,0
"Gart",177,217,117,78,81,117,115,104,93
"Gas1",0,0,0,0,3,0,0,0,0
"Gas2",6,41,14,0,0,0,0,0,0
"Gas5",1595,1215,857,542,695,517,662,893,668
"Gas6",73,122,138,471,777,735,663,582,769
"Gas7",78,241,20,8,3,11,5,4,6
"Gast",0,0,0,0,0,0,0,0,0
"Gata1",0,0,0,0,0,0,3,0,0
"Gata2",2,0,8,2,1,0,3,4,1
"Gata3",0,0,0,0,0,0,0,0,0
"Gata4",0,0,0,0,0,0,0,0,0
"Gata5",0,0,0,0,0,0,0,5,0
"Gata6",0,1,0,0,0,0,0,0,0
"Gba1",572,904,525,624,864,989,885,735,785
"Nipsnap2",110,185,97,62,127,119,93,115,143
"Gbp2b",0,0,2,0,0,1,0,1,0
"Gbp2",521,878,233,119,86,134,40,110,105
"Rabac1",622,613,789,603,696,632,620,664,849
"Gbx2",0,0,0,0,0,0,0,0,0
"Gc",0,0,0,0,0,0,0,0,0
"Usp15",80,182,87,106,85,81,93,130,121
"Mtpn",317,440,215,219,247,238,303,333,292
"Gcsam",0,0,0,0,0,0,0,0,0
"Gcg",0,0,0,0,0,0,0,0,0
"Gcgr",0,0,0,0,0,0,0,0,0
"Gch1",160,331,116,37,18,60,49,47,44
"Gcm1",0,0,0,0,0,0,0,0,0
"Bloc1s1",245,305,227,301,497,409,379,422,443
"Kat2a",67,112,42,41,78,77,109,49,77
"Nr6a1",12,28,20,9,29,22,17,19,19
"Gcnt1",414,216,441,487,612,559,551,535,578
"Gcnt2",151,241,133,166,296,248,159,208,265
"Opn1mw",0,0,0,0,0,0,0,0,0
"Gda",4,5,12,4,3,5,2,10,1
"Gdap1",0,0,0,0,2,0,0,0,0
"Gdap2",137,153,190,33,73,51,49,48,78
"Mrps33",13,9,5,6,16,1,4,3,11
"Gpd1",46,27,107,41,113,75,40,51,91
"Gdf1",0,0,0,0,0,0,0,0,0
"Gdf10",0,0,0,0,0,0,0,0,0
"Gdf11",0,0,0,0,0,0,0,0,0
"Gdf3",0,1,2,0,0,2,0,0,0
"Gdf5",0,0,0,0,0,0,0,0,0
"Gdf9",10,19,8,21,52,36,56,24,28
"Gdi1",382,605,325,529,619,505,514,588,582
"Gdi2",869,1008,767,948,869,490,622,1115,1142
"Arhgdig",0,1,0,1,1,0,3,1,0
"Gpd2",51,125,52,19,28,18,20,46,16
"Gdnf",0,0,0,0,0,0,0,0,0
"Gem",40,24,26,26,16,34,11,43,33
"Gfap",1,2,6,0,1,0,1,2,0
"Gfi1",0,0,0,0,0,0,0,0,0
"Gfi1b",7,22,0,1,0,0,0,0,0
"Gfpt1",87,83,74,54,66,76,119,90,62
"Gfpt2",0,1,0,0,0,0,0,0,0
"Gfra1",0,0,0,0,0,0,0,0,0
"Gfra2",0,1,0,0,0,0,1,1,0
"Gfra3",0,0,0,0,0,0,0,0,0
"Gfra4",0,0,0,0,0,0,0,0,0
"Ggh",110,121,79,135,252,185,151,143,209
"Ggps1",57,83,43,29,32,38,33,54,34
"Ggta1",165,397,85,116,200,204,217,154,155
"B4galt1",665,931,655,313,564,402,409,357,443
"Ggt1",4,12,5,0,0,1,0,1,0
"Gh",0,0,0,0,0,0,0,0,0
"Ghr",0,1,1,0,0,0,0,1,2
"Ghrh",0,0,0,0,0,0,0,0,0
"Ghrhr",0,0,0,0,0,0,0,0,0
"Cblif",0,0,0,0,0,0,0,0,0
"Tsc22d3",656,950,619,65,237,191,249,178,223
"Gip",0,0,0,0,0,0,0,0,0
"Gpr83",0,0,4,1,0,1,0,0,1
"Gja1",0,2,0,0,0,0,1,0,2
"Gja10",0,0,0,0,0,0,0,0,0
"Gja3",0,0,0,0,0,0,0,0,0
"Gja4",0,0,0,0,0,0,0,0,0
"Gja5",0,0,0,0,0,0,0,0,0
"Gjc1",0,0,0,0,0,0,0,0,0
"Gja8",0,0,0,0,0,0,0,0,0
"Gjd2",0,0,0,0,0,0,0,0,0
"Gjb1",0,0,0,0,0,0,0,0,0
"Gjb2",0,0,0,0,0,0,0,0,0
"Gjb3",0,0,0,0,0,0,0,0,0
"Gjb4",0,0,0,0,0,0,0,0,0
"Gjb5",0,0,0,0,0,0,0,0,0
"Gjb6",0,1,1,0,0,0,0,0,0
"Gykl1",0,0,0,0,0,0,0,0,0
"Gk2",0,0,0,0,0,0,0,0,0
"Ostm1",120,199,124,87,124,82,117,99,113
"Gclc",139,288,103,88,175,139,146,158,162
"Gclm",30,42,17,25,23,26,45,29,63
"Gli1",0,1,0,0,0,0,0,0,0
"Gli2",0,0,0,0,0,0,0,0,0
"Gli3",0,3,0,1,0,0,0,0,0
"Galk1",149,165,103,61,81,71,60,103,85
"Glul",567,587,565,575,1060,473,644,765,825
"Hagh",311,254,271,199,238,256,318,276,325
"Glp1r",0,0,0,0,0,0,0,0,0
"Glra1",0,0,0,0,0,0,0,0,0
"Glra4",0,0,0,0,0,0,0,0,0
"Glrb",0,6,0,0,0,0,0,0,0
"Glrp1",41,69,28,61,65,34,35,76,76
"Gls",109,203,96,99,133,100,100,130,157
"Glud1",316,484,281,176,286,318,345,284,315
"Glycam1",0,0,0,0,0,0,0,0,0
"Slc6a9",2,3,6,23,22,26,26,9,14
"Gm2a",282,419,263,389,484,518,411,456,633
"Gnl1",133,213,120,98,131,142,107,130,125
"Gna11",124,237,137,117,168,160,133,133,140
"Gna12",4,0,7,0,6,2,2,7,1
"Gna13",497,1261,351,366,390,305,388,433,440
"Gna14",0,1,0,2,0,0,0,0,0
"Gna15",384,507,376,688,910,995,804,746,920
"Gnai1",5,1,0,0,0,0,0,0,0
"Gnai2",1644,1890,2098,2570,3706,3213,3287,2727,4221
"Gnai3",106,180,66,58,62,46,61,67,85
"Gnal",0,6,7,1,5,1,0,0,7
"Gnao1",4,14,4,0,0,1,2,1,3
"Gnaq",227,414,291,252,279,219,254,283,318
"Gnas",731,1033,580,1037,1145,1511,1013,917,1392
"Gnat1",0,0,0,0,0,0,0,0,0
"Gnat2",0,0,2,0,0,0,0,0,0
"Gnaz",0,1,0,2,2,1,1,1,0
"Gnb1",217,278,179,177,245,257,236,189,251
"Gnb2",601,835,547,523,730,828,840,653,913
"Rack1",3667,4567,3148,2506,4597,4234,3632,3496,4695
"Gnb3",0,0,0,0,0,0,0,0,0
"Gnb4",0,1,0,1,0,1,0,0,1
"Gnb5",8,3,0,0,4,6,3,5,1
"Gngt1",0,0,0,0,0,0,0,0,0
"Gng10",762,524,833,1121,1830,1735,1315,1326,1577
"Gng12",72,144,51,106,148,137,146,123,126
"Gng2",138,172,128,114,225,157,187,173,193
"Gng3",1,1,1,3,0,0,0,1,7
"Bscl2",202,258,196,307,511,452,323,350,580
"Gng4",3,0,0,0,0,0,0,0,0
"Gng5",277,224,221,290,486,437,397,337,557
"Gng7",10,14,7,3,11,10,14,3,10
"Gng8",0,0,0,0,0,0,0,0,0
"Gngt2",196,141,248,591,912,1008,637,774,997
"Gnmt",29,38,9,5,2,6,7,8,4
"Gnpat",119,195,84,117,135,127,150,160,164
"Gnrh1",3,3,8,3,0,4,0,2,12
"Gnrhr",0,0,0,0,0,0,0,0,0
"Got1",89,117,80,47,89,121,74,76,48
"Got2",105,142,120,78,120,113,91,94,90
"Gp1ba",0,0,0,0,0,0,0,0,0
"Gp1bb",0,1,0,0,0,0,0,0,0
"Lrp2",0,3,0,0,0,0,0,0,0
"Pdpn",0,0,0,0,0,1,0,0,0
"Lilrb4b",80,211,39,1,3,6,2,16,4
"Lilrb4a",785,1399,367,76,96,195,247,152,120
"Gp5",0,0,0,0,0,0,0,0,2
"Gpaa1",348,397,298,506,698,785,556,486,605
"Gpam",1,28,8,0,3,0,2,4,6
"Gpc1",3,0,4,0,12,9,1,4,19
"Gpc3",0,0,0,0,0,0,0,0,0
"Gpc4",0,0,0,0,0,0,0,0,1
"Gpr12",0,0,0,0,0,0,0,0,0
"S1pr2",11,16,3,19,46,48,45,50,25
"Gpr65",638,615,598,329,488,140,256,280,323
"Lpar1",0,0,0,5,0,1,0,0,0
"Cmklr1",264,206,270,270,512,606,682,322,484
"Gpr3",4,0,1,0,0,1,0,0,0
"Gpi1",506,560,396,235,359,392,400,296,378
"Pigq",85,85,63,113,143,153,112,66,147
"Gpld1",0,1,1,0,0,1,0,0,0
"Gpm6b",37,30,11,16,15,21,7,6,13
"Gpr19",7,29,9,35,14,17,25,36,32
"Gpr27",0,0,0,0,0,0,0,0,0
"Gpr33",0,0,0,0,0,0,0,0,0
"Gpr37",0,1,0,0,0,1,0,0,0
"Ptgdr2",0,0,0,0,0,0,0,0,0
"Gpr50",0,0,0,0,0,0,0,0,0
"Adgrg1",168,246,216,1396,1801,1726,1317,1292,1825
"Nmur1",0,0,0,0,0,0,0,0,0
"Lancl1",61,82,56,25,71,83,43,40,41
"Grk4",5,8,1,13,7,1,13,9,25
"Grk5",3,2,3,0,0,1,3,0,0
"Gpx1",962,832,1469,1239,2919,2588,2661,1849,2976
"Gpx2",0,0,0,0,0,0,0,0,0
"Gpx2-ps1",1,1,0,1,0,0,1,2,7
"Gpx3",29,20,14,12,9,17,21,24,11
"Gpx5",0,0,0,0,0,0,0,0,0
"Gsr",56,123,29,10,8,22,31,10,14
"Grb10",0,0,0,0,0,0,0,0,0
"Grb2",419,717,483,536,679,692,615,535,740
"Grb7",0,0,0,0,0,0,0,0,0
"Rhpn1",0,0,0,0,1,1,1,0,0
"Gpr162",6,7,6,19,22,29,3,5,43
"P3h3",10,27,26,29,69,43,24,38,46
"Grcc10",263,429,310,494,826,517,599,642,978
"Emg1",147,202,111,83,149,217,160,148,162
"Lpcat3",340,531,386,399,686,508,475,478,543
"Cdca3",2,2,4,53,33,31,8,20,30
"Spsb2",102,97,79,56,93,130,69,64,117
"Tle5",132,164,179,344,439,422,316,269,387
"Gria1",1,5,1,0,0,3,3,2,0
"Gria2",2,8,2,0,0,1,2,6,2
"Gria4",0,0,0,0,0,0,0,0,0
"Grid1",0,0,0,0,0,0,0,0,0
"Grid2",0,0,0,0,0,0,0,0,0
"Grik1",0,0,0,0,0,0,0,0,0
"Grik2",0,0,0,0,0,0,0,1,0
"Grik3",0,0,0,0,0,0,0,0,0
"Grik5",8,13,4,1,12,4,14,6,12
"Grin1",1,9,1,2,5,12,1,0,17
"Grin2a",0,0,0,0,0,0,0,0,0
"Grin2b",1,3,1,0,2,0,2,1,0
"Grin2c",4,2,1,1,0,0,3,0,0
"Grin2d",0,0,0,0,0,0,0,0,0
"Nr3c1",464,527,359,269,387,401,337,402,342
"Grm1",0,0,0,0,0,0,0,0,2
"Grm8",0,0,0,0,0,0,0,2,0
"Grn",7277,9270,6381,11605,15931,14807,12404,10252,16753
"Cxcl1",21,17,3,1,0,2,2,0,0
"Pdia3",556,725,551,1440,1943,1823,1297,1646,1695
"Hspa5",1253,1221,922,2126,2243,2335,2736,2235,1996
"Grpr",0,0,1,0,0,0,0,0,0
"Gsc",14,13,11,0,1,0,0,3,0
"Gsg1",39,59,44,28,77,49,51,52,64
"Haspin",8,16,4,15,5,15,7,10,13
"Gsx1",0,0,0,0,0,0,0,0,0
"Gsx2",0,0,0,0,0,0,0,0,0
"Gspt1",214,243,131,113,208,126,192,206,236
"Gspt2",6,13,1,0,2,0,1,5,3
"Gss",36,72,34,29,36,30,56,33,45
"Gsta1",0,0,0,0,0,0,0,0,0
"Gsta2",0,0,0,0,0,0,0,0,0
"Gsta3",2,0,0,0,0,0,0,1,2
"Gsta4",3,2,0,4,18,1,1,0,7
"Gstm1",11,25,24,6,13,17,31,11,22
"Gstm2",0,3,0,0,0,0,0,1,0
"Gstm3",0,0,0,0,0,0,1,0,0
"Gstm4",14,12,11,11,17,14,26,19,17
"Gstm5",32,48,51,63,35,29,24,59,43
"Gstm6",0,0,0,0,0,0,0,0,0
"Gstp2",0,0,0,0,0,0,0,2,0
"Gstp1",6,6,12,10,3,1,5,9,5
"Gstt1",2,0,0,4,3,1,0,0,1
"Gstt2",19,18,11,17,15,16,33,32,34
"Gsto1",325,467,279,124,219,191,173,118,179
"Gstz1",20,27,14,45,39,68,37,65,50
"Gtf2h1",120,188,70,61,79,100,71,99,102
"Gtf2h4",95,56,78,48,41,68,50,41,59
"Gtf2i",287,170,228,336,538,451,469,377,424
"Cfap20",110,197,114,83,70,89,78,86,122
"Trip12",176,302,203,168,199,112,172,187,191
"Gtpbp1",156,353,226,213,237,285,196,257,220
"Gt(ROSA)26Sor",46,83,32,57,39,28,28,86,36
"Thumpd3",83,140,74,101,111,107,84,94,91
"Nkx6-2",0,0,0,2,0,0,1,0,0
"Guca1a",115,122,103,78,112,66,107,94,121
"Guca2a",3,3,1,0,0,0,0,1,1
"Guca2b",1,0,0,0,0,0,0,1,0
"Gucy2c",1,0,0,0,0,0,0,0,0
"Gucy2d",0,0,0,0,0,0,0,0,0
"Gucy2e",0,0,0,0,0,0,0,0,0
"Guk1",114,122,110,72,161,165,120,159,99
"Magi1",31,37,38,50,41,42,39,32,60
"Gk",41,63,19,14,21,18,17,23,24
"Gypa",0,0,0,0,0,0,0,0,0
"Gys1",26,49,20,16,46,38,37,27,33
"Gzma",0,0,0,0,0,0,0,0,0
"Gzmb",0,0,0,0,0,0,0,0,0
"Gzmc",0,0,0,0,0,0,0,0,0
"Gzmd",0,0,0,0,0,0,0,0,0
"Gzme",0,0,0,0,0,0,0,0,0
"Gzmf",0,0,0,0,0,0,0,0,0
"Gzmg",0,0,0,0,0,0,0,0,0
"Gzmk",0,0,0,0,0,0,0,0,0
"H13",693,1013,746,450,728,623,817,586,580
"H19",0,0,0,0,0,0,2,1,0
"H1f3",11,6,9,27,50,38,53,81,81
"H1f0",79,152,76,84,153,170,203,104,226
"H2-Aa",85,109,120,36,28,110,35,79,90
"H2-Ab1",163,167,195,63,52,79,58,106,101
"Cfb",39,29,18,44,8,33,8,23,32
"H2-Bl",0,1,0,0,0,0,0,0,0
"H2-D1",2089,2680,1926,2275,3387,3307,2696,2148,4225
"H2-Eb1",60,39,68,14,14,61,15,49,50
"H2-K1",2467,2859,1786,2041,3425,3895,2482,1792,4215
"Pfdn6",393,335,358,212,291,268,243,284,257
"Slc39a7",313,330,278,191,336,467,412,288,278
"Hsd17b8",94,115,119,167,199,238,135,205,239
"H2-M10.1",0,0,0,0,0,0,0,0,0
"H2-M2",6,101,4,4,6,8,14,1,2
"H2-M3",78,114,60,85,124,183,109,78,173
"H2-M9",0,0,0,0,0,0,0,0,0
"H2-DMa",24,30,48,32,48,35,19,46,38
"H2-DMb1",145,176,233,308,567,489,434,420,524
"H2-DMb2",0,0,1,0,1,0,0,0,1
"H2-Oa",143,169,155,109,193,138,120,109,186
"H2-Ob",35,42,37,42,90,47,55,44,94
"15004",0,0,0,0,0,0,0,0,0
"H2-Q1",0,0,0,0,0,0,0,0,0
"H2-Q10",0,0,0,0,0,0,0,1,2
"H2-Q2",0,0,0,0,0,0,0,0,0
"H2-Q4",21,16,12,10,7,19,12,9,6
"H2-Q7",36,73,29,32,18,33,16,8,30
"H2-T10",19,37,19,14,15,15,4,7,18
"H2-T22",70,124,89,90,128,130,92,89,129
"H2-T23",715,555,758,830,1063,962,753,619,1109
"H2-T24",16,3,0,13,5,15,12,6,5
"H2-T3",0,0,0,0,0,0,0,0,0
"15051",0,2,2,2,0,0,0,4,2
"Ifi44l",0,0,0,0,0,0,0,0,0
"Mr1",8,7,14,8,25,20,5,17,21
"H3c14",15,31,4,13,19,29,36,29,43
"H3f3a",195,191,158,163,302,332,231,228,278
"H3f3b",1744,2806,1345,787,1350,1540,1342,1592,2124
"Hadh",36,95,58,41,72,106,84,87,92
"Hsd17b10",50,59,49,51,132,129,87,103,109
"Hal",0,0,0,0,0,0,0,0,0
"Hand1",0,0,0,0,0,0,0,0,0
"Hand2",0,0,0,0,0,0,0,0,0
"Hao1",0,0,0,0,0,0,0,0,2
"Hap1",1,6,3,50,30,68,18,14,49
"Hars1",155,245,108,80,92,128,147,87,98
"Has1",0,1,0,0,0,0,0,0,0
"Has2",0,0,0,0,0,0,0,0,0
"Has3",0,0,0,0,0,0,0,0,0
"Hba-a1",66,0,21,74,0,0,0,0,0
"Hba-x",0,2,0,0,0,0,0,0,0
"Hbb-b1",124,0,1,37,0,0,0,0,0
"Hbb-bh1",0,0,0,0,0,0,0,0,0
"Hbb-y",0,0,0,0,0,0,0,0,0
"Hc",0,0,0,0,0,0,0,0,0
"Hccs",41,45,39,21,31,17,15,38,29
"Serpind1",0,0,0,0,0,0,0,0,0
"Hcfc1",126,222,114,82,107,128,122,122,154
"Hck",1417,2136,705,835,1016,1077,892,795,1219
"Hcls1",760,1328,507,460,746,793,792,582,766
"Hcn1",0,0,0,0,0,0,0,0,0
"Hcn2",3,7,12,9,3,4,0,7,7
"Hcn3",0,7,1,1,2,3,4,0,0
"Ptpn6",1370,2429,948,1279,1104,1185,1356,1246,1333
"Hcrt",0,0,0,0,0,0,0,0,0
"Hdac2",29,52,19,21,23,26,38,29,26
"Hdac3",7,8,15,20,18,33,10,14,13
"Hdac5",79,111,129,264,320,300,282,243,338
"Hdac6",27,37,26,49,64,94,53,66,60
"Hdc",19,33,15,5,6,4,2,9,0
"Hdgf",247,392,202,186,276,234,216,203,201
"Hdgfl1",0,0,0,1,0,0,0,0,0
"Hdgfl2",184,290,145,184,223,190,198,182,245
"Htt",167,238,115,132,151,219,195,143,154
"Hebp1",156,123,109,400,558,666,494,489,622
"Hbegf",8,19,2,1,3,0,4,1,0
"Hells",16,16,13,74,25,23,21,43,27
"Gml2",0,0,0,0,0,0,0,0,0
"Heph",1,0,1,0,0,0,2,0,0
"Herc2",212,189,166,303,411,365,333,404,424
"Hes1",28,16,18,4,12,3,6,6,5
"Hes2",0,0,0,0,0,0,0,0,0
"Hes3",0,0,0,0,0,0,0,0,0
"Hes5",0,0,0,0,0,0,0,0,0
"Hesx1",0,0,0,0,0,0,0,0,0
"Hexa",1026,1221,1238,3024,2722,2047,1673,2320,2836
"Hexb",6069,6170,7273,11087,23114,19173,15800,13807,21266
"Hey1",0,0,0,0,0,9,0,0,0
"Hey2",0,0,0,0,0,2,0,0,0
"Hfe",140,143,187,341,849,489,472,377,758
"Foxn1",0,0,0,0,0,0,0,0,0
"Foxq1",0,0,0,0,0,0,0,0,0
"Foxd3",0,0,0,1,0,0,0,0,0
"Foxj1",0,0,0,0,0,0,0,1,0
"Foxf1",0,0,0,0,0,0,0,0,0
"Foxg1",0,2,1,0,0,1,0,0,0
"Foxd1",0,0,0,0,0,0,0,0,0
"Hgd",1,0,2,0,2,0,1,0,0
"Hgf",5,6,6,0,0,1,0,1,2
"Mst1",0,0,0,0,0,0,0,0,0
"Hgs",180,260,141,112,155,148,169,141,158
"Hhex",108,142,137,119,193,219,161,195,181
"Hhip",5,0,1,0,8,0,3,3,5
"Mfsd14a",125,146,97,78,94,77,106,107,101
"Hic1",0,3,0,0,0,0,1,0,1
"Hif1a",213,288,94,107,81,93,83,83,128
"Hint1",1135,1185,854,578,701,713,676,748,657
"Hipk1",145,200,153,124,317,234,199,179,203
"Hipk2",22,22,26,21,29,17,15,23,23
"Hipk3",103,134,82,80,81,53,75,59,102
"Hira",27,76,17,11,19,23,36,22,21
"H2ac18",6,11,5,4,6,1,15,5,10
"H2ax",42,44,46,86,101,77,104,27,109
"Hivep2",99,198,57,90,117,69,100,75,136
"Hk1",32,58,52,30,56,61,45,32,52
"Hk2",363,414,239,379,292,363,358,383,324
"Tfb2m",18,29,17,13,18,9,13,5,16
"Hlx",112,176,98,88,139,249,135,117,137
"Mnx1",0,0,0,0,0,0,0,0,0
"Hmbs",17,18,24,27,51,40,47,21,25
"Hmgb1",17,16,20,15,16,10,22,21,26
"Hmgn1",302,403,219,194,205,275,214,236,279
"Hmgn2",24,23,11,5,18,11,3,10,12
"Hmg20b",350,443,340,360,370,417,507,338,407
"Hmgb3",2,13,3,1,3,8,1,0,7
"Hmgcl",131,223,206,166,301,244,207,185,288
"Hmgcr",21,68,17,22,29,33,26,22,21
"Hmgcs2",0,0,0,0,0,0,0,0,0
"Hmga1",6,6,14,7,2,3,2,4,4
"Hmga2",0,0,0,0,0,0,0,0,0
"Hmga2-ps1",72,145,129,73,244,194,161,131,206
"Hmmr",0,0,0,22,6,4,3,2,22
"Hmox1",246,450,170,150,302,346,215,197,299
"Hmox2",123,125,151,219,298,275,273,289,270
"Nr4a1",16,31,54,53,41,29,21,24,63
"Hmx1",0,0,0,0,0,0,0,0,0
"Hmx2",0,0,0,0,0,0,0,0,0
"Hmx3",0,0,0,0,0,0,0,0,0
"Jpt1",433,449,410,298,366,391,280,360,399
"Foxa1",0,0,0,0,0,0,0,0,0
"Foxa2",0,0,0,0,0,0,0,0,0
"Foxa3",0,0,0,0,0,0,0,0,0
"Hnf4a",0,0,1,0,0,0,1,0,0
"Onecut1",0,0,0,0,0,0,0,0,0
"Hnrnpc",233,288,164,198,284,290,194,232,307
"Hnrnpa1",31,36,21,12,14,17,19,22,24
"Hnrnpab",835,1380,599,382,481,729,591,540,507
"Hnrnpk",190,200,102,183,243,279,262,244,220
"Hnrnpl",57,107,74,59,103,151,101,65,93
"Hoxa1",0,0,0,0,0,0,0,0,0
"Hoxa10",0,0,0,0,0,0,0,0,0
"Hoxa11",0,0,0,0,0,0,0,0,0
"Hoxa11os",0,0,0,0,0,0,0,0,0
"Hoxa13",0,0,0,0,0,0,0,0,0
"Hoxa2",0,0,0,0,0,0,0,0,0
"Hoxa3",0,0,0,0,0,0,0,0,0
"Hoxa4",0,0,0,0,0,0,0,0,0
"Hoxa5",0,0,0,0,0,0,0,0,0
"Hoxa6",0,0,0,0,0,0,0,0,0
"Hoxa7",0,0,0,0,0,0,0,0,0
"Hoxa9",0,0,0,0,0,0,0,0,0
"Hoxb1",0,0,0,0,0,0,0,0,0
"Hoxb13",0,0,0,0,0,0,0,1,0
"Hoxb3",0,1,1,0,0,0,0,0,0
"Hoxb4",11,28,11,7,8,9,8,8,2
"Hoxb5",0,0,0,0,0,0,0,0,0
"Hoxb6",0,0,0,0,0,0,0,0,0
"Hoxb7",0,1,0,0,0,0,0,0,0
"Hoxb8",0,0,0,0,0,0,0,0,0
"Hoxb9",0,0,0,0,0,0,1,0,0
"Hoxc12",0,0,0,0,0,0,0,0,0
"Hoxc13",0,0,0,0,0,0,0,0,0
"Hoxc4",0,0,0,0,0,0,0,0,0
"Hoxc5",0,0,0,0,0,0,0,0,0
"Hoxc6",0,0,0,0,0,0,0,0,0
"Hoxc8",0,0,0,0,0,0,0,0,0
"Hoxc9",0,1,0,0,0,0,0,0,0
"Hoxd1",0,0,0,0,0,0,0,0,0
"Hoxd10",0,0,0,0,0,0,0,0,0
"Hoxd11",0,0,0,0,0,0,0,0,0
"Hoxd12",0,0,0,0,0,0,0,0,0
"Hoxd13",0,0,0,0,0,0,0,0,0
"Hoxd3",0,0,0,0,0,0,0,0,0
"Hoxd4",0,2,0,0,0,0,0,0,0
"Hoxd8",0,0,0,0,0,0,0,0,0
"Hoxd9",0,0,0,0,0,0,0,0,0
"Hp",145,76,84,12,16,43,32,36,29
"Hp1bp3",174,303,164,237,268,231,279,247,305
"Hpse",1,0,0,5,1,3,0,4,0
"Hpca",2,7,0,5,2,3,1,5,0
"Hpd",0,0,0,0,0,0,0,0,0
"Hpgd",57,95,101,175,289,208,181,205,256
"Lipc",7,0,0,0,0,5,2,0,0
"Hpn",29,73,11,16,47,51,61,48,31
"Hprt1",265,367,206,236,280,378,304,372,348
"Hpx",0,0,2,0,0,2,0,4,1
"Hr",0,1,0,0,0,0,0,0,0
"Hras",192,305,183,160,156,146,166,249,203
"Agfg1",112,103,31,49,57,51,42,62,49
"Hrc",0,0,0,1,0,0,0,0,0
"Hrh1",0,0,0,0,0,0,0,0,0
"Hrh2",25,45,26,22,30,20,33,40,22
"Eif2ak1",82,139,85,75,95,50,60,76,57
"Prmt2",27,31,14,35,17,16,14,30,20
"Prmt1",573,678,343,213,180,178,177,219,175
"Rida",9,10,4,49,23,17,12,31,28
"Hs3st1",0,0,0,0,0,0,0,0,0
"Hs3st3a1",0,0,0,0,0,0,0,0,0
"Hspa8",1152,1294,665,638,518,557,564,733,533
"Hspa1l",3,2,0,0,0,0,0,0,1
"Hsd11b1",5,7,5,0,3,0,4,1,0
"Hsd11b2",0,0,0,0,0,0,0,0,0
"Hsd17b1",3,1,1,8,5,21,18,4,6
"Hsd17b2",0,0,0,0,0,0,0,0,0
"Hsd17b3",0,0,0,0,0,0,0,0,0
"Hsd17b4",115,169,128,344,388,327,303,328,427
"Hsd17b7",26,61,18,7,8,20,12,19,6
"Hsd3b1",0,0,0,0,0,0,0,0,0
"Hsd3b2",0,0,0,0,0,0,0,0,0
"Hsd3b3",0,0,0,0,0,0,0,0,1
"Hsd3b4",0,0,0,0,0,0,0,0,0
"Hsd3b5",0,0,0,0,0,0,0,0,0
"Hsd3b6",0,0,0,0,0,0,0,0,0
"Hsf1",258,358,126,171,205,196,178,161,186
"Hsf2",8,17,14,14,11,4,15,10,6
"Dnaja1",196,167,116,112,108,149,122,154,122
"Dnajb3",3,0,0,6,0,3,2,0,2
"Hsph1",41,75,32,77,76,87,85,64,46
"Hspb1",34,7,27,14,17,25,28,9,10
"Hspd1",209,350,151,74,117,155,167,159,141
"Hspa1b",57,17,158,147,187,217,112,70,70
"Hspa2",7,13,1,0,0,2,3,2,1
"Hsp90ab1",2448,1983,1183,1254,1268,1702,1492,1650,1400
"Hsp90aa1",270,301,146,120,77,73,91,158,98
"Hspa4",386,544,298,266,291,289,316,406,270
"Hspa9",343,432,193,153,129,189,171,190,150
"Hspe1",304,285,153,336,300,345,318,330,309
"Sdc2",0,1,0,0,0,0,0,0,0
"Hspg2",0,2,3,0,0,1,0,0,0
"Ndst1",43,47,56,35,85,39,60,54,43
"Trmt2a",484,708,294,347,318,375,430,388,322
"Htr1a",0,0,0,0,0,0,0,0,0
"Htr1b",0,0,0,0,0,0,0,0,0
"Htr1d",0,0,0,0,0,0,0,0,0
"Htr1f",0,0,0,0,0,0,0,0,0
"Htr2a",0,0,0,0,0,0,0,0,0
"Htr2b",3,0,0,0,0,0,0,0,0
"Htr2c",0,0,0,0,0,0,0,0,0
"Htr3a",0,1,0,0,0,0,0,0,0
"Htr4",0,0,0,0,0,0,0,0,0
"Htr5a",0,0,0,0,0,1,0,0,0
"Htr5b",0,0,0,0,1,0,0,0,0
"Htr6",0,0,0,0,0,0,2,0,0
"Htr7",0,0,0,0,0,0,0,0,0
"Slc6a4",0,0,0,0,0,0,0,0,0
"Elavl1",118,171,73,53,164,139,165,92,104
"Elavl2",0,1,0,0,0,0,0,0,0
"Elavl3",2,9,5,4,5,4,1,0,3
"Elavl4",16,23,8,32,33,53,54,74,33
"Hus1",25,71,27,22,24,27,16,29,33
"Hyal1",1,2,2,1,0,0,0,3,3
"Hyal2",54,70,31,69,76,103,80,101,90
"Iapp",0,0,0,0,0,0,0,0,0
"Ibsp",0,0,0,0,0,0,0,0,0
"Ica1",0,5,0,0,0,0,0,0,2
"Icam1",618,903,414,376,644,763,581,802,694
"Icam2",8,5,0,4,0,2,6,4,0
"Icam5",3,9,0,2,0,1,4,2,0
"Irf8",1666,1926,1498,1079,1740,1883,1873,1483,1621
"Id1",66,42,61,7,11,24,14,21,23
"Id2",2678,5164,1850,393,1290,904,875,696,1338
"Id3",32,36,10,0,0,5,3,1,1
"Id4",2,1,0,0,0,0,0,1,0
"Ide",52,60,39,87,132,112,79,122,74
"Idh1",24,26,23,26,60,56,63,59,53
"Idh3g",193,131,218,237,362,268,270,310,400
"Ido1",0,0,0,0,0,0,0,0,0
"Ids",102,132,53,72,139,94,103,112,140
"Idua",104,138,66,163,197,285,183,174,217
"Ier2",1160,1649,1270,246,588,796,880,663,1138
"Ier3",2854,2985,2699,468,897,1367,905,1381,1874
"Ier5",894,968,1210,730,871,1390,1155,975,1499
"Irgm1",385,485,432,276,214,260,173,269,276
"Cxcl10",2226,10840,490,890,129,1340,205,749,450
"Ifi203",1,0,2,3,0,2,0,1,3
"Ifi204",711,907,573,534,423,407,190,550,550
"Ifi47",17,31,25,28,12,32,8,6,22
"Ifit1",194,658,95,220,84,148,51,146,152
"Ifit2",130,408,101,215,77,182,35,127,164
"Ifit3",73,337,91,258,89,315,62,181,228
"Ifna1",0,0,0,0,0,0,0,0,0
"Ifna11",0,0,0,0,0,0,0,0,0
"Ifna2",0,0,0,0,0,0,0,0,0
"Ifna4",0,0,0,0,0,0,0,0,0
"Ifna5",0,0,0,0,0,0,0,0,0
"Ifna6",0,0,0,0,0,0,0,0,0
"Ifna7",0,0,0,0,0,0,0,0,0
"Ifna9",0,0,0,0,0,0,0,0,0
"Ifnab",0,0,0,0,0,0,0,0,0
"Ifnar1",107,188,73,153,227,217,231,199,200
"Ifnar2",662,978,404,723,1118,1008,847,827,1084
"Ifnb1",1,6,3,3,0,4,0,0,1
"Ifng",0,0,0,0,0,0,0,0,0
"Ifngr1",929,965,1108,820,2548,2009,1869,1351,2118
"Ifngr2",548,768,408,550,929,715,841,872,892
"Ifrd1",125,222,82,62,74,76,64,97,81
"Ifrd2",69,77,43,17,20,15,31,37,23
"Cd79b",65,128,72,80,130,117,66,78,112
"Igf1",0,8,3,2,4,2,0,1,0
"Igf1r",91,73,195,51,66,71,52,95,100
"Igf2",5,4,3,1,3,1,4,2,2
"Igf2r",1,0,0,2,7,0,8,3,4
"Igfals",0,0,0,0,0,0,0,0,0
"Igfbp1",0,0,0,0,0,0,0,0,0
"Ccn1",21,23,12,0,25,16,32,4,38
"Igfbp2",4,2,0,0,1,7,0,2,0
"Igfbp3",0,0,0,0,0,0,0,0,0
"Igfbp4",36,81,19,38,61,80,63,50,75
"Igfbp5",0,1,0,3,0,0,3,0,0
"Igfbp6",19,14,29,45,110,66,31,57,100
"Ighg2b",0,0,2,5,0,19,0,10,0
"Ighg1",0,0,0,0,0,0,0,0,0
"Ighm",240,463,189,405,270,431,428,440,437
"Il18bp",60,66,34,50,54,43,70,34,72
"Jchain",0,2,0,0,0,4,0,8,0
"Igkc",2,3,2,0,0,10,0,10,0
"Igkv1-117",0,0,0,0,0,0,0,0,0
"Igll1",0,0,0,0,0,0,0,0,0
"Iglv1",0,0,0,0,0,0,0,0,0
"Igtp",370,353,260,230,227,345,229,291,244
"Ihh",0,0,0,0,1,2,0,0,2
"Cd74",565,601,371,232,273,330,225,296,362
"Ikbkb",137,327,136,124,160,149,185,136,176
"Ikbkg",86,110,69,50,82,69,61,63,71
"Il10",10,75,0,0,0,0,0,0,2
"Il10ra",107,92,109,993,1436,1651,969,1134,1535
"Il10rb",265,477,244,417,788,668,694,552,749
"Il11",0,0,0,0,0,0,0,1,0
"Il11ra1",74,114,104,78,113,154,141,96,133
"Il11ra2",0,0,0,0,0,0,0,0,0
"Il12a",3,6,0,0,0,0,0,0,0
"Il12b",212,982,22,19,1,11,9,26,12
"Il12rb1",1,0,4,1,0,1,0,3,3
"Il12rb2",0,1,0,0,0,0,0,0,0
"Il13",0,0,0,0,0,0,0,0,0
"Il13ra1",67,73,73,167,236,137,165,189,216
"Il13ra2",0,0,0,0,0,0,0,0,0
"Il15",12,31,26,60,60,72,64,57,77
"Il15ra",635,813,406,289,434,325,296,222,346
"Il16",253,410,327,264,412,398,353,326,419
"Il17a",0,0,0,0,0,0,0,0,0
"Il17ra",1092,1709,1336,1030,1341,1138,1269,933,1361
"Il18",180,220,148,263,228,241,178,232,291
"Il18rap",22,18,23,3,12,1,1,5,5
"Il1a",343,988,110,129,115,149,140,201,195
"Il1b",753,1495,184,172,217,509,380,453,330
"Il1r1",9,8,12,3,6,2,9,1,2
"Il1r2",1310,531,1413,22,106,23,194,50,14
"Irak1",698,1259,466,412,431,388,508,514,401
"Il1rap",17,22,7,11,11,9,7,15,6
"Il1rn",287,305,43,11,3,18,10,18,14
"Il18r1",0,0,0,0,1,0,0,0,0
"Il2",0,0,0,0,0,0,0,0,2
"Il2ra",6,0,5,0,0,4,18,3,0
"Il2rb",0,0,0,0,0,0,4,0,2
"Il2rg",110,103,65,80,105,188,95,76,115
"Il3",0,0,0,0,0,0,0,0,0
"Il3ra",27,71,30,35,48,32,35,9,27
"Il4",0,0,0,0,0,0,0,0,0
"Il4ra",1479,1994,1180,1337,2007,2130,1697,1529,2218
"Il5",1,0,0,0,0,0,0,0,0
"Il5ra",0,0,0,0,0,0,0,0,0
"Il6",49,34,8,2,2,4,1,1,3
"Il6ra",833,1033,885,845,1165,490,875,802,990
"Il6st",218,344,210,259,265,256,290,260,324
"Il7",0,0,0,0,0,0,0,0,0
"Il7r",11,17,24,37,48,14,12,30,21
"Il9",0,0,0,0,0,0,0,0,0
"Il9r",0,0,0,0,0,0,0,0,0
"Ilf3",85,173,62,114,120,144,93,140,114
"Ilk",461,544,444,390,670,540,482,485,522
"Fabp6",0,1,0,0,1,1,0,7,2
"Gimap1",20,14,8,21,34,24,36,34,29
"Lrig1",0,0,1,0,1,0,4,0,1
"Impact",95,145,84,52,69,71,44,60,57
"Kpnb1",476,777,292,296,232,339,307,299,297
"Incenp",84,148,68,95,82,101,78,65,93
"Inha",0,0,0,0,0,0,0,0,0
"Inhba",1,0,0,0,0,0,0,0,0
"Inhbb",0,0,0,0,0,0,0,0,0
"Inhbc",0,0,0,0,0,0,0,0,0
"Inhbe",0,0,0,0,0,0,0,0,0
"Cep250",168,288,174,117,159,158,165,119,180
"Inpp1",13,14,5,13,19,11,17,7,13
"Inpp5b",62,163,40,50,79,101,62,63,58
"Inpp5d",885,1428,1054,1240,2261,1898,1771,1367,2182
"Inppl1",57,117,68,130,186,217,206,145,182
"Ins1",0,0,0,0,0,0,1,1,0
"Ins2",1,0,0,0,0,0,0,0,0
"Insl3",0,0,2,1,0,0,0,0,0
"Insr",30,38,60,48,79,34,40,66,59
"Eif3e",299,424,249,157,149,77,130,199,150
"Invs",16,12,6,23,31,27,27,34,48
"Ipp",6,4,12,10,5,7,21,9,9
"Ipw",0,0,0,0,0,0,0,0,0
"Irf1",395,226,374,143,225,260,157,199,291
"Irf2",192,213,208,136,198,181,157,104,162
"Irf4",2,4,19,9,39,33,23,12,38
"Acod1",868,3270,91,19,4,34,37,51,11
"Irs1",1,0,0,0,0,0,0,1,0
"Irs3",0,0,0,1,0,0,3,1,2
"Irs4",0,0,0,0,0,0,0,0,0
"Irx1",0,0,0,0,0,0,0,0,0
"Irx2",0,0,0,0,0,0,0,0,0
"Irx3",0,0,0,0,0,0,0,0,0
"Irf9",411,610,404,338,605,486,544,386,533
"Isl1",0,0,0,0,0,0,0,0,0
"Itch",13,20,13,24,57,33,34,31,45
"Itga2",0,0,0,0,0,0,0,0,0
"Itga2b",3,3,3,2,14,4,4,10,4
"Itga3",0,0,1,0,0,0,0,0,0
"Itga4",8,52,6,5,6,6,14,1,11
"Itga5",67,164,33,9,14,13,26,26,33
"Itga6",90,119,143,319,735,377,568,654,661
"Itga7",0,4,6,1,2,1,1,0,0
"Itgae",0,4,3,2,6,5,3,5,4
"Itgal",33,33,23,15,24,34,47,26,48
"Itgam",1869,1199,1324,3030,3459,4000,2973,3318,3977
"Itgav",62,96,62,136,144,117,141,140,156
"Itgax",68,92,43,143,114,203,83,146,158
"Itgb1",383,577,278,381,652,577,474,531,635
"Itgb1bp1",61,99,36,49,96,69,94,67,102
"Itgb2",1396,1201,1713,1567,3062,2979,2432,1982,2833
"Itgb2l",1,0,0,0,0,0,0,0,0
"Itgb3",124,213,115,98,92,110,89,122,87
"Eif6",414,644,356,142,256,253,205,232,223
"Itgb5",698,537,1373,2363,5506,4609,3484,2265,4405
"Itgb6",0,0,0,0,0,0,0,0,0
"Itgb7",7,12,5,8,22,7,12,18,31
"Cd47",1027,1840,665,407,662,487,602,537,590
"Itih1",0,1,0,0,0,0,0,0,0
"Itih2",0,0,0,0,0,1,0,1,0
"Itih3",1,1,0,6,0,1,0,0,0
"Itih4",0,0,0,0,1,0,0,0,0
"Itk",0,0,0,0,0,0,3,0,1
"Itln1",0,0,1,0,0,0,0,2,0
"Stt3a",77,136,69,81,87,29,70,102,48
"Itm2a",2,0,0,0,0,0,4,0,0
"Itm2b",4198,5499,3936,11684,14264,14758,9340,9447,14792
"Cuzd1",0,0,0,0,0,0,0,0,0
"Itpa",132,166,84,61,76,127,113,78,114
"Itpr1",21,22,16,23,43,18,15,26,37
"Itpr2",204,339,155,324,332,263,209,300,339
"Itpr3",82,212,132,55,112,131,98,62,91
"Itsn1",50,42,15,17,12,17,17,15,13
"Ivl",0,0,0,0,0,0,0,0,0
"Jag1",6,10,7,1,0,1,6,2,0
"Jag2",1,3,6,4,0,1,0,2,0
"Jak1",366,425,316,309,551,404,393,481,534
"Jak2",98,223,97,91,97,76,92,122,101
"Jak3",110,111,123,217,149,177,175,224,215
"F11r",278,277,248,686,734,808,655,814,770
"Atcay",0,0,1,0,0,1,0,1,1
"Jarid2",30,83,56,22,65,50,55,42,44
"Jrk",12,14,0,8,28,16,20,10,8
"Ush1g",0,0,0,0,0,0,0,0,0
"Ajuba",3,2,2,3,23,7,12,17,16
"Jun",1458,974,2311,1113,2111,2376,2261,1995,3682
"Junb",1866,2604,1900,976,1397,2192,1782,1981,2892
"Jund",201,143,269,120,214,330,271,250,425
"Jup",19,10,35,35,71,70,62,31,54
"Kap",0,0,0,0,0,0,0,0,0
"Kcna1",6,1,0,0,0,0,0,1,0
"Kcna2",2,1,5,1,2,2,0,0,1
"Kcna3",3,5,9,0,0,2,0,0,2
"Kcna4",0,2,1,0,0,0,0,0,0
"Kcna5",0,0,0,0,0,0,0,0,0
"Kcna6",0,0,0,0,0,0,0,0,0
"Kcna7",0,0,1,1,2,1,0,2,2
"Kcnab1",4,8,1,0,0,0,0,0,0
"Kcnab2",6,5,4,1,7,14,7,16,7
"Kcnab3",19,14,26,6,30,24,20,14,29
"Kcnb1",0,7,1,0,1,8,2,3,3
"Kcnc1",1,0,0,0,0,1,0,2,0
"Kcnc3",4,17,4,5,6,0,2,6,0
"Kcnd1",0,0,0,0,0,0,0,2,0
"Kcnd2",0,1,0,0,0,1,0,1,0
"Kcne1",0,0,0,0,0,0,0,0,0
"Kcnh1",0,0,0,2,0,0,0,0,0
"Kcnh2",0,0,0,0,0,0,1,0,0
"Kcnh3",0,0,0,0,1,0,0,0,2
"Kcnj10",32,56,31,48,110,68,85,62,128
"Kcnj11",0,0,0,0,0,0,0,0,0
"Kcnj12",1,0,0,1,0,1,0,0,0
"Kcnj15",0,0,0,0,0,0,0,0,0
"Kcnj16",2,0,0,0,0,0,0,1,0
"Kcnj2",47,180,24,68,57,72,94,31,58
"Kcnj3",0,0,0,0,0,0,0,0,0
"Kcnj4",0,3,0,0,0,0,0,1,0
"Kcnj5",0,0,0,0,0,0,0,0,0
"Kcnj6",0,0,0,0,0,0,0,0,0
"Kcnj8",0,0,0,0,0,0,0,0,0
"Kcnj9",0,0,0,6,7,1,1,4,6
"Kcnk1",0,2,0,0,0,0,0,1,1
"Kcnk2",0,1,2,0,0,0,1,0,2
"Kcnk3",0,0,0,0,0,0,0,0,3
"Kcnk4",0,0,0,0,0,1,0,0,0
"Kcnk5",0,0,0,0,0,0,0,0,0
"Kcnk7",0,2,0,0,0,0,0,0,0
"Kcnma1",7,5,6,32,23,28,19,34,57
"Kcnu1",0,0,0,0,0,0,0,0,0
"Kcnmb1",0,0,0,0,0,0,0,0,0
"Kcnn4",12,35,2,25,14,34,18,13,11
"Kcnq1",0,0,0,0,0,0,0,0,0
"Kcnq2",0,0,0,0,2,0,5,2,0
"Kcns1",0,0,0,0,0,0,0,0,0
"Kcns2",0,0,0,0,0,0,0,0,0
"Napsa",12,21,15,6,3,11,4,1,2
"Kdr",3,2,0,26,2,17,10,21,37
"Mdfic",6,23,3,5,7,10,4,4,8
"Kera",0,0,0,0,0,0,0,0,0
"Khk",297,273,372,282,504,300,322,337,429
"Khsrp",49,69,19,47,41,64,44,55,54
"Kif11",0,6,0,26,7,6,4,7,8
"Kif12",0,0,0,0,0,0,0,0,0
"Kif13a",43,67,40,35,88,59,64,54,74
"Kif13b",15,13,3,8,25,3,22,16,27
"Kif16b",11,23,6,29,32,18,22,16,27
"Kif17",0,0,0,0,0,0,0,0,0
"Kif1a",6,37,2,8,5,17,7,1,5
"Kif1b",119,166,93,89,132,77,102,102,142
"Kif1c",43,61,31,32,50,46,68,69,55
"Kif2a",52,47,40,37,40,23,31,42,52
"Kif21a",1,2,1,1,0,1,0,0,0
"Kif21b",133,231,180,297,450,625,468,319,403
"Kif3a",33,50,28,33,51,28,34,30,50
"Kif3b",147,237,118,88,182,107,139,173,172
"Kif3c",6,30,6,10,23,14,11,17,7
"Kif4",0,2,0,3,5,4,2,3,8
"Kif5a",13,26,8,2,0,4,1,5,5
"Kif5b",323,493,232,179,243,260,294,320,279
"Kif5c",4,0,8,11,2,10,14,10,18
"Kif7",1,1,0,0,1,0,4,0,0
"Kif9",4,5,4,23,22,7,15,30,11
"Kifap3",64,156,85,65,90,79,86,88,103
"Kifc5b",4,9,3,7,6,7,12,9,32
"Kifc2",6,6,6,21,49,34,31,13,25
"Kifc3",37,76,51,30,54,62,113,38,65
"Kin",62,76,33,40,47,64,43,36,36
"Uhmk1",0,1,1,0,1,2,2,7,0
"Kit",0,0,0,0,3,0,0,0,0
"Kl",0,0,0,0,4,0,0,1,3
"Fabp5",17,4,12,9,8,16,25,17,8
"Klc1",119,255,120,122,258,270,327,160,209
"Klc2",40,34,31,37,53,32,38,40,50
"Klf1",0,2,0,0,0,1,2,1,0
"Klf12",20,26,29,17,26,3,25,35,29
"Klf2",111,16,303,114,144,279,212,149,287
"Klf3",199,243,178,188,261,232,310,376,371
"Klf4",584,240,1036,132,473,274,408,199,629
"Klf9",299,363,415,17,135,34,73,20,103
"Klk1b7-ps",0,0,4,0,0,0,0,0,0
"Klk1",0,0,1,0,0,0,1,0,0
"Klk1b11",0,0,0,0,0,0,0,0,0
"Klk1b16",0,0,0,0,0,0,0,0,0
"Klk1b21",0,0,0,0,0,0,0,0,0
"Klk1b24",0,0,0,0,0,0,0,0,0
"Klk1b26",0,0,0,0,0,0,0,0,0
"Klk1b27",0,0,0,0,0,0,0,0,0
"Klkb1",5,4,5,4,8,9,6,1,3
"Klk1b5",0,0,0,0,0,0,0,0,0
"Klk1b1",0,0,0,0,0,0,0,0,0
"Klk1b8",0,0,0,0,0,0,0,0,0
"Serpina3c",0,0,0,0,0,0,0,0,0
"Klra1",0,0,0,0,0,0,0,0,0
"Klra10",0,0,0,0,0,0,0,0,0
"Klra13-ps",0,0,0,0,0,0,0,0,0
"Klra2",2,7,6,0,1,3,1,0,2
"Klra3",0,0,0,0,0,0,0,0,0
"Klra4",0,0,0,0,0,0,0,0,0
"Klra5",0,0,0,0,0,0,0,0,0
"Klra6",0,0,0,0,0,0,0,0,0
"Klra7",0,0,0,0,0,0,0,0,0
"Klra8",0,0,0,0,0,0,0,0,0
"Klra9",0,0,0,0,0,0,0,0,0
"Klrc1",0,0,0,0,0,0,0,0,0
"Klrc2",0,0,0,0,0,0,0,0,0
"Klrd1",0,0,1,0,0,0,1,0,2
"Kng1",0,0,0,0,0,0,0,0,0
"Kpna1",46,74,19,22,44,19,31,45,50
"Kpna2",7,10,7,5,1,3,4,5,3
"Kpna3",68,124,63,67,48,36,48,61,68
"Kpna4",109,211,102,99,113,84,119,92,117
"Kpna6",97,151,84,73,78,97,77,91,76
"Sspn",0,2,4,8,7,5,5,7,1
"Kras",77,143,70,87,123,61,101,100,151
"Hivep3",178,447,82,77,68,97,177,133,72
"Mafb",2320,2433,1946,1850,3280,2291,3270,2712,3563
"Krt31",0,0,0,0,0,0,0,0,0
"Krt10",3,8,1,4,10,2,1,3,5
"Krt13",0,0,0,0,0,0,0,0,0
"Krt14",0,0,0,0,0,0,0,0,0
"Krt15",0,0,0,0,0,0,0,0,0
"Krt16",0,0,0,0,0,0,0,0,0
"Krt17",0,0,0,0,0,0,0,0,0
"Krt18",0,1,3,0,2,0,1,3,0
"Krt19",0,0,3,0,0,0,2,2,0
"Krt32",0,0,0,0,0,0,0,0,0
"Krt33b",0,0,0,0,0,0,0,0,0
"Krt34",0,0,0,0,0,0,0,0,0
"Krt36",0,0,0,0,0,0,0,0,0
"Krt27",0,0,0,0,0,0,0,0,0
"Krt1",0,0,0,0,0,0,0,0,0
"Krt86",0,0,0,0,0,0,0,0,0
"Krt84",0,0,0,0,0,0,0,0,0
"Krt2",0,0,0,0,0,0,0,0,0
"Krt4",0,0,0,0,0,0,0,0,0
"Krt6a",0,0,0,0,0,0,0,0,0
"Krt6b",0,0,0,0,0,0,0,0,0
"Krt8",0,0,2,0,0,1,2,2,2
"Krtap11-1",0,0,0,0,0,0,0,0,0
"Krtap12-1",0,0,0,0,0,0,0,0,0
"Krtap12-23",0,0,0,0,0,0,0,0,0
"Krtap13",0,0,0,0,0,0,0,0,0
"Krtap6-1",0,0,0,0,0,0,0,0,0
"Krtap6-2",0,0,0,0,0,0,0,0,0
"Krtap8-1",0,0,0,0,0,0,0,0,0
"Krtap19-5",0,0,0,0,0,0,0,0,0
"Krtap9-1",0,0,0,0,0,0,0,0,0
"Ksr1",25,26,19,2,13,1,3,10,14
"Ktn1",114,157,89,80,113,59,96,137,113
"Ky",0,0,0,0,0,0,0,0,0
"L1cam",3,3,1,0,3,2,3,6,3
"Lad1",1,0,0,0,0,0,0,0,0
"Aff3",0,0,1,0,0,0,1,0,0
"Stmn1",8,5,6,45,19,36,8,23,41
"Lag3",334,228,443,218,363,217,331,183,356
"Dsg4",0,0,0,0,0,0,0,0,0
"Lalba",1,2,1,0,0,0,0,0,1
"Lama1",0,0,0,0,0,0,0,0,0
"Lama2",0,0,0,0,0,0,0,0,0
"Lama3",0,0,0,0,0,0,0,0,0
"Lama4",0,0,0,0,0,0,0,0,0
"Lama5",44,76,16,0,5,0,3,4,2
"Lamb1",0,0,0,0,0,0,0,0,0
"Lamb2",15,20,38,52,37,21,43,17,34
"Lamb3",0,0,0,0,0,0,0,0,0
"Lamc2",0,0,0,0,0,0,0,0,0
"Lamp1",2481,3605,2056,3025,6288,5100,5940,3652,5635
"Lamp2",596,718,510,812,1038,696,619,800,1083
"Rpsa",2954,3572,2965,2286,3977,2917,3242,3065,4135
"Anpep",22,23,27,19,19,4,5,15,28
"Laptm5",7854,11622,8302,9230,14343,10780,12672,10867,14454
"Large1",51,63,37,81,127,96,116,87,130
"Lasp1",376,481,432,230,406,470,411,321,427
"Lat",4,26,17,5,13,10,40,13,8
"Lats1",43,119,39,38,55,77,50,75,61
"Arhgef2",376,595,307,294,384,354,358,322,448
"Arhgef1",508,929,508,434,705,636,606,443,658
"Lbp",1,1,0,4,4,1,0,0,0
"Lbx1",1,2,2,0,0,0,0,0,0
"Lbx2",13,19,3,25,52,34,33,17,47
"Lcat",5,21,2,4,8,7,6,8,6
"Lck",1,1,0,1,1,5,5,4,0
"Lcn2",2539,2970,552,239,2042,790,972,922,1989
"Lcn3",0,0,0,0,0,0,0,0,0
"Lcn4",0,0,0,0,0,0,0,0,0
"Lcp2",493,1140,316,268,410,430,402,467,443
"Ldb1",439,772,468,453,848,758,544,626,857
"Ldb2",0,0,0,0,0,0,0,1,0
"Ldha",773,714,545,417,451,546,515,496,487
"Ldhb",575,563,667,976,876,769,671,1052,1184
"Ldhc",0,0,0,0,0,0,0,0,0
"Cog1",84,118,54,63,96,70,104,79,41
"Ldlr",17,12,21,17,33,80,50,27,28
"Cnmd",0,0,0,0,0,0,0,0,0
"Lect2",0,0,0,0,0,0,0,0,0
"Lef1",0,0,0,1,0,0,2,0,0
"Lep",0,0,0,0,0,0,0,0,0
"Lepr",0,0,0,0,0,0,0,0,0
"Lfng",122,119,117,127,208,298,210,174,236
"Lgals1",30,32,29,68,111,90,151,142,154
"Lgals3",91,241,188,39,22,58,36,27,29
"Lgals4",9,12,14,14,19,14,7,11,26
"Lgals7",0,0,0,0,0,0,0,0,0
"Lgals9",818,930,900,883,750,748,469,758,1104
"Eif2d",16,28,29,56,65,52,57,66,63
"Lhb",0,0,0,0,0,0,0,0,0
"Lhcgr",0,0,0,0,0,0,0,0,0
"Lhx1",5,1,0,0,5,6,0,3,9
"Lhx2",0,0,0,1,0,0,0,0,0
"Lhx3",0,0,0,0,0,0,0,0,0
"Lhx4",0,0,0,0,0,0,0,0,0
"Lhx5",0,0,0,0,0,0,0,0,0
"Lhx6",0,0,0,0,0,0,0,0,0
"Lhx8",0,0,0,0,0,0,0,0,0
"Lhx9",0,0,0,0,0,0,0,0,0
"Lif",4,0,2,0,0,0,5,0,0
"Lifr",147,120,256,232,363,237,284,185,374
"Lig1",15,40,12,179,131,241,64,178,117
"Lig3",95,142,47,55,66,73,66,81,53
"Limk1",71,105,67,57,71,122,106,67,78
"Limk2",62,58,25,26,27,42,42,42,40
"Lipa",143,279,148,218,347,300,315,328,352
"Lipe",240,156,194,144,201,211,195,173,265
"Lipg",1,1,1,0,0,0,0,1,4
"Llgl1",39,43,30,43,53,59,64,51,60
"Rps2",1353,1836,1340,1118,2262,2062,1037,1467,1699
"Gzmm",9,4,5,0,0,1,0,2,2
"Lmna",42,174,92,97,54,68,73,127,74
"Lmnb1",16,28,9,27,25,37,19,15,33
"Lmnb2",74,90,51,45,31,64,43,36,46
"Lmo2",199,387,199,314,412,453,322,352,415
"Lmo4",858,1222,684,455,554,465,496,610,560
"Psmb9",188,122,187,233,226,236,147,236,267
"Psmb8",940,977,746,884,788,1035,719,914,1061
"Lmx1b",0,0,0,0,0,0,0,0,0
"Mycl",0,2,5,0,11,4,12,1,22
"Phyh",53,38,79,147,250,184,142,161,200
"Sh2b3",60,50,56,57,103,95,106,70,82
"Lnx1",3,8,0,0,1,1,1,1,0
"Loricrin",0,0,0,0,0,0,0,0,0
"Lox",1,4,0,1,0,1,1,0,0
"Loxl1",0,0,0,0,0,0,0,0,0
"Loxl3",18,35,28,105,71,145,70,117,81
"Anxa1",21,2,13,0,1,2,0,4,1
"Lpl",61,336,51,47,34,53,64,79,47
"Xcl1",0,0,0,0,0,0,0,0,0
"Zbtb7a",671,940,649,487,617,478,582,685,618
"Irag2",103,176,155,101,211,206,222,158,199
"Lrp1",1013,2082,1479,1048,1569,1700,1821,1211,1809
"Lrp5",53,62,73,114,139,179,125,89,155
"Lrp6",56,57,28,34,48,44,54,42,54
"Lrp8",0,5,0,0,0,2,0,4,1
"Lrpap1",377,388,371,364,615,492,467,440,572
"Lrrc23",0,0,0,0,0,0,0,0,0
"Lrrfip1",442,605,386,218,265,271,197,225,268
"Lrrn1",0,0,0,0,0,0,0,1,0
"Lrrn2",0,1,0,1,0,0,0,0,0
"Lrrn3",0,0,0,0,0,0,0,0,0
"Lsp1",128,160,327,56,161,130,148,100,177
"Lss",24,35,8,8,10,6,23,12,18
"Lst1",39,29,34,470,499,391,261,326,675
"Lta",3,2,0,1,0,0,23,1,4
"Lta4h",81,101,78,73,80,79,69,80,96
"Ltb",7,26,10,22,13,32,16,14,48
"Ltb4r1",21,2,14,6,13,7,8,3,8
"Ltbp2",2,3,0,0,0,0,0,0,0
"Ltbp3",2,10,1,4,11,8,5,5,1
"Ltbr",745,1255,630,578,792,754,796,769,819
"Ltc4s",828,650,2453,1226,1410,962,643,956,1975
"Ltf",42,0,14,0,0,0,0,0,0
"Ltk",0,0,0,0,0,0,1,1,0
"Lum",0,0,0,0,0,0,0,0,0
"Alad",114,142,67,56,63,100,65,100,124
"Lxn",14,21,9,40,55,43,50,35,37
"Elovl6",4,5,3,0,6,3,0,6,6
"Slc2a10",1,5,0,0,0,0,2,1,0
"Bbox1",0,0,0,0,0,0,0,0,0
"Gpha2",0,5,5,0,0,0,0,0,1
"Stard4",1,3,0,1,7,11,8,8,2
"Stard5",73,91,55,30,57,32,31,43,37
"Stard6",2,7,0,0,4,0,0,3,0
"Recql5",80,81,33,78,141,104,91,80,132
"Grin3b",2,1,4,0,0,0,0,0,1
"Nphs2",0,0,0,0,0,0,0,0,0
"Klrb1a",0,0,0,0,0,0,0,0,0
"Cntnap4",0,0,0,0,0,0,0,0,0
"Sp7",0,0,0,0,0,0,0,0,0
"Klrb1c",0,0,0,0,0,0,0,0,0
"Blnk",185,582,175,425,370,366,307,322,399
"Snx18",488,527,415,226,572,388,472,438,438
"Muc13",0,0,1,0,0,0,0,1,1
"Hpcal4",3,5,2,0,0,0,4,3,0
"Or51e2",0,0,0,0,0,0,0,0,0
"Cd93",2,0,0,2,0,1,0,2,4
"Kirrel1",0,1,0,0,0,0,0,0,0
"Ubn1",158,248,185,226,297,211,193,216,237
"Or2n1e",0,0,0,0,0,0,0,0,0
"Krtap19-2",0,0,0,0,0,0,0,0,0
"Krtap19-4",0,0,0,0,0,0,0,0,0
"Krtap21-1",0,0,0,0,0,0,0,0,0
"Krtap19-1",0,0,0,0,0,0,0,0,0
"Ndufs5-ps",21,15,13,13,27,22,24,17,17
"Ly6c1",1,0,1,0,1,0,0,0,1
"Peg10",1,4,1,6,1,4,1,0,1
"Cdhr1",0,0,0,0,0,1,1,0,0
"Ly6d",0,0,0,0,0,0,0,0,0
"Ly6e",4287,2826,4243,9284,10745,10660,5425,7784,11384
"Tmem37",285,441,479,507,973,593,618,470,844
"Usp48",111,179,146,159,225,217,250,165,232
"Ly6f",0,0,0,0,0,0,0,0,1
"Otud7a",0,0,0,0,0,0,0,0,1
"Cyp4f13",170,176,225,240,396,224,285,348,448
"Idh3b",284,460,266,327,450,409,365,341,503
"Oxr1",48,62,21,55,54,26,40,60,89
"Card14",0,0,0,0,0,0,0,0,0
"Papln",0,0,0,0,0,0,0,0,0
"Nxf7",0,0,0,0,0,0,0,0,0
"Capn8",0,0,0,0,0,0,0,0,0
"Rtn4ip1",11,10,15,15,26,20,25,32,30
"Scrt1",0,3,3,0,0,3,0,0,0
"Mfn2",42,74,36,56,63,73,81,55,72
"Trhr2",0,0,0,0,0,0,0,0,0
"Klra17",0,0,0,1,0,0,0,0,0
"Zscan5b",0,0,0,0,0,0,0,0,0
"Arr3",0,0,0,0,0,0,0,0,0
"Parvb",51,71,107,34,74,53,65,42,84
"Znrf1",264,543,219,230,382,345,280,263,283
"Kcnh7",0,0,0,0,0,0,0,0,0
"Zfp287",4,7,6,5,3,1,10,5,3
"Pilrb1",121,84,48,56,79,125,95,103,75
"Sertad3",24,28,5,14,18,34,23,22,20
"Tlr7",1696,2885,2030,685,949,325,612,614,856
"Tlr8",0,0,0,0,0,0,0,0,0
"Xpnpep2",0,0,0,0,0,0,0,0,0
"Smco4",7,6,6,5,7,16,4,6,7
"Mtmr4",23,53,24,75,69,57,78,51,53
"Epcam",0,0,0,0,0,1,0,1,1
"Xpnpep1",250,371,143,105,162,153,133,109,153
"Bco2",29,52,29,82,210,203,107,103,104
"Zfp704",29,119,31,56,58,48,27,42,57
"Sgk3",86,89,76,85,218,136,93,140,165
"Slc8b1",100,168,105,83,130,128,104,67,142
"Adgrl4",2,0,0,0,0,0,0,0,0
"Rac3",47,32,38,77,127,82,91,78,123
"Atp13a1",436,720,393,355,537,610,510,464,484
"Ly75",0,0,0,0,0,0,0,0,0
"Acbd3",75,101,50,90,130,78,98,70,122
"Nherf4",2,1,1,0,4,0,0,0,1
"Nup155",34,80,23,33,28,27,21,30,23
"Zfp87",21,58,28,26,19,29,20,44,21
"Ripply3",1,0,0,0,0,0,0,0,0
"Rfxap",65,109,83,29,57,59,67,42,107
"Pfkfb3",1866,3374,976,235,340,370,291,374,406
"Bbc3",38,132,35,14,18,41,30,36,35
"Khdrbs2",0,0,0,0,0,0,0,0,0
"Glcci1",18,20,12,30,24,24,19,14,38
"Cd209c",0,0,0,0,0,0,0,0,0
"Cd209d",0,0,1,0,0,0,0,0,0
"Cd209e",0,0,0,0,0,0,0,0,1
"Cd209a",0,0,0,0,0,0,0,0,0
"Hdac10",21,24,41,107,117,109,98,113,99
"Crb1",0,0,0,0,0,0,0,0,0
"Acot8",88,129,72,38,76,83,66,72,113
"Cd180",26,73,14,97,39,43,32,71,36
"Mlc1",0,1,2,2,0,2,0,0,0
"Rbm39",1020,1661,854,643,889,322,609,883,939
"Rtkn2",0,0,0,0,0,2,0,2,0
"Ms4a3",0,0,0,0,0,0,0,0,0
"Il1rl1",10,7,6,1,3,6,6,0,7
"Usp33",77,126,64,82,78,42,74,91,84
"Glmn",25,49,18,21,13,15,19,39,18
"Ppargc1b",12,37,27,10,43,9,30,29,35
"Vgll1",0,0,0,0,0,0,0,0,0
"Tram2",0,16,3,2,4,10,3,5,0
"Tmed1",208,144,208,105,109,174,94,109,124
"Hook2",48,127,47,57,106,147,70,93,111
"Oosp1",0,0,0,0,0,0,0,0,0
"Inpp5j",4,3,0,2,0,0,0,3,0
"Ly86",3778,3522,3418,6482,5107,5064,3243,5756,6754
"Ly9",46,57,33,86,96,136,102,121,107
"Ncr1",0,0,0,0,0,0,0,0,0
"Ly96",13,35,20,27,34,14,34,21,46
"Lyar",84,156,62,72,74,108,58,92,68
"Sumo2",1,2,0,2,3,0,4,3,2
"Grid2ip",0,0,0,0,0,0,0,0,0
"Zfp369",1,0,2,2,3,0,1,0,0
"Zfp617",52,77,46,22,61,25,52,53,63
"Krtap19-9b",0,0,0,0,0,0,0,0,0
"Erdr1x",328,542,82,944,1772,70,33,125,294
"Myoz3",0,0,0,0,0,0,0,0,0
"Lyl1",277,283,500,628,646,584,355,579,928
"Prima1",0,0,0,0,0,0,0,0,0
"Lyn",925,1603,571,635,803,761,762,707,703
"Lyst",27,38,29,17,49,13,28,35,32
"Lyz2",395,423,402,688,913,938,657,701,982
"Il17rc",0,0,0,0,0,1,1,1,0
"Lyz1",0,3,0,1,6,1,18,4,10
"Tm4sf1",0,0,0,0,0,0,0,0,0
"M6pr",1073,1759,613,636,808,968,905,738,926
"Mab21l1",0,0,0,0,0,0,0,0,0
"Mcoln3",0,0,0,0,0,0,0,0,0
"Pofut3",31,9,15,19,20,14,23,23,14
"Acer1",0,0,0,0,0,0,0,0,0
"Amacr",17,28,12,31,35,51,23,43,54
"Mbnl3",0,0,0,0,0,0,0,0,0
"Ntng2",0,2,0,0,0,0,0,0,0
"Marcks",3031,5919,1907,4028,4755,2671,3994,4442,4934
"Syt12",2,1,0,0,0,0,0,0,0
"Vmn1r37",0,0,0,0,0,0,0,0,0
"Vmn1r36",0,0,0,0,0,0,0,0,0
"Vmn1r35",0,0,0,0,0,0,0,0,0
"Vmn1r38",0,0,0,0,0,0,0,0,0
"Vmn1r33",0,0,0,0,0,0,0,0,0
"Vmn1r32",0,0,0,0,0,0,0,0,0
"Vmn1r17",0,0,0,0,0,0,0,0,0
"Mxd1",43,43,42,16,34,36,19,26,25
"Vmn1r26",0,0,0,0,0,0,0,0,0
"Vmn1r24",0,0,0,0,0,0,0,0,0
"Vmn1r5",0,0,0,0,0,0,0,0,0
"Vmn1r6",0,0,0,0,0,0,0,0,0
"Vmn1r4",0,0,0,0,0,0,0,0,0
"Vmn1r30",0,0,0,0,0,0,0,0,0
"Vmn1r22",0,0,0,0,0,0,0,0,0
"Vmn1r23",0,0,0,0,0,0,0,0,0
"Vmn1r28",0,0,0,0,0,0,0,0,0
"Vmn1r18",0,0,0,0,0,0,0,0,0
"Mad1l1",10,7,19,12,16,17,24,13,19
"Vmn1r19",0,0,0,0,0,0,0,0,0
"Vmn1r21",0,0,0,0,0,0,0,0,0
"Vmn1r16",0,0,0,0,0,0,0,0,0
"Vmn1r9",0,0,0,0,0,0,0,0,0
"Vmn1r8",0,0,0,0,0,0,0,0,0
"Vmn1r27",0,0,0,0,0,0,0,0,0
"Arhgap4",219,267,174,486,784,752,782,558,622
"Asic3",0,2,0,0,0,1,0,0,0
"Mxd3",0,0,0,12,9,10,4,1,11
"Acot2",23,26,24,4,14,10,19,4,14
"Edaradd",0,0,0,0,0,0,0,0,0
"Galnt10",58,70,55,137,188,203,163,122,218
"Mxd4",8,20,14,30,66,39,40,29,81
"Vmn1r229",0,0,0,0,0,0,0,0,0
"Vmn1r226",0,0,0,0,0,0,0,0,0
"Vmn1r228",0,0,0,0,0,0,0,0,0
"Vmn1r232",0,0,0,0,0,0,0,0,0
"Vmn1r225",0,0,0,0,0,0,0,0,0
"Vmn1r227",0,0,0,0,0,0,0,0,0
"Madcam1",2,9,3,0,5,3,7,0,6
"Vmn1r231",0,0,0,0,0,0,0,0,0
"Vmn1r230",0,0,0,0,0,0,0,0,0
"Vmn1r234",0,0,0,0,0,0,0,0,0
"Vmn1r235",0,0,0,0,0,0,0,0,0
"Vmn1r237",0,0,0,0,0,0,0,0,0
"Vmn1r236",0,0,0,0,0,0,0,0,0
"Vmn1r233",0,0,0,0,0,0,0,0,0
"Vmn1r73",0,0,0,0,0,0,0,0,0
"Vmn1r80",0,0,0,0,0,0,0,0,0
"Vmn1r76",0,0,0,0,0,0,0,0,0
"Vmn1r74",0,0,0,0,0,0,0,0,0
"Vmn1r75",0,0,0,0,0,0,0,0,0
"Vmn1r78",0,0,0,0,0,0,0,0,0
"Vmn1r83",0,0,0,0,0,0,0,0,0
"Vmn1r81",0,0,0,0,0,0,0,0,0
"Vmn1r-ps103",0,0,0,0,0,0,0,0,0
"Vmn1r200",0,0,0,0,0,0,0,0,0
"Vmn1r199",0,0,0,0,0,0,0,0,0
"Vmn1r214",0,0,0,0,0,0,0,0,0
"Vmn1r213",0,0,0,0,0,0,0,0,0
"Smad1",64,103,24,34,61,34,37,63,47
"Vmn1r206",0,0,0,0,0,0,0,0,0
"Vmn1r205",0,0,0,0,0,0,0,0,0
"Vmn1r208",0,0,0,0,0,0,0,0,0
"Vmn1r215",0,0,0,0,0,0,0,0,0
"Vmn1r198",0,0,0,0,0,0,0,0,0
"Vmn1r201",0,0,0,0,0,0,0,0,0
"Vmn1r218",0,0,0,0,0,0,0,0,0
"Vmn1r195",0,0,0,0,0,0,0,0,0
"Vmn1r202",0,0,0,0,0,0,0,0,0
"Vmn1r193",0,0,0,0,0,0,0,0,0
"Smad2",114,207,75,69,94,103,74,104,98
"Vmn1r89",0,0,0,0,0,0,0,0,0
"Vmn1r87",0,0,0,0,0,0,0,0,0
"Vmn1r70",0,0,0,0,0,0,0,0,0
"Vmn1r67",0,0,0,0,0,0,0,0,0
"Vmn1r66",0,0,0,0,0,0,0,0,0
"Vmn1r185",0,0,0,0,0,0,0,0,0
"V1rg10",0,0,0,0,0,0,0,0,0
"Vmn1r84",0,0,0,0,0,0,0,0,0
"Vmn1r82",0,0,0,0,0,0,0,0,0
"Vmn1r210",0,0,0,0,0,0,0,0,0
"Smad3",90,40,54,83,159,132,174,156,163
"Vmn1r203",1,0,0,0,0,0,0,0,0
"Vmn1r220",0,0,0,0,0,0,0,0,0
"Vmn1r219",0,0,0,0,0,0,0,0,0
"Vmn1r217",0,0,0,0,0,0,0,0,0
"Vmn1r222",0,0,0,0,0,0,0,0,0
"Vmn1r212",0,0,0,0,0,0,0,0,0
"Vmn1r211",0,0,0,0,0,0,0,0,0
"Vmn1r197",0,0,0,0,0,0,0,0,0
"Vmn1r216",0,0,0,0,0,0,0,0,0
"Smad4",101,175,108,129,198,94,194,171,195
"Acot3",0,0,0,0,0,0,0,0,0
"Acot4",0,4,0,0,0,0,0,0,1
"Havcr1",0,0,0,0,0,0,0,0,0
"Timd2",0,0,0,0,0,0,0,1,0
"Havcr2",368,356,563,414,644,619,488,445,632
"Slc12a8",0,4,0,0,0,0,0,0,0
"Smad5",76,203,88,94,127,91,106,98,107
"Smad6",9,23,9,30,15,22,31,17,23
"Smad7",166,146,157,262,249,261,225,278,290
"Maf",418,464,218,250,278,168,365,277,297
"Maff",25,14,6,3,11,20,6,15,11
"Mafg",643,875,517,505,614,497,621,517,573
"Mafk",28,48,33,5,35,10,14,21,29
"Mag",103,93,83,89,76,68,66,63,122
"Magea1",0,0,0,0,0,0,0,0,0
"Magea2",0,0,0,0,0,0,0,0,0
"Trpm8",0,0,0,0,0,0,0,0,0
"Bnipl",0,0,0,0,0,1,0,0,0
"Magea3",0,0,0,0,0,0,0,0,0
"Pkd1l1",0,0,0,0,0,0,0,0,0
"Magea4",0,0,0,0,0,0,0,0,0
"Slc22a27",0,0,0,0,0,0,0,0,0
"Magea5",0,0,0,0,0,0,0,0,0
"Magea6",0,0,0,0,0,0,0,0,0
"Slc26a6",28,90,20,24,27,26,25,32,24
"Magea8",0,0,0,0,0,0,0,0,0
"Mageb1",0,0,0,0,0,0,0,0,0
"Mageb2",0,0,0,0,0,0,0,0,0
"Il17rd",0,0,0,0,0,0,0,0,0
"Gpr37l1",1,2,0,0,0,0,2,0,3
"Mageb3",0,0,0,0,1,0,0,1,0
"Cd99l2",41,86,34,43,83,58,84,74,88
"Magoh",71,68,50,43,53,19,35,38,50
"Mfap2",0,1,0,0,5,2,0,0,0
"Apobr",148,142,119,82,133,132,138,89,131
"H1f8",0,0,0,0,0,0,0,0,0
"Creld1",61,57,60,91,117,88,73,98,70
"Ccndbp1",56,102,66,61,80,81,84,78,91
"Mak",0,0,0,0,0,0,0,0,1
"Mal",10,3,0,2,0,1,0,1,0
"Ucn2",0,0,0,0,0,0,0,0,0
"Mlph",609,621,618,513,924,730,615,564,990
"Bmf",375,399,759,259,846,640,477,497,739
"Man1a",111,194,80,191,312,214,222,177,225
"Man1a2",248,342,183,213,289,186,289,222,282
"Nme7",13,25,26,12,17,23,21,24,17
"Man2a1",276,317,219,98,169,96,120,113,155
"Mical1",66,191,162,66,67,93,73,86,117
"171588",0,0,0,0,0,0,0,0,0
"Man2b1",1447,1491,1714,3014,5023,4307,4124,3224,5081
"Man2b2",19,19,31,28,29,28,24,29,39
"Maoa",10,28,3,6,5,15,8,8,1
"Mapkapk2",1129,2593,728,459,456,628,686,583,530
"Mapkapk5",154,285,153,111,145,136,152,152,143
"Marco",5008,11801,365,211,1123,390,1146,901,548
"Nprl3",72,116,53,31,52,53,72,54,87
"Mark3",319,414,232,159,257,201,259,291,296
"Mas1",0,0,0,1,0,0,0,0,0
"Ascl1",0,0,0,0,0,0,0,0,0
"Ascl2",12,15,5,6,7,12,4,3,3
"Masp1",0,0,0,0,0,0,0,0,0
"Masp2",0,0,0,4,0,0,0,0,0
"Fxyd3",0,0,0,1,0,0,0,0,3
"Matk",57,25,69,206,320,218,220,201,286
"Matn1",0,0,0,2,1,0,0,0,0
"Matn2",2,0,0,1,0,0,0,0,0
"Matn3",0,0,0,0,0,0,0,0,0
"Matn4",0,3,0,0,2,0,0,1,1
"Matr3",196,299,128,95,143,86,153,168,118
"Max",168,227,127,106,176,215,141,152,162
"Maz",9,18,10,23,25,16,22,19,27
"Mb",0,0,0,0,0,0,0,0,0
"Mbd1",67,223,71,80,128,112,111,83,168
"Mbd2",142,233,158,116,134,234,117,134,195
"Mbd3",384,525,375,482,495,565,474,481,457
"Mbd4",52,104,49,38,74,66,49,62,31
"Mbl1",0,0,0,0,0,0,0,0,0
"Mbl2",0,0,0,0,0,0,0,0,0
"Mbp",100,158,94,55,104,54,91,92,78
"Mc1r",0,0,1,0,0,0,0,0,0
"Mc2r",0,0,0,0,0,0,0,0,0
"Mc3r",0,0,0,0,0,0,0,0,0
"Mc4r",0,0,0,0,0,0,0,0,0
"Mc5r",0,0,0,0,0,0,0,0,0
"Mcf2l",0,0,1,0,0,0,0,0,4
"Mcl1",1716,1814,1805,808,1332,1112,1180,1511,1491
"Mcm3",69,132,45,244,217,284,141,209,214
"Mcm2",26,40,15,87,50,142,51,65,89
"Mcm4",28,67,21,101,62,129,32,92,85
"Mcm5",41,85,16,237,144,338,116,177,214
"Mcm6",50,99,33,178,92,238,71,140,121
"Mcm7",40,74,60,206,220,357,141,188,181
"Cd46",3,3,2,1,0,0,5,1,3
"Anapc1",64,136,71,71,144,94,106,117,132
"Mcpt-ps1",0,0,0,0,0,0,0,0,0
"Mcpt1",0,0,0,0,0,0,0,0,0
"Mcpt2",0,0,0,0,0,0,0,0,0
"Mcpt4",0,0,0,0,0,0,0,0,0
"Cma1",0,0,0,0,0,0,0,0,0
"Tpsb2",0,0,0,0,0,0,0,0,0
"Mcpt8",0,0,2,0,0,0,0,0,0
"Mcpt9",0,0,0,0,0,0,0,0,0
"Smcp",0,0,0,0,0,0,0,0,0
"Mgrn1",131,251,184,193,304,323,347,255,312
"Mdfi",22,41,22,37,48,81,19,49,38
"Mdk",57,130,44,49,77,65,66,25,73
"Mdm1",2,9,1,7,4,15,20,6,12
"Mdm2",174,359,171,124,173,149,162,209,198
"Mdm4",45,39,39,48,42,23,52,43,42
"Abcc1",68,137,59,25,66,73,74,59,60
"Rdh11",21,35,10,25,16,33,21,31,27
"Slc3a2",1967,3443,1278,988,1538,1883,1424,1221,1865
"Mea1",125,153,87,118,98,79,82,93,130
"Mecp2",125,160,102,133,146,147,136,111,192
"Mef2a",161,241,183,144,262,117,230,223,247
"Mef2b",0,0,0,0,0,0,0,0,0
"Mef2c",299,429,269,350,408,291,339,512,392
"Mef2d",20,61,10,30,23,36,34,24,42
"Meg3",2,34,15,9,22,10,15,26,16
"Meis1",3,6,12,4,11,15,10,11,7
"Rab8a",259,326,227,172,278,319,215,251,286
"Melk",0,0,0,11,1,3,0,2,3
"Fyco1",56,76,52,87,136,98,91,117,138
"Men1",51,72,38,54,68,66,81,33,59
"Meox1",2,2,2,3,16,11,4,8,11
"Meox2",0,0,0,0,0,0,0,0,0
"Mep1a",0,0,0,0,0,0,0,0,0
"Mep1b",0,0,0,0,0,0,0,0,0
"Mertk",44,33,44,107,113,39,95,103,163
"Mesp1",0,0,0,0,0,0,0,0,0
"Mesp2",0,0,0,0,0,0,0,0,0
"Mest",0,0,0,0,2,0,0,0,0
"Met",0,1,5,6,5,1,0,0,5
"Mettl1",103,98,47,36,24,49,47,55,36
"Foxc1",0,0,0,0,0,0,0,0,0
"Foxd2",0,0,0,5,0,7,0,5,1
"Mfge8",57,85,69,49,124,119,85,47,112
"Mfng",137,239,231,229,310,361,312,208,358
"Sypl2",0,0,0,0,0,0,0,0,0
"Mgat1",291,372,307,299,414,515,408,328,417
"Mgat3",0,1,0,0,0,2,0,0,0
"Kitl",3,17,11,49,21,12,26,11,40
"Clec10a",0,0,2,2,0,1,0,0,1
"Mgp",0,0,0,0,0,0,0,0,0
"Mgmt",7,20,23,19,19,16,24,52,36
"Mid1",0,0,0,0,0,0,0,0,5
"Mif",345,338,367,227,181,236,203,237,250
"Cxcl9",36,25,25,10,8,10,1,1,7
"Minpp1",39,69,33,41,56,66,69,40,44
"Mip",0,0,0,0,0,0,0,0,0
"Bhlha15",0,0,0,0,0,0,0,0,0
"Mitf",4,9,13,39,72,34,33,36,58
"Pias2",79,90,71,80,66,53,68,96,80
"Mki67",7,3,3,109,43,21,7,10,45
"Mknk1",362,380,481,601,1001,1082,1015,658,949
"Mknk2",75,124,96,134,165,148,173,147,180
"Mlf1",0,2,0,1,1,0,0,0,0
"Mlh1",52,84,69,42,55,62,57,49,76
"Mllt10",77,96,51,84,118,113,119,109,103
"Aff1",126,376,106,88,149,113,81,83,133
"Afdn",55,47,33,20,42,30,39,32,38
"Marcksl1",151,139,69,68,89,248,194,92,142
"Trpm1",0,0,0,0,0,0,0,0,0
"Mme",0,0,0,0,0,0,0,0,0
"Mmp12",0,0,0,0,0,0,0,0,0
"Mmp10",0,0,0,0,0,0,0,0,0
"Mmp11",4,11,1,1,2,1,1,1,5
"Mmp13",0,0,0,0,0,0,0,0,0
"Mmp14",1216,2363,450,381,527,532,545,440,565
"Mmp15",0,0,0,4,4,10,2,8,7
"Mmp16",0,0,0,0,0,0,0,3,0
"Mmp2",55,128,32,123,92,107,73,118,144
"Mmp24",0,3,0,0,0,1,1,0,0
"Mmp3",0,1,0,0,0,0,0,0,0
"Mmp7",0,0,0,0,0,0,0,0,0
"Mmp8",6,3,12,0,3,0,0,1,5
"Mmp9",12,1,6,0,1,1,0,1,0
"Mnat1",40,53,37,38,25,59,29,23,63
"Ndst2",409,755,379,332,382,433,348,377,467
"Foxk1",80,129,117,88,125,142,113,91,105
"Mns1",0,0,0,0,8,1,0,0,2
"Mnt",71,131,93,108,146,165,113,81,155
"Mobp",0,5,1,0,0,1,0,0,0
"Mocs2",93,150,84,45,77,50,32,72,70
"Me1",1,0,1,1,0,0,0,0,0
"Mog",0,0,1,4,0,0,0,2,2
"Grap2",0,0,0,0,0,0,1,0,0
"Mdh2",477,671,396,254,474,429,347,435,379
"Mdh1",338,391,366,412,446,536,452,538,495
"Morc1",0,0,0,0,0,0,0,0,0
"Mos",0,0,0,0,0,0,0,0,0
"Mov10",18,17,13,21,23,46,29,26,30
"Psmd7",201,385,142,96,141,173,175,187,129
"Cd200",2,5,0,0,5,0,0,0,0
"Gbp4",17,25,8,10,3,17,4,8,10
"Clec4d",64,69,37,0,2,0,10,2,5
"Mpdz",0,0,0,0,0,0,0,0,0
"Mpeg1",1085,1846,906,1257,1379,740,923,1007,1490
"Mpl",0,0,0,0,0,0,0,0,0
"Mpo",0,0,0,0,0,0,0,0,0
"Mpp1",77,101,80,67,108,101,86,92,105
"Mpv17",29,50,34,61,68,64,73,80,82
"Mpz",0,0,0,0,0,0,0,0,0
"Mras",60,100,63,91,131,69,92,52,152
"Mrc1",3,2,6,22,3,9,6,20,17
"Mrc2",0,1,2,0,0,0,0,0,0
"Mre11a",40,34,18,5,11,30,20,19,12
"Meis2",3,5,0,0,0,0,0,2,0
"Meis3",95,215,62,75,63,85,108,88,114
"Irag1",1,0,0,0,0,0,0,0,2
"Msc",0,0,0,0,0,0,0,0,0
"Cited2",436,832,422,90,168,151,175,112,177
"Msh2",44,48,30,82,98,93,52,64,80
"Msh3",6,18,29,17,22,23,20,16,13
"Msh5",2,1,1,10,3,4,8,4,15
"Msh6",35,46,47,93,66,97,61,68,70
"Msi1",0,0,0,0,0,0,0,0,0
"Sik1",55,102,63,3,30,8,19,9,17
"Msl3",30,61,28,38,37,34,43,46,45
"Msmb",0,0,0,0,0,0,0,0,0
"Msn",442,660,292,182,308,199,208,262,384
"Mstn",0,0,0,0,0,0,0,0,0
"Msx1",0,1,1,0,0,1,0,2,0
"Msx2",0,4,0,0,0,0,0,0,0
"Msx3",0,0,0,0,0,0,0,0,0
"mt-Atp6",34,44,38,37,38,13,33,44,39
"mt-Atp8",0,0,0,0,0,0,0,0,0
"mt-Co1",680,630,469,726,1101,284,843,838,956
"mt-Co2",64,60,55,109,58,26,43,72,71
"mt-Co3",29,27,24,24,33,10,12,35,24
"mt-Cytb",7800,7941,6700,6172,4453,2863,4122,6072,5959
"Grpel1",190,292,179,120,145,184,162,141,177
"Grpel2",66,119,69,41,62,70,68,84,48
"mt-Nd1",11909,12086,10748,7596,6315,2588,5263,7885,7054
"mt-Nd2",1589,1292,1285,1129,792,501,923,997,1097
"mt-Nd3",5,6,8,10,6,4,6,5,4
"mt-Nd4",7175,7701,7036,7316,5654,3415,3981,6256,6170
"mt-Nd4l",1,2,0,0,1,0,2,1,0
"mt-Nd5",982,968,629,793,866,330,865,824,804
"mt-Nd6",12,15,16,7,14,4,7,11,13
"mt-Rnr1",822,1040,562,999,326,308,368,566,560
"mt-Rnr2",6100,11840,4594,3949,2544,1281,2078,3259,3368
"Mt1",5996,5299,4929,694,1245,799,682,1342,1499
"Polr2k",19,51,25,24,13,9,10,11,18
"Mt2",4100,3849,2585,82,228,196,76,317,267
"Mt3",12,13,4,1,1,8,0,3,2
"Mt4",0,0,0,0,0,0,0,0,0
"Map1a",1,11,2,2,0,4,4,3,5
"Map1b",1,12,1,0,7,4,2,6,1
"Map2",0,1,0,0,0,0,2,0,1
"Map4",158,266,140,220,198,249,154,236,237
"Map6",0,0,1,1,0,4,1,0,0
"Map7",30,31,26,22,42,26,20,25,23
"Mapt",4,11,2,5,2,6,2,2,4
"Mtcp1",27,51,17,21,30,26,23,37,35
"Mtf1",165,241,110,129,85,100,183,123,135
"Mtf2",151,264,115,92,108,44,110,100,121
"Nudt1",12,23,10,31,25,46,24,35,32
"Mthfd2",134,143,75,42,98,143,197,78,126
"Mthfr",79,136,48,126,156,192,131,138,164
"Tesmin",4,41,6,0,2,2,2,1,1
"Mtm1",27,33,29,16,26,19,15,20,17
"Mtnr1a",0,0,0,0,0,0,0,0,0
"Laptm4a",746,955,729,1146,1584,1562,1204,1185,1399
"Mast2",75,125,64,60,97,98,104,63,81
"Mttp",6,11,2,10,19,10,8,7,20
"Fam89b",210,342,269,94,381,377,313,217,314
"Mtx1",272,511,242,196,233,189,214,201,261
"Bloc1s5",15,40,11,15,19,41,25,28,33
"Muc1",0,2,0,0,0,0,5,1,3
"Prol1",0,0,0,0,0,0,0,0,0
"Muc2",0,0,1,1,0,0,1,4,1
"Muc5ac",0,0,0,0,0,0,0,0,0
"Mug3-ps",0,0,0,0,0,0,0,0,0
"Mug1",0,0,0,0,0,0,0,0,0
"Mug2",0,0,0,0,0,0,0,0,0
"Mup1",0,0,0,0,0,0,0,0,0
"Mup2",0,0,0,0,0,0,0,0,0
"Mup3",0,0,0,0,0,0,0,0,0
"Mup4",0,0,0,0,0,0,0,0,0
"Mup5",0,0,0,0,0,0,0,0,0
"Commd1",126,137,77,128,146,120,146,134,153
"Usp34",125,190,76,118,152,88,129,142,108
"Mmut",90,98,64,92,125,88,99,111,136
"Mvk",46,108,44,33,50,55,45,46,42
"Mx1",274,597,196,302,202,376,91,184,348
"Mx2",98,325,153,124,86,143,81,135,172
"Mxi1",54,102,61,68,174,87,93,100,117
"Myb",2,0,0,6,1,4,0,8,10
"Mybl1",2,0,0,2,0,0,0,0,0
"Mybl2",3,6,4,20,17,21,2,11,17
"Mybpc3",106,363,48,9,15,24,8,3,14
"Myc",184,278,182,93,231,215,209,60,192
"Mycs",0,0,0,0,0,0,0,0,0
"Ppp1r15a",354,190,280,88,104,178,164,227,351
"Gadd45b",561,1223,269,99,47,103,61,122,121
"Myd88",352,518,213,285,319,397,351,355,429
"Myef2",34,63,19,13,10,12,17,20,23
"Myf5",0,0,0,0,0,0,0,0,0
"Myf6",0,0,0,0,0,0,0,0,0
"Myh1",0,0,0,0,0,0,0,0,0
"Myh11",0,0,0,0,0,0,0,0,0
"Myh2",0,1,0,0,0,0,0,0,0
"Myh3",0,0,0,0,0,0,0,0,0
"Myh4",0,0,0,0,0,0,0,0,0
"Myh8",0,0,0,0,0,0,0,0,0
"Myh9",232,344,208,262,356,343,396,278,371
"Myh6",0,0,0,0,0,0,0,0,0
"Myl4",2,16,2,9,0,0,0,6,3
"Myl3",0,0,0,0,0,0,0,0,0
"Myl7",0,0,0,0,0,0,0,0,0
"Myl1",0,1,0,0,0,0,0,0,0
"Myl6",472,392,402,374,395,451,336,418,465
"Myl2",5,2,6,16,12,14,1,9,14
"Mylpf",3,4,2,2,5,5,2,5,3
"Myo10",5,5,1,1,3,4,1,1,4
"Myo15a",0,2,0,1,0,2,1,0,3
"Myo1b",69,190,37,36,56,30,31,22,47
"Myo1c",272,409,316,184,298,326,294,233,300
"Myo1f",162,171,188,631,1006,988,798,631,963
"Myo5a",29,63,38,45,41,32,67,49,33
"Myo5b",0,0,0,0,0,0,0,0,0
"Myo6",17,56,33,24,44,41,34,41,37
"Myo7a",215,380,214,155,202,214,265,201,184
"Myo7b",0,0,0,0,0,0,0,0,0
"Myo9b",278,484,232,294,376,359,410,304,377
"Myoc",0,0,0,0,0,0,0,0,0
"Myod1",0,0,0,0,0,0,0,0,0
"Myog",0,0,0,3,0,0,0,0,0
"Myom1",3,10,2,17,40,13,4,8,39
"Myom2",0,0,0,0,0,0,1,0,0
"Ppp1r12a",48,141,44,69,85,41,66,97,61
"Myt1",0,1,0,0,0,0,0,0,0
"Myt1l",0,3,0,1,0,0,0,0,0
"Nab1",117,192,36,47,44,53,63,67,41
"Nab2",60,73,72,57,59,106,45,54,84
"Naca",729,823,487,492,542,543,544,548,611
"Naga",69,113,84,78,217,170,131,139,218
"Naip1",0,2,1,3,0,0,0,0,1
"Naip2",555,572,387,452,615,560,574,556,645
"Naip5",156,236,182,275,292,240,248,277,298
"Naip6",80,137,73,56,68,30,68,92,65
"Nap1l2",0,0,0,0,0,0,0,0,0
"Nap1l4",280,474,192,188,159,190,183,213,153
"Napb",5,16,7,4,11,7,12,23,8
"Nat1",2,3,4,3,2,0,2,4,2
"Nat2",16,25,10,19,14,6,14,14,18
"Nat3",0,0,0,0,0,0,0,0,0
"Nbl1",194,432,184,0,1,1,2,6,0
"Nbr1",101,108,118,112,186,158,143,178,218
"Ncam1",0,8,1,2,3,2,1,0,3
"Ncam2",1,2,0,0,0,0,0,0,0
"Ncf1",2120,2654,1709,1167,2145,1618,1947,1502,1875
"Ncf2",632,992,747,463,719,714,635,609,689
"Ncf4",390,684,191,209,388,400,472,288,394
"Nck1",21,23,15,41,52,31,35,39,54
"Nck2",0,0,0,0,0,0,0,0,0
"Ncl",2081,2532,1015,522,602,672,690,629,607
"Ncoa1",121,143,87,72,100,95,107,63,119
"Ncoa2",76,128,76,37,69,47,52,41,78
"Ncoa3",107,115,144,127,188,168,207,191,176
"Ndn",3,2,0,4,1,5,1,3,2
"Ndp",0,0,0,0,0,0,1,0,0
"Ndrg1",2,1,1,0,0,0,0,4,0
"Ndufa2",617,790,519,597,631,609,585,746,734
"Ndufa4",70,46,35,67,87,78,52,51,74
"Ndufs4",127,150,94,109,117,147,91,147,94
"Ndufv1",296,517,351,288,235,215,261,331,270
"Neb",0,0,0,0,0,1,1,0,3
"Nedd1",35,89,28,20,49,31,27,24,28
"Nedd4",2,1,0,1,0,0,0,4,2
"Septin2",122,177,154,116,148,105,144,152,184
"Nedd8",352,309,228,307,318,385,306,385,361
"Nedd9",14,7,5,2,0,5,2,2,2
"Nek1",1,0,0,0,11,0,4,1,7
"Nek2",0,0,0,10,1,2,0,3,0
"Neo1",5,1,0,3,16,5,1,13,2
"Nes",1,1,4,4,0,0,0,7,1
"Neu1",292,546,306,272,390,573,444,313,408
"Neurl1a",118,162,167,155,241,195,252,140,230
"Neurod1",0,0,0,3,0,2,1,1,0
"Neurod2",0,8,1,0,0,0,0,1,0
"Neurog1",0,0,0,0,0,0,0,0,0
"Nf1",44,103,32,55,47,38,61,44,47
"Nf2",123,167,125,69,132,137,166,89,115
"Nfatc1",87,85,125,94,182,162,198,152,212
"Nfatc2",115,149,228,140,149,182,190,130,187
"Nfatc2ip",12,14,22,11,13,6,6,26,8
"Nfatc3",82,189,72,112,101,85,120,136,137
"Nfe2",3,1,4,0,0,5,5,0,1
"Nfe2l1",225,293,124,131,195,168,151,139,134
"Nfe2l2",573,421,423,468,461,422,518,583,539
"Nfe2l3",1,0,0,0,0,0,0,0,0
"Nfia",78,78,77,48,80,58,83,95,114
"Nfib",2,3,8,2,0,6,0,0,0
"Nfic",288,416,337,469,438,453,362,488,466
"Nfil3",214,257,211,25,76,29,78,32,60
"Nfix",118,131,120,142,202,129,200,184,188
"Nfkb1",195,429,97,169,206,251,206,202,187
"Nfkb2",355,685,214,173,160,156,236,194,199
"Nfkbia",10145,19409,5928,1322,3851,3403,3607,4216,3942
"Nfkbib",305,589,236,133,100,158,143,166,196
"Nfkbie",118,184,50,72,82,121,145,139,103
"Nfkbil1",44,65,31,37,30,64,26,39,66
"Nefl",0,4,0,2,0,0,0,0,0
"Nefm",0,4,0,0,0,0,0,0,0
"Nfs1",75,103,98,46,86,101,84,60,84
"Nfya",43,48,42,77,68,83,110,73,79
"Nfyb",53,73,39,33,63,42,65,61,61
"Nfyc",48,85,29,41,64,75,54,58,66
"Klk1b4",0,0,0,0,0,0,0,0,0
"Ngf",0,0,0,0,0,0,0,0,0
"Klk1b3",0,0,0,0,0,0,0,0,0
"Ngfr",0,0,0,0,0,0,0,0,0
"Ngp",444,2,215,1,3,7,3,1,1
"Nhlh1",0,1,0,0,0,0,0,0,0
"Nhlh2",0,0,0,0,0,0,0,0,0
"Nid1",0,0,0,0,0,0,0,0,0
"Nid2",13,31,11,20,22,35,57,30,38
"Nin",152,242,143,83,71,60,55,90,86
"Ninj1",203,276,274,135,197,176,183,179,200
"Nipsnap1",10,11,14,5,22,24,10,14,18
"Nktr",152,300,151,222,333,283,339,277,278
"Nkx2-2",0,0,0,0,0,2,0,1,0
"Nkx2-3",0,0,0,0,0,0,0,0,0
"Nkx2-5",0,0,0,0,1,0,0,0,0
"Nkx2-6",0,0,0,0,0,0,0,0,0
"Nkx2-9",0,0,0,0,0,0,0,0,0
"Nkx3-1",0,0,0,0,0,0,0,0,0
"Nkx6-1",0,0,0,0,0,0,0,0,0
"Nlk",93,111,84,42,79,64,79,89,93
"Mrpl40",108,203,89,71,75,112,103,93,97
"Nmbr",0,0,0,0,0,0,0,0,0
"Nme1",488,528,329,224,221,420,340,275,230
"Nme2",1694,1663,1309,933,1453,1324,1229,1275,1699
"Nqo1",0,0,0,0,0,0,0,0,0
"Nqo2",29,49,24,17,18,15,9,11,30
"Cd244a",78,109,49,136,122,91,95,144,183
"Nmt1",562,1025,550,583,882,907,856,902,757
"Nmt2",15,34,13,28,28,19,18,26,8
"Mycn",0,0,0,1,0,2,0,0,0
"Nnat",1,10,3,1,1,2,3,2,0
"Nnmt",0,1,0,0,0,0,0,0,0
"Rrp1",478,592,359,255,374,306,410,299,325
"Nnt",70,47,44,71,100,99,87,64,97
"Emc8",127,189,104,102,194,138,142,170,142
"Nodal",0,0,0,0,0,0,0,0,0
"Mrpl49",48,81,48,56,71,93,44,95,92
"Nog",0,0,0,0,0,0,0,0,0
"Nr4a3",0,0,0,0,0,0,0,0,0
"Nos1",0,0,0,0,0,0,0,0,0
"Nos2",0,0,1,0,2,0,0,0,0
"Nos3",1,0,0,0,0,0,0,0,2
"Notch1",149,248,95,84,169,139,190,121,204
"Notch2",81,79,69,94,87,62,82,94,77
"Ints6",43,71,37,20,39,39,24,59,117
"Notch3",1,0,0,0,0,3,0,1,0
"Notch4",102,36,122,4,27,29,23,16,20
"Ccn3",0,0,1,0,0,0,0,0,0
"Zfp638",114,123,70,113,127,40,106,104,114
"Uhrf1",6,20,1,44,25,74,16,28,34
"Nup50",83,171,57,94,125,129,84,149,118
"Npas1",0,0,0,0,0,0,0,0,0
"Npas2",0,0,0,0,0,0,0,0,0
"Npc1",113,288,175,160,195,216,149,149,194
"Npdc1",0,1,0,0,1,0,2,3,0
"Npm1",750,598,336,359,273,221,231,362,295
"Npm3",23,40,20,21,15,15,12,26,12
"Pnoc",1,0,0,0,0,0,0,1,0
"Nppb",0,0,0,0,0,0,0,0,0
"Nppc",1,0,0,0,0,0,0,0,0
"Npr1",7,8,4,8,9,3,5,8,12
"Npr3",0,0,0,0,0,0,0,0,0
"Ctnnd2",1,5,3,0,2,0,0,1,4
"Nptx1",0,1,0,0,0,0,0,0,0
"Npy1r",0,0,0,0,0,0,0,0,0
"Npy2r",0,0,0,0,0,0,0,0,0
"Npy5r",0,0,0,0,0,0,0,0,0
"Npy6r",0,0,0,0,0,0,0,0,0
"Nr1i2",0,0,2,0,1,0,0,0,0
"Slc11a1",1563,2114,1134,1110,1773,1857,1927,1511,1627
"Slc11a2",492,1198,166,140,186,274,303,194,200
"Nrap",0,0,0,0,1,4,0,0,0
"Nras",295,454,276,176,176,133,199,228,170
"Nrf1",60,112,41,40,59,92,60,39,41
"Nrg3",0,1,0,0,0,0,0,0,0
"Nrl",0,0,0,0,0,0,0,0,0
"Nrp1",71,93,95,618,862,591,814,645,885
"Nrp2",174,514,110,93,155,152,91,139,135
"Nrtn",0,0,0,0,1,0,0,1,0
"Nrxn1",2,5,0,2,0,0,2,0,5
"Nrxn2",6,27,11,11,7,20,5,5,10
"Nrxn3",1,4,0,0,3,1,0,1,0
"Nsd1",338,528,232,186,277,219,240,241,304
"Nsdhl",34,51,30,27,31,42,33,23,20
"Nsf",75,98,70,53,107,87,67,96,111
"Nsg1",2,10,0,0,0,2,1,0,0
"Nsg2",5,8,0,2,0,1,4,2,0
"Musk",0,0,0,0,0,0,0,0,0
"Nsmaf",74,82,51,66,107,78,65,74,74
"Ntan1",39,50,14,39,18,26,19,20,22
"Ntf3",0,0,0,0,0,0,0,0,1
"Nthl1",7,16,18,11,23,31,22,19,24
"Ntn1",1,2,0,0,0,3,0,0,0
"Ntn3",4,3,0,14,5,1,3,7,1
"Ntrk1",0,0,0,0,0,0,0,0,0
"Ntrk2",1,3,1,0,0,2,1,1,0
"Ntrk3",0,2,0,0,3,4,0,0,8
"Ddr2",0,0,0,0,0,0,0,0,0
"Ntsr1",0,0,0,0,0,0,0,0,1
"Ntsr2",0,0,0,1,0,0,0,0,1
"Dusp8",13,38,28,8,8,18,8,12,5
"Nucb1",335,393,288,447,714,585,618,442,864
"Nudc",203,262,121,105,104,180,117,153,135
"Numb",13,8,12,66,66,33,47,59,69
"Numbl",11,27,6,7,19,19,5,5,9
"Nup62",104,141,67,94,136,190,151,127,145
"Nr4a2",2,1,1,0,3,1,4,1,1
"Nxn",4,6,1,3,5,1,2,0,1
"Nxph1",0,0,0,0,0,0,0,0,0
"Nxph2",0,0,0,0,0,0,0,0,0
"Gpr143",0,0,0,0,0,0,0,0,0
"Oat",79,168,90,84,77,115,102,99,86
"Oaz1",219,228,216,293,428,373,293,352,341
"Oaz2",48,78,45,32,88,61,72,48,77
"Obp1a",0,0,0,0,0,0,0,0,0
"Oc90",0,0,0,0,0,0,0,0,0
"Ocln",0,1,1,4,2,6,2,2,4
"Ocm",0,0,0,0,0,0,0,0,0
"Odc1",145,107,35,33,49,29,36,46,52
"Odf1",0,0,0,0,0,0,0,0,0
"Odf2",86,221,113,69,118,90,87,101,107
"Nobox",0,0,0,0,0,0,0,0,0
"Sebox",0,0,0,0,0,0,0,0,0
"Ogdh",79,86,82,117,187,204,169,146,144
"Ogg1",6,6,12,20,15,22,25,22,28
"Ogn",0,0,0,0,0,0,0,0,0
"Fam3d",0,0,1,0,0,0,0,0,2
"Fxyd5",140,199,223,208,664,363,615,375,504
"Oit3",0,0,0,0,0,0,0,0,0
"Or2y1b",0,0,0,0,0,0,0,0,0
"Or2a7",0,0,0,0,0,0,0,0,0
"Or2c1",0,0,0,0,0,0,0,0,0
"Or10j5",0,0,0,0,0,0,0,0,0
"Or10a4",0,0,0,0,0,0,0,0,0
"Or7e178",0,0,0,0,0,0,0,0,0
"Or7a40",0,0,0,0,0,0,0,0,0
"Or6a2",0,0,0,0,0,0,0,0,0
"Or1e17",0,0,0,0,0,0,0,0,0
"Or1m1",0,0,0,0,0,0,0,0,0
"Or8c9",0,0,0,0,0,0,0,0,0
"Or8d1",0,0,0,0,0,0,0,0,0
"Or1j1",0,0,0,0,0,0,0,0,0
"Or2z2",0,0,0,0,0,0,0,0,0
"Or2t1",0,0,0,0,0,0,0,0,0
"Or4b1d",0,0,0,0,0,0,0,0,0
"Or51a39",0,0,0,0,0,0,0,0,0
"Or2w1",0,0,0,0,0,0,0,0,0
"Or8g20",0,0,0,0,0,0,0,0,0
"Or13a17",0,0,0,0,0,0,0,0,0
"Or13a18",0,0,0,0,0,0,0,0,0
"Or2a57",0,0,0,0,0,0,0,0,0
"Or4c58",0,0,0,0,0,0,0,0,0
"Or6e1",0,0,0,0,0,0,0,0,0
"Or6z7",0,0,0,0,0,0,0,0,0
"Or1j21",0,0,0,0,0,0,0,0,0
"Or1ad8",0,0,0,0,0,0,0,0,0
"Or8u8",0,0,0,0,0,0,0,0,0
"Or1x2",0,0,0,0,0,0,0,0,0
"Or2v1",1,0,0,0,0,0,0,0,0
"Or7a41",0,0,0,0,0,0,0,0,0
"Or7e165",0,0,0,0,0,0,0,0,0
"Or1p1",0,0,0,0,0,0,0,0,0
"Or13a27",0,0,0,0,0,0,0,0,0
"Or13a28",0,0,0,0,0,0,0,0,0
"Or13p10",0,0,0,0,0,0,0,0,0
"Or51b6",0,0,0,0,0,0,0,0,0
"Or51b17",0,0,0,0,0,0,0,0,0
"Or51b4",0,0,0,0,0,0,0,0,0
"Or52z1",0,0,0,0,0,0,0,0,0
"Or52a5",0,0,0,0,0,0,0,0,0
"Or52a5b",0,0,0,0,0,0,0,0,0
"Or7a42",0,0,0,0,0,0,0,0,0
"Or10p22",0,0,0,0,0,0,0,0,0
"Omg",0,7,0,0,0,3,0,0,0
"Omp",0,1,0,6,0,0,0,0,0
"Omt2a",0,0,0,0,0,0,0,0,0
"Tnfrsf11b",0,0,0,0,0,0,0,0,0
"Oprd1",0,0,1,0,0,0,0,0,0
"Oprk1",0,0,0,0,0,0,0,0,0
"Oprl1",0,8,0,0,1,0,1,0,1
"Oprm1",0,0,0,0,0,0,0,0,0
"Sigmar1",224,299,153,229,218,311,351,240,283
"Orc1",4,3,0,15,3,8,1,2,7
"Orc2",120,196,79,36,78,40,65,72,53
"Slc22a6",0,0,0,0,0,0,0,0,2
"Slc22a18",0,0,2,3,11,2,8,0,3
"Orm1",1,7,1,0,0,2,0,3,0
"Orm2",0,0,0,0,1,0,0,0,0
"Orm3",0,1,0,0,0,0,0,0,0
"Slc25a15",17,34,18,11,14,20,32,15,13
"Sqstm1",651,1119,709,327,408,327,280,366,417
"Osm",299,407,349,65,89,115,95,65,131
"Osmr",0,0,0,0,0,0,0,0,0
"Hspa4l",4,6,11,6,10,10,5,7,3
"Otc",0,0,0,0,0,1,0,0,0
"Cldn11",3,3,0,1,0,0,0,3,0
"Otog",0,0,0,0,0,0,0,0,0
"Otp",0,0,0,0,0,0,0,0,0
"Ott",0,0,0,0,0,0,0,0,0
"Otx1",0,0,0,0,0,0,0,0,0
"Otx2",0,0,0,0,0,0,0,0,0
"Ovol1",0,0,0,0,0,0,0,0,0
"Oxt",0,4,5,1,2,0,0,6,0
"Oxtr",0,0,0,0,0,0,0,0,0
"Oca2",0,0,0,0,0,0,0,0,0
"Mybbp1a",425,680,227,116,146,192,238,175,183
"P2rx1",22,66,32,33,23,26,19,17,34
"P2rx4",396,558,248,497,592,737,479,499,791
"P2rx7",166,292,356,316,421,409,310,353,459
"P2rx6",0,0,0,0,0,0,0,0,4
"P2ry1",0,0,1,0,0,0,0,0,0
"P2ry2",72,104,38,21,25,39,18,36,31
"P4ha1",144,235,106,341,404,438,326,349,359
"P4ha2",1,0,2,1,1,0,5,1,0
"P4hb",1351,1518,1263,1306,2546,2324,2756,1804,1744
"Bloc1s6",77,147,77,60,112,89,94,80,97
"Pabpc1",1247,1508,753,761,788,624,803,910,961
"Pabpc2",0,0,0,0,0,0,0,0,0
"Pafah1b1",308,505,236,245,336,270,308,290,379
"Pafah1b2",168,234,129,93,115,110,113,101,109
"Pafah1b3",24,15,36,41,42,47,29,36,76
"Prdx1",179,156,131,134,135,37,96,166,96
"Pah",0,0,0,0,0,0,0,0,0
"Pak1",118,140,134,168,246,181,213,212,248
"Pak3",0,2,0,0,0,0,0,0,1
"Palm",2,14,3,0,1,1,1,1,1
"Pam",2,2,0,2,0,0,0,0,0
"Cntn3",0,0,0,0,0,0,0,0,0
"Reg3b",0,0,0,0,0,1,0,0,0
"Pappa",0,0,0,0,0,0,0,0,0
"Pax1",0,0,0,0,0,0,0,0,0
"Pax2",0,0,0,0,0,0,0,0,1
"Pax3",0,0,0,0,0,0,0,0,0
"Pax4",0,0,0,0,0,0,0,0,0
"Pax5",0,0,0,0,0,0,0,0,0
"Pax6",2,1,0,0,0,0,1,0,0
"Pax7",0,0,0,0,0,0,0,0,0
"Pax8",0,0,0,0,1,0,0,1,1
"Pax9",0,0,0,0,0,0,0,0,0
"Pbx1",14,23,5,8,13,10,13,16,19
"Pbx2",127,157,147,152,161,194,169,149,226
"Pbx3",10,15,0,7,10,8,14,10,17
"Igbp1",307,449,206,239,381,345,333,241,375
"Kat2b",59,89,83,101,102,46,67,107,73
"Pcbp2",294,445,247,291,476,524,429,393,418
"Pcdh10",1,0,0,0,0,0,0,1,0
"Pcdh8",0,0,0,0,0,0,0,0,0
"Pck1",0,0,0,0,0,0,1,0,0
"Pcm1",125,158,49,106,134,64,119,142,109
"Pcmt1",99,129,77,62,99,75,81,71,79
"Pcna",205,322,110,161,120,196,88,163,183
"Pcnt",71,96,67,72,117,106,97,104,139
"Pcolce",4,4,0,0,1,1,0,2,2
"Pcp2",0,8,2,1,2,0,1,2,0
"Pcp4",7,6,1,0,4,0,1,3,2
"Pcsk1",0,0,0,0,0,0,0,0,0
"Pcsk2",8,12,0,3,3,4,3,14,7
"Furin",129,155,147,57,141,138,95,66,131
"Pcsk4",16,27,43,8,17,16,18,15,28
"Pcsk5",0,0,0,0,0,0,0,0,0
"Pcsk6",0,0,0,0,0,0,0,1,0
"Pcsk7",53,136,69,48,75,116,80,82,152
"Cdk16",170,287,132,101,155,183,167,128,153
"Cdk18",13,25,33,11,10,16,14,14,8
"Pctp",22,13,15,40,49,69,56,38,50
"Pcx",9,9,4,24,15,16,5,6,28
"Pdcd1",6,12,1,84,37,121,15,82,38
"Pdcd2",129,176,102,57,63,62,96,98,72
"Pdcd4",34,39,47,16,20,8,23,40,46
"Pdcd6",164,249,139,78,125,117,85,75,97
"Pdcd6ip",372,486,316,285,382,369,417,303,428
"Pdcd11",108,202,69,42,74,48,85,65,57
"Pde1a",1,0,0,2,0,0,2,0,0
"Pde1b",626,1911,706,224,317,259,235,322,265
"Pde1c",0,0,0,0,0,0,0,0,0
"Pde3b",226,239,277,351,460,176,233,350,457
"Pde4a",88,220,74,79,131,118,163,105,104
"Pde4b",783,1686,205,71,217,139,227,265,196
"Pde6d",19,53,41,27,83,76,40,48,55
"Pde7a",8,19,7,14,2,21,12,18,29
"Pde8a",6,6,7,1,8,0,2,1,0
"Pde9a",0,0,0,0,0,0,0,0,0
"Pde6b",0,0,0,0,0,0,0,0,0
"Pde6g",2,1,0,2,4,7,3,2,7
"Pdgfa",208,222,105,136,165,235,155,202,193
"Pdgfb",117,219,133,263,282,472,373,258,377
"Pdgfra",0,0,0,0,0,0,0,0,0
"Pdgfrb",1,3,0,0,0,2,0,1,1
"Pdha1",98,115,46,42,61,69,61,55,75
"Pdha2",0,0,0,0,0,0,0,0,0
"Padi1",0,0,0,0,0,0,0,0,0
"Padi2",31,55,80,83,141,95,78,73,145
"Padi3",2,0,0,0,3,3,1,2,5
"Padi4",2,0,6,0,0,0,0,1,0
"Pdk2",6,24,10,6,12,8,13,3,15
"Enpp1",21,25,22,70,56,70,32,62,58
"Enpp2",25,28,2,4,17,9,0,34,12
"Pdpk1",97,168,75,61,87,61,59,131,60
"Pdx1",0,0,0,0,0,0,0,0,0
"Pdyn",0,3,0,0,4,0,0,0,0
"Pea15a",274,403,254,387,451,597,481,532,513
"Etv4",40,78,56,20,43,39,39,37,37
"Pecam1",19,26,15,2,7,12,2,6,10
"Peg3",3,0,0,0,0,0,0,0,0
"Rhox5",5,2,0,1,0,6,2,10,0
"Pemt",12,24,22,3,4,7,8,18,8
"Penk",0,7,6,0,1,7,0,3,2
"Pepd",94,110,104,174,230,229,181,146,254
"Per1",262,563,315,86,357,145,197,160,309
"Per2",4,44,12,21,7,12,12,14,2
"Per3",6,16,1,19,5,7,13,1,4
"Dcaf8l",0,0,0,0,0,0,0,0,0
"Pex11a",58,74,45,15,34,36,50,43,43
"Pex11b",87,164,110,74,131,180,138,120,162
"Pex16",225,379,198,84,91,100,86,170,110
"Pex7",72,113,64,42,61,88,82,64,75
"Cfp",16,52,25,28,50,56,27,23,54
"Pfdn2",66,114,50,48,76,117,77,67,80
"Pfkfb1",7,13,6,11,8,10,10,6,7
"Pfkfb2",31,58,24,24,45,32,52,60,53
"Pfkl",136,100,118,114,150,120,172,107,155
"Pfkm",1,22,7,4,12,6,5,6,12
"Pfn1",277,468,269,269,259,487,268,244,262
"Pfn2",1,11,1,0,0,0,2,3,4
"Prf1",0,0,0,0,0,0,0,0,0
"Cdk14",18,64,39,25,75,45,24,25,59
"Pgam1",1,4,1,2,1,2,5,2,2
"Pgf",0,0,0,0,0,0,0,0,0
"Pgk1",9,21,14,5,3,2,6,8,3
"Pgk2",0,0,0,0,0,0,0,0,0
"Pgr",0,1,0,0,0,0,0,0,0
"Abcb1b",48,103,26,41,36,57,41,40,50
"Abcb4",25,75,29,39,31,35,35,28,45
"Abcb1a",0,0,1,0,0,0,0,2,3
"Phb1",274,311,238,136,122,125,148,173,166
"Slc25a3",1305,1356,955,814,1144,1018,983,1061,1128
"Phex",0,0,4,0,0,0,0,0,0
"Phf2",63,95,45,54,83,80,102,66,76
"Phka1",32,79,27,25,31,34,19,28,30
"Phkg1",5,15,7,1,15,12,4,4,6
"Phtf1",52,62,38,53,88,50,65,80,71
"Phxr1",17,44,11,19,17,17,32,23,35
"Phxr4",21,26,24,24,34,32,35,20,24
"Pick1",61,51,72,69,92,60,62,73,77
"Piga",17,21,16,15,14,23,22,12,8
"Pigf",45,75,29,32,53,26,53,48,65
"Pigr",2,0,3,1,0,0,1,2,0
"Pik3c2a",66,68,43,38,48,50,54,49,58
"Pik3c2g",0,0,0,0,0,0,0,0,0
"Pik3ca",77,121,110,111,106,88,76,118,93
"Pik3cd",239,434,204,262,451,468,316,328,482
"Pik3r1",283,420,189,164,277,112,187,204,239
"Pik3r2",43,30,86,142,169,172,150,131,201
"Pik3r3",2,5,2,3,4,4,10,4,0
"Pikfyve",51,109,47,54,62,68,90,82,64
"Pim1",230,454,121,46,90,84,75,105,130
"Pim2",28,66,17,55,66,84,33,93,73
"Pip",0,0,0,0,0,0,0,0,0
"Pip5k1c",189,188,201,151,236,273,190,186,282
"Pip4k2a",297,309,318,317,569,446,385,410,479
"Pip5k1b",4,1,0,0,0,0,0,1,0
"Pip5k1a",92,153,47,52,92,68,119,109,83
"Pira1",0,0,0,0,0,0,0,0,0
"Pira2",0,0,1,0,2,0,0,0,0
"Lilra6",0,0,4,1,0,0,0,1,0
"Pira6",0,5,0,0,4,0,3,0,0
"Pirb",609,729,495,458,1018,577,714,598,1049
"Pou1f1",0,0,0,0,0,0,0,0,0
"Pitpna",570,732,480,392,654,660,647,501,649
"Pitpnm1",201,304,206,279,272,273,323,268,314
"Pitx1",0,0,0,0,0,0,0,0,0
"Pitx2",0,0,0,0,0,0,0,0,0
"Pitx3",0,0,0,0,0,0,0,0,0
"Pja1",62,48,21,29,28,25,38,33,41
"Pkm",1500,1546,1350,917,1007,1149,950,1049,835
"Prkaca",71,85,56,96,105,140,106,121,127
"Prkacb",82,182,62,80,118,107,109,90,110
"Prkca",37,21,41,66,84,63,42,41,57
"Prkcb",784,1086,615,575,863,572,615,764,783
"Prkcg",0,0,0,0,0,0,0,0,0
"Prkcd",766,1154,722,716,1124,1228,1246,972,1220
"Prkce",49,68,69,33,53,17,23,40,24
"Prkch",24,49,43,26,29,39,25,38,25
"Prkci",37,17,7,28,30,21,43,26,22
"Prkd1",0,0,0,0,0,0,0,0,0
"Prkcq",3,2,1,2,0,0,0,0,0
"Prkcz",4,6,3,6,5,4,9,3,0
"Pkd1",164,316,211,226,371,356,312,274,282
"Pkd2",31,75,45,38,85,74,41,52,47
"Pkdrej",0,0,0,0,0,0,0,0,0
"Pkia",0,1,0,1,1,4,0,0,0
"Pkib",66,112,116,101,139,129,70,92,147
"Pkig",122,187,149,284,497,475,341,288,427
"Pklr",0,0,0,0,0,0,0,0,0
"Pknox1",64,70,81,146,341,203,296,183,254
"Pkp1",0,0,0,0,0,0,0,0,0
"Prl3d1",0,0,0,0,0,0,0,0,0
"Prl3b1",0,0,0,0,0,0,0,0,0
"Lypla1",59,82,49,41,56,70,50,49,58
"Pla2g1b",0,0,0,0,0,0,0,0,0
"Pla2r1",0,0,0,0,0,0,0,0,0
"Pla2g2a",0,0,0,0,0,0,0,0,0
"Pla2g2c",0,0,0,0,0,0,0,0,0
"Pla2g2d",1,0,0,0,0,0,0,0,0
"Pla2g4a",65,69,62,100,103,141,96,135,76
"Pla2g5",1,0,0,0,1,0,0,0,0
"Plaa",81,132,52,62,51,40,35,46,48
"Serpine1",105,207,73,68,143,92,89,67,158
"Serpinb2",0,0,0,0,0,0,0,0,0
"Papola",179,146,87,160,211,162,194,223,190
"Plat",0,0,0,0,0,0,0,0,0
"Plau",1,0,2,6,5,5,7,4,3
"Plaur",492,840,494,52,72,181,72,95,116
"Plcb1",0,3,0,0,0,0,0,0,0
"Plcb2",132,110,98,221,355,296,330,226,348
"Plcb3",24,27,19,32,76,112,106,40,90
"Plcb4",2,0,3,2,2,0,0,1,3
"Plcd1",53,140,75,125,120,126,108,93,103
"Plcd4",0,0,0,0,0,0,0,0,1
"Plcg1",0,1,0,7,8,1,3,2,1
"Pld1",65,81,83,176,268,160,127,209,205
"Pld2",61,101,92,142,213,199,211,141,199
"Pld3",476,602,541,674,836,804,711,705,1029
"Plec",67,157,40,24,26,18,21,19,33
"Prl2c2",0,0,0,0,0,0,0,0,0
"Prl2c3",0,0,0,0,0,0,0,0,0
"Pa2g4",260,308,169,91,106,182,208,142,152
"Prl7d1",0,0,0,0,0,0,0,0,0
"Plg",0,0,0,0,0,0,0,0,0
"Serpinf2",2,0,0,1,4,9,7,0,4
"Plk1",3,13,3,23,10,12,6,6,28
"Pln",0,1,0,0,0,0,0,0,0
"Plod1",985,959,627,1166,1649,1802,1226,1185,1747
"Plp1",33,19,15,7,5,7,4,10,5
"Plp2",4,6,10,2,3,1,0,2,7
"Lcp1",1321,950,1125,1813,1887,1671,1494,1717,1908
"Plscr2",0,5,0,0,0,0,0,0,0
"Ccl21a",0,0,0,0,0,0,0,0,0
"Pltp",13,12,9,40,27,6,10,14,15
"Bpifa1",0,0,0,0,0,0,0,0,0
"Plxna1",16,29,7,2,6,2,7,3,2
"Plxna2",2,3,0,0,0,6,0,0,1
"Plxna3",4,10,0,5,0,8,11,3,4
"Pml",77,106,62,153,223,228,132,134,243
"Pmp2",0,0,0,0,0,0,0,0,0
"Pmp22",157,245,267,412,647,749,377,496,722
"Pms2",48,73,20,34,26,45,36,35,34
"Prrx1",0,0,0,0,1,0,0,0,0
"Phox2b",0,0,0,0,0,0,0,0,0
"Ppp1r14b",614,785,634,390,300,387,255,410,374
"Pnliprp1",0,0,0,0,0,0,0,0,0
"Pnliprp2",0,0,0,0,0,0,0,0,0
"Pnmt",1,0,3,0,0,0,0,0,0
"Pnn",273,412,135,259,260,233,251,253,189
"Pnp",562,573,551,441,668,679,379,468,586
"Septin5",0,0,0,0,0,1,0,0,0
"Septin4",0,7,6,0,0,1,0,0,1
"Pola1",10,10,9,21,5,16,10,23,7
"Pola2",57,83,42,64,48,65,49,53,41
"Polb",66,105,96,77,88,119,87,124,105
"Pold1",88,202,93,250,103,184,121,188,179
"Pold2",50,95,44,57,33,52,40,59,54
"Pole",16,18,2,61,25,61,26,21,45
"Pole2",2,6,4,27,12,23,10,22,19
"Polg",209,168,237,206,403,305,296,214,439
"Pomc",12,44,15,2,16,14,28,6,20
"Pon1",0,0,0,0,0,0,0,0,0
"Cnot7",21,37,6,8,27,8,14,31,9
"Por",233,384,196,169,251,252,296,159,239
"Pou2af1",0,0,0,0,0,0,0,0,0
"Pou2f1",137,306,106,136,225,184,178,161,205
"Pou2f2",3012,5677,1476,1714,1667,1479,1796,2228,1898
"Pou2f3",0,0,0,0,0,0,0,0,0
"Pou3f1",7,3,3,1,3,1,4,3,0
"Pou3f2",0,2,0,0,0,0,1,0,0
"Pou3f3",0,1,0,0,0,0,0,0,0
"Pou3f4",0,0,0,0,0,0,0,0,0
"Pou4f1",2,1,0,0,0,0,0,0,0
"Pou4f2",0,0,0,0,0,0,0,0,0
"Pou4f3",0,0,0,0,0,0,0,0,0
"Pou5f1",0,0,0,0,0,0,0,0,0
"Pou6f1",21,24,23,25,46,38,52,30,49
"Endou",0,0,0,0,0,0,0,0,0
"Plpp1",129,373,84,87,166,146,114,132,155
"Ppara",0,2,0,2,2,0,0,3,0
"Med1",201,319,107,137,130,115,140,149,121
"Ppard",40,86,80,121,134,170,129,122,168
"Pparg",0,0,1,0,0,0,0,0,0
"Ppargc1a",0,0,3,0,0,0,0,0,1
"Scand1",656,947,765,481,664,458,604,605,698
"Ppef2",0,0,0,0,0,1,1,3,0
"Ppfibp2",25,71,30,42,59,38,50,44,55
"Ctsa",1635,2084,1971,3032,3611,3506,2481,2842,4164
"Sypl1",196,258,128,155,217,163,177,199,205
"Ppib",1026,1290,806,1138,1572,1483,1347,1273,1504
"Ppic",2,0,0,0,0,0,0,0,0
"Lgals3bp",3509,5095,2295,3480,3776,2840,2449,3091,4413
"Ppl",0,0,0,0,0,0,0,0,0
"Ppm1a",76,131,94,58,68,82,73,112,58
"Ppm1b",74,156,68,61,58,56,74,77,68
"Ppox",97,138,89,144,198,210,151,131,205
"Ppp1ca",509,652,521,524,605,510,512,679,611
"Ppp1cb",54,54,37,54,74,26,39,51,55
"Ppp1cc",11,11,15,13,15,13,6,12,5
"Ppp1r1b",0,6,1,1,1,1,0,6,5
"Ppp1r17",0,0,1,0,0,0,0,0,0
"Ppp2ca",217,327,176,193,212,240,245,254,258
"Ppp2cb",113,174,132,118,161,179,113,162,134
"Ppp2r3d",48,123,65,47,92,94,77,64,130
"Ppp3ca",124,159,113,141,173,171,139,165,170
"Ppp3cb",106,163,100,121,164,154,128,159,154
"Ppp3cc",46,56,49,29,38,33,43,32,39
"Ppp3r1",109,137,112,94,145,63,104,155,135
"Ppp3r2",0,0,0,0,0,0,0,0,0
"Ppp5c",815,1384,776,574,626,625,607,505,699
"Inpp5k",183,234,232,124,267,237,199,217,235
"Ppt1",549,728,516,755,981,800,675,864,1116
"Ppy",0,0,0,0,0,0,0,0,0
"Npy4r",0,0,0,0,0,0,0,0,0
"Nup88",129,237,107,113,96,78,98,106,107
"Mob4",118,162,139,96,140,102,93,116,118
"Prep",72,183,51,40,53,84,71,47,73
"Srgn",5287,4919,3904,691,1330,1160,1645,1077,1228
"Prg2",0,0,0,0,0,0,0,0,0
"Prim1",31,42,12,99,38,60,47,75,37
"Prim2",29,63,15,63,45,67,31,53,53
"Prkab1",200,283,209,152,265,241,216,187,233
"Prkag1",238,328,236,152,297,257,269,199,231
"Prkar1a",401,626,326,252,409,462,437,314,440
"Prkar1b",21,22,24,46,28,72,39,39,57
"Prkar2a",39,74,53,34,93,36,123,120,97
"Prkar2b",1,0,0,0,0,1,1,0,0
"Prkcsh",634,865,461,410,443,485,477,390,486
"Prkdc",30,31,28,41,86,51,39,59,58
"Prkg1",0,4,1,4,1,0,0,0,0
"Prkg2",1,0,0,0,0,0,0,0,0
"Mapk11",6,3,2,1,2,3,1,3,0
"Mapk8ip1",4,1,9,2,8,3,3,5,1
"Eif2ak2",320,581,275,528,283,330,224,521,393
"Prkx",148,195,145,67,105,84,92,125,130
"Prl",0,0,0,0,0,0,0,0,0
"Prl4a1",0,0,0,0,0,0,0,0,0
"Prl6a1",0,0,0,0,0,0,0,0,0
"Prl8a6",0,0,0,0,0,0,0,0,0
"Prl7a1",0,0,0,0,0,0,0,0,0
"Prl7a2",0,0,0,0,0,0,0,0,0
"Prlr",0,0,0,0,0,0,0,2,2
"Prm1",0,0,0,0,0,0,0,0,0
"Prm2",0,0,0,0,0,0,0,0,0
"Prm3",0,0,0,0,0,0,0,0,0
"Prnp",50,22,35,4,7,8,1,13,3
"Proc",0,0,0,0,0,0,0,0,0
"Procr",8,6,1,14,14,7,15,20,25
"Prodh",35,87,54,11,37,49,38,39,47
"Prom1",1,6,2,0,1,0,1,0,2
"Prop1",0,0,0,0,0,0,0,0,0
"Pros1",187,166,169,406,520,305,386,469,553
"Prox1",4,23,1,0,3,0,1,4,0
"Prh1",0,0,0,0,0,0,0,0,0
"Prph",0,0,0,0,0,0,0,0,0
"Prph2",0,0,0,0,0,0,0,0,0
"Prpf4b",134,212,117,171,173,73,189,203,170
"Prps1",46,66,43,24,23,43,41,37,45
"Lgmn",4178,5391,5439,8933,13751,13945,11854,8568,13705
"Prss12",0,0,0,0,0,0,0,0,0
"St14",104,55,106,51,58,60,31,31,79
"Klk6",0,1,0,0,0,0,0,0,0
"Tmprss15",0,0,0,0,0,0,0,0,0
"Prtn3",0,1,0,0,2,0,0,3,0
"Prx",0,0,0,1,0,0,1,0,5
"Npepps",154,272,152,163,266,187,209,161,221
"Psap",1497,2013,1521,1947,2029,1331,1971,1586,2163
"Cyth1",86,203,107,71,92,113,82,91,91
"Helq",28,26,20,24,24,34,21,19,32
"Cyth2",140,240,166,123,133,125,128,141,176
"Cyth3",65,181,87,71,123,103,113,76,113
"Psen1",320,561,329,203,273,315,347,267,284
"Psen2",431,484,259,114,188,203,270,172,191
"Psma2",429,543,277,215,184,209,167,246,180
"Psma3",291,481,181,141,94,131,129,187,155
"Psmb1",894,1043,721,566,845,819,655,877,776
"Psmb10",1207,1395,894,779,774,977,783,814,912
"Psmb4",1462,1827,1019,717,1057,1208,1022,897,1151
"Psmb5",186,274,172,138,125,79,126,149,150
"Psmb6",710,833,450,347,461,563,439,511,530
"Psmb7",146,240,139,123,102,123,102,130,96
"Psmc1",596,858,326,181,320,334,258,284,240
"Psmc2",475,527,329,321,285,391,438,451,381
"Psmc3",592,880,501,470,545,653,524,580,646
"Psmc3ip",33,52,7,27,14,19,10,28,14
"Psmc5",464,548,318,283,232,339,285,352,284
"Psmd4",470,863,346,287,297,293,334,386,314
"Psme1",1958,1696,1680,1247,1346,1420,1136,1449,1659
"Psme2",1111,1142,675,563,546,668,486,695,571
"Psme3",127,191,107,76,103,108,129,96,89
"Pipox",0,0,0,0,0,0,0,0,0
"Bpifa2",0,0,0,0,0,0,0,0,0
"Pspn",0,0,0,0,0,0,0,0,0
"Pstpip1",51,95,92,89,51,68,36,91,78
"Pstpip2",13,14,7,0,0,0,2,7,6
"Rhox6",0,0,0,0,0,0,0,0,0
"Ptafr",22,62,9,22,16,27,11,18,12
"Ptbp1",418,588,286,282,370,479,350,314,357
"Ptch1",0,2,0,1,0,0,0,2,0
"Ptch2",0,0,0,0,0,0,0,0,0
"Ptcra",1,0,0,0,2,0,0,0,0
"Ptdss1",114,146,103,109,153,180,124,129,181
"Pten",123,169,116,138,274,66,170,172,227
"Atp12a",0,0,0,0,0,0,0,0,0
"Dicer1",115,253,112,85,110,93,124,93,103
"Pter",23,7,9,14,9,28,13,27,16
"Bspry",0,0,1,0,0,0,1,0,3
"Ptf1a",0,0,0,0,0,0,0,0,0
"Sugct",0,2,0,0,2,4,0,1,6
"Ptgdr",0,0,0,0,0,0,0,0,0
"Tmc2",0,0,0,0,3,0,0,0,0
"Ptgds",30,25,6,3,13,18,1,24,19
"Mvd",37,26,43,35,33,28,47,50,34
"Socs7",79,195,88,45,49,69,54,86,91
"Prpf8",291,466,222,232,498,320,440,279,410
"Ptger1",0,1,0,1,0,0,0,0,0
"Casc3",166,284,191,151,303,219,225,204,226
"Pcdha9",0,0,0,0,0,0,0,0,0
"Pcdha3",0,0,0,0,0,0,0,0,0
"Pcdha12",0,0,0,0,0,0,0,0,0
"Sardh",14,14,18,11,22,16,16,27,55
"Nlgn1",0,0,0,0,0,0,0,0,0
"Ufsp2",119,83,92,136,173,197,219,201,158
"Ptger2",0,0,3,0,0,0,0,0,0
"Eif4a3",414,521,230,202,232,391,272,264,307
"Mcrip1",174,276,221,170,376,308,294,218,271
"Rwdd4a",77,105,53,49,52,44,57,43,33
"Flna",766,897,717,151,417,557,638,316,417
"Ptger3",5,22,9,3,9,6,3,10,5
"Nadk",317,514,119,179,362,312,414,242,331
"Stab1",1601,1585,1651,1225,2619,1857,1646,1275,2479
"Stab2",0,0,0,0,0,0,0,0,0
"Ptger4",42,89,34,45,19,72,66,47,64
"Pkhd1l1",0,0,1,0,0,0,0,0,0
"Med9",67,119,73,49,89,77,54,66,104
"Shkbp1",223,398,182,211,233,312,290,221,244
"Edem1",456,534,464,405,614,607,583,482,569
"Btnl10",0,0,0,0,0,0,0,0,0
"Ash1l",155,188,95,145,181,102,159,173,213
"Luc7l2",269,412,213,321,388,323,217,394,409
"Bcas3",47,65,64,62,118,71,56,51,81
"Lrrc4",124,174,23,101,130,192,166,142,157
"Rspo1",15,27,5,47,58,107,38,47,67
"Ptgfr",0,0,0,0,0,0,0,0,0
"Wfdc12",0,0,0,0,0,0,0,0,0
"Wfdc15b",0,0,0,0,0,0,0,0,0
"Ptgfrn",166,118,111,84,153,136,188,111,160
"Prom2",0,0,0,0,2,1,1,0,0
"Tmem47",0,0,0,0,0,0,0,0,0
"Ptgir",0,2,0,3,0,1,0,0,0
"Ptgis",0,0,0,0,0,0,0,0,0
"Hexim1",205,222,153,98,168,162,190,151,130
"Hps4",449,621,746,1107,1369,1342,1191,977,1393
"Hps1",77,165,85,62,140,99,152,55,133
"Ptgs1",1172,886,1137,1622,1941,1895,2059,2235,1998
"Ptgs2",9,2,1,0,0,0,0,0,0
"Pth",0,0,0,0,0,0,0,0,0
"Pthlh",0,0,0,0,0,0,0,0,0
"Pth1r",0,0,0,1,0,0,0,4,6
"Phf21a",127,228,148,134,358,233,276,184,330
"Slc25a36",11,24,21,32,44,16,27,29,46
"Tmlhe",0,0,0,0,0,0,0,0,0
"Ptk2b",259,458,348,288,360,367,203,224,401
"Nrbp1",296,508,347,138,256,227,232,259,267
"Twf1",179,272,118,80,117,84,127,128,99
"Ptma",258,276,167,277,288,340,336,255,352
"Tmsb10",20,24,34,26,20,22,28,27,26
"Tmsb4x",4529,3625,4511,6821,8703,4955,5254,7145,8064
"Ptn",0,0,0,0,0,0,0,0,0
"Ptp4a1",25,17,14,11,7,6,5,18,11
"Ptp4a2",439,722,339,442,567,481,462,541,637
"Ptp4a3",129,165,105,150,148,244,149,153,163
"Ptpn1",1412,2033,1297,1277,2163,1689,1877,1804,2080
"Ptpn11",101,113,63,39,54,63,70,60,33
"Ptpn12",84,97,57,26,36,17,29,40,27
"Ptpn13",0,0,0,0,0,0,0,0,0
"Ptpn14",0,0,0,0,0,0,0,0,0
"Dusp1",2259,3588,2581,145,855,1019,835,796,863
"Ptpn18",397,493,518,1123,1772,1392,1163,1385,1946
"Ptpn2",79,141,34,55,66,73,63,72,60
"Ptpn20",0,0,0,0,0,0,0,0,0
"Ptpn4",11,21,2,5,6,1,4,4,1
"Ptpn5",0,2,0,0,3,0,0,0,0
"Ptpn22",3,27,9,3,15,8,6,7,4
"Sirpa",714,1248,900,1376,1928,2086,1540,1564,2314
"Ptpra",162,289,149,281,353,329,338,327,377
"Ptprb",0,0,0,0,0,0,0,0,0
"Ptprc",618,1217,409,832,1085,949,798,851,1074
"Ptprcap",2,1,1,3,2,5,9,5,2
"Cabp7",0,0,0,0,0,0,0,0,0
"Zfp286",10,11,8,16,8,8,5,18,8
"Wdr81",236,363,239,292,410,442,424,278,448
"Ttc36",3,2,0,4,1,1,0,0,4
"Pla2g15",226,262,336,1057,1289,1523,1133,1099,1270
"Ripk2",58,118,60,25,70,56,51,48,99
"Ell2",208,395,76,54,75,125,141,94,99
"Rfpl4",0,0,0,0,0,0,0,0,0
"Ptprd",1,0,1,0,0,1,0,1,4
"Arhgdia",1445,1944,1269,1027,1237,1155,1309,1249,1423
"Abcg4",3,1,1,0,2,0,0,0,0
"Ptpre",138,267,230,369,520,510,657,548,562
"Rassf3",13,26,66,49,118,90,74,90,104
"Ptprf",2,5,0,2,0,0,0,4,0
"Ptprg",9,3,0,2,3,0,6,0,0
"Ptprj",106,379,42,55,82,28,81,73,64
"Ptprk",0,0,0,0,0,0,0,0,0
"Ptpru",0,0,0,0,0,1,1,1,1
"Lrrc75b",0,0,0,0,0,0,0,0,0
"Ptprm",43,65,22,40,46,90,57,45,94
"Ptprn",1,3,1,0,2,1,0,3,1
"Ptprn2",1,0,2,0,0,0,0,0,0
"Ptpro",65,114,93,138,286,196,240,215,332
"Kcnh6",0,0,0,0,0,0,0,0,0
"Rapgef6",95,146,104,169,240,143,186,263,164
"Ptprr",0,0,0,0,0,0,0,0,0
"Ptprs",40,43,89,89,149,203,147,122,191
"Ptprt",2,0,0,0,0,0,0,0,0
"Ptprz1",0,0,1,0,0,0,0,0,1
"Cavin1",0,5,0,0,0,0,0,1,0
"Lrrc3c",0,0,0,0,0,0,0,0,0
"Pts",71,68,93,141,254,170,118,141,224
"Ptx3",0,6,0,0,4,1,0,0,0
"BC005512",0,0,0,0,0,0,0,1,1
"Igdcc3",0,0,0,0,0,0,0,0,0
"Itgb4",0,0,0,2,3,0,3,1,0
"Pura",318,414,254,331,264,305,291,295,250
"Purb",380,608,259,424,353,183,330,477,299
"Pvalb",1,4,2,0,0,0,1,2,0
"Nectin2",99,78,110,239,319,372,149,267,430
"Nacad",4,2,2,0,0,0,0,0,0
"Pvt1",112,137,67,32,71,46,58,68,40
"Dhrs11",10,18,13,17,29,27,37,35,32
"Lrrc75a",26,11,32,25,40,33,38,50,48
"Pex19",70,116,63,38,52,81,65,44,59
"Cyb5d2",5,24,7,23,37,37,35,22,39
"Abcd3",125,113,86,74,90,104,88,126,61
"Abcd4",44,47,48,72,93,102,100,91,71
"Pirt",0,0,0,0,0,0,0,0,0
"Pxmp2",1,2,1,1,12,6,4,9,10
"Pex2",119,182,130,71,202,133,182,104,157
"Gm53",0,0,0,0,0,0,0,0,0
"Pxn",242,279,235,193,351,345,282,241,381
"Trpv1",0,0,0,0,0,0,0,0,0
"Zfp3",22,44,25,6,8,9,21,23,9
"Pex5",6,23,18,6,7,14,18,7,7
"Or1e25",0,0,0,0,0,0,0,0,0
"Pygm",6,18,3,1,1,3,4,2,2
"Slu7",96,115,69,72,103,112,106,111,137
"Qki",386,448,339,705,988,404,677,856,852
"BC018473",0,1,0,0,0,0,0,0,0
"Rab1a",322,382,244,299,382,338,328,292,351
"Rab10",260,438,182,173,239,172,258,222,240
"Rab11b",221,326,166,151,283,251,267,203,265
"Rab12",48,92,33,32,64,86,51,47,76
"C030037D09Rik",0,2,3,1,1,1,0,3,0
"Msantd5l",0,0,0,0,0,1,1,0,3
"Rab17",0,0,0,0,0,0,0,0,0
"Rab18",92,112,86,70,99,106,86,78,69
"Rab19",4,1,0,3,1,1,1,1,4
"Rab20",3,11,5,3,2,0,2,3,2
"Oog1",0,0,0,0,0,0,0,0,0
"Rab22a",67,116,38,41,46,38,69,68,39
"Rab23",11,12,17,8,7,16,9,16,9
"Rab24",240,226,231,325,577,541,439,369,541
"Rab33a",0,4,2,2,4,0,0,0,2
"Rab33b",25,58,17,17,24,29,20,51,30
"Ripor2",49,46,36,20,58,19,72,51,36
"Rab3a",28,40,25,30,51,50,78,61,47
"Rab3d",19,64,39,14,17,33,38,33,27
"Rab4a",3,17,5,11,6,7,7,7,16
"Rab4b",903,1716,892,464,730,594,570,582,763
"Rab5b",16,24,10,16,18,21,35,18,19
"Rab5c",416,557,358,344,561,646,466,470,491
"Zfp184",2,0,0,3,3,9,4,0,3
"Gm11292",0,0,0,0,0,0,0,0,0
"Rab6a",231,321,155,162,188,100,144,220,216
"Dennd5a",121,199,169,129,305,307,295,230,406
"Kif20a",0,2,0,8,1,4,2,3,3
"Rab7",8,17,12,3,20,1,10,3,17
"Rabggtb",352,474,180,162,166,172,151,208,158
"Rac1",929,1184,833,728,1433,1245,1257,976,1444
"Rac2",765,1234,412,708,993,864,659,853,1176
"Rad1",10,33,10,6,23,16,10,20,16
"Rad17",67,102,63,41,81,62,76,80,110
"Rad21",142,146,136,149,147,121,105,153,169
"Trav14n-2",0,0,0,0,0,0,0,0,0
"Rad23a",160,171,109,130,116,184,193,171,181
"Trav8-2",0,0,0,0,0,0,0,0,0
"Rad23b",208,200,117,85,100,124,161,162,97
"Rad50",63,111,76,77,66,65,68,77,75
"Rad51",1,3,0,30,3,18,1,10,13
"Rad51ap1",5,18,0,28,15,26,17,16,24
"Rad51b",2,8,3,30,22,12,5,25,18
"Rad51d",81,152,83,69,95,54,88,71,99
"Rad52",9,25,16,23,26,37,26,35,16
"Rad54l",0,2,0,31,10,24,2,9,25
"Rad9a",171,229,225,166,148,139,116,190,165
"Rnf185",81,131,54,46,76,61,49,36,57
"Rag1",0,0,0,0,0,0,0,0,0
"Zbtb12",14,28,3,12,9,2,21,20,16
"Rag2",0,0,0,0,0,0,0,0,0
"Hspa1a",183,18,579,225,247,447,276,112,172
"Abhd16a",286,260,230,312,449,517,394,320,408
"Rab34",97,187,88,51,69,65,48,64,71
"Rai1",89,101,72,59,120,127,86,79,100
"Aldh1a2",0,0,0,0,0,0,0,0,0
"Kdm4b",43,44,38,26,32,47,47,42,42
"Mcfd2",344,293,237,296,440,517,453,372,427
"Raly",194,269,137,198,186,320,184,230,261
"Eme2",20,30,19,31,28,26,26,22,29
"Ran",503,591,253,238,258,348,346,306,238
"Ranbp1",157,160,98,102,103,212,145,135,144
"Ranbp2",155,292,97,121,84,45,65,114,102
"Rangap1",168,274,146,168,130,175,185,156,141
"Rasgrp2",5,4,6,3,9,2,2,1,5
"Rapsn",5,18,6,61,53,58,11,49,66
"Rara",2,2,0,3,0,2,4,1,5
"Rarg",1,1,4,14,15,7,14,6,16
"Mtmr11",2,5,16,4,14,17,10,17,4
"Rasa3",75,86,107,128,252,204,187,138,232
"Rasal1",0,1,1,0,0,0,0,0,0
"Rasd1",0,2,0,1,0,0,0,0,0
"Rasgrf1",4,7,8,2,20,3,8,6,8
"Rasgrf2",22,48,27,17,7,10,12,26,20
"Rasgrp1",4,5,0,0,0,1,0,4,0
"Slfnl1",0,2,0,0,0,0,0,0,0
"Pramel27",0,0,0,0,0,0,0,0,0
"Pramel25",0,0,0,0,0,0,0,0,0
"Cnksr1",0,2,0,0,0,0,0,0,0
"Rimkla",0,0,0,0,0,0,0,0,0
"Airim",53,110,77,35,47,59,31,33,53
"Rasl2-9",0,10,5,6,13,26,8,10,13
"Gm5",0,0,0,0,0,0,0,0,0
"Vps37d",2,6,5,3,17,7,6,5,2
"Rax",0,0,0,0,0,0,0,0,0
"Trpv5",0,0,0,0,0,0,0,0,0
"Moxd2",0,0,0,0,0,0,0,0,0
"Tet3",111,249,55,80,157,67,169,105,95
"Mical3",0,10,3,0,6,3,3,6,2
"Or2d3",0,0,0,0,0,0,0,0,0
"Obox7",0,0,0,0,0,0,0,0,0
"Reps2",0,0,0,2,0,4,2,3,1
"Tmprss11a",0,0,0,0,0,0,0,0,0
"Serpina16",0,0,0,0,0,0,0,0,0
"Klf11",14,22,10,8,5,12,15,5,12
"Btg1c",0,0,0,0,0,0,0,0,0
"Rhox11",0,0,0,0,0,0,0,0,0
"Slc25a43",0,1,0,0,0,1,4,0,4
"Gm9",0,0,0,0,0,0,0,0,0
"Rhox4e",0,0,0,0,0,0,0,0,0
"Pld6",0,0,0,0,0,0,0,0,0
"Jmjd4",22,23,8,19,12,18,19,28,11
"Sun3",0,0,0,0,0,0,0,0,0
"Zzef1",200,358,182,138,389,250,303,214,301
"Tmem199",183,273,107,106,111,133,110,137,137
"Nlrp1a",2,2,1,8,5,12,4,7,9
"Ighv9-1",0,0,0,0,0,0,0,0,0
"Dcdc2a",0,0,0,0,0,0,0,0,0
"Zfp469",1,0,0,0,0,3,0,0,0
"Pom121l2",0,0,0,0,0,0,0,0,0
"Trav4d-4",0,0,0,0,0,0,0,0,0
"Trav16",0,0,0,0,0,0,0,0,0
"Gsc2",0,0,0,0,0,0,0,0,0
"Trim40",0,0,0,0,0,0,0,0,0
"Utp14b",0,6,0,1,0,1,0,1,0
"Zfp691",55,85,29,61,81,66,63,64,60
"Zfp982",0,0,0,0,0,0,0,2,0
"Pramel11",0,0,0,0,0,0,0,0,0
"Skint3",0,0,0,1,1,0,0,2,2
"195576",0,0,0,0,0,0,0,0,0
"Hs3st2",0,2,0,0,0,0,0,0,0
"Polr2d-ps2",0,0,0,0,0,0,0,0,0
"Nhs",0,2,0,0,0,0,0,0,1
"Grhl1",1,7,4,1,0,3,2,3,7
"Rb1",16,30,25,54,85,68,77,70,89
"Rbbp4",331,453,256,406,447,423,440,398,465
"Rbbp6",332,774,280,213,336,261,222,289,284
"Robo3",0,0,0,0,0,0,0,0,0
"Rbl1",12,26,22,76,59,94,45,60,51
"Rbl2",38,78,40,54,114,61,89,64,94
"Rbm3",28,24,7,8,9,13,7,21,8
"Rbm4",45,47,39,24,42,31,43,36,33
"Rbm6",61,72,36,36,71,81,84,49,76
"Rbmx",95,135,70,57,52,41,48,47,66
"Rbmxl1",143,230,86,67,86,124,114,97,89
"Rbmy",0,0,0,0,0,0,0,0,0
"Rbp1",4,4,6,0,2,1,0,1,0
"Rbp2",0,0,0,0,0,0,0,0,0
"Rbp3",0,0,0,0,0,0,0,0,0
"Rbp4",0,0,0,0,0,0,1,0,0
"Rbpms",108,202,56,44,89,84,80,62,56
"Rbpj",314,582,301,238,414,245,313,316,379
"Rbpjl",1,1,0,0,0,0,0,0,0
"Rce1",107,225,103,87,164,180,138,97,118
"Rcn1",55,23,69,37,27,20,16,36,35
"Rcvrn",0,0,0,0,0,0,0,0,0
"Pitpnm2",15,25,6,3,3,4,4,1,0
"Rdh5",7,25,17,9,16,26,43,12,23
"Rdh16",0,0,0,0,0,0,0,0,0
"Rdx",267,273,148,200,218,142,261,257,217
"Rfc1",62,125,38,99,115,56,61,106,71
"Recql",38,61,39,63,73,74,54,49,84
"Reg1",0,0,0,0,0,0,0,0,0
"Reg2",0,0,0,0,0,0,0,0,0
"Reg3a",0,0,0,0,0,0,0,0,0
"Reg3g",0,0,0,0,0,0,0,9,0
"Rel",42,83,15,42,36,4,37,55,26
"Rela",301,510,240,169,334,228,274,214,312
"Relb",226,456,79,78,182,222,151,126,188
"Reln",0,0,0,0,0,0,0,0,0
"Rem1",3,0,0,0,0,0,0,0,0
"Ren1",0,0,0,0,0,0,0,0,0
"Renbp",310,414,361,277,294,267,201,318,326
"Upf1",115,143,102,89,73,58,110,81,96
"Reps1",33,119,76,36,59,63,36,36,60
"Dpf2",117,178,106,95,164,133,153,115,129
"Resp18",0,0,1,1,0,1,0,0,0
"Rest",38,64,28,28,23,17,38,34,32
"Ret",0,0,0,0,0,0,0,0,0
"Rev3l",14,12,22,23,24,6,10,18,9
"Bex1",0,1,7,0,0,0,4,0,0
"Rfc2",123,164,122,244,236,384,223,233,263
"Rfng",62,81,62,126,159,152,158,145,134
"Trim27",234,315,160,132,190,257,184,207,225
"Rfx1",62,49,48,53,62,107,83,35,64
"Rfx2",1,0,1,2,0,3,1,0,0
"Rfx3",9,12,3,3,16,9,13,11,23
"Rfxank",41,64,48,59,102,63,78,77,83
"Slc50a1",231,248,231,254,554,465,402,424,483
"Ralgds",56,113,50,38,92,128,98,75,81
"Rgl1",31,147,77,42,70,66,57,63,70
"Rgl2",534,571,543,1441,1688,1366,1106,1338,1744
"Rgn",0,0,0,0,0,0,0,0,0
"Rgs16",0,0,0,0,0,0,0,0,0
"Rgs2",634,676,918,1359,1464,1344,1179,1606,1616
"Rgs4",0,2,0,0,0,0,2,0,0
"Rgs5",0,0,0,0,0,0,0,0,0
"Rgs9",0,0,0,0,6,1,0,0,0
"Rhag",0,0,0,0,0,0,0,0,0
"Rheb",206,290,204,194,250,276,215,230,251
"Rhd",0,0,0,0,0,0,0,0,0
"Rnase1",0,0,0,0,0,0,0,0,0
"Rit2",0,0,0,0,0,0,0,0,0
"Ring1",50,51,57,70,95,72,67,45,101
"Ralbp1",193,260,186,166,279,162,262,294,278
"Ripk1",117,250,108,106,98,113,109,120,153
"Rit1",85,141,130,75,102,100,90,71,95
"Rlbp1",0,4,3,0,0,0,0,3,2
"Rln1",0,0,0,0,0,0,0,0,0
"Xpr1",56,51,52,58,136,119,85,97,150
"Uri1",72,153,69,43,55,58,65,48,53
"Rmrp",9,2,16,10,6,5,8,12,3
"Rprl1",0,0,0,0,0,0,0,0,0
"Rprl2",0,0,0,0,0,0,0,0,0
"Rn18s",38,52,33,60,40,24,458,1183,694
"Rn4.5s",0,0,0,0,0,0,0,0,0
"Rn5s",0,0,0,0,0,0,0,0,0
"Rn7sk",20,15,14,7,22,6,3,14,8
"Rnaseh1",67,137,72,37,55,125,71,82,82
"Rlim",85,183,81,61,62,20,37,65,64
"Rnf2",56,106,61,75,73,35,45,70,76
"Rnf4",172,319,153,99,156,143,100,119,102
"Rnf7",147,173,96,116,177,155,125,135,126
"Trim10",0,0,0,0,0,0,0,0,0
"Rnps1",21,9,2,2,7,1,11,19,9
"Rnu1a1",4,2,2,0,0,2,0,0,1
"Rnu1b1",1,1,0,0,0,0,0,1,0
"Rnu1b2",0,0,0,0,0,0,0,0,0
"Rnu1b6",0,0,0,1,0,0,0,1,0
"Rnu2-10",0,0,0,0,1,0,0,1,0
"Snord3a",12,4,3,7,4,15,5,18,14
"Snord3b1",6,4,1,5,2,3,4,7,4
"Snord3b2",0,1,1,0,0,0,0,0,0
"Snord3b3",3,2,2,0,9,2,0,1,4
"Snord3b4",2,1,0,0,0,0,0,0,1
"Rnu6",0,0,0,0,0,0,0,0,0
"Rnu7",0,4,0,1,1,0,0,2,5
"Snord73a",0,0,0,0,0,0,0,1,0
"Snord73b",0,0,0,0,0,0,0,0,0
"Rny1",4,6,0,3,1,3,0,3,0
"Rny3",2,0,0,1,0,1,1,0,2
"Robo1",0,0,0,0,0,0,0,0,0
"Rock1",182,250,104,127,154,54,128,180,177
"Rock2",148,170,75,189,170,88,183,205,214
"Slc22a8",0,0,0,0,0,3,0,0,0
"Rom1",21,29,18,14,13,10,17,11,8
"Mst1r",5,0,3,0,0,0,0,0,0
"Rora",1,0,1,2,3,0,0,0,0
"Rorc",0,0,0,1,3,0,0,0,0
"Ros1",0,0,0,0,0,0,0,0,0
"Rp1",0,0,0,0,0,0,0,0,0
"Rp2",50,131,41,77,77,124,121,81,79
"Rpa2",73,94,41,108,53,153,62,92,92
"Rpe65",0,0,0,0,0,0,0,0,0
"Rpgr",6,8,0,7,4,0,2,6,26
"Rph3a",0,2,0,0,0,0,0,0,0
"Rpia",53,93,36,60,102,51,61,56,72
"Rpl10a",1458,1751,1172,992,1423,1291,1255,1335,1629
"Rpl18",2740,3215,2046,1257,2558,1740,1994,1674,2429
"Rpl19",1527,1642,1189,864,1067,793,926,1014,1349
"Rpl21",1275,1442,963,959,1178,978,1076,1162,1426
"Rpl22",1416,1249,1123,1065,1476,933,976,1219,1332
"Mrpl23",61,45,37,36,33,42,28,43,83
"Rpl26",1938,2040,1389,1505,1813,1518,1491,1663,1857
"Rpl27",885,1043,689,507,614,505,621,598,698
"Rpl28",3022,3500,2979,1971,3139,1504,1941,2536,3425
"Rpl29",1130,1352,1323,895,1749,1183,957,1099,1767
"Rpl30",1019,1181,783,657,796,539,656,732,755
"Rpl32",3244,3956,2638,2138,3382,2494,2798,2645,3346
"Rpl37a",1953,2061,1494,1313,2146,1859,1728,1610,2093
"Rpl36a",617,602,431,490,680,427,583,558,617
"Rpl6",841,863,638,531,692,442,475,636,746
"Rpl7",652,700,477,543,774,530,511,583,742
"Rpl9",2539,2738,1981,1406,2163,1956,1693,1843,2306
"Rpn2",819,996,715,1108,1500,1320,1237,1255,1337
"Polr1c",259,291,160,112,170,182,117,179,147
"Polr1b",57,60,26,12,16,26,40,26,37
"Polr1d",230,242,153,151,217,207,225,190,226
"Polr1a",187,368,139,59,90,127,174,88,118
"Polr2a",12,14,5,3,13,0,10,9,11
"Polr2c",119,206,120,65,146,184,149,113,127
"Polr2j",101,131,96,95,75,98,108,126,104
"Sub1",268,349,153,151,157,161,158,177,166
"Pdc",0,0,0,0,0,0,0,0,0
"Rps12",2586,2548,2036,2203,3432,2770,2278,2470,3513
"Rps14",4976,6388,5275,3459,5017,2927,3500,3778,5090
"Rps15",3532,4186,3917,2536,3580,1871,2548,2966,4098
"Rps16",1784,1943,1820,1158,1502,811,1044,1331,1755
"Rps17",2098,2097,1673,1469,1491,1241,1223,1440,1669
"Rps18",6495,7485,5597,4081,7152,4747,5177,5241,7098
"Rps19",4766,5341,3781,3273,4592,3312,3414,3945,4631
"Rps24",4017,4111,3072,2796,3420,1670,2564,3187,3352
"Rps29",10392,8753,9461,8331,11968,5306,8032,9205,11939
"Rps3a1",3790,4712,3370,1996,2969,1810,2456,2597,3402
"Rps4x",1350,1393,1050,754,790,372,575,864,946
"Rps5",5235,5689,4546,2878,5092,4162,3975,3808,4990
"Rps6",181,164,156,108,122,171,85,169,112
"Rps6ka1",646,691,502,876,1537,1669,1106,974,1484
"Rps6ka2",4,12,4,8,4,7,4,9,4
"Rps7",1277,1603,1000,1059,1270,1146,1115,1147,1296
"Rps8",5559,6523,5042,3962,6240,4623,4844,4885,6744
"Trim30a",413,460,301,543,409,228,198,467,300
"Rptn",0,0,0,0,0,0,0,0,0
"Rras",91,87,63,89,174,147,123,121,172
"Rrh",2,10,0,0,0,0,0,0,0
"Rrm1",56,84,45,86,83,119,98,99,89
"Rrm2",2,2,0,30,8,22,5,10,25
"Rs1",0,0,0,0,0,0,0,0,0
"Dhrs3",118,204,179,396,775,629,594,497,771
"Rsu1",95,128,112,134,191,214,140,156,209
"Rtkn",3,5,5,4,2,0,0,0,1
"Rtn2",6,34,0,3,11,5,0,3,0
"Rtn3",780,766,746,726,1188,993,1059,862,1157
"Hps6",49,75,28,35,68,59,55,40,59
"Ruvbl2",68,93,62,40,71,88,69,61,58
"Rxra",105,181,137,146,230,161,151,164,238
"Rxrb",175,250,283,200,313,227,227,231,307
"Rxrg",20,28,16,15,22,49,42,47,26
"Uimc1",163,319,144,133,147,130,149,135,155
"Ncor1",223,313,213,247,384,217,364,315,330
"Nr1h4",0,0,0,0,0,0,0,0,0
"Ryk",32,49,65,51,77,67,85,55,104
"Ryr1",0,1,0,0,0,0,0,0,1
"Ryr2",0,0,0,0,0,0,0,3,0
"Ryr3",0,1,0,0,0,0,0,0,0
"S100a1",68,69,55,69,97,63,61,97,116
"S100a10",82,42,113,14,25,30,30,22,40
"S100a11",19,26,15,4,2,8,3,2,2
"S100a13",136,126,83,127,162,121,124,165,143
"S100a3",0,0,0,0,0,0,0,0,0
"S100a4",41,24,45,37,12,29,26,22,21
"S100a5",0,1,1,0,0,0,0,0,0
"S100a6",45,16,38,9,5,13,12,17,19
"S100a8",881,53,394,17,92,53,41,204,109
"S100a9",1025,21,626,22,79,82,27,270,122
"S100b",8,21,4,5,3,1,3,4,10
"Prrx2",0,0,0,0,0,0,0,0,0
"Saa1",2,4,1,0,0,0,0,0,0
"Saa2",2,3,0,0,2,0,2,0,1
"Saa3",10589,10532,2942,2161,11647,5237,5503,5757,10275
"Saa4",2,0,0,0,0,0,0,0,0
"Sag",0,5,1,4,1,7,1,0,4
"Acsm3",0,0,0,0,0,0,0,0,0
"Khdrbs1",160,227,95,159,268,210,224,201,230
"Apcs",0,0,0,0,0,0,0,0,0
"Sap18",80,116,66,64,79,75,53,95,51
"Sf3a2",124,205,96,57,69,63,88,53,79
"Sar1a",300,468,234,178,198,236,257,222,207
"Sars1",265,336,198,191,165,96,158,246,195
"Sart1",274,405,225,263,188,294,230,182,240
"Sat1",198,250,255,198,271,206,185,221,268
"Satb1",15,21,8,17,39,24,29,29,12
"Nkx1-2",0,0,0,0,0,0,0,0,0
"Sbp",0,0,0,0,0,0,0,0,0
"Atxn1",7,14,16,40,81,27,45,31,64
"Atxn2",123,159,90,131,159,120,162,136,202
"Serpinb3a",0,0,0,0,0,0,0,0,0
"Scd1",1,1,0,0,0,0,2,1,0
"Scd2",211,315,248,71,99,156,165,126,139
"Scg2",0,6,0,0,1,0,0,0,1
"Scg3",0,1,0,0,0,0,0,1,0
"Clec11a",2,1,4,0,5,3,3,1,2
"Stmn2",1,4,2,0,1,0,0,1,1
"Scin",0,0,0,0,0,0,0,0,0
"Stmn3",4,12,12,0,0,4,4,4,1
"Scn10a",0,0,0,0,0,0,0,0,0
"Scn1a",0,0,2,1,0,0,0,0,0
"Scn1b",92,105,80,123,218,189,125,166,214
"Scn3a",0,2,0,0,0,0,0,0,0
"Scn5a",0,0,0,0,0,0,1,0,0
"Scn7a",0,0,0,0,0,0,0,0,0
"Scn8a",0,5,0,1,0,1,3,0,1
"Scn9a",0,0,0,0,0,0,0,0,0
"Scnn1a",0,3,0,1,0,3,0,4,0
"Scnn1b",0,0,0,0,0,0,0,0,0
"Scnn1g",0,0,0,0,0,0,0,0,0
"Scp2",46,53,21,47,30,63,52,51,45
"Scrg1",1,0,2,0,0,1,0,0,0
"Zc3h7b",68,55,46,50,31,54,70,55,49
"Sct",0,0,0,0,0,4,0,0,0
"Msr1",2286,2211,808,142,298,334,691,306,290
"Scx",3,10,0,1,2,2,1,4,2
"Ccl1",0,0,0,0,0,0,0,0,0
"Ccl11",0,0,0,0,0,0,0,0,0
"Ccl12",5177,3744,1193,2562,1121,1794,1448,2397,1554
"Ccl17",33,55,13,2,1,0,4,0,0
"Ccl2",895,929,390,446,183,756,339,550,522
"Ccl20",0,0,0,0,0,1,0,0,0
"Ccl22",104,127,15,0,0,1,0,9,4
"Ccl25",1,7,2,3,5,8,3,0,4
"Ccl27a",4,1,0,4,8,12,8,10,4
"Ccl3",7632,35267,2285,922,638,1144,951,1022,1238
"Ccl4",4585,20751,1717,720,444,1217,621,795,1104
"Ccl5",7193,9218,1962,799,1480,1344,1746,1424,1804
"Ccl6",69,80,111,150,183,166,153,151,163
"Ccl7",73,77,22,42,12,55,26,40,36
"Ccl8",2,8,2,1,0,2,0,0,0
"Ccl9",370,324,195,345,321,305,215,257,516
"Cxcl15",0,0,0,0,0,0,0,0,0
"Cxcl2",320,965,69,6,7,10,21,31,14
"Cxcl5",0,0,0,0,0,0,0,0,0
"Cx3cl1",6,20,3,3,1,0,0,0,0
"Cxcl12",0,0,0,0,1,0,0,2,0
"Sdf2",159,231,150,181,306,317,246,195,304
"Serpinf1",438,346,395,427,518,519,436,499,568
"Sdf4",501,529,437,509,725,470,517,535,800
"Sfrp2",0,0,0,0,0,0,0,1,0
"Nptn",315,442,275,408,632,569,413,516,576
"Frrs1",502,666,433,338,479,371,358,451,490
"Sord",27,29,49,86,81,83,56,64,101
"Cavin2",0,0,0,0,0,0,0,0,0
"Sec22b",47,89,45,60,76,80,107,80,89
"Sec23a",31,36,29,29,22,23,33,30,24
"Sec61g",189,142,83,96,126,36,112,121,118
"Exoc4",77,87,52,47,116,44,100,113,101
"Sel1l",331,587,336,425,751,639,655,467,517
"Sele",0,0,0,0,0,0,0,0,0
"Glg1",160,314,232,235,307,280,338,362,329
"Selenbp1",15,25,19,16,24,28,24,29,33
"Selenbp2",0,0,0,0,0,1,0,0,0
"Sell",3,0,1,0,0,2,0,0,0
"Selp",2,0,1,0,0,0,0,0,0
"Selplg",2021,1665,3509,6176,9032,7711,5405,5359,8383
"Sema3a",0,0,0,0,0,0,0,0,0
"Sema3b",3,6,0,0,0,0,1,0,0
"Sema3c",2,0,0,0,0,0,0,0,0
"Sema3e",0,0,0,0,0,0,0,0,0
"Sema3f",0,5,0,0,0,0,1,1,3
"Sema4a",62,90,37,66,101,204,133,79,96
"Sema4b",2,0,3,4,10,4,4,7,10
"Sema4c",507,824,205,210,328,520,327,313,421
"Sema4d",71,93,81,268,346,358,229,315,270
"Sema4f",0,1,0,0,0,0,0,0,0
"Sema5a",0,0,0,0,0,0,0,0,0
"Sema5b",0,0,0,0,0,0,0,0,0
"Sema6a",0,0,0,2,0,0,0,0,2
"Sema6b",130,137,137,38,40,22,45,49,52
"Sema6c",0,0,5,0,0,0,0,0,1
"Sema7a",4,0,3,1,0,0,1,0,2
"Septin8",24,42,33,34,57,62,67,39,98
"Selenop",2039,2186,2292,6081,8075,6149,4495,5352,8495
"Selenow",191,214,129,68,96,108,101,105,124
"Serf1",3,2,9,8,7,24,4,12,21
"Sez6",0,3,1,0,2,0,2,0,0
"Foxp3",0,0,0,0,0,1,10,3,1
"Spi1",1159,1878,977,602,504,521,572,602,715
"Sfrp1",0,0,0,0,0,0,0,0,0
"Frzb",0,0,0,0,0,0,0,0,0
"Sfrp4",0,0,0,0,0,0,0,0,0
"Srsf2",622,752,392,418,534,737,457,546,582
"Srsf3",648,723,363,381,278,449,387,431,486
"Srsf5",923,1349,911,807,1294,1483,828,1237,1374
"Sftpa1",0,0,0,0,0,0,0,0,0
"Sftpb",1,5,2,4,3,3,0,2,3
"Sftpc",0,0,0,0,0,0,0,0,0
"Sftpd",0,0,0,0,0,0,0,0,0
"Sgca",0,19,0,0,0,0,0,2,0
"Sgce",59,78,61,109,178,160,114,138,140
"Sgk1",838,1275,568,363,478,680,581,514,760
"Scg5",0,9,0,2,3,0,0,0,0
"Sgpl1",636,1375,635,669,997,929,684,825,899
"Sh2b1",114,216,172,209,297,382,260,184,275
"Sh2d1a",0,0,0,0,0,0,0,0,0
"Sh3bp1",129,193,150,226,358,302,363,253,393
"Zfp106",224,366,183,157,203,135,207,154,166
"Itsn2",81,126,68,94,74,72,131,100,104
"Sh3gl2",0,2,0,1,0,0,1,2,0
"Sh3gl1",82,126,118,88,208,247,198,133,202
"Sh3gl3",0,1,0,0,0,0,2,0,0
"Ostf1",442,505,387,332,476,592,484,392,517
"Sorbs3",0,0,0,1,0,0,1,0,0
"Sorbs1",10,23,6,8,3,7,2,7,3
"Shbg",0,0,0,0,0,0,0,0,0
"Shc1",39,119,62,88,141,114,121,110,116
"Shc3",0,0,0,0,0,0,0,0,0
"Shcbp1",2,0,0,9,6,3,0,0,11
"Shd",1,28,4,1,0,1,0,1,2
"Sem1",350,362,233,265,244,225,247,279,267
"Shh",0,0,0,0,0,0,0,0,0
"Shmt1",26,29,11,14,25,23,19,15,19
"Shox2",0,0,0,0,0,0,0,0,0
"Cyfip1",701,1008,487,611,692,585,605,676,848
"Pmel",0,2,1,1,0,2,6,0,0
"Siah1a",29,48,43,24,42,55,35,50,49
"Siah1b",4,4,0,3,4,0,3,7,0
"Siah2",27,157,30,24,26,65,24,33,22
"St6gal1",3,20,29,44,84,90,57,73,83
"St3gal3",90,125,125,119,128,82,86,126,168
"St3gal1",89,138,51,18,82,76,74,65,57
"St3gal4",12,17,21,12,20,10,21,9,21
"St3gal2",54,98,47,73,130,90,131,121,130
"St6galnac1",0,0,0,0,0,0,0,0,0
"St6galnac2",0,0,0,0,0,0,0,0,0
"St6galnac3",0,0,0,0,0,0,0,0,0
"St6galnac4",128,150,120,167,265,248,212,196,246
"St8sia1",0,0,0,1,8,1,2,1,1
"St8sia2",0,0,0,0,0,0,0,0,0
"St8sia3",0,1,0,0,0,0,0,1,1
"St8sia4",1,0,5,13,13,5,10,16,8
"St3gal5",79,77,86,199,292,253,311,259,345
"Ptk6",0,0,0,0,0,0,0,0,0
"Stil",3,2,0,16,2,8,0,4,6
"Tra2b",369,348,217,241,264,117,155,276,236
"Cox7a2l",110,158,114,122,203,146,156,151,249
"Sim1",0,0,0,0,0,0,0,0,0
"Sim2",0,0,0,0,0,0,0,0,0
"Sin3a",29,47,39,45,46,42,51,47,50
"Sin3b",459,461,355,175,383,372,333,251,346
"Sipa1",775,1021,982,992,1335,1146,1206,839,1210
"Six1",3,0,0,0,0,0,0,0,0
"Six2",0,0,0,0,0,0,0,0,0
"Six3",0,0,0,0,0,1,0,0,0
"Six4",0,1,0,0,1,0,0,0,0
"Six5",1,5,0,4,2,4,0,0,2
"Six6",0,0,0,0,0,0,0,0,0
"Vps4b",124,229,109,102,136,112,124,125,146
"Clpb",63,146,60,68,73,71,98,88,46
"Ski",421,652,547,282,536,608,571,395,514
"Skil",231,423,105,200,216,214,211,214,252
"Sla",1185,1458,992,503,787,476,534,627,805
"Slbp",3,11,7,4,11,4,11,10,10
"Slc10a1",1,0,0,0,0,1,0,0,0
"Slc10a2",0,0,0,0,0,0,0,0,0
"Slc12a1",0,0,0,0,0,0,0,0,0
"Slc12a2",78,113,64,147,131,60,104,146,157
"Slc12a3",2,1,0,0,0,0,0,0,2
"Slc12a4",123,157,81,65,83,93,77,61,55
"Slc12a7",37,90,49,43,105,100,97,98,91
"Slc13a2",0,0,1,0,0,0,0,0,0
"Slc16a1",20,46,21,18,34,40,52,32,40
"Slc16a2",1,3,0,0,0,0,0,0,3
"Slc16a7",7,5,2,8,15,3,11,5,9
"Slc17a1",0,0,0,0,0,0,0,0,0
"Slc34a1",0,0,0,0,0,0,0,0,0
"Slc18a3",0,0,0,0,0,0,0,0,0
"Slc19a1",92,135,83,32,42,76,81,43,48
"Slc1a1",0,0,0,0,0,0,0,0,0
"Slc1a2",2,10,5,0,4,1,1,1,7
"Slc1a3",205,278,293,407,672,489,443,374,616
"Slc1a6",0,0,0,0,0,5,0,2,0
"Slc1a5",160,256,55,26,50,46,104,56,26
"Slc20a1",176,385,154,121,99,146,124,120,120
"Slc20a2",42,41,19,55,66,65,47,34,42
"Slc22a1",0,0,0,0,0,0,0,0,0
"Slc22a2",0,0,0,0,0,0,0,0,0
"Slc22a3",0,0,0,0,0,0,0,0,0
"Slc22a5",11,8,3,6,6,8,4,3,4
"Slc22a12",0,0,0,0,0,0,0,0,0
"Slc23a1",0,0,0,0,0,0,0,0,0
"Slc25a14",18,33,11,9,5,9,6,12,17
"Slc25a17",101,114,68,73,102,140,82,107,105
"Slc2a1",233,159,139,106,114,145,129,87,117
"Slc2a2",0,0,0,0,0,0,0,0,0
"Slc2a3",80,118,135,28,56,69,53,64,41
"Slc2a4",0,0,0,0,0,0,0,0,0
"Slc31a1",282,360,145,188,241,227,198,242,194
"Slc31a2",406,736,181,99,195,251,254,233,225
"Slc34a2",0,0,0,0,0,0,0,0,0
"Slc3a1",0,0,0,0,0,0,3,0,1
"Slc4a1",0,0,0,0,0,0,0,0,0
"Slc4a1ap",48,103,47,49,76,71,60,38,49
"Slc4a2",131,207,146,139,72,76,146,165,137
"Slc4a3",4,5,0,10,18,11,8,11,7
"Slc5a1",0,0,0,0,0,0,0,0,0
"Slc6a2",7,54,2,0,0,3,2,1,0
"Slc7a5",99,114,71,29,72,132,100,36,104
"Slc7a7",493,766,405,484,692,667,697,651,743
"Slc8a1",139,220,132,231,333,243,239,274,321
"Slc9a1",87,166,101,106,209,155,166,138,184
"Slfn1",18,3,1,0,2,0,2,4,0
"Slfn2",1121,2244,806,470,390,344,364,513,505
"Slfn3",1,9,0,0,1,0,1,0,2
"Slfn4",18,1,16,0,0,5,1,6,0
"Slit1",0,6,0,0,0,2,0,0,0
"Slit2",0,0,0,0,0,0,0,1,0
"Slit3",0,3,0,0,0,0,0,0,0
"Slpi",18,0,24,0,9,9,1,1,2
"Snai2",0,0,0,0,0,0,0,0,0
"Hltf",118,195,118,192,271,219,178,255,262
"Smarca4",397,568,271,301,296,280,379,364,353
"Smarcb1",169,178,83,107,115,152,127,116,131
"Smarcc1",53,59,16,35,52,22,36,52,64
"Ighmbp2",33,75,22,22,31,19,61,36,28
"Kdm5c",100,136,81,99,101,126,155,93,134
"Kdm5d",0,0,0,0,0,0,0,0,0
"Smn1",145,219,144,59,123,106,85,103,99
"Smpd1",94,107,83,159,271,162,203,153,183
"Smpd2",68,116,91,97,120,112,80,72,103
"Smr3a",0,0,0,0,0,0,0,0,0
"Smr2",0,0,0,0,0,0,0,0,0
"Ncor2",126,228,99,103,137,182,191,176,157
"Sms",14,65,22,8,13,22,14,19,16
"Sst",0,11,1,0,0,3,0,1,0
"Sstr1",0,0,0,0,0,0,0,0,0
"Sstr2",0,0,0,0,0,0,0,0,0
"Sstr3",0,0,0,0,0,1,1,0,0
"Sstr4",0,0,0,0,0,0,0,0,0
"Sstr5",0,0,0,0,0,0,0,0,0
"Sumo3",213,466,237,152,260,335,214,209,264
"Ssty1",0,0,0,0,0,0,0,0,0
"Siglec1",29,13,10,34,28,29,27,12,29
"Snai1",0,2,8,0,0,0,0,0,0
"Snap25",6,19,0,1,7,3,7,7,4
"Snapin",129,155,107,100,112,121,124,104,169
"Snap91",3,4,0,0,0,0,0,1,0
"Snca",1,1,0,0,0,0,2,0,7
"Sncg",0,0,0,0,0,0,0,0,0
"Snap23",40,91,51,99,85,89,90,113,96
"Plk2",6,7,11,2,0,2,5,2,2
"Snn",60,76,41,231,284,262,223,232,271
"Snrk",72,40,71,48,86,48,44,57,144
"Eftud2",179,264,102,72,91,97,80,94,81
"Snrpc",43,82,36,35,42,23,27,30,36
"Snrnp70",411,614,352,567,958,1200,715,781,969
"Snrpb",637,785,431,352,491,554,543,430,529
"Snrpb2",150,197,126,99,128,101,84,142,104
"Snrpd1",284,322,153,138,173,166,120,142,148
"Snrpe",150,251,79,122,92,58,84,110,112
"Snrpn",0,0,0,0,0,0,0,0,0
"Snta1",104,141,154,280,481,235,294,258,437
"Sntb1",0,0,0,0,0,0,0,0,0
"Sntb2",8,30,15,8,24,7,1,20,8
"Soat1",66,38,48,83,197,145,183,120,161
"Sod1",405,374,307,396,465,621,449,510,543
"Sod2",2186,3504,555,121,189,330,527,263,195
"Sod3",0,0,0,0,0,0,0,0,0
"Son",2331,3263,1693,2325,1879,1328,1575,2557,2297
"Sorl1",95,93,157,222,397,207,206,187,276
"Sort1",442,298,541,426,804,591,440,392,688
"Sos1",63,244,43,42,56,29,75,60,40
"Sos2",46,70,60,37,46,35,32,46,58
"Sox1",1,0,0,0,0,0,1,1,0
"Sox10",0,0,0,0,1,3,0,0,0
"Sox11",0,1,0,0,0,0,3,0,0
"Sox12",2,12,1,5,2,18,4,3,18
"Sox13",5,4,0,4,8,11,2,6,6
"Sox14",0,0,0,0,0,0,0,0,0
"Sox15",1,0,5,1,4,0,2,1,0
"Sox17",0,0,0,0,0,0,0,0,0
"Sox18",0,0,0,0,0,0,0,0,0
"Sox2",0,0,0,0,0,0,1,0,4
"Sox3",0,0,0,0,0,0,0,0,0
"Sox4",274,138,157,116,140,107,156,169,166
"Sox5",0,2,0,0,0,0,0,0,1
"Sox6",0,0,0,0,0,0,0,0,0
"Sox7",0,0,0,0,0,0,0,0,0
"Sox8",0,0,0,0,0,0,0,2,0
"Sox9",1,8,1,2,0,1,1,5,0
"Sp1",106,131,128,124,114,73,99,101,134
"Sp100",43,86,31,21,23,24,19,38,41
"Spa17",2,5,3,0,7,0,3,6,4
"Sp3",121,159,115,96,162,99,150,95,128
"Sp4",27,18,25,23,9,9,13,22,28
"Sall3",206,259,155,243,416,389,349,345,353
"Spam1",0,0,0,0,0,0,0,0,0
"Sparc",13430,13276,11983,9501,15467,11874,9366,10331,14282
"Sphk1",49,30,19,0,0,0,0,0,0
"Serpina1a",0,0,0,0,0,0,0,0,0
"Serpina1b",0,0,0,0,0,0,0,0,0
"Serpina1c",0,0,0,0,0,0,0,0,0
"Serpina1d",0,0,0,0,0,0,0,0,0
"Serpina1e",0,0,0,0,0,0,0,0,0
"Serpinb9b",0,0,0,0,0,0,0,0,0
"Serpinb9c",0,0,0,0,0,0,0,0,0
"Serpinb6b",0,4,0,0,0,0,0,1,0
"Serpinb9f",0,0,0,0,0,0,0,0,0
"Serpinb9e",0,0,0,0,0,0,0,0,0
"Serpini1",0,0,0,1,0,1,0,1,3
"Serpina3k",0,0,0,0,0,0,0,0,0
"Serpina3g",7,25,4,2,0,2,1,0,1
"Slc22a19",0,0,0,0,0,0,0,0,0
"Gm9871",0,0,0,0,0,0,0,0,0
"Serpina3n",5,7,2,1,0,1,0,2,0
"Bptf",144,218,105,144,198,134,213,156,221
"Serpina3m",0,0,0,0,0,0,0,0,0
"Cetn4",7,16,5,2,12,14,2,8,12
"Rbms3",0,0,0,0,0,0,0,0,0
"Ggt7",1,9,4,0,0,0,2,1,2
"Serpinb6a",19,27,22,20,39,32,13,34,40
"Serpine2",314,310,213,311,344,360,286,340,310
"Ccdc154",0,0,0,0,0,2,0,0,1
"Arhgef17",0,5,2,0,0,1,0,1,0
"Tdpoz1",0,0,0,0,0,0,0,0,0
"Larp4",125,183,74,60,50,32,47,93,69
"Fbxo40",0,0,0,0,0,0,0,0,0
"Stxbp5l",0,0,0,0,0,0,0,0,0
"Serpinb9",10,16,7,7,8,10,6,8,17
"Serpinb5",0,0,0,0,0,0,0,0,0
"Serpinb8",0,0,1,0,1,0,0,2,0
"Zbtb7c",0,0,0,0,0,0,0,0,0
"Serpinb9d",0,0,0,0,0,0,0,0,0
"Fchsd2",61,112,46,186,265,224,161,182,246
"Spic",0,0,0,0,0,2,0,0,0
"Spin1",38,61,33,26,44,31,29,34,40
"Spink1",0,0,0,0,0,0,0,0,0
"Hectd1",190,312,134,138,150,82,129,155,160
"Spink4",0,0,0,0,0,0,0,3,0
"Spint1",608,343,657,1361,1675,1401,1135,1572,1671
"Spint2",1,0,3,0,0,0,1,0,0
"Sec23ip",63,78,39,65,75,40,51,96,40
"Spn",2,11,3,7,0,2,6,2,0
"Fam120c",11,15,16,12,21,12,17,16,26
"Spn-ps",0,0,0,0,0,0,0,0,0
"Spta1",0,0,0,0,0,0,0,0,0
"Elfn2",0,7,0,0,1,0,0,0,0
"Sptan1",135,208,99,83,81,108,91,89,99
"Sptb",0,6,1,1,1,3,0,0,0
"Sptbn1",4,4,6,7,19,20,9,25,26
"Wdr11",58,108,31,53,97,114,94,74,77
"Sptbn2",1,5,2,1,0,2,7,0,5
"Strbp",10,20,19,12,20,10,11,23,20
"Spock1",3,2,0,3,0,0,0,3,9
"Spop",139,161,125,114,211,178,180,151,166
"Kctd12b",11,11,9,11,6,6,8,8,14
"Baiap2l2",0,1,0,0,0,0,0,0,0
"Spp1",225,131,306,16,10,23,8,23,25
"Spr",114,125,74,65,60,119,130,77,78
"Dtx4",98,290,103,215,260,356,259,211,299
"Sprr1a",0,0,0,0,0,0,0,0,0
"Sprr1b",0,0,0,0,0,0,0,0,0
"Sprr2a1",0,0,0,0,0,0,0,0,0
"Sprr2b",0,0,0,0,0,0,0,0,0
"Camkk2",298,540,194,192,278,208,174,206,289
"Sprr2d",0,0,0,0,0,0,0,0,0
"Sprr2e",0,0,0,0,0,0,0,0,0
"Tbc1d16",92,147,119,211,287,295,256,233,275
"Thsd4",0,0,0,0,0,0,0,0,0
"Sprr2f",0,0,0,0,0,0,0,0,0
"Ccdc40",2,6,1,3,0,0,2,0,0
"Sprr2g",0,0,0,0,0,0,0,0,0
"Wdr37",117,171,120,93,146,110,130,173,139
"Zfp804b",0,0,0,0,0,0,0,0,0
"Sprr2h",0,0,0,0,0,0,0,0,0
"Sprr2i",0,0,0,0,0,0,0,0,0
"Sprr2j-ps",0,0,0,0,0,0,0,0,0
"Sprr2k",0,0,0,0,0,0,0,0,0
"Sprr3",0,0,0,0,0,0,0,0,0
"Skor1",1,0,0,0,1,0,0,0,0
"207678",0,0,0,0,0,0,0,0,0
"Sephs2",28,31,36,20,18,23,35,22,33
"Igsf11",0,1,0,0,0,0,0,0,0
"Cfap69",0,0,1,0,1,0,0,0,0
"Mucl2",0,0,0,0,0,0,0,0,0
"Gtpbp10",11,26,8,11,8,6,11,9,21
"Mucl1",0,0,0,0,0,0,0,0,0
"Pde2a",28,17,40,54,147,58,25,25,44
"Sptlc2",250,283,262,217,354,317,263,327,379
"Ubald1",153,178,166,191,351,284,148,197,464
"Rnf43",1,0,0,0,0,0,0,0,0
"Sqle",10,2,4,5,8,22,12,7,1
"Tmie",0,0,0,0,0,0,0,0,0
"Tspoap1",2,5,2,2,6,6,1,6,4
"Scarb1",118,180,133,130,221,284,219,198,223
"C2cd2",22,52,32,67,73,59,60,52,46
"Csrnp2",7,15,3,5,4,3,7,17,6
"Src",47,95,53,59,64,92,53,82,87
"BC034090",3,0,1,0,0,0,0,1,0
"Gramd1c",9,19,9,0,3,0,0,0,1
"Usf3",42,42,54,35,55,31,55,26,36
"Smagp",17,34,33,44,100,75,51,57,94
"Bnip5",0,3,0,3,1,1,0,0,3
"Galnt6",200,447,201,12,38,32,78,64,58
"Fmr1nb",0,17,0,16,5,9,7,0,4
"Srebf1",172,300,147,120,178,277,204,154,224
"Srebf2",25,32,12,14,41,43,37,16,16
"Mchr1",0,0,0,0,0,0,0,0,0
"Esrp1",0,0,0,0,0,0,1,2,0
"Fam228b",0,0,0,1,11,0,5,0,3
"Urb1",46,92,22,27,35,23,39,26,16
"Klhl25",49,87,70,83,120,150,108,86,114
"Alg11",98,104,43,42,42,65,44,68,48
"Vcpkmt",13,21,13,11,16,6,10,21,19
"Setd1b",253,580,216,139,244,262,244,220,263
"Srf",74,139,43,58,62,69,85,64,72
"Pknox2",0,0,0,0,0,0,0,0,1
"A530053G22Rik",0,0,0,0,0,0,0,0,0
"Ubap1l",1,0,0,0,0,0,0,0,0
"Pif1",0,0,0,5,0,0,0,0,1
"Chmp6",130,239,157,120,184,151,169,119,191
"Panx3",0,0,0,0,0,0,0,0,0
"Srm",667,768,480,289,238,323,344,290,350
"Mlxip",78,124,85,58,149,123,106,75,157
"Srms",0,0,0,0,0,0,0,0,0
"Zfp976",17,34,13,15,3,15,7,22,3
"Aph1b",2,13,1,2,2,0,2,1,6
"Srp14",192,230,160,124,173,251,159,172,217
"Dhx37",2,5,2,2,3,1,2,4,0
"Yeats2",38,69,33,47,48,62,66,67,59
"Srpk1",43,72,38,62,50,55,51,56,42
"Tmem132b",2,0,0,0,0,0,0,0,0
"Btla",0,0,0,0,0,0,0,0,0
"Map6d1",1,1,0,0,0,1,0,0,0
"Fam180a",0,0,0,0,0,0,0,0,0
"Cd200l1",0,0,0,0,0,0,0,0,0
"Slc9c1",0,0,0,0,0,0,0,0,0
"Srpk2",85,176,94,53,85,57,87,97,124
"Tmprss7",0,0,0,0,0,0,0,0,0
"Phldb2",0,0,0,0,0,0,0,0,0
"Srprb",230,341,210,185,220,249,302,200,215
"Ghsr",0,0,0,0,0,0,0,0,0
"Exog",40,70,21,73,62,58,53,57,42
"Btbd2",18,13,7,16,32,37,48,31,32
"Trim21",68,100,61,57,59,64,28,77,60
"Alg1",211,346,247,208,319,370,302,240,313
"Tmem132c",0,0,0,0,0,0,0,0,0
"Ro60",86,101,41,66,65,21,55,87,63
"Mob3a",219,314,261,118,239,155,244,149,187
"Ssb",280,344,141,176,204,179,196,233,195
"Ankrd33",0,0,0,0,0,0,0,0,0
"Snu13",85,128,57,21,33,51,58,62,35
"Tor1aip1",532,823,490,476,496,587,456,469,517
"Dot1l",59,130,30,34,55,56,91,62,70
"Cyp4f17",0,0,0,0,0,0,0,0,0
"Zfp871",236,408,162,200,213,83,149,218,220
"Ssr4",1234,1030,951,1098,1289,1417,1125,1250,1310
"Ssrp1",130,191,102,169,168,144,160,168,167
"Znrf4",0,0,0,0,0,0,0,0,0
"Rpp40",53,46,31,14,36,44,33,23,24
"Asb18",0,0,0,0,0,0,0,0,0
"Stac",2,2,0,0,0,2,4,1,3
"Zfp143",23,43,17,22,38,30,22,23,26
"Stag1",71,115,42,62,120,108,86,86,130
"Iqcj",0,0,0,0,0,0,0,0,0
"Stag2",92,140,101,98,117,32,72,87,126
"Shroom4",0,0,0,0,0,0,0,0,0
"Klhl29",0,0,0,0,4,0,0,0,0
"Stam",42,48,36,44,37,21,30,26,18
"Dip2c",13,40,20,5,18,11,26,18,25
"Sgms1",19,43,15,13,17,14,22,30,24
"Star",20,32,6,16,7,12,3,8,11
"Stat1",316,348,238,314,299,285,214,336,269
"Stat2",483,776,481,367,392,421,339,446,459
"Stat3",638,1015,573,379,676,590,567,594,646
"Stat4",3,0,0,2,0,0,0,0,0
"Stat5a",42,106,46,15,53,54,27,37,22
"Ndufaf8",190,243,162,122,232,212,188,185,255
"Stat5b",73,118,53,61,132,110,151,106,120
"Cep78",17,26,17,25,39,41,49,27,46
"Stat6",221,283,194,124,259,175,185,188,213
"Stau1",128,199,105,109,185,187,193,188,166
"Stc1",0,0,0,0,0,0,0,0,0
"Stc2",0,0,1,0,0,0,0,0,0
"Nek11",0,0,0,0,0,0,0,0,0
"Sult2a1",0,0,0,0,0,0,0,0,0
"Mterf1b",1,2,2,0,3,0,5,8,4
"Sult1e1",0,0,0,0,0,0,0,0,0
"Rsrc2",244,347,141,230,287,256,248,271,279
"Stfa1",0,0,0,0,0,0,0,0,0
"Tmem212",0,0,0,0,0,0,0,0,0
"Etl4",3,5,3,2,1,4,4,3,4
"Stfa2",0,0,1,1,0,2,0,1,0
"Alg3",147,117,98,121,152,189,126,134,136
"Kntc1",0,1,0,28,26,29,7,8,23
"Stfa3",0,0,1,0,0,0,0,0,3
"Tspan10",0,0,0,6,2,3,1,0,0
"Slc25a38",116,137,144,114,123,152,150,133,128
"Eif4g1",838,1012,567,538,450,351,580,596,528
"Creb3l2",5,16,11,9,20,14,23,12,23
"Cblb",34,55,44,16,32,27,20,14,33
"Fam20a",2,0,0,3,0,0,0,0,0
"Stim1",57,92,37,62,70,58,88,85,82
"Akr1d1",0,0,0,0,0,0,0,0,0
"Diras1",1,0,0,0,0,1,0,0,0
"Stip1",137,180,85,160,105,118,145,120,123
"Creb3l3",6,4,0,2,21,16,14,17,17
"Stk10",97,125,109,97,224,229,239,172,272
"Stk11",93,145,114,71,101,138,85,91,115
"Eif5a2",24,33,20,10,10,0,5,13,11
"Aurkc",0,0,0,0,0,0,0,0,0
"Hmgcs1",68,71,55,37,37,52,56,36,52
"Dis3l2",29,28,25,31,25,11,21,33,20
"Stk16",124,160,104,128,197,154,156,124,238
"Hdac4",95,108,97,16,39,37,53,58,33
"Plk4",7,11,3,23,8,19,4,7,9
"Slk",124,238,176,92,127,152,134,112,119
"Prrg3",0,0,0,0,0,0,0,0,0
"Aqp12",0,0,0,1,0,0,0,0,0
"Sde2",64,194,61,66,54,49,37,53,68
"Aurkb",2,2,1,30,34,20,12,18,27
"Sned1",0,0,0,0,0,0,0,0,0
"Aurka",9,28,10,18,21,19,7,7,17
"Tmem63a",349,352,344,391,416,475,390,410,521
"Triqk",1,0,2,0,0,0,4,5,2
"Fanci",2,8,4,9,6,9,2,2,2
"Daam1",27,62,31,24,35,43,47,37,31
"Dock3",2,1,0,1,0,0,0,4,0
"Sult1a1",365,308,410,271,829,472,676,454,632
"Sult1c1",0,3,0,4,0,1,0,0,0
"Zdhhc9",224,202,369,309,642,354,479,379,401
"Slc26a7",0,0,0,0,0,0,0,0,0
"Unc13c",0,1,0,0,0,0,0,0,0
"Wnt8a",0,0,0,0,0,0,0,0,0
"Ccdc62",9,37,19,25,36,31,30,32,45
"Cenpx",78,92,78,118,155,124,139,153,173
"Cpeb3",25,50,34,11,23,22,28,11,11
"A730045E13Rik",0,0,0,0,0,0,0,0,0
"Bhlhe40",0,5,5,1,4,2,2,3,6
"Adamts18",0,0,0,0,0,0,0,0,0
"Gm4755",0,0,0,0,0,0,0,0,0
"Myo5c",0,0,0,0,1,0,0,0,0
"Thnsl1",8,18,5,16,8,21,8,10,15
"Zfp280c",31,40,42,24,38,4,18,26,28
"Stra6",2,0,0,0,0,0,1,0,0
"Hmgcll1",0,0,0,0,0,0,0,1,0
"Stra8",0,1,0,0,0,4,0,0,0
"Npb",2,10,2,2,8,7,0,4,9
"Fam83b",0,0,0,0,0,0,0,0,0
"Rbmx2",33,47,22,12,15,17,7,20,19
"Fsip2l",0,0,0,0,0,0,0,0,0
"Strap",192,310,145,91,136,168,147,136,136
"Sirt7",278,466,335,437,653,654,587,432,664
"Ulk4",3,6,9,5,9,6,23,18,16
"Vps8",74,104,57,75,132,127,132,57,123
"Pycr1",0,0,0,0,9,1,1,0,0
"Zc3hav1l",0,5,2,3,7,8,3,2,4
"Tns2",4,6,3,1,0,3,6,4,2
"Gipc3",0,0,0,0,0,0,0,0,0
"Stx1a",33,76,32,20,31,43,23,19,31
"Stx3",21,30,34,7,3,8,10,10,19
"Samd9l",89,245,54,61,17,35,21,37,43
"Stx4a",334,512,295,384,718,626,609,499,586
"Ccnb3",0,0,0,0,0,0,0,0,0
"Stxbp1",28,37,28,35,43,57,46,37,47
"Stxbp2",442,522,416,351,547,542,467,466,758
"Stxbp3",181,303,99,121,140,137,160,172,130
"Stxbp4",10,13,5,21,28,13,26,14,24
"Snx30",86,150,105,136,175,104,122,87,174
"Sucla2",102,159,85,68,87,71,81,92,95
"Suclg2",42,61,36,46,58,80,36,44,46
"Ido2",0,12,0,0,0,0,0,0,1
"Eif1",1569,2252,1446,685,963,1116,840,878,1351
"Acnat2",0,0,0,0,0,0,0,0,0
"Clic6",2,0,0,0,0,1,0,1,1
"Dtx3l",156,321,137,150,198,99,159,240,239
"Osgin2",64,158,47,55,60,47,48,49,60
"Supt4a",54,57,55,57,66,56,50,47,68
"Enox2",4,24,3,19,22,18,10,15,29
"Zfp710",180,219,162,362,463,511,521,426,560
"Wfdc5",0,0,0,0,0,0,0,0,0
"Gan",4,8,7,1,3,0,6,6,4
"Supt5",229,364,211,223,227,215,231,215,324
"Supt6",223,281,154,101,140,131,146,93,154
"Igsf1",0,0,0,0,0,0,0,0,0
"Abcc8",0,0,0,0,0,0,0,0,0
"Abcc9",0,0,0,1,4,0,1,2,0
"Csta1",0,0,0,0,0,0,0,0,0
"Surf1",59,70,62,102,176,124,120,149,170
"Surf2",94,153,103,74,119,156,126,103,121
"Gps1",31,42,31,20,7,13,13,14,17
"Surf4",577,730,419,563,818,970,1000,703,737
"Cstdc3",0,0,0,0,0,0,0,0,0
"Med22",204,385,276,291,368,442,392,413,510
"Gen1",2,0,0,1,2,1,0,4,2
"Surf6",86,136,79,48,66,58,98,52,64
"Wfdc6a",0,0,0,0,0,0,0,0,0
"Eif2b1",94,157,75,38,56,80,71,72,63
"Gtf2h3",4,4,12,4,5,1,13,14,3
"Taf3",50,86,49,40,35,41,59,52,46
"Suv39h1",65,102,60,37,71,47,37,47,40
"Itih5",0,0,0,0,0,0,0,0,0
"Gvin-ps6",0,0,0,0,0,0,0,0,0
"Trim30d",143,167,110,145,122,75,59,117,126
"Sva",0,0,0,0,0,0,0,0,0
"Svs4",0,0,0,0,0,0,0,0,0
"Gpkow",50,68,39,38,43,56,45,32,34
"Svs5",0,0,0,0,0,0,0,0,0
"Tfe3",277,395,199,234,456,440,452,342,473
"Hoxc10",0,0,0,0,0,0,0,0,0
"Svs6",0,0,0,0,0,0,0,0,0
"Trp53bp2",61,61,64,44,50,42,32,35,28
"Hace1",4,25,5,14,16,13,21,12,12
"Swap70",39,97,29,50,66,67,63,50,69
"Tbc1d12",16,28,26,17,19,16,11,24,19
"Hsh2d",0,0,0,2,0,0,0,0,0
"Tmem164",110,230,48,52,129,117,147,91,164
"Taar2",0,0,0,0,0,0,0,0,0
"Taar4",0,0,0,0,0,0,0,0,0
"Taar7b",0,0,0,0,0,0,0,0,0
"Rtl9",0,0,0,0,0,0,0,0,0
"Vamp7",0,0,0,0,0,0,0,0,0
"Rad51ap2",0,0,0,0,0,0,0,0,0
"Enpp3",0,0,0,0,0,0,0,0,0
"Sycp1",0,0,0,0,0,0,0,0,0
"Sycp1-ps1",0,0,0,0,0,0,0,0,0
"Tyw3",25,52,29,24,23,42,23,24,22
"Nudcd3",174,233,166,91,151,131,135,120,137
"Sectm1a",0,0,0,0,0,0,0,0,0
"Il23r",0,0,0,0,0,0,0,0,0
"Erich3",0,0,0,0,0,0,0,0,0
"Sycp3",0,0,0,0,0,0,1,2,0
"Syk",363,650,350,251,579,453,410,315,534
"Frmd4a",401,754,300,537,625,497,469,595,655
"Syn1",1,0,3,1,1,0,1,0,0
"Bend7",0,0,3,1,0,3,0,1,0
"Syn2",3,10,1,3,4,0,0,1,1
"Ttc28",120,249,99,163,311,227,340,210,342
"Sdc1",0,1,0,0,0,0,0,3,0
"Dhtkd1",0,0,0,1,0,0,1,0,0
"Sdc3",324,314,356,558,573,957,588,501,647
"Lcorl",61,93,27,53,63,13,37,37,56
"Sdc4",511,1163,235,19,42,55,49,32,29
"Syngr1",167,197,231,775,1063,1155,750,763,1029
"Syngr2",570,822,538,598,716,729,704,649,810
"Kif15",2,0,3,23,8,6,4,3,3
"Syngr3",0,1,1,0,1,1,1,0,0
"Minar1",0,0,0,0,0,0,0,2,1
"Synj2",32,28,41,24,23,29,21,23,28
"Tmc7",13,43,20,26,38,22,13,50,34
"Syp",4,5,3,4,7,7,5,7,3
"Dennd2a",15,31,15,17,36,39,20,22,46
"Gpr139",0,0,0,0,0,0,0,0,0
"Syt1",0,1,3,1,0,2,3,3,1
"Syt2",0,0,0,0,0,0,0,0,0
"Syt3",4,3,6,10,18,26,8,8,23
"Tbc1d25",28,19,27,21,25,25,23,36,41
"Vmn1r183",0,0,0,0,0,0,0,0,0
"Syt4",0,2,0,0,0,0,0,1,5
"Slc38a5",0,0,0,0,0,0,0,0,0
"Pgbd5",0,3,0,0,0,1,0,0,0
"T",0,0,0,0,0,0,0,0,0
"B3gntl1",43,38,42,23,45,35,43,50,56
"Mtrr",51,92,53,30,52,63,37,42,67
"Slc35f3",1,0,0,0,0,0,0,0,0
"Metrnl",7,34,28,21,15,21,14,21,31
"Nemp1",11,6,7,13,16,30,14,24,17
"Adcy2",0,0,0,0,0,0,0,1,0
"Nlrp4b",0,0,0,0,0,0,0,0,0
"Iglon5",0,0,0,0,2,3,0,0,0
"Zfp175",28,29,31,25,26,33,36,55,22
"Zfp719",21,50,28,26,23,13,18,33,20
"Tent4a",60,74,32,43,48,82,61,70,50
"D130043K22Rik",0,0,0,0,0,0,0,0,1
"Lpp",84,80,78,42,64,32,38,83,41
"Zfp180",5,8,3,3,1,0,0,0,1
"Irgc",0,0,0,0,0,0,6,0,0
"Irgq",21,45,57,25,48,35,38,47,34
"Slc30a6",63,64,39,69,83,90,60,58,69
"Lypd11",0,0,0,0,0,0,0,0,0
"Zkscan2",0,1,3,2,1,0,1,0,0
"Zfp526",8,21,7,6,10,3,4,5,12
"Gprc6a",0,0,0,0,0,0,0,0,0
"Shank2",0,0,0,0,0,1,0,0,0
"Dock10",223,764,155,274,369,306,248,314,369
"Lrch2",0,1,0,0,0,0,0,0,0
"BC048679",0,0,0,0,0,0,0,0,0
"Nckap5",0,0,0,0,0,0,0,0,0
"A530095I07Rik",0,0,0,0,0,0,0,0,0
"Mtmr9",16,21,4,3,10,7,14,5,7
"Thsd7b",0,0,0,0,0,0,0,0,0
"Slc22a22",0,0,0,0,0,0,0,0,0
"Zfp677",14,12,7,11,12,5,4,17,12
"Tdrd6",0,0,0,0,1,0,0,1,0
"Mettl14",25,47,45,13,27,34,34,43,29
"P3h2",0,4,3,9,8,13,8,2,3
"Timd5",0,0,0,0,0,0,0,0,0
"210541",0,0,0,2,0,0,0,0,0
"Tbc1d31",20,33,6,39,49,57,60,50,41
"Hus1b",2,1,0,0,0,5,4,0,0
"Tmem151b",0,0,0,0,0,0,0,0,0
"Coq10a",25,39,22,25,42,31,51,26,77
"Pamr1",0,0,0,0,0,0,0,0,0
"Prrt3",0,0,0,0,0,0,0,0,0
"Gab3",27,22,12,26,17,8,21,11,30
"Mcmbp",283,551,277,193,232,285,275,236,264
"Mkx",0,0,0,0,0,0,0,0,0
"Kcnk12",15,43,29,33,35,17,53,35,37
"Themis",0,0,0,0,0,0,0,0,0
"Ppp1r36",0,0,0,0,0,0,0,0,0
"Brcc3",83,159,67,48,59,35,56,41,47
"Tbc1d4",9,5,6,21,8,6,15,20,24
"Unc5d",0,0,0,0,0,0,0,1,0
"Lacc1",1106,3153,457,587,606,483,427,600,734
"Zfp947",0,0,1,0,0,0,0,0,0
"Vmn2r111",0,0,0,0,0,0,0,0,0
"Ints9",54,100,49,62,64,51,68,64,65
"Adgrb3",0,5,1,0,0,0,0,0,0
"Spata31e2",0,0,0,0,0,0,0,0,0
"Spata31e5",0,0,0,0,0,0,0,0,0
"Kbtbd2",153,208,166,109,152,138,160,163,153
"Bicral",33,39,39,43,96,85,73,61,79
"Lpcat1",6,14,3,2,4,0,2,15,5
"Fam91a1",288,375,266,387,415,294,278,503,533
"8030423F21Rik",0,0,0,0,0,0,0,0,0
"Sepsecs",2,5,0,0,0,1,0,0,1
"Trim41",198,263,143,149,337,250,217,174,254
"Trav3-4",0,0,0,0,0,0,0,0,0
"Alkbh1",106,203,74,50,77,80,60,75,69
"Lzts1",0,0,0,0,0,0,0,0,0
"Zfp781a",6,6,0,7,0,0,1,1,6
"Marchf11",2,0,0,0,0,0,0,0,0
"Churc1",50,55,40,30,25,30,23,58,61
"Lrtm2",0,0,0,0,0,2,1,1,0
"Gm382",0,0,0,0,0,0,0,0,0
"Vmn2r15",0,0,0,0,0,0,0,0,0
"Lrrc25",775,1018,336,242,467,365,467,372,572
"Cpne9",0,1,0,1,0,0,0,0,1
"Mtrf1",24,28,29,38,14,29,17,22,31
"Kbtbd7",23,44,19,30,20,9,15,21,11
"Cln5",302,678,231,185,213,186,199,198,183
"Fbxw13",0,0,0,0,0,0,0,0,0
"Nrg1",0,0,0,0,0,0,0,0,0
"Ncoa7",26,31,23,39,19,20,19,37,53
"Ighv1-54",0,0,0,0,0,0,0,0,0
"Pank3",81,108,65,70,55,49,56,80,60
"Zfp1008",9,8,1,16,7,4,2,11,4
"Amer3",0,0,0,0,0,0,0,0,0
"Suox",16,13,13,5,26,11,14,18,24
"Mtss1",56,79,45,41,73,37,34,63,59
"Pla2g4b",11,11,3,18,15,15,15,8,14
"Exoc3",141,197,108,128,99,119,163,143,111
"Kcnh8",0,0,0,0,0,0,0,0,0
"Or2y8",0,0,0,0,0,0,0,0,0
"Kcnj14",0,0,0,0,0,0,0,0,0
"Efhb",0,0,0,0,0,0,0,0,0
"Tsga10",5,8,17,10,6,7,22,16,7
"Ado",67,97,44,38,43,49,33,59,55
"4932415M13Rik",0,0,0,0,0,0,0,0,0
"Tmem87a",23,21,8,20,25,12,17,25,18
"Odad1",2,16,15,12,4,17,12,7,6
"Nomo1",228,301,167,78,157,154,142,103,103
"Tifa",312,617,238,236,321,315,219,300,309
"Ap1ar",67,153,43,61,76,54,107,71,63
"Mrgprf",0,0,0,0,0,0,0,0,0
"Mrgprd",0,0,0,0,0,0,0,0,0
"Tfdp2",13,14,16,10,6,18,12,9,11
"Ptchd1",0,7,0,2,1,0,1,9,3
"Plac9",0,0,0,0,0,0,0,0,0
"Fancd2",0,0,0,2,7,5,0,1,2
"Wwc1",0,0,0,0,0,0,0,0,0
"Cspp1",31,61,35,32,39,36,27,34,37
"Mgst2",0,1,6,0,1,0,3,0,0
"Arfgef1",105,146,67,62,91,101,98,104,117
"Pcdh9",0,3,0,0,0,0,0,2,0
"Vstm2a",0,0,0,0,0,0,0,0,0
"Trib1",277,261,334,135,355,227,234,138,225
"Mfsd9",9,11,10,8,8,7,14,5,4
"Depdc7",13,5,12,22,43,23,25,24,22
"Asap2",2,6,0,1,1,7,1,0,4
"Dennd6a",52,91,50,72,84,37,51,82,105
"Dsg1c",0,0,0,0,0,0,0,0,0
"Ccdc73",0,0,0,0,0,0,0,0,0
"Plekhh1",3,4,0,0,0,1,5,0,1
"Pde12",44,76,36,36,43,46,53,41,44
"Spsb4",0,0,0,0,0,0,0,0,0
"Asxl3",0,0,0,0,0,0,0,0,0
"Zfyve26",50,108,57,76,126,78,70,69,96
"Tmem18",65,118,73,29,40,53,68,72,35
"Hk3",138,107,110,309,608,611,464,396,511
"Clrn3",0,0,0,0,0,0,0,0,0
"Syne3",0,1,0,1,0,0,0,2,1
"Trim52",0,0,0,0,0,0,0,0,0
"Tmem60",52,73,62,55,65,75,63,67,80
"Rln3",0,0,0,0,0,0,0,0,0
"Inpp5a",33,60,33,38,43,38,52,38,52
"Nhlrc3",34,58,29,22,6,23,22,16,23
"Dcaf15",236,374,198,174,189,209,150,143,172
"Cfap46",0,0,0,0,0,0,0,0,0
"Proser1",200,565,167,137,204,137,190,229,166
"Cc2d1a",60,167,62,49,64,80,46,59,55
"Ccdc191",20,12,11,51,31,39,43,46,54
"Ark2n",7,10,8,6,1,7,6,6,4
"Gsap",119,185,87,100,121,103,114,96,91
"Zswim4",20,27,22,10,27,22,15,8,26
"Ubxn10",0,0,0,0,0,0,0,0,0
"Wdr25",7,12,7,6,12,23,7,11,19
"Stk-ps2",0,0,0,0,0,0,0,0,0
"Zfp748",28,56,29,20,27,16,22,16,29
"Zfp729a",35,68,26,36,34,27,21,43,49
"Arap2",7,36,17,7,6,7,11,36,8
"Mapre2",109,166,124,90,123,126,138,86,121
"Fam149a",31,53,31,22,27,25,17,41,15
"Mms22l",17,25,10,32,12,29,15,26,16
"Klhl32",0,0,0,0,0,0,0,0,0
"Lcor",19,29,4,7,8,4,16,11,6
"Ccdc110",0,0,0,0,1,0,0,0,0
"Frat2",5,3,6,0,7,2,1,2,3
"AA986860",2,17,2,8,2,4,3,4,0
"Lactb2",14,17,22,6,17,14,29,20,22
"9330159F19Rik",0,4,0,0,0,0,0,0,0
"Fam193b",63,52,48,89,192,165,184,103,144
"Paox",58,77,79,68,136,120,91,81,164
"Mtg1",35,52,34,31,73,64,68,41,70
"Spice1",7,3,5,21,27,21,21,30,20
"Efcab12",0,0,0,3,0,1,2,1,2
"Cfap44",0,0,0,0,0,0,0,0,0
"Sprn",0,0,0,0,0,0,0,0,0
"Trmt1",338,626,248,229,223,288,273,270,280
"Sh3bgrl2",0,1,0,1,0,0,0,0,0
"Gm266",0,0,0,0,0,0,0,0,0
"Rho",0,2,0,0,0,0,0,0,0
"Nepro",82,141,63,25,16,14,20,46,17
"Slc66a1",150,213,160,176,148,155,197,168,219
"Zfp273",6,2,3,5,2,12,4,6,9
"Prpsap2",47,103,73,127,216,184,121,153,159
"Iffo2",43,67,26,54,84,97,110,68,72
"Aldh4a1",54,41,23,31,72,75,99,67,93
"Catsper2",6,14,6,7,5,10,17,23,11
"Mars2",18,18,8,5,15,12,13,7,9
"N4bp3",9,8,4,2,0,0,13,1,0
"Satb2",1,4,1,0,0,2,1,0,2
"Tarbp1",5,5,1,4,4,1,2,0,1
"Bicdl2",0,0,0,0,0,0,0,0,0
"212753",0,0,0,0,0,1,0,4,0
"Arl14ep",133,244,104,53,87,102,136,72,84
"Chpt1",21,28,18,40,40,16,20,23,50
"Ddx46",192,245,117,93,137,107,220,169,178
"Rsph4a",0,0,0,0,0,0,0,0,0
"Dse",11,27,8,33,42,18,22,27,36
"Kctd7",1,4,4,6,10,10,4,6,6
"Pm20d1",0,1,1,0,0,0,0,0,0
"Tifab",110,78,101,138,183,202,171,196,167
"Tent5a",520,851,594,320,589,289,404,547,499
"Mageb11",0,0,0,0,0,0,0,0,0
"BC024386",0,0,0,0,0,0,0,0,0
"Pgghg",11,14,32,77,43,48,30,28,58
"Slc45a3",0,12,0,0,0,0,0,2,0
"Scfd2",24,34,22,7,16,21,25,26,18
"Best2",0,0,0,0,0,0,0,1,0
"Galnt17",2,0,0,0,0,0,0,0,0
"BC016579",0,0,0,0,0,0,0,0,0
"Tnpo2",64,212,76,57,79,95,85,73,85
"Ifitm6",43,0,53,2,9,5,1,5,2
"Mfsd4a",1,0,6,0,1,0,0,1,0
"Zfp583",14,20,2,10,1,4,5,9,5
"Abhd10",18,75,26,23,27,45,23,34,26
"Pdlim2",79,141,66,43,55,56,61,43,82
"Evi5l",0,9,1,1,3,4,3,4,4
"Aox2",0,0,0,0,0,0,0,0,0
"Slc39a14",580,621,239,181,355,396,354,246,373
"Gabpb2",78,165,78,83,89,94,102,92,107
"Hycc2",106,284,103,69,58,51,65,112,88
"Tmem71",16,33,19,8,9,2,2,2,9
"Wdr19",3,11,13,14,7,15,5,5,18
"Cdkl3",4,10,9,3,13,6,15,6,10
"Phf3",69,110,55,82,102,74,102,107,74
"Itga10",1,1,5,5,4,14,6,2,6
"Ankrd35",0,0,0,0,3,0,2,0,0
"Prss27",9,28,5,0,2,0,0,3,0
"Il20rb",26,61,42,3,13,14,17,15,15
"Rnf26",21,36,17,23,34,43,17,27,37
"Tapbpl",148,138,112,96,60,88,85,69,93
"Zbbx",0,0,0,0,0,0,0,0,0
"Dnd1",3,3,8,6,2,22,3,6,2
"Wdr49",0,0,0,0,0,0,0,0,0
"Fstl5",0,0,0,0,0,0,0,0,0
"Txndc2",2,1,0,0,0,0,0,0,0
"T2",0,0,0,2,0,2,0,2,0
"Fbxl21",2,1,0,1,1,0,3,0,0
"Scyl2",21,24,16,10,17,12,8,30,13
"Tac1",0,0,0,0,1,0,0,0,0
"Mfsd4b4",0,1,0,1,0,0,0,0,0
"Tac2",0,0,0,0,0,0,0,0,0
"Tacc3",40,39,49,89,65,101,40,77,89
"Gatd1",34,30,51,57,61,61,61,61,76
"Tacr1",0,0,0,0,0,0,0,0,0
"Tacr2",0,0,0,0,0,0,0,0,0
"Tacr3",0,0,0,0,0,0,0,0,0
"Prdm9",26,24,13,24,30,28,37,21,30
"Taf1a",51,82,36,17,19,48,39,37,56
"Rassf4",564,1811,273,203,423,347,389,346,393
"Depp1",0,0,0,0,0,1,0,0,0
"Taf1b",53,61,28,49,35,31,51,45,47
"Armc2",0,0,0,0,0,0,0,1,0
"Lemd1",0,0,0,0,0,0,0,0,0
"Taf1c",93,285,99,59,68,57,76,58,50
"Klhdc8a",0,0,0,0,0,2,0,0,0
"Taf6",52,64,34,105,134,106,153,107,137
"Mylk3",0,0,0,0,0,0,0,0,0
"Rtl3",0,0,0,0,0,0,0,0,0
"P2ry10b",12,9,8,16,17,7,21,20,14
"Gpr174",0,0,0,0,0,0,0,0,0
"Tent5d",0,0,0,0,0,0,0,0,0
"Tagln",0,0,0,0,1,0,0,2,0
"Wmp",0,0,0,0,0,0,0,0,0
"Dstyk",70,130,82,68,93,74,51,63,85
"Gm378",0,0,0,0,0,0,0,0,0
"Tagln2",611,732,665,217,220,449,338,297,378
"Rbbp5",43,67,41,35,23,42,76,38,43
"Lgi3",3,0,1,1,1,2,1,0,11
"Trav7-6",0,0,0,0,0,0,0,0,0
"Nudt18",84,141,72,40,81,53,61,64,68
"Tal1",49,55,23,68,87,93,100,95,92
"Szrd1",202,372,234,151,165,221,217,164,240
"Arhgef11",47,92,56,52,102,74,72,73,111
"Fbxo42",52,104,62,57,70,70,73,87,67
"Tal2",0,0,0,0,0,0,0,0,0
"Taldo1",666,706,908,830,1431,1407,1109,1028,1158
"Plekhg6",0,0,0,0,0,0,0,0,0
"Pth2r",0,0,0,0,0,0,0,0,0
"Tank",188,277,140,106,98,133,110,108,114
"Bag2",7,4,0,4,1,3,7,0,2
"Tap1",835,1059,784,476,533,669,413,394,680
"Ythdf2",254,287,122,195,284,220,320,279,274
"Tap2",204,263,198,204,301,370,320,218,284
"Dis3l",61,81,20,54,32,30,20,52,39
"Plekhh2",0,8,3,8,22,23,20,14,13
"Tapbp",1156,2164,929,911,1438,1475,1349,983,1152
"Tarbp2",1,6,4,4,1,1,1,3,4
"Ighv1-78",0,0,0,0,0,0,0,0,0
"Cracr2b",23,41,39,58,144,163,124,112,165
"Dync2li1",0,1,2,0,4,2,0,3,1
"Map9",2,2,0,3,0,0,1,3,2
"Slc44a3",0,0,0,0,0,0,0,0,0
"Arhgef19",0,0,0,0,0,0,0,0,0
"Slc6a6",503,1081,509,542,886,823,1174,932,918
"Cntn2",0,0,2,0,4,0,1,3,0
"9530068E07Rik",235,377,237,201,341,351,348,286,380
"Igkv4-79",0,0,0,0,0,0,0,0,0
"Duoxa1",1,0,5,0,12,1,1,2,2
"Tbca",125,119,83,63,103,59,85,88,94
"Tbl1x",13,19,6,32,33,23,20,27,19
"Tbp",35,86,49,27,38,30,41,40,41
"Xist",775,841,451,1066,971,409,730,1023,732
"Tbr1",1,0,0,0,0,0,0,0,0
"Zfp598",171,159,106,135,147,112,192,153,156
"Tbrg1",93,164,79,37,72,71,94,60,69
"Prepl",34,35,18,13,16,29,36,33,38
"Nutm1",0,0,0,0,0,0,0,0,0
"Tbl3",238,347,171,82,81,94,94,120,95
"Tbrg3",1,19,2,1,2,2,2,4,3
"Gm4786",1,2,1,2,1,1,2,1,1
"Plekhg1",1,0,0,0,0,0,0,0,0
"Chrm5",0,0,0,0,0,0,0,0,0
"Tbrg4",265,376,198,87,101,168,151,115,136
"Tbx1",0,1,0,0,0,0,0,0,0
"BC002059",4,8,2,3,1,2,4,6,1
"Casd1",61,125,61,121,99,81,86,101,106
"Arcn1",128,210,109,151,160,166,158,155,158
"Tbx15",0,0,0,0,0,0,0,0,1
"Tbx2",3,7,2,2,1,1,0,1,4
"Tbx3",0,0,0,0,0,2,0,0,0
"Tbx4",0,0,0,0,0,0,0,0,0
"Tbx5",0,0,0,0,0,0,0,0,0
"Tbx6",6,11,28,19,42,30,39,24,55
"Bms1",92,158,72,51,75,79,66,64,91
"Tbxa2r",0,0,0,0,0,0,1,0,0
"Tbxas1",125,120,157,469,628,586,589,582,685
"Tcap",4,8,5,7,2,6,7,2,10
"Col28a1",0,0,0,0,0,0,0,0,0
"Atg9b",0,0,0,0,2,0,0,0,0
"Fam83f",0,0,0,0,1,0,0,0,0
"Fbxw10",2,4,0,4,31,10,23,13,8
"Tnrc6b",128,133,166,269,375,177,226,259,265
"Tmem82",6,8,0,11,12,6,1,4,5
"Tcea1",59,104,31,38,86,38,78,98,51
"Agap3",93,149,95,91,116,128,97,119,117
"Ccdc186",23,23,20,11,16,4,13,12,18
"Tcea2",41,120,46,29,39,72,80,43,67
"Tcea3",0,5,1,1,0,0,0,2,1
"Skp1",78,47,46,34,53,30,29,64,52
"Larp1b",18,26,12,5,23,19,12,4,14
"Hnf1a",0,0,0,0,0,0,0,0,0
"Megf11",0,1,0,7,0,2,3,6,1
"Tcf12",34,60,34,32,43,50,37,47,49
"Dnajc16",109,159,83,72,88,80,58,88,78
"Tcf15",0,0,0,0,0,0,0,0,0
"Zfp354a",19,26,21,7,8,4,8,18,14
"Slc18a2",0,0,0,0,0,0,0,0,1
"Hnf1b",0,1,0,0,0,0,0,0,0
"Sox30",1,0,0,0,0,0,0,0,0
"4933430I17Rik",0,0,1,0,0,4,0,0,0
"Tcf20",27,54,26,30,50,47,47,38,37
"Slc24a1",0,1,0,0,0,0,0,0,0
"Nipal4",0,0,0,0,0,0,0,0,0
"Tcf21",0,0,0,0,0,0,0,0,0
"Tcf4",234,472,226,335,430,282,407,399,517
"Tet2",144,285,75,72,110,88,81,125,88
"Arhgap29",4,9,14,11,27,14,15,37,25
"Tcf7",0,0,0,0,0,0,0,2,0
"Tcf7l1",0,1,0,2,0,0,0,2,0
"Ago3",20,23,10,25,41,15,39,33,25
"Trim38",0,0,0,0,0,0,0,0,0
"Tcf7l2",97,132,101,99,192,135,138,151,208
"Kmt2a",163,226,142,214,323,212,276,267,239
"Zeb1",40,44,41,40,70,65,38,64,65
"Tfap2a",0,0,0,1,1,0,0,0,0
"Scgn",0,0,0,0,0,0,0,0,0
"Tfap2b",0,0,0,0,0,2,0,0,0
"Ttc24",0,0,0,0,0,0,0,0,0
"Tfap2c",0,0,0,0,0,0,0,0,0
"Tfcp2",14,7,6,12,15,16,12,11,7
"Tcf3",69,72,57,44,65,96,67,59,102
"Pak6",1,1,0,0,0,0,0,0,0
"Ccdc9b",0,4,0,2,17,5,5,2,5
"Disp2",0,5,5,2,0,2,0,5,0
"Tfeb",73,49,62,73,73,53,66,114,123
"Etnk2",0,0,0,0,0,0,0,0,0
"Nudt15",0,0,0,0,0,0,0,0,0
"Tfec",0,1,0,1,3,4,3,0,2
"Vps72",121,159,87,113,100,126,114,118,122
"Mlx",141,223,109,72,103,151,143,129,140
"Ubtf",110,214,114,78,75,82,71,93,93
"Tut7",266,412,200,174,265,228,178,213,245
"Syna",0,0,0,0,0,0,0,0,0
"Crygn",2,5,4,0,9,1,2,0,0
"Hhipl1",0,0,0,0,0,0,0,0,0
"Tcl1",0,0,0,0,0,0,0,0,0
"Gm4787",3,0,0,0,3,0,2,0,0
"Lrrc1",3,1,1,0,2,4,1,7,0
"Tmem51",0,0,0,5,0,7,3,7,8
"Myocd",0,0,0,0,0,0,1,0,0
"Cfhr4",0,0,0,0,0,0,0,0,2
"Parp16",8,20,8,12,17,45,12,15,29
"Cilp",0,0,0,0,0,0,0,0,0
"Cdk5rap2",40,87,20,36,33,23,25,31,13
"Fnbp1l",31,70,30,33,30,28,40,30,36
"Fam168b",184,272,141,122,256,240,287,188,224
"Uqcc4",130,244,127,98,139,139,165,145,158
"Cdc73",28,44,25,29,38,37,29,38,36
"Gnptg",188,305,147,221,374,351,306,251,373
"Tcn2",870,961,1051,1589,3172,2336,2178,1721,2947
"Tmprss4",3,7,2,6,1,6,0,1,6
"Tcof1",179,285,148,185,201,218,212,175,180
"Tmprss13",0,1,0,0,0,0,0,2,1
"Tcp1",761,1011,462,339,313,326,349,375,363
"She",0,0,0,0,0,0,0,0,0
"Cep164",29,51,14,28,37,23,53,39,44
"Gm136",0,0,0,0,0,0,0,0,0
"Prmt7",90,165,75,27,19,70,59,66,51
"Tdrd5",0,0,0,0,0,0,0,0,0
"Aldh5a1",6,16,0,3,8,1,2,3,8
"Pstk",31,31,41,35,50,30,44,40,56
"Spg11",17,21,17,19,32,20,56,31,27
"Duox2",0,0,0,0,0,0,0,0,0
"Sidt2",176,208,196,90,213,197,162,169,271
"Slc10a3",80,73,30,47,102,117,70,58,89
"214604",0,0,0,0,0,0,0,0,0
"Tcp10a",0,0,0,0,0,0,0,0,0
"Afg2b",10,6,0,0,0,4,1,0,2
"Tcp10b",1,5,5,0,0,0,0,0,0
"Tent4b",81,97,51,37,58,38,41,47,48
"Tcp11",0,0,0,0,0,0,0,0,0
"4930486L24Rik",48,66,18,7,3,17,11,19,16
"Cped1",8,6,2,0,0,0,3,3,0
"Slc25a29",9,22,5,1,8,5,4,10,1
"L3mbtl2",55,152,62,38,66,46,75,53,51
"Chadl",3,7,0,0,2,0,0,0,0
"Iqub",0,0,0,0,0,0,0,0,0
"Rcor3",10,15,10,13,10,10,23,19,9
"Cgas",166,168,122,209,146,253,104,258,157
"Edrf1",31,103,32,31,35,37,30,41,68
"Mmp21",0,0,0,0,0,0,0,0,0
"Zfp879",0,3,1,1,0,1,0,4,6
"Sertad4",0,0,0,0,0,0,0,0,0
"Syde2",0,0,0,0,0,0,0,0,0
"Zfp609",81,98,96,69,138,104,76,91,95
"Neurl3",113,296,119,150,348,282,264,250,319
"Arid5a",195,291,300,276,290,293,219,299,357
"Lman2l",48,50,38,97,128,144,112,91,110
"Csnk1g1",106,204,97,59,80,63,75,71,70
"Kdm5a",104,152,83,83,102,54,74,80,123
"Chtf18",29,39,14,41,13,41,18,18,21
"Antkmt",155,131,147,354,545,462,349,425,506
"Slc39a2",1,10,1,4,5,6,0,3,13
"Fbxl16",3,1,15,2,4,5,6,7,0
"Hdhd5",6,6,8,1,17,14,15,6,10
"Mob3b",1,2,0,0,3,0,1,2,1
"Rhbdl1",13,8,16,19,17,28,23,23,40
"Rhot2",62,97,50,41,73,62,72,54,59
"Sema6d",1,0,1,1,2,5,7,7,4
"Chtf8",42,50,15,39,83,97,96,74,66
"Wfikkn1",16,5,9,2,3,7,1,4,5
"Vezt",47,69,34,60,55,61,44,53,51
"Fam20b",77,125,54,115,106,92,65,107,124
"Prl3d2",0,0,0,0,0,0,0,0,0
"Prl3d3",0,0,0,0,0,0,0,0,0
"Vgll2",0,0,0,0,0,0,0,0,0
"Bud13",28,79,37,17,27,26,36,13,15
"Trim50",0,0,0,0,0,0,0,0,0
"Trav5-4",0,0,0,0,0,0,0,0,0
"Slc35f1",0,1,0,0,0,1,0,0,0
"Maneal",0,4,0,0,0,3,0,3,1
"Astl",2,0,0,0,0,0,0,0,0
"Slc43a2",414,511,443,239,470,312,565,337,386
"Hip1",25,49,53,27,60,31,34,34,63
"Rhbdd2",71,93,30,78,65,71,49,58,68
"Utp25",103,120,90,35,108,82,104,70,69
"Kri1",548,846,421,135,214,244,188,226,227
"Trmt2b",17,34,13,24,30,24,20,34,33
"Tmem120a",113,191,104,89,88,88,106,71,106
"Traf3ip3",32,29,66,59,93,84,40,61,89
"Il36g",0,0,0,0,0,0,0,0,1
"Il1f10",0,0,0,0,0,0,0,0,0
"Wipf1",137,206,207,228,262,180,246,227,208
"Camk1g",1,0,0,0,0,0,0,0,0
"Slc36a3",0,0,0,0,0,0,0,0,0
"Slc36a1",281,321,302,273,523,496,504,392,501
"Senp6",164,305,145,123,193,141,199,194,254
"Brinp3",0,0,0,0,0,0,1,0,0
"Fcgbp",0,0,0,0,0,0,0,1,0
"Ncaph",11,21,13,87,84,82,47,57,82
"Csrnp1",89,162,135,43,71,124,42,75,87
"Slc35e3",26,51,17,42,35,23,25,53,30
"Rab11fip3",16,6,13,22,26,26,19,27,23
"Entpd3",0,0,0,0,0,0,4,0,0
"Rap1b",835,1226,556,731,922,895,775,875,1065
"Gpat2",1,3,0,3,10,1,0,0,6
"Gm4791",0,0,0,0,0,0,0,0,0
"Gm4792",0,0,0,0,0,0,0,0,0
"Sec22c",6,15,10,3,6,18,13,23,19
"Prr14l",76,80,57,48,72,67,97,71,60
"A3galt2",0,1,0,0,0,1,0,0,0
"Pomgnt2",27,20,8,12,41,20,36,12,6
"Fam117a",14,3,10,22,40,40,20,40,29
"Rnpep",480,581,565,538,1086,832,845,681,911
"Zbtb8b",0,0,0,0,0,0,0,0,0
"Psd4",101,137,69,114,124,146,174,127,183
"Mageb18",0,0,0,0,0,0,0,0,0
"Rassf2",286,549,300,103,323,228,294,157,347
"Cdh12",0,0,0,0,0,0,0,0,0
"Nav1",15,29,59,47,38,37,31,45,41
"Zmat1",6,5,7,24,25,8,5,37,30
"Arrdc1",171,311,211,178,150,175,139,179,156
"Ccdc92",0,3,0,0,0,2,4,0,0
"Miga1",23,31,24,26,41,19,31,26,34
"Mfsd6l",28,103,6,0,8,1,4,6,1
"Ulbp3",0,0,0,0,0,0,0,0,0
"Cnksr3",16,38,29,26,37,26,34,36,14
"Ginm1",89,159,57,56,74,80,83,89,72
"Adgb",14,39,23,24,85,54,33,35,66
"Phactr2",32,43,29,36,61,25,18,42,50
"Adgrg6",2,3,0,0,0,1,0,0,0
"Ccdc28a",16,13,27,25,56,29,17,18,42
"Nhsl1",0,0,0,0,0,0,0,0,0
"Arfgef3",1,0,0,2,0,0,3,1,0
"Taar5",0,0,0,0,0,0,0,0,0
"Taar6",0,0,0,0,0,0,0,0,0
"Taar7a",0,0,0,0,0,0,0,0,0
"Taar8a",0,0,0,0,0,0,0,0,0
"Gm29673",0,0,0,0,0,0,0,0,0
"Clvs2",0,0,0,0,0,0,0,0,0
"Sult3a2",0,0,0,0,0,0,0,0,0
"Calhm6",17,15,8,18,10,45,17,10,25
"Rfpl4b",0,0,0,0,0,0,0,0,0
"Mfsd4b5",0,2,1,0,0,3,2,0,1
"Mfsd4b1",0,1,0,0,0,1,0,0,0
"Afg1l",7,10,18,11,23,20,9,19,13
"Mcu",15,11,7,13,23,20,11,23,10
"Micu1",47,124,43,43,93,65,40,60,76
"Lrrc20",12,3,5,8,14,14,6,15,16
"Hkdc1",0,0,0,0,0,0,0,0,0
"Stox1",0,0,0,0,0,0,0,0,0
"Lrrtm3",0,3,0,0,0,0,0,0,0
"Ctnna3",0,0,0,0,0,0,0,0,0
"Zfp365",2,4,0,1,3,6,0,0,0
"Ube2d1",27,41,44,30,53,34,37,61,63
"Ybey",24,15,10,11,15,14,23,14,13
"Trappc10",174,335,144,152,240,173,229,193,193
"Pdxk",84,81,89,57,107,99,108,84,72
"Ilvbl",123,231,140,132,158,227,186,186,148
"Vmn2r81",0,0,0,0,0,0,0,0,0
"Shc2",0,0,0,0,0,0,0,0,0
"Cdc34",312,503,214,184,158,227,231,230,242
"Polrmt",116,186,86,67,95,133,94,65,143
"Plppr3",0,6,0,6,1,7,1,3,6
"Med16",47,131,72,32,60,52,37,41,80
"Wdr18",283,418,213,115,148,195,167,162,173
"Tmem259",966,1725,1008,788,643,687,715,687,783
"Sbno2",655,1200,664,566,687,751,656,763,820
"Plk5",0,0,0,0,0,0,0,2,0
"Abhd17a",154,271,183,241,237,256,255,217,261
"AU041133",10,13,16,6,8,7,6,9,9
"Aldh1l2",1,2,6,4,5,10,5,6,13
"Appl2",69,154,106,109,223,163,165,158,182
"Ckap4",80,144,67,89,176,138,217,148,146
"Tcp11l2",15,6,27,18,36,29,26,32,36
"Slc5a8",0,0,0,0,0,0,0,0,0
"Slc17a8",0,0,0,1,0,0,0,0,0
"Socs2",66,73,71,11,10,22,24,13,17
"Eea1",184,413,136,81,82,82,92,101,96
"Cep290",22,50,8,41,9,15,24,41,13
"Alx1",0,0,0,0,0,0,0,0,0
"Mettl25",20,39,22,14,36,20,13,20,21
"Trgv1",0,0,0,0,0,0,0,0,0
"Tph2",0,0,0,0,0,0,0,0,0
"Rab21",88,99,65,42,59,52,62,56,60
"Zfc3h1",47,123,62,63,49,18,43,69,39
"Tspan8",0,0,1,0,0,1,0,0,0
"Trgv2",0,0,0,0,0,0,0,0,0
"Rab3ip",22,55,72,55,79,104,66,76,99
"Trgv3",0,0,0,0,0,0,0,0,0
"Trgv4",0,0,0,0,0,0,0,0,0
"Trgv5",0,0,0,0,0,0,0,0,0
"D930020B18Rik",0,0,0,0,0,0,0,0,0
"Gm4801",0,0,0,0,0,0,0,0,0
"Rxylt1",106,196,107,55,103,93,82,81,101
"Trgv6",0,0,0,0,0,0,0,0,0
"Trgv7",0,0,0,0,0,0,0,0,0
"Marchf9",7,13,10,6,2,11,1,5,9
"Agap2",1,1,1,1,2,0,0,0,6
"Os9",545,684,500,729,1177,1074,874,779,1021
"Slc26a10",0,0,0,0,0,0,0,1,0
"Mars1",207,173,152,165,214,216,319,266,281
"Arhgap9",216,232,205,152,362,320,288,272,336
"Tcte1",0,0,0,0,0,0,0,0,0
"Rdh19",0,0,0,0,0,0,0,0,0
"Rdh16f2",0,0,0,0,0,0,0,0,0
"Gls2",0,0,0,0,4,6,3,1,0
"Myl6b",0,0,1,2,1,1,1,0,5
"Tcte2",0,0,0,0,0,0,0,0,0
"Dynlt2a1",2,0,1,0,2,0,0,0,0
"Dynlt1b",1,2,0,0,7,5,3,1,1
"Pik3ip1",221,163,587,25,148,31,17,39,108
"Ccdc157",38,43,16,19,44,26,17,16,51
"Phf1",32,52,49,57,52,69,57,55,78
"Ccm2",185,225,290,194,190,193,146,222,237
"Cep68",34,51,36,82,121,92,116,88,95
"Aftph",159,264,144,326,513,353,338,482,457
"Lgalsl",6,18,7,4,12,6,7,5,2
"Ugp2",118,111,78,114,124,60,133,112,114
"Wdpcp",10,9,10,15,9,9,11,8,6
"Ehbp1",10,11,6,15,12,21,14,12,21
"Papolg",17,41,19,10,14,15,12,19,25
"Ccdc85a",0,0,4,0,0,0,0,0,0
"Efemp1",0,0,0,0,0,0,0,0,0
"Cfap36",98,108,49,38,46,34,46,56,45
"Fem1al",0,1,2,3,3,2,1,1,0
"Hbq1a",0,0,0,0,0,0,0,0,0
"Phlda1",249,356,56,11,14,25,32,22,16
"Gabrp",0,0,0,0,0,0,0,0,0
"D130052B06Rik",0,0,0,0,0,0,0,0,0
"Tdg",7,7,8,1,9,0,3,3,3
"Cripto",0,0,0,0,0,0,0,0,0
"Clint1",115,190,116,99,160,146,192,133,166
"Prdx2",144,113,103,286,376,396,261,360,282
"Rufy1",37,37,32,66,90,96,66,50,78
"Adamts2",0,0,0,0,0,0,0,0,0
"Dntt",0,0,0,0,0,0,0,0,0
"Acsl6",0,0,0,0,0,0,0,0,0
"Sry",0,0,0,0,0,0,0,0,0
"Fnip1",107,246,110,107,121,43,111,130,157
"Nmur2",0,0,0,0,0,0,0,0,0
"Tead1",0,0,0,0,0,0,0,0,0
"Mfap3",427,680,330,508,684,440,511,632,616
"Gemin5",78,95,34,25,41,58,52,54,51
"Mrpl22",44,58,51,11,35,34,29,42,31
"Tead2",0,0,0,1,1,0,1,5,0
"Tead3",5,10,1,7,22,17,6,23,31
"Trim58",0,0,0,0,0,0,0,4,0
"Or2ak7",0,0,0,0,0,0,0,0,0
"Tead4",0,0,0,0,0,0,0,0,0
"Iba57",25,47,17,19,19,6,16,8,15
"Wnt9a",0,0,0,0,0,0,0,0,0
"Prss38",0,0,0,0,0,0,0,0,0
"Nlrp3",432,698,233,117,184,220,173,98,144
"Flcn",114,185,145,138,234,251,184,148,210
"Alyref",21,43,25,11,18,41,30,15,15
"Tom1l2",47,67,45,33,42,49,32,32,35
"Gm4802",0,0,0,0,0,0,0,0,0
"Tec",114,230,102,128,118,161,113,157,158
"Dhrs7b",163,273,151,228,384,382,293,262,342
"Tmem11",118,165,97,104,133,124,157,125,145
"Usp22",66,102,62,51,106,88,56,69,58
"Mmgt2",37,57,32,66,124,119,120,124,119
"Tecta",0,0,0,0,0,0,0,0,0
"Arhgap44",0,5,0,0,2,0,0,1,0
"Usp43",0,0,0,0,0,0,0,0,0
"Tectb",0,0,0,0,0,0,0,0,0
"Cntrob",13,18,17,58,80,47,45,46,41
"Chd3",19,66,46,50,59,56,51,42,65
"Tef",38,160,40,113,141,99,61,57,160
"Kdm6b",404,548,229,54,156,66,104,117,163
"Wrap53",43,106,40,46,32,30,31,57,55
"Nlgn2",25,32,19,14,29,16,10,11,25
"Kctd11",45,70,39,34,47,35,46,41,31
"Acap1",0,0,0,0,0,0,7,3,0
"Neurl4",55,79,51,60,83,60,75,57,79
"Mgl2",0,0,2,1,0,5,0,0,0
"Slc16a11",0,0,0,0,0,1,0,0,4
"Arrb2",1654,2306,1520,1565,2036,2344,2043,1673,2052
"Tek",0,0,0,0,0,0,0,0,0
"Gltpd2",0,0,0,0,0,0,0,0,0
"Spag7",25,33,31,48,60,84,49,52,55
"Camta2",644,889,754,664,983,812,951,798,1056
"Dhx33",96,166,70,83,127,113,122,87,90
"Wscd1",1,3,13,11,18,35,15,21,14
"Tekt1",0,0,0,0,0,0,0,0,0
"Spns2",33,35,82,213,212,260,164,241,203
"Coro6",0,0,0,0,0,0,0,1,2
"Git1",117,278,122,77,96,132,111,102,107
"Trp53i13",63,69,104,93,126,135,76,117,153
"Taok1",255,437,202,235,286,182,263,292,344
"Fam222b",79,95,51,29,74,32,83,50,70
"Proca1",0,0,0,0,0,0,0,0,0
"Rskr",0,0,0,0,0,1,0,1,1
"Evi2b",640,1663,394,263,377,360,477,335,364
"Utp6",148,233,97,67,65,73,105,96,110
"Adap2",904,1091,502,305,575,285,464,607,674
"Nle1",174,271,76,46,63,99,112,67,62
"Unc45b",0,0,0,0,0,0,0,0,0
"Heatr6",160,288,106,103,146,99,124,139,148
"Synrg",45,88,39,38,52,35,79,51,64
"Tada2a",35,46,21,24,25,33,15,20,35
"Mrm1",30,68,46,34,50,41,44,53,37
"Ggnbp2",526,941,363,305,351,204,311,378,390
"Ptrh2",111,145,76,50,90,121,107,65,103
"Elobl",0,0,0,0,0,0,0,0,0
"Trim25",109,216,111,88,107,141,78,97,97
"Gm525",0,0,0,0,0,0,0,0,0
"Hlf",6,17,6,5,1,6,3,3,6
"Utp18",43,44,24,17,24,30,20,26,16
"Spata20",0,0,0,0,0,0,0,0,0
"Xylt2",118,352,93,75,101,64,83,84,112
"Gm11545",17,10,10,19,13,15,11,20,26
"Ppp1r9b",296,354,357,324,509,420,482,380,476
"Samd14",0,0,0,0,5,1,0,0,4
"Kat7",133,185,82,112,108,73,100,144,114
"Prr15l",0,0,0,0,0,0,0,0,0
"Scrn2",20,13,15,10,5,11,5,9,11
"Gpr179",0,0,0,0,0,0,0,0,0
"Cisd3",22,40,24,24,48,41,47,57,31
"Arl5c",79,120,71,83,118,160,154,116,131
"Stac2",0,3,0,0,0,0,0,0,0
"Nr1d1",8,41,12,12,13,16,1,2,11
"Tns4",6,11,6,8,23,26,13,22,25
"Klhl11",3,12,1,8,10,0,1,8,8
"Plekhh3",13,20,20,11,12,41,22,15,24
"Rundc1",71,103,65,28,45,74,65,47,55
"Tmem106a",230,275,202,284,316,453,404,296,434
"Dhx8",42,76,39,41,65,82,42,49,82
"Pyy",0,0,0,0,0,0,0,0,0
"Nags",0,0,0,0,0,0,0,0,0
"Hrob",0,0,0,21,7,9,0,6,5
"Asb16",0,0,0,0,0,0,0,0,0
"Atxn7l3",119,207,99,77,146,159,136,122,146
"Fam171a2",0,1,0,0,0,0,0,1,0
"Cdc27",52,111,34,55,39,27,35,47,39
"Abca8a",0,0,0,0,0,0,0,0,0
"Abca9",57,46,64,250,436,172,324,262,328
"Abca5",0,0,3,5,0,0,0,0,5
"BC006965",0,0,0,0,0,0,0,0,0
"Gpr142",0,0,0,0,0,0,0,0,0
"Cd300a",77,497,93,154,353,238,225,166,249
"Cd300lb",4,1,0,0,1,1,4,1,6
"Cd300ld",12,21,10,9,11,6,7,3,8
"Cd300e",5,22,0,5,3,4,0,1,2
"Hid1",1,2,0,5,0,0,3,0,0
"Slc16a5",0,0,0,0,0,0,0,0,0
"Llgl2",11,23,25,4,7,4,19,15,16
"Myo15b",0,0,0,0,0,0,0,1,5
"Unk",127,155,98,152,217,214,204,195,215
"Trim47",130,246,301,176,245,415,287,274,398
"Fbf1",30,24,26,27,34,17,41,37,39
"Srp68",129,236,109,89,91,153,118,105,144
"Rnf157",8,10,16,20,40,76,19,30,19
"Qrich2",0,2,4,6,11,2,6,9,9
"Ube2o",34,55,25,38,43,42,44,32,35
"Rhbdf2",99,222,61,44,61,104,62,51,84
"Tnrc6c",111,183,175,129,247,113,181,174,203
"Tmc6",156,227,182,145,312,241,265,164,229
"Tmc8",7,14,10,0,10,11,8,6,16
"Engase",54,58,43,86,87,74,80,50,120
"Nploc4",87,146,60,40,61,80,70,86,82
"Lrrc45",73,119,76,179,253,263,243,166,230
"Uts2r",0,0,0,0,0,0,0,0,0
"Cybc1",233,254,256,288,398,457,320,267,363
"Rab40b",0,0,0,0,0,0,0,0,0
"Dnajc27",20,30,8,7,11,23,9,10,4
"Ubxn2a",57,90,28,28,30,16,34,53,54
"Trib2",0,0,0,0,0,0,0,0,0
"Inmt",0,0,0,0,0,0,0,0,0
"Slc66a3",30,66,62,13,23,11,25,10,15
"Nol10",82,109,26,26,38,31,42,27,16
"Adad1",0,0,0,1,0,0,0,0,0
"Trappc12",66,110,56,116,161,153,148,107,139
"Tep1",238,579,364,410,662,632,626,511,753
"Snx13",97,160,79,115,190,109,151,141,138
"Ankmy2",24,37,18,22,36,35,20,29,61
"Terc",0,0,0,0,0,1,6,0,2
"Dgkb",0,0,0,0,0,0,0,2,0
"Terf1",52,63,37,26,28,33,28,40,49
"Terf2",134,186,97,86,196,174,179,145,142
"Stxbp6",0,1,0,0,0,0,0,0,0
"Tert",0,0,0,0,0,0,0,0,0
"Tes",161,314,64,53,109,121,126,61,80
"Gm1818",2,3,1,0,2,0,1,1,1
"Tesk1",299,611,152,297,403,360,320,305,301
"Prss39",0,1,0,2,0,0,0,0,0
"G2e3",36,51,18,46,35,28,40,53,43
"Prss40",0,0,0,0,0,0,0,0,0
"Baz1a",262,347,184,206,229,187,265,273,240
"Mbip",41,95,46,35,69,62,50,55,58
"Slc25a21",0,1,0,0,0,0,0,0,0
"Morf4l1",162,245,130,65,112,71,86,77,91
"217615",292,380,288,302,492,493,466,376,471
"Psmd2",118,235,112,88,76,126,125,93,97
"Tex2",17,9,13,16,15,40,36,21,13
"Gm527",0,0,0,1,2,1,0,0,0
"Mis18bp1",7,30,3,13,6,5,8,14,10
"Tex261",502,870,412,511,798,726,708,692,654
"Mgat2",184,197,153,129,193,219,209,168,154
"L2hgdh",7,15,7,8,10,6,10,13,7
"Tex264",136,312,158,167,215,232,181,151,179
"Gphb5",0,0,0,0,0,0,0,0,0
"Plekhd1",0,0,4,0,0,0,0,0,0
"Susd6",283,502,167,220,362,330,342,382,407
"Zfand3",157,232,126,121,209,226,212,148,198
"Sipa1l1",48,161,93,157,192,198,214,175,167
"Zfyve1",25,68,39,49,66,52,54,40,88
"Acot5",0,0,0,0,0,0,0,0,0
"Ppp2r5d",45,75,40,53,56,63,58,49,68
"Acot6",1,2,2,2,5,0,1,0,0
"Fam161b",0,0,1,1,0,2,2,0,0
"Coq6",39,103,60,39,44,87,51,55,69
"Lin52",16,31,26,12,17,16,23,25,16
"Utp4",96,168,69,41,31,41,45,65,27
"Eif2b2",158,224,144,55,87,111,111,109,105
"Mlh3",21,11,27,17,18,27,18,16,24
"Nek9",168,314,155,106,206,206,204,159,166
"Flvcr2",2,0,0,0,0,0,0,0,0
"Cipc",32,62,19,27,38,27,33,27,38
"Tmem63c",0,0,0,0,0,0,0,0,0
"Pomt2",31,41,28,44,39,38,52,35,37
"Ahsa1",89,119,65,62,58,67,75,65,74
"Ism2",0,0,0,0,0,0,0,0,0
"Lysmd1",9,11,3,13,9,23,18,12,25
"Tex9",7,19,5,13,8,11,5,10,28
"Tfam",139,163,74,46,89,79,108,74,81
"Tfdp1",0,0,0,0,1,0,1,1,0
"Kcnk13",182,221,162,123,221,207,192,196,193
"Nrde2",50,92,57,52,72,48,63,61,99
"Dglucy",12,15,12,64,76,88,62,65,87
"Rin3",121,159,131,78,207,151,171,111,178
"Itpk1",60,72,74,56,103,81,85,97,114
"Tff1",0,0,0,0,0,0,0,0,0
"Unc79",3,0,0,0,2,0,1,0,1
"Ifi27l2b",0,0,1,0,0,0,0,0,0
"Serpina10",0,0,0,0,0,0,0,0,0
"Tff2",0,0,0,0,0,0,0,0,0
"Tff3",0,0,0,0,0,2,0,17,1
"Rcor1",61,94,37,67,68,38,79,87,99
"Cdc42bpb",130,173,128,114,158,161,159,136,185
"Eif5",770,1240,493,286,367,375,368,438,481
"Tfg",166,207,100,118,126,190,154,134,125
"Rd3l",0,0,0,0,0,0,0,0,0
"Tfpi",121,139,90,128,149,79,131,136,141
"Cep170b",2,12,8,1,0,4,0,0,1
"Clba1",11,28,14,5,15,13,9,13,6
"Tfpi2",0,0,0,0,0,0,0,0,0
"Pacs2",140,169,174,145,264,254,200,165,232
"Dync2i1",27,52,19,21,21,20,27,19,26
"Rapgef5",34,68,19,55,84,21,62,97,101
"Cdca7l",2,8,1,9,2,8,4,10,7
"Tmem196",0,0,0,0,0,0,0,0,0
"Larp4b",299,514,216,192,284,137,168,242,233
"Heatr1",307,311,197,183,210,258,279,204,224
"Tgfa",6,5,19,32,33,19,23,27,42
"Tgfb1",121,141,142,129,135,98,90,155,167
"Pou6f2",0,0,0,0,0,0,0,0,0
"Vps41",92,116,73,106,150,139,124,124,171
"Amph",0,1,0,0,0,0,1,0,0
"Tgfb1i1",4,0,0,8,11,11,4,10,7
"Or2b6",0,0,0,0,0,0,0,0,0
"Tsc22d1",18,69,36,7,29,35,9,13,11
"Tgfb2",2,5,8,2,0,1,3,1,0
"Tgfb3",2,0,0,1,1,0,1,1,0
"Tgfbi",3283,6976,1453,415,789,1037,1391,920,944
"Zfp322a",36,40,24,34,31,13,22,47,30
"Slc17a2",0,0,0,0,0,0,0,0,0
"Tgfbr1",1309,1988,2098,2011,3582,3124,3438,2976,3369
"Mboat1",2,2,0,1,1,5,0,1,1
"Tgfbr2",307,492,279,759,955,1057,906,963,835
"Gmds",33,37,24,29,27,33,21,37,29
"Tgfbr3",0,2,0,0,0,0,0,0,0
"Tgif1",239,586,217,95,140,150,116,156,190
"Tgm1",6,0,11,3,15,2,9,4,12
"Ofcc1",0,0,0,0,0,0,0,0,0
"Tgm2",608,651,299,331,341,647,480,369,474
"Tgm3",0,1,1,0,0,0,0,0,0
"Tg",2,13,10,1,0,0,4,1,5
"Phactr1",21,23,17,8,12,19,15,12,14
"Mylip",238,359,208,290,360,370,416,393,399
"Ift88",37,41,19,17,29,33,19,11,11
"Nup153",46,101,20,38,46,22,24,48,62
"Kdm1b",17,21,14,25,36,19,30,30,34
"Rnf144b",9,9,22,11,34,26,25,26,23
"Tgtp1",0,0,0,0,0,0,1,0,0
"Th",0,0,0,1,0,0,0,0,0
"Ptpdc1",17,35,11,15,38,10,23,19,22
"Fam120a",214,285,171,149,228,155,166,195,202
"Thbd",0,0,0,0,0,0,0,0,0
"218244",0,0,0,0,0,0,0,0,0
"Thbs1",9,6,9,7,13,12,8,16,5
"Thbs2",1,5,0,0,0,4,0,1,9
"Eif4e1b",0,0,0,0,0,0,0,0,0
"Thbs3",6,2,1,2,3,0,1,2,3
"B4galt7",6,1,11,4,4,3,13,9,4
"BC051665",0,0,0,0,0,0,0,0,0
"Thbs4",0,0,0,0,0,0,0,0,0
"Cdc14b",48,106,51,10,20,21,32,16,16
"Spmap2",0,0,0,0,0,0,0,0,0
"Prss47",1,0,0,0,0,0,0,0,0
"Zfp455",10,14,8,15,12,3,6,11,10
"Zfp595",8,36,15,12,15,8,13,20,15
"Thpo",0,0,0,0,0,0,0,0,0
"Thra",14,24,23,15,14,18,16,17,22
"Ice1",106,359,143,71,106,90,109,100,101
"Clptm1l",232,332,175,199,399,424,417,296,367
"Thrb",0,5,1,3,1,0,2,1,4
"Rfesd",20,35,34,18,30,56,38,27,44
"Skic3",5,9,5,8,0,5,7,2,1
"Thrsp",21,15,21,115,230,135,111,129,196
"Thy1",4,8,1,1,0,7,36,17,6
"Rasa1",92,139,77,100,87,39,101,112,131
"Tia1",184,301,138,237,261,207,200,228,234
"Tial1",240,305,212,275,406,259,325,288,369
"Tiam1",9,10,0,11,4,9,3,3,7
"Ankrd34b",0,0,0,0,0,0,0,0,0
"Zfyve16",18,48,10,15,22,18,27,32,14
"Serinc5",22,23,18,6,21,13,14,16,20
"Lhfpl2",64,173,87,286,259,362,182,296,342
"Tie1",0,0,0,0,0,0,0,0,0
"Wdr41",101,189,99,82,108,107,136,109,119
"Pde8b",7,36,20,51,58,54,51,46,86
"Klf10",50,42,102,70,86,68,25,85,147
"Gcnt4",0,0,0,0,0,0,0,0,0
"Trim24",48,93,44,61,50,58,50,79,85
"Trim28",328,399,223,193,350,485,365,285,316
"Btf3",61,78,52,31,20,34,28,23,20
"Fcho2",78,103,82,114,80,38,78,105,71
"Mrps27",69,90,40,38,43,67,41,33,37
"Marveld2",15,14,23,15,27,27,17,25,33
"Timeless",34,38,28,140,70,198,67,159,137
"Timm17a",125,234,74,58,48,82,75,108,76
"Srek1",234,428,182,117,122,123,151,163,148
"Sgtb",3,3,0,1,2,1,4,2,1
"Timm17b",89,64,65,68,120,158,118,90,208
"Timm44",102,152,104,83,68,74,103,92,86
"Timp1",3,6,12,1,1,4,2,1,1
"Timp2",997,1525,1124,1605,2288,2055,1737,1925,2349
"Depdc1b",0,0,0,0,1,0,0,1,0
"Timp3",0,1,0,0,0,0,0,0,0
"Mier3",45,79,28,33,29,21,35,42,49
"Il31ra",0,0,0,0,0,0,0,0,0
"Dhx29",16,44,10,19,24,8,34,19,27
"Ccno",10,17,2,1,0,0,0,1,0
"Arl15",49,70,63,6,26,8,20,30,28
"Nkx2-1",0,0,0,0,0,0,0,0,0
"Paip1",27,30,8,22,27,13,11,32,22
"Gm10044",0,0,0,0,0,0,0,0,0
"Pxk",86,121,63,121,214,170,213,135,208
"Atp6v0a2",73,106,77,189,239,173,194,216,229
"Tjp1",31,42,41,83,78,60,73,72,91
"Tjp2",29,52,36,37,115,79,104,76,60
"Cep15",3,11,2,28,28,23,8,24,11
"Sntn",0,0,0,0,0,0,0,0,2
"Slc4a7",106,162,56,66,94,32,82,94,61
"Lrrc3b",0,0,0,0,0,0,0,0,0
"Tk1",2,3,0,64,36,56,12,47,50
"Rarb",0,1,0,0,0,0,0,1,0
"Ube2e2",13,22,2,3,2,1,1,5,1
"Tkt",498,682,418,384,548,546,450,422,530
"Sec24c",104,207,127,107,180,165,194,99,228
"Zfp503",3,5,8,1,2,3,1,5,1
"Polr3a",72,122,47,43,51,44,58,54,39
"Fabp9",0,0,0,0,0,0,0,0,0
"Tle1",8,6,2,10,12,11,11,10,5
"Tasor",62,55,37,62,84,30,60,54,73
"Tle2",4,17,2,41,65,56,32,25,70
"Chdh",8,5,2,2,4,1,1,5,2
"Tle3",106,122,185,143,158,143,109,131,170
"Sema3g",0,0,0,0,0,0,0,0,0
"Tle4",72,148,74,66,112,102,111,113,91
"Oxnad1",25,7,10,6,19,20,11,9,13
"Wapl",56,87,35,70,58,48,82,74,52
"Tll1",0,0,0,0,0,0,0,0,0
"4930474N05Rik",0,0,0,0,0,0,0,0,0
"Tln1",914,1206,1022,798,1410,1252,1270,954,1264
"Fermt2",0,4,1,0,0,0,3,2,0
"Ubb-ps",106,124,92,71,72,92,64,72,75
"Tlr1",399,1054,170,175,358,374,320,247,258
"Wdhd1",20,70,15,56,70,64,21,88,27
"Mapk1ip1l",61,129,56,26,20,28,32,28,36
"Dlgap5",1,13,1,29,6,9,5,10,15
"Tlr4",80,67,39,126,106,79,82,122,104
"Tmem260",45,47,52,65,102,112,46,58,87
"Tlr6",97,192,67,44,68,37,73,70,74
"218993",0,0,0,0,0,0,0,0,0
"Or11g27",0,0,0,0,0,0,0,0,0
"Ttc5",15,46,10,11,20,28,25,18,25
"Pip4p1",397,588,406,582,850,854,543,692,876
"Eddm3b",0,0,0,0,0,0,0,0,0
"Ang4",0,0,0,0,0,0,0,0,0
"Tppp2",0,0,0,0,0,0,0,0,0
"Otop1",0,3,0,0,0,0,0,0,0
"Trav13-5",0,0,0,0,0,0,0,0,0
"Nr2e1",0,0,0,0,0,0,0,0,0
"Haus4",50,56,73,69,55,107,51,59,52
"Tlx1",0,0,0,0,0,0,0,0,0
"Tlx2",0,0,0,0,0,0,0,0,0
"Khnyn",20,20,5,25,22,17,33,20,20
"Cpap",33,22,14,33,44,19,15,26,28
"Zmym5",100,130,95,87,125,82,79,140,94
"Ska3",0,11,1,6,0,5,0,1,5
"Tspan7",197,199,184,380,531,484,286,311,556
"Phf11a",8,21,43,61,39,37,18,31,64
"Phf11d",142,301,134,169,130,169,100,116,191
"Shisa2",0,1,0,0,0,0,0,0,1
"Mtmr6",127,148,127,168,253,139,207,225,192
"Spata13",499,1061,362,223,520,455,373,376,458
"Arl11",80,119,81,79,229,175,177,119,201
"Fam167a",0,1,2,2,0,1,1,1,3
"Xkr6",0,0,0,0,0,0,1,0,0
"Dtymk",90,122,73,93,95,106,88,100,77
"Hmbox1",7,16,12,3,3,0,4,10,7
"Scara3",0,0,0,0,0,0,0,0,0
"Ccar2",6,21,9,17,13,18,15,17,11
"Tmod1",24,48,91,28,39,30,13,12,26
"Tmpo",92,96,67,293,150,276,159,233,203
"Fam216b",0,0,0,0,0,0,0,0,0
"Akap11",82,120,59,71,70,74,78,70,46
"Vwa8",32,52,42,34,64,33,29,46,57
"Clec3b",0,0,1,0,0,0,0,0,0
"Pcdh17",0,2,3,1,1,0,0,1,0
"Tnc",0,0,0,0,1,0,1,0,1
"Tnnc1",1,8,0,0,3,0,0,0,0
"Tdrd3",69,81,40,33,50,51,50,34,44
"Tnnc2",0,0,0,0,0,0,0,3,1
"Pcdh20",0,0,0,0,0,0,0,0,0
"Tnf",1853,6763,894,258,182,527,536,502,653
"Tnfaip1",218,279,231,188,299,255,201,277,270
"Tnfaip2",357,504,133,49,50,74,106,100,48
"Tnfaip3",841,2477,266,88,134,131,202,195,128
"Tnfaip6",0,0,0,0,0,0,0,0,0
"Tnfrsf10b",5,2,2,4,2,1,0,0,0
"Tnfrsf11a",131,271,144,171,307,158,224,245,245
"Tnfrsf17",2,2,0,12,23,8,11,20,11
"Tnfrsf18",0,4,0,0,0,1,18,6,3
"Tnfrsf1a",760,1048,714,680,895,887,1000,735,884
"Tnfrsf1b",454,835,451,309,688,524,561,467,627
"Cd40",93,62,15,16,10,62,6,18,51
"Cd27",0,0,0,0,0,0,1,0,0
"Tnfrsf8",0,2,1,0,0,0,0,0,0
"Tnfrsf9",6,4,4,0,0,0,3,2,0
"Tnfsf11",0,0,0,0,0,0,0,0,0
"Tnfsf12",163,226,287,168,341,284,322,192,292
"Dedd",54,80,56,93,77,134,47,84,78
"Pglyrp1",21,1,8,1,0,2,2,2,0
"Cd40lg",0,0,0,0,0,0,0,0,0
"Cd70",0,0,0,0,0,0,0,0,0
"Tnfsf8",4,9,3,7,6,5,1,6,3
"Tnfsf9",107,292,44,17,25,52,25,38,23
"Tnks",45,79,26,35,46,17,38,26,58
"Tnni1",1,0,0,0,0,0,0,0,0
"Tnni2",26,59,41,35,47,41,24,47,79
"Tnni3",27,52,51,62,39,51,28,96,101
"Tnnt1",21,59,7,12,23,22,15,30,27
"Tnnt2",0,8,0,0,0,0,0,0,0
"Tnnt3",1,2,6,0,0,0,0,1,1
"Tnp1",0,0,0,0,0,0,0,0,0
"Tnp2",0,0,0,0,0,0,0,0,0
"Tnr",0,0,0,0,0,0,0,0,0
"Tns1",558,839,504,235,431,242,291,253,345
"Tom1",3,4,0,1,6,0,1,2,2
"Top1",121,152,54,94,128,92,152,133,108
"Top2a",5,10,1,121,33,56,24,18,46
"Top2b",88,108,64,74,107,65,105,97,88
"Top3a",48,109,30,53,60,76,41,37,48
"Top3b",66,118,77,52,134,113,104,96,153
"Ppp1r13b",45,25,31,78,107,76,81,73,129
"Tmem165",154,189,119,113,132,162,118,125,140
"Tpbg",2,0,0,1,0,0,0,1,0
"Tpbpa",0,0,0,0,0,0,0,0,0
"Tpd52",348,411,322,231,365,322,275,338,393
"Tpd52l1",1,0,0,0,0,0,0,0,1
"Tph1",0,0,0,0,0,0,0,0,0
"Tpi1",132,142,127,150,227,240,187,187,237
"Tpm1",33,47,33,23,55,45,52,47,45
"Tpm2",14,11,12,5,10,11,6,13,10
"Tpmt",4,6,3,18,17,10,10,11,20
"Tpo",0,0,0,0,0,0,0,0,0
"Tpp2",114,184,112,170,154,143,156,170,184
"Tpst1",79,106,93,98,86,144,73,82,90
"Tpst2",350,311,361,471,978,1054,692,526,894
"Crisp2",0,0,0,0,0,0,0,0,0
"Nr2c1",45,47,31,29,47,20,33,42,58
"Nr2c2",68,98,87,82,185,96,106,109,132
"Hsp90b1",983,943,743,2230,2300,2570,2083,2274,1983
"Traf1",52,151,6,2,0,3,2,8,4
"Traf2",139,261,80,93,79,92,127,131,90
"Traf3",74,204,63,56,80,153,111,89,55
"Traf4",5,1,3,0,0,0,2,3,3
"Traf5",44,60,60,58,138,91,123,81,122
"Traf6",34,81,34,31,17,27,38,48,31
"Tnfsf10",18,32,3,47,28,46,26,15,30
"Traip",10,21,10,22,11,21,5,11,19
"Trap1a",0,0,0,1,17,0,0,0,0
"Plscr1",18,48,8,1,2,3,2,4,1
"Trex1",1258,1925,1211,923,725,785,543,919,1053
"Trf",2096,2102,2055,3571,5423,4423,4009,3860,5601
"Tfrc",58,38,14,16,12,11,29,35,17
"Trh",0,0,0,0,0,0,0,0,0
"Trhr",0,0,0,0,0,0,0,0,0
"Trip6",113,366,221,165,169,294,139,170,225
"Tob1",5,8,4,2,9,6,6,2,11
"Trp53",45,46,45,34,61,74,55,57,65
"Trp63",0,0,0,0,0,0,0,0,1
"Trp73",0,0,0,0,0,3,0,0,0
"Trpc1",0,4,2,0,0,0,0,3,0
"Trpc2",0,3,1,0,0,4,5,0,1
"Trpc3",0,0,0,0,0,0,0,0,0
"Trpc4",8,4,9,0,8,0,6,2,4
"Trpc5",0,0,0,0,0,0,0,0,0
"Trpc6",0,0,0,0,0,0,0,0,0
"Tpt1",3182,4184,2995,2200,5170,3887,3825,2471,4697
"Prss2",0,0,0,0,0,0,0,0,0
"Prss3",0,0,0,0,0,0,0,0,0
"Try4",0,0,0,0,0,0,0,0,0
"Ctr9",69,91,55,50,63,65,89,77,90
"Tsc2",118,151,103,82,165,163,141,136,149
"Tsg101",164,234,136,144,213,262,224,211,258
"Rsph1",0,0,0,0,0,1,0,0,0
"Tshb",0,0,0,0,0,0,0,0,0
"Tshr",0,0,0,0,0,0,0,0,0
"Tsix",0,6,2,5,6,0,2,2,5
"Tsn",625,990,460,370,555,401,534,644,496
"Tspy-ps",0,0,0,0,0,0,0,0,0
"Tspyl1",33,55,33,28,58,21,56,44,33
"Phlda2",0,0,0,0,0,0,0,0,0
"Tssk1",0,0,0,0,0,0,0,0,0
"Tssk2",0,0,0,0,0,0,0,0,0
"Tsks",0,0,0,0,0,0,0,0,0
"Tst",0,0,0,0,0,1,1,0,1
"Rpl13a",3802,4035,3152,2866,5350,3914,4029,3603,5330
"Gfus",148,213,137,118,159,133,101,148,141
"Psmd3",449,798,378,200,207,229,270,227,304
"Tsx",2,2,2,2,0,0,0,0,7
"Ttc3",31,37,18,48,52,24,67,45,60
"Ttf1",78,121,64,106,82,93,97,129,96
"Tgoln1",344,456,219,231,247,215,214,256,222
"Ttk",0,1,0,10,4,7,3,4,14
"Ttn",0,3,0,0,0,0,0,0,0
"Ttr",265,127,52,21,199,155,69,286,139
"Tub",0,2,0,0,0,0,0,0,0
"Tuba1a",261,248,421,729,1051,968,858,1133,1148
"Tuba1b",1097,1040,785,1848,1111,2366,1573,1901,1834
"Tuba3a",0,0,0,0,0,0,0,0,0
"Tuba4a",26,11,29,39,39,42,29,60,35
"Tuba1c",489,939,297,124,143,195,214,181,203
"Tuba3b",0,0,0,0,0,0,0,0,0
"Tubb2a",84,133,132,217,274,356,293,266,254
"Tubb3",3,3,0,1,1,6,1,0,0
"Tubb4a",0,3,1,1,0,0,0,1,1
"Tubb5",798,656,622,1026,1162,1793,1053,1048,1313
"Tuft1",17,35,13,10,9,24,19,5,14
"Tulp1",3,9,1,0,0,0,0,0,0
"Tulp3",18,24,8,9,8,27,14,22,16
"Twist1",0,0,0,0,0,0,0,3,0
"Tnfrsf4",22,42,12,11,36,9,40,18,39
"Tnfsf4",0,0,0,0,0,1,0,0,0
"Txk",0,1,0,3,0,0,0,0,0
"Txn1",361,361,186,178,205,227,225,235,200
"Cmpk2",60,231,23,70,16,33,16,38,37
"Tyms",29,34,31,83,69,73,43,46,63
"Tyms-ps",0,1,1,0,0,2,0,0,2
"Tyr",0,0,0,0,0,0,0,0,0
"Tyro3",1,2,3,3,0,1,0,0,0
"Tyrobp",5778,5078,5871,6945,9462,7557,9416,7356,9905
"Tyrp1",0,0,0,0,0,0,0,0,0
"Zrsr2-ps1",21,37,16,13,35,26,14,49,29
"Zrsr2",177,381,145,176,208,143,229,185,204
"U2af2",186,310,151,123,308,235,273,182,252
"Uba52",1407,1619,1472,1075,1271,613,773,1158,1446
"Ubb",787,853,798,396,376,546,345,462,541
"Ubc",2414,3144,2509,1867,3009,3519,3039,2978,4577
"Ube2m",275,348,202,147,184,246,175,219,239
"Ube2e3",84,131,76,84,115,114,80,105,130
"Ube2e1",90,157,78,77,85,72,94,118,114
"Ube2l3",287,335,230,284,380,327,235,342,355
"Ube2i",41,56,15,10,25,13,34,19,37
"Uba3",40,88,49,41,50,24,37,65,56
"Uba1",293,465,235,308,290,255,292,264,288
"Uba1y",0,0,0,0,0,0,0,0,0
"Ube2a",176,271,191,159,237,272,278,248,258
"Ube2b",124,166,119,165,286,238,201,219,259
"Ube2g2",165,198,182,118,199,186,171,152,211
"Ube2h",78,83,120,105,274,232,136,138,217
"Ube3a",184,387,113,145,132,59,129,154,144
"Usp12",15,26,20,43,51,14,38,40,37
"Sumo1",45,79,48,73,69,66,50,59,76
"Ubp1",666,956,539,216,380,379,272,300,369
"Ubr1",70,153,58,63,72,27,40,58,66
"Uchl1",8,19,7,1,5,3,4,4,0
"Usp10",169,225,107,94,101,151,155,148,111
"Usp5",157,245,119,148,151,159,143,159,176
"Ucn",0,0,0,0,0,0,0,0,0
"Ucp1",5,3,4,2,2,4,5,3,9
"Ucp2",1914,1786,2261,615,1355,914,1101,868,1458
"Ucp3",0,2,0,0,0,0,0,0,4
"Ufd1",236,324,190,90,177,179,177,145,221
"Slc35a2",24,54,39,49,56,68,41,42,54
"Ugcg",344,304,183,104,160,64,122,140,148
"Ugdh",45,69,21,30,71,55,40,53,44
"Ugt1a2",0,0,0,0,0,0,0,0,0
"Ugt2b5",0,0,0,0,0,0,0,0,0
"Ugt8a",0,0,0,0,0,0,0,0,0
"Dpysl3",1,0,0,0,0,0,0,0,0
"Ulk1",40,77,90,58,133,104,65,77,135
"Umod",0,0,0,0,0,0,0,0,0
"Uck1",65,128,104,63,100,117,82,64,66
"Umps",120,168,70,101,115,138,124,110,163
"Unc119",2,7,5,2,3,16,6,5,5
"Unc13b",25,51,30,35,54,63,47,39,41
"Unc5c",0,3,1,1,0,1,0,0,0
"Uncx",0,0,0,0,0,0,0,0,0
"Ung",5,9,9,21,18,59,15,3,19
"Usp4",148,347,170,140,199,215,255,210,215
"Nr1h3",5,1,0,13,19,18,8,14,5
"Nr1h2",291,464,325,194,239,249,187,233,273
"Uox",0,0,0,0,0,0,0,0,0
"Prap1",0,0,0,0,0,0,0,0,0
"Upk1b",18,28,27,36,29,32,13,46,25
"Upk2",0,0,0,0,0,0,0,0,0
"Upk3a",0,0,0,0,0,0,0,0,0
"Upp1",9,0,3,0,0,0,0,2,0
"Uqcrq",887,841,800,565,823,712,802,766,847
"Uqcrc1",375,439,334,312,209,167,223,310,265
"Urod",49,82,72,63,112,65,71,60,88
"Uros",19,7,17,39,67,71,60,70,113
"Usf1",13,30,26,14,26,44,30,23,45
"Usf2",295,467,403,432,740,715,572,538,679
"Ush2a",0,0,0,0,0,0,0,0,0
"Usp9x",17,34,21,20,27,7,22,28,12
"Utf1",1,1,0,0,0,0,0,0,0
"Scgb1a1",0,0,0,0,0,0,0,0,0
"Utrn",9,9,12,9,11,7,7,15,6
"Kdm6a",36,25,32,58,84,19,57,50,62
"Uty",0,0,0,0,0,0,0,0,0
"Slc45a2",0,0,0,0,0,0,0,0,0
"Uxt",43,45,27,20,32,18,27,32,13
"Cdh23",15,21,26,45,49,89,51,48,55
"Vmn1r51",0,0,0,0,0,0,0,0,0
"Vmn1r45",0,0,0,0,0,0,0,0,0
"Vmn2r89",0,0,0,0,0,0,0,0,0
"Vmn2r37",0,0,0,0,0,0,0,0,0
"Vmn2r30",0,1,0,0,0,0,0,0,0
"Vmn2r10",0,0,0,0,0,0,0,0,0
"Vmn2r122",0,0,0,0,0,0,0,0,0
"Vmn2r42",0,0,0,0,0,0,0,0,0
"Vmn2r32",0,0,0,0,0,0,0,0,0
"Vmn2r107",0,0,0,0,0,0,0,0,0
"Vmn2r104",0,0,0,0,0,0,0,0,0
"Vmn2r129",0,0,0,0,0,0,0,0,0
"Vamp1",22,34,7,28,37,24,32,12,20
"Vamp2",168,316,149,112,92,98,104,121,158
"Vamp3",168,244,179,162,151,164,142,178,190
"Vamp8",693,922,718,633,606,763,591,681,732
"Vars1",574,717,600,515,347,431,372,402,370
"Sox21",0,0,0,0,0,0,0,0,0
"Vasp",636,1396,319,310,355,460,454,451,425
"Vav1",1652,3088,1050,949,965,871,1064,966,1001
"Vav2",0,5,0,11,0,1,2,4,0
"Farp1",17,21,20,16,27,19,6,17,18
"Stk24",102,173,127,77,134,126,150,102,131
"Vax1",11,12,5,6,0,0,0,1,0
"Timm8a2",2,4,1,0,2,2,0,0,0
"Ggact",1,3,5,0,4,0,4,6,7
"Vbp1",73,126,46,43,54,47,52,52,82
"Itgbl1",0,0,0,2,0,0,0,0,0
"Vcam1",160,220,38,65,28,57,37,51,53
"Vcl",20,32,8,7,14,6,1,14,13
"Vdac1",160,244,156,173,198,264,217,197,226
"Ranbp3l",1,0,0,8,5,3,0,2,0
"Ugt3a1",0,0,0,0,0,0,0,0,0
"Vdac2",661,830,512,488,692,761,626,619,703
"Vdac3",109,152,71,67,74,72,70,102,86
"Vdr",0,5,4,1,0,1,0,0,0
"Vegfa",0,2,4,0,0,5,0,2,5
"Vegfb",93,183,135,264,287,316,208,234,333
"Vegfc",0,0,0,0,0,0,0,0,0
"9230109A22Rik",0,0,0,0,0,0,0,0,0
"Lin7b",0,3,0,6,2,3,6,4,20
"Lin7c",102,182,95,48,79,57,48,77,72
"Tiaf2",0,0,0,0,0,0,0,0,0
"Otulinl",297,189,342,930,1146,986,1087,1093,1295
"Trio",182,291,183,197,461,306,390,358,391
"Vezf1",106,167,65,95,156,95,123,142,120
"Dap",57,75,72,95,162,179,161,109,183
"Marchf6",100,136,127,107,146,110,118,128,124
"Vhl",134,255,128,140,185,218,161,140,168
"Nipal2",0,0,0,0,0,0,0,0,0
"Slc32a1",0,0,2,2,0,0,0,1,0
"Vil1",0,0,0,0,0,0,0,2,0
"Dcaf13",189,293,131,98,106,98,111,163,121
"Ezr",66,78,67,22,49,28,38,34,43
"Vill",2,14,2,12,13,12,8,25,12
"Abra",0,0,0,0,0,0,0,0,0
"Vim",138,225,156,30,42,74,78,67,62
"Eny2",61,69,39,24,28,25,46,33,40
"Vip",0,0,0,0,0,0,0,0,0
"Vipr1",3,3,8,10,18,32,34,19,21
"Vipr2",0,0,1,0,0,0,0,0,0
"Vldlr",0,2,1,0,0,0,0,0,0
"Washc5",64,132,84,63,79,96,83,73,101
"Nrsn1",2,7,0,0,2,1,0,0,1
"Cyrib",713,1006,490,432,589,586,567,541,531
"Kcnk9",0,0,0,0,0,0,0,0,0
"Vnn1",0,0,0,0,0,0,0,0,0
"Vpreb1a",0,1,0,0,0,1,3,0,3
"Them6",4,9,8,7,11,12,17,10,13
"Vpreb1b",0,0,0,0,0,0,0,0,0
"Ly6g2",0,0,0,0,0,0,0,0,0
"Vpreb3",0,0,0,0,0,0,0,0,0
"Zc3h3",31,43,38,38,52,46,34,37,56
"Mroh6",0,0,0,0,0,0,0,1,0
"Naprt",12,7,27,51,101,103,48,87,112
"Ccdc166",19,52,20,19,32,36,25,13,17
"Nrbp2",0,1,2,2,2,0,2,0,2
"Vps45",43,52,23,49,54,59,59,41,55
"Eppk1",0,0,0,0,0,0,0,0,0
"Mroh1",147,252,172,254,376,344,379,253,420
"Lrrc14",46,69,39,24,49,72,72,37,52
"C030006K11Rik",63,62,53,30,43,38,40,21,42
"Arhgap39",182,220,259,211,262,163,229,234,338
"Zfp7",13,7,2,2,6,3,3,12,9
"Vrk1",40,72,49,98,127,134,75,113,149
"Apol9a",0,0,0,0,0,0,0,1,0
"Trpv2",78,130,106,121,135,137,138,107,185
"Ankrd54",66,72,49,32,36,41,34,41,47
"Eif3l",387,460,241,186,156,156,190,226,196
"Tmem184b",119,139,120,162,193,293,210,217,165
"Tomm22",146,195,114,122,139,161,123,113,157
"Sun2",523,634,719,422,529,482,307,411,501
"Vtn",3,1,2,0,0,1,0,0,0
"Mrtfa",120,216,150,121,138,174,168,143,143
"Cyp2d34",0,0,0,0,0,0,0,0,0
"Vwf",0,0,2,1,0,2,0,0,1
"Mcat",78,100,59,68,62,77,93,57,103
"Ttll12",41,46,21,30,19,23,32,34,21
"Mpped1",0,1,0,0,0,1,0,0,0
"Wap",0,0,0,0,0,0,0,0,0
"Rtl6",7,24,14,7,32,14,19,17,24
"5031439G07Rik",119,211,135,137,228,167,225,209,229
"Gm4825",0,0,0,0,0,0,0,0,0
"Wars1",171,182,199,103,171,135,166,91,159
"Gramd4",17,11,12,7,21,14,7,18,13
"Cerk",251,347,352,278,404,292,336,323,436
"Tbc1d22a",264,334,301,211,223,225,248,273,312
"Was",240,406,217,198,483,336,451,280,407
"Wbp1",78,69,66,96,179,131,148,131,127
"Brd1",167,290,81,125,157,118,218,215,187
"Zbed4",11,7,9,5,6,9,20,4,8
"Alg12",13,6,4,10,19,42,28,12,23
"Pim3",100,116,79,23,48,43,58,39,63
"Selenoo",82,125,90,66,113,132,132,129,118
"Wbp2",226,521,321,314,551,474,340,290,589
"Adm2",0,0,0,0,0,0,0,0,0
"Fmnl3",290,557,266,383,797,695,613,580,712
"Wbp4",115,119,81,60,99,69,71,69,106
"Smgc",0,0,0,0,0,0,0,0,0
"Tceal9",23,31,25,55,50,70,29,42,42
"Mroh2b",0,0,0,0,0,0,0,0,0
"Gxylt1",127,177,65,83,88,97,98,124,128
"Pphln1",94,140,87,77,79,56,110,80,60
"Adamts20",0,0,0,0,0,0,0,0,0
"Eif4h",552,800,450,366,438,461,373,428,471
"Dbx2",0,0,0,0,0,0,0,0,3
"Baz1b",169,226,115,179,272,284,292,252,294
"Rapgef3",1,1,0,0,0,0,0,1,0
"Senp1",47,72,20,46,42,43,52,83,81
"Wdr1",217,331,162,164,248,387,291,216,249
"Rnd1",22,21,2,0,3,0,1,7,5
"Wee1",1,1,2,31,7,16,4,4,15
"Krt73",0,0,0,0,0,0,0,0,0
"Krt79",0,0,0,0,0,0,0,0,0
"Spryd3",153,212,164,43,106,104,96,82,126
"Soat2",78,36,69,115,180,161,158,196,231
"Aaas",44,94,25,44,36,47,31,34,30
"Atf7",6,12,6,5,9,13,2,10,20
"Gtsf2",0,0,0,0,0,0,0,0,0
"Wfs1",61,77,51,23,73,44,65,34,29
"Rmi2",0,0,0,15,3,3,2,10,4
"Cpped1",83,97,62,54,61,67,70,68,94
"Marf1",29,34,24,37,66,51,78,31,72
"Spidr",13,35,23,29,26,41,43,49,41
"Zmat3",25,49,14,8,24,28,19,15,18
"Fgd4",53,78,47,49,25,18,36,39,39
"Tmem191",6,7,3,13,16,40,18,21,26
"Ccn4",0,0,0,0,0,0,0,0,0
"Pi4ka",89,177,65,91,136,108,89,94,97
"Slc7a4",0,0,0,8,2,5,8,2,5
"Klhl22",84,121,89,75,90,121,78,57,83
"Scarf2",158,452,92,44,71,116,59,66,111
"Ccn5",0,0,0,0,0,0,0,0,0
"Wiz",106,195,77,56,92,134,95,82,120
"Cyp2ab1",0,1,0,0,0,0,0,0,0
"Eif2b5",181,148,124,88,101,99,72,122,111
"Rtp2",0,0,0,0,0,0,0,0,0
"Uts2b",0,0,0,0,0,0,0,0,0
"Atp13a4",0,1,0,0,0,0,0,0,0
"Wnt1",0,0,0,0,0,0,0,0,0
"Atp13a3",80,211,91,83,100,47,71,124,112
"Wnt10a",0,0,0,0,0,0,0,0,0
"Tmem44",6,8,6,164,119,121,51,131,131
"Lsg1",197,280,138,108,121,98,159,101,153
"Fam43a",7,11,6,6,10,6,11,2,17
"Gm536",0,0,0,0,0,0,0,0,0
"Wnt10b",0,0,0,0,0,0,0,0,0
"Pak2",358,379,279,204,370,164,332,294,290
"Nrros",437,561,440,420,773,960,866,580,816
"Wnt11",0,3,0,0,1,0,0,0,1
"Ubxn7",13,18,18,26,18,7,17,11,26
"Muc20",0,0,0,0,0,0,0,0,0
"Wnt9b",0,0,0,0,0,0,0,0,0
"Adcy5",0,2,0,0,0,1,0,0,0
"Wnt2",0,0,0,0,0,0,0,0,0
"Slc49a4",88,84,185,140,190,212,116,141,149
"Golgb1",108,184,87,96,181,111,137,111,165
"Wnt2b",0,0,0,0,0,0,0,0,0
"Poglut1",84,91,48,66,98,67,72,86,83
"Wnt3",1,1,1,1,0,0,0,0,0
"Wnt3a",0,0,0,0,0,0,0,0,0
"Wnt4",0,1,0,0,0,0,2,0,0
"Dzip3",22,17,11,34,19,18,12,30,25
"Cip2a",5,17,1,16,3,3,6,11,8
"Wnt5a",0,0,0,0,0,0,0,0,0
"Gm4827",1,0,0,0,0,0,0,0,0
"Wnt5b",0,4,0,0,0,3,0,1,0
"Wnt6",0,1,0,0,0,0,0,0,0
"Wnt7a",0,0,0,0,0,0,0,0,0
"Wnt7b",0,0,0,1,0,0,0,0,0
"Impg2",1,0,2,6,2,2,0,0,2
"Wnt8b",0,0,0,0,0,0,0,0,0
"Ftdc2",0,0,0,0,0,0,0,0,0
"Cldnd1",130,122,80,172,146,182,121,135,171
"Wrn",19,9,15,10,25,16,16,12,14
"Crybg3",29,53,45,41,39,56,51,59,42
"Dctn6",93,224,128,80,143,176,118,112,151
"Csnk2a2ip",0,0,0,0,0,0,0,0,0
"Wt1",0,0,0,0,0,0,0,0,0
"Speer2",0,0,0,0,0,0,0,0,0
"Xbp1",583,741,681,547,1072,803,1057,682,935
"Rbm11",0,0,0,0,0,0,0,0,0
"Xdh",328,582,121,265,601,757,436,382,737
"Xirp1",0,22,2,1,6,2,4,2,1
"Xk",11,17,1,4,8,8,3,4,9
"Cyyr1",0,0,0,0,0,0,0,0,0
"Xlr",3,3,6,7,3,0,6,1,6
"Map3k7cl",0,0,0,0,0,0,0,0,0
"Scaf4",75,99,20,45,53,50,58,58,49
"Setd4",47,101,43,27,42,21,28,17,29
"Xlr3a",0,0,0,0,2,3,0,0,0
"Zdhhc14",45,64,38,65,102,111,123,62,93
"Xlr3c",1,0,0,0,1,0,0,0,0
"Nox3",0,0,0,0,0,0,0,0,0
"Tfb1m",14,11,10,25,18,24,23,24,18
"4732491K20Rik",2,9,3,4,5,13,6,6,0
"Acat3",3,1,0,0,2,0,1,3,0
"Vmn2r98",0,0,0,0,0,0,0,0,0
"Vmn2r102",0,0,0,0,0,0,0,0,0
"Vmn2r106",0,0,0,0,0,0,0,0,0
"Vmn2r110",0,0,0,0,0,0,0,0,0
"Zfp160",37,32,25,46,33,18,39,52,34
"Zfp758",26,40,9,13,14,6,19,28,14
"Flywch1",8,21,6,9,11,21,12,2,9
"Tbc1d24",43,62,41,56,51,49,78,34,53
"Traf7",199,362,224,152,277,222,211,215,324
"Rab40c",75,102,54,76,96,136,110,109,100
"Bnip1",173,338,144,109,95,118,110,97,122
"Lemd2",300,413,233,193,284,308,337,257,357
"Ilrun",166,214,120,107,169,110,139,123,155
"Bltp3a",167,199,118,151,151,149,144,175,143
"Anks1",62,128,81,102,168,189,210,142,215
"Zfp523",36,31,29,27,66,82,61,45,54
"Slc26a8",0,0,0,0,0,0,0,0,0
"Btbd9",111,180,93,130,184,114,94,124,188
"Slc37a1",6,27,21,2,6,12,7,25,19
"Zfp472",57,102,29,45,43,19,29,59,38
"Zfp81",6,13,7,7,22,4,3,6,6
"Adamts10",81,129,152,68,87,60,121,73,103
"Marchf2",95,188,91,79,141,136,166,120,155
"Vps52",65,94,54,77,116,113,98,78,109
"Bag6",343,401,321,347,431,358,396,317,358
"Abcf1",376,482,236,210,253,226,319,272,209
"H2-M10.4",0,0,0,0,0,0,0,0,0
"H2-M11",0,0,0,0,0,0,0,0,0
"H2-M1",0,0,0,0,0,0,0,0,0
"H2-M10.5",0,0,0,0,0,0,0,0,0
"Trim31",0,0,0,0,0,0,0,0,0
"Adgrf5",0,0,0,0,0,0,0,0,0
"Enpp4",84,155,44,90,46,69,41,82,99
"Clic5",3,1,1,0,0,0,0,1,0
"Aars2",45,58,32,45,64,77,71,53,82
"Tmem63b",106,151,83,70,61,78,130,82,99
"Lrrc73",7,5,1,3,0,7,5,0,2
"Abcc10",39,74,51,45,64,69,41,52,60
"Rrp36",65,91,31,39,38,79,66,89,69
"Pex6",52,56,64,158,144,106,100,122,153
"Ubr2",206,310,190,169,349,256,281,273,283
"Trerf1",1,10,0,1,0,0,0,4,0
"AI661453",2,11,16,1,3,1,2,5,12
"Usp49",2,25,7,14,1,16,3,6,19
"Treml4",3,0,2,4,6,12,9,1,7
"Plcl2",140,307,182,263,321,326,249,342,374
"Mark1-ps1",0,0,0,0,0,0,0,0,0
"Zfp959",29,48,19,13,16,14,18,26,13
"Dpp9",302,414,219,237,256,231,273,232,281
"Safb2",323,473,314,265,388,362,354,349,334
"Safb",146,191,104,81,156,197,185,123,155
"Micos13",337,341,293,312,392,382,341,406,429
"Dus3l",272,550,251,104,171,163,235,174,190
"Crb3",0,0,0,0,0,0,0,0,0
"Vmn2r120",0,0,0,0,0,0,0,0,0
"Pja2",71,122,58,67,84,82,71,88,115
"Dlgap1",3,3,0,4,2,1,1,4,2
"Pcare",0,0,0,0,0,0,0,0,0
"Lclat1",39,45,47,35,70,45,75,42,68
"Fez2",375,411,356,326,503,324,369,336,519
"Srsf7",651,927,433,537,528,562,619,677,712
"Map4k3",51,62,39,58,74,41,45,57,47
"Kcng3",0,0,0,0,0,0,0,0,0
"Ttc7",46,112,43,136,194,183,191,178,162
"Fbxo11",117,175,64,61,73,51,66,97,92
"Gm4832",2,1,0,0,1,0,0,0,0
"Svil",42,38,49,39,61,50,60,45,50
"Wac",51,85,26,56,67,31,68,60,60
"Gjd4",0,0,0,0,0,0,0,0,0
"Thoc1",101,179,69,52,58,54,43,50,59
"Mib1",5,10,2,2,3,12,7,5,5
"Rbbp8",35,46,22,23,33,19,23,21,28
"Ankrd29",0,0,0,0,0,0,1,0,0
"Hrh4",0,0,0,0,0,0,0,0,0
"Zfp521",0,0,0,0,0,1,0,0,0
"Rsl24d1",40,69,22,19,22,25,20,33,16
"Dsg1b",0,0,0,0,0,0,0,0,0
"Gm4836",0,0,0,0,0,0,0,0,0
"Klhl14",0,0,0,0,0,0,0,0,0
"Ino80c",103,162,62,87,96,107,62,94,97
"Rprd1a",2,11,0,6,5,2,8,1,8
"Fhod3",0,0,0,0,0,0,0,0,0
"AW554918",32,42,18,22,22,39,28,30,26
"Pik3c3",60,73,67,45,83,82,58,50,86
"Ammecr1l",136,302,96,96,104,133,126,128,162
"Lims2",3,1,0,0,5,4,0,0,1
"Wdr36",92,167,74,31,46,40,56,71,48
"Fam13b",64,101,37,38,48,23,60,60,48
"Reep2",3,12,0,2,7,7,0,6,10
"Etf1",323,556,228,185,227,154,218,209,173
"Apbb3",38,42,50,32,94,83,49,42,82
"Rell2",8,17,15,13,14,10,4,10,5
"Rbm27",82,125,59,66,64,30,52,60,91
"Gm94",0,0,0,0,0,0,0,0,0
"Pggt1b",23,38,16,29,24,19,26,17,21
"Ticam2",42,78,60,47,82,86,94,116,82
"Fam170a",0,0,0,0,0,0,0,0,0
"Prdm6",1,0,0,2,6,2,0,1,0
"Cep120",58,93,38,16,58,47,61,45,51
"Slc27a6",0,0,0,0,0,0,0,0,0
"Minar2",1,0,0,0,0,0,0,0,0
"Gm4841",6,7,12,11,6,5,3,9,8
"Pde6a",0,1,0,0,0,0,0,0,0
"Sh3tc2",0,0,0,0,0,0,0,0,0
"Gm9949",2,1,1,2,4,6,8,4,3
"Onecut2",4,2,0,1,1,0,0,0,0
"Alpk2",0,0,0,0,0,0,0,0,1
"Grp",0,0,0,0,0,0,0,0,0
"Cplx4",0,0,0,0,0,0,0,0,0
"Mppe1",4,6,3,5,5,4,10,2,9
"Prelid3a",1,3,0,3,2,2,3,2,1
"Cep76",6,12,8,10,8,6,14,11,5
"Mapk4",0,0,0,0,0,0,0,0,0
"St8sia5",0,0,0,0,0,0,3,0,0
"Ark2c",0,2,1,0,0,0,0,0,2
"Haus1",16,26,28,24,21,7,18,19,25
"Ptgr3",28,55,47,25,50,37,35,58,65
"Cd226",0,0,0,0,0,0,0,0,0
"Plaat3",55,60,66,35,57,52,27,39,70
"Ppp2r5b",38,31,34,41,44,57,56,44,54
"Snx32",10,32,16,33,65,43,35,38,76
"Catsper1",0,0,0,0,0,0,0,0,0
"Rin1",5,18,0,0,0,5,1,5,13
"Npas4",0,1,0,0,0,0,0,0,0
"Lrfn4",6,23,0,2,0,3,1,0,0
"Kdm2a",314,873,256,183,194,176,233,271,204
"Gstp3",0,0,2,0,0,0,0,0,0
"Ndufs8",588,637,587,370,494,371,454,473,518
"Kmt5b",67,84,73,70,96,81,98,104,117
"Atrx",151,207,141,220,219,85,201,176,180
"Taf6l",22,32,48,50,46,46,29,42,58
"Ubxn1",398,526,353,317,474,541,379,320,431
"Eml3",133,330,148,146,241,265,189,170,234
"Xpa",115,172,111,66,101,92,81,66,91
"Myrf",1,3,0,1,0,0,0,0,0
"Xpc",44,94,28,36,47,60,51,26,52
"Cyb561a3",58,106,82,424,504,482,353,378,535
"Tkfc",29,45,35,34,23,22,20,14,32
"Ercc5",81,90,88,77,65,81,83,129,116
"Oosp2",0,0,0,0,0,0,0,0,0
"Oosp3",0,0,0,0,0,0,0,0,0
"Patl1",81,108,48,37,99,49,51,66,89
"Xrcc1",120,204,81,105,97,145,83,102,110
"Xrcc5",36,33,42,47,55,41,47,62,48
"Slc6a18",0,0,0,0,0,0,0,0,0
"Slc6a20b",0,0,0,0,0,0,0,0,0
"Nmrk1",4,5,3,5,7,6,3,11,5
"D030056L22Rik",13,36,7,14,19,28,20,34,18
"Trpm6",0,0,0,0,3,0,0,0,0
"Rorb",1,1,0,2,0,0,0,0,0
"Yap1",0,2,0,0,0,0,0,0,0
"Abhd17b",100,151,68,69,75,59,54,63,69
"Trpm3",0,0,1,0,0,0,0,0,1
"Smc5",50,125,31,51,59,44,33,74,53
"Tmem252",0,0,0,0,0,0,0,0,0
"Pgm5",0,0,0,0,0,2,0,0,0
"Zng1",22,36,25,18,18,8,15,16,19
"Dmrt2",0,0,0,0,0,0,0,0,0
"Glis3",0,0,0,0,0,0,0,0,1
"Ybx1",490,672,350,426,474,800,594,529,523
"Ric1",18,20,11,20,16,17,21,17,29
"Ermp1",11,23,8,20,14,18,25,17,18
"Hectd2",5,20,6,13,6,3,5,4,14
"Myof",7,12,10,0,4,1,0,0,0
"Cyp2c70",0,0,0,0,0,0,0,0,0
"Opalin",0,0,0,0,0,0,0,0,0
"Yes1",13,16,16,11,13,8,8,31,14
"Ubtd1",224,238,166,265,317,276,244,352,381
"Morn4",5,0,1,2,0,2,3,0,2
"Cox15",36,42,30,23,37,39,26,31,30
"Cyp2c23",0,0,0,0,0,0,0,0,0
"Erlin1",69,85,49,84,85,52,38,81,70
"Slf2",101,138,95,109,193,115,163,141,185
"Twnk",38,78,40,35,41,31,37,55,43
"Lzts2",8,14,13,12,9,19,5,10,13
"Dpcd",120,140,69,91,155,130,142,120,151
"Pprc1",155,298,68,73,110,119,79,123,121
"Wbp1l",387,494,360,283,398,372,377,316,445
"Ina",0,0,0,0,0,4,0,3,0
"Taf5",19,38,28,21,18,9,15,16,13
"Siae",27,45,19,67,76,106,72,94,77
"Habp2",0,0,0,0,0,0,0,0,0
"Plekhs1",0,0,0,0,0,0,0,0,0
"Map3k19",0,0,0,0,0,5,0,4,5
"Afap1l2",0,0,0,0,0,0,0,0,0
"Ablim1",5,3,25,32,50,49,26,49,89
"Fhip2a",147,185,126,139,201,120,174,191,181
"Atrnl1",5,14,16,15,40,33,36,27,60
"Slc23a3",0,0,0,0,0,0,0,0,1
"Eno4",1,6,10,3,4,2,0,4,9
"Ywhae",935,979,635,683,780,868,833,871,955
"Prlhr",0,0,0,0,0,0,0,0,0
"Ywhag",285,491,187,132,159,216,194,201,202
"Ywhah",187,161,202,340,637,682,446,357,552
"Ywhaq",141,168,147,118,150,174,124,137,167
"Npbwr1",0,0,0,0,0,0,0,0,0
"Ywhaz",96,152,87,123,134,140,147,136,174
"Yy1",103,138,81,126,171,85,127,122,179
"Plagl1",0,0,0,0,0,0,0,0,0
"Zan",0,0,0,0,0,0,0,0,0
"Tmem185b",93,125,56,33,73,99,73,54,111
"Epb41l5",2,14,2,7,3,6,5,6,5
"Cfap221",0,0,0,0,0,0,0,0,0
"C1ql2",0,2,0,0,0,0,8,0,0
"Zap70",0,2,0,0,0,0,3,1,0
"Zfa-ps",0,0,0,0,0,0,1,1,0
"Zfp1",93,124,112,63,106,88,89,99,138
"Rab3gap1",80,143,121,99,128,165,134,159,159
"Zranb3",3,1,0,12,3,15,3,4,5
"R3hdm1",37,82,31,47,79,59,40,60,59
"Lct",0,0,0,0,6,0,0,0,1
"Dars1",126,115,93,89,116,102,126,110,117
"Yod1",40,67,37,39,20,17,15,34,29
"Dyrk3",3,2,9,0,0,2,0,2,4
"Zbtb17",100,250,118,52,50,57,72,67,70
"Rab7b",36,31,47,27,57,42,26,28,37
"Rab29",34,46,58,45,90,96,94,73,93
"Zfp101",8,26,11,6,6,11,9,9,19
"Ipo9",147,164,118,129,137,155,191,161,173
"Igfn1",0,0,0,0,0,0,0,0,0
"Rnf103",75,127,80,81,65,51,58,105,82
"Zfp281",199,355,133,83,93,36,47,88,81
"Zfp105",41,102,25,32,33,40,36,26,36
"Zbtb41",33,46,24,17,27,9,11,34,23
"Gm4845",0,0,0,0,0,0,0,0,0
"Zfp11",6,9,6,5,5,6,7,5,8
"Odr4",242,392,172,236,227,129,226,277,252
"Smg7",61,109,47,38,56,71,91,75,92
"Nmnat2",2,2,13,0,0,0,0,0,0
"Lamc1",4,14,4,7,16,18,6,6,14
"Mkrn3",1,5,0,1,0,0,3,3,0
"Rasal2",9,47,14,29,44,38,33,55,37
"Cryzl2",3,3,1,1,4,1,3,2,4
"Dars2",6,18,4,23,16,8,15,9,32
"Zfp13",2,6,0,1,4,2,0,2,4
"Klhl20",35,87,49,21,60,34,39,33,58
"Aph1a",72,117,48,45,70,46,45,58,50
"Suco",64,120,47,49,56,54,65,97,67
"Prrc2c",176,285,91,172,203,128,241,242,172
"Fmo4",0,0,0,0,0,0,0,0,0
"Fmo6",0,0,0,0,0,0,0,0,0
"Pcgf2",17,20,24,15,30,29,19,21,28
"Tiprl",71,81,75,63,82,132,98,110,106
"Rcsd1",117,133,210,183,285,233,233,186,353
"Fmo13",0,0,0,0,0,0,0,0,0
"Gm4847",0,0,0,0,0,0,0,0,0
"Zfp148",136,185,103,178,240,121,142,219,204
"Fam78b",2,4,0,0,1,0,2,0,3
"Atf6",409,567,362,317,379,293,269,264,347
"Ndufs2",473,793,414,369,421,413,468,469,546
"Arhgap30",191,293,140,115,170,164,189,109,215
"Tstd1",5,7,21,31,34,28,38,25,30
"Zbtb14",3,7,1,0,7,3,12,1,9
"Sf1",342,529,354,234,328,622,436,298,441
"Ifi207",411,630,394,294,233,224,209,286,308
"Ifi205",5,15,9,4,0,7,0,7,2
"Trim26",136,203,97,128,190,199,172,150,229
"Rnf112",2,4,2,0,0,1,0,1,0
"Zfp185",0,0,0,0,0,0,0,0,0
"Cnst",22,55,27,37,35,36,30,29,54
"Ahctf1",96,139,75,52,64,48,73,66,106
"Cdc42bpa",26,47,20,11,24,24,20,13,15
"Wdr26",784,1188,787,634,898,541,625,604,753
"C130074G19Rik",0,0,0,0,0,1,0,0,0
"Mark1",0,0,0,0,0,6,0,4,0
"Zfp2",4,8,5,10,5,5,13,10,4
"Slc30a10",0,0,0,0,0,0,0,0,0
"Lyplal1",4,1,1,15,35,24,3,11,17
"Zfp207",431,806,356,182,241,219,233,285,238
"Zfand5",892,1284,790,200,475,237,356,428,419
"Kctd3",44,63,18,37,24,47,58,38,24
"Smyd2",83,179,41,29,33,37,43,20,14
"Vash2",2,15,2,0,0,2,0,1,0
"Flvcr1",29,53,14,17,10,24,12,25,24
"Ppp2r5a",108,134,110,124,174,228,223,114,177
"Zfp239",0,0,0,2,0,0,2,2,1
"Lpgat1",91,148,58,62,107,92,82,81,94
"Hhat",11,13,4,5,12,6,14,8,6
"Sbspon",0,0,0,0,0,0,0,0,0
"Zpr1",202,284,193,124,127,142,211,174,108
"Zfp26",60,120,41,36,66,15,41,47,39
"Zfp27",11,30,37,11,14,18,33,11,9
"Tfap2d",0,0,0,0,0,0,0,0,0
"Zfp28",12,22,1,31,18,28,8,28,14
"Zscan2",1,0,0,0,1,0,0,1,0
"Kcnq5",0,0,0,0,0,0,0,0,0
"Zfp30",4,11,1,4,9,5,14,13,3
"Zfp35",76,125,45,42,53,40,36,72,39
"Zfp36",3302,5177,3403,1485,2728,3866,3075,2838,4344
"Gm4850",0,0,0,0,0,0,0,0,0
"Zfp37",5,12,8,4,1,4,6,7,3
"Zscan21",68,103,68,39,36,53,47,65,45
"Arhgef4",10,19,14,19,16,22,3,4,21
"Plekhb2",54,60,36,83,90,100,68,77,99
"Kansl3",190,416,169,139,173,174,160,151,154
"Actr1b",159,236,111,102,136,181,131,137,169
"Zfp39",19,11,17,1,7,10,9,7,7
"Eif5b",702,909,420,627,589,434,757,761,614
"Slc9a2",0,0,0,0,0,0,0,0,0
"Zfp40",20,39,9,40,42,22,33,55,41
"Zfp41",7,5,7,3,8,24,6,17,12
"Zfp42",0,0,0,0,0,0,0,0,0
"Zfp46",20,45,15,10,32,31,27,27,30
"Dnah7b",0,0,0,0,0,0,0,0,1
"Slc39a10",23,10,16,31,21,9,42,19,23
"Zfp51",18,29,13,7,6,9,6,9,13
"Nemp2",15,9,10,35,63,43,28,30,30
"Hibch",21,12,14,19,14,18,24,22,32
"Pms1",29,16,15,23,15,17,9,12,11
"Zfp52",77,111,69,35,40,23,41,70,50
"Ormdl1",42,81,36,43,50,62,54,81,71
"Zfp54",9,14,6,3,5,7,6,7,3
"Plcl1",14,24,35,48,32,39,39,35,46
"Zfp57",0,0,0,0,0,0,0,0,0
"Stradb",22,61,36,61,88,67,85,70,111
"Mpp4",1,1,0,0,0,1,0,0,0
"Zfp59",15,28,19,15,6,3,3,6,19
"Zfp60",4,11,4,10,15,17,7,17,9
"Zfp61",24,42,12,26,31,15,40,35,22
"Ino80d",87,141,52,69,68,61,49,74,57
"Ndufs1",101,178,93,109,115,132,98,125,151
"Zfp62",123,210,103,180,124,89,120,163,126
"Ccnyl1",27,44,23,22,18,16,33,25,18
"Zfp64",40,62,32,25,28,55,33,31,32
"Cps1",0,0,0,0,0,0,0,0,0
"Zbtb7b",231,215,271,237,262,254,252,208,280
"Cxcr1",0,0,0,0,0,0,0,0,0
"Gpbar1",0,0,0,0,0,0,0,0,0
"Aamp",321,387,284,277,426,486,419,318,459
"Ctdsp1",111,132,60,92,85,89,83,128,109
"Retreg2",112,130,114,149,312,277,237,211,307
"Dner",1,0,0,0,0,0,0,0,0
"Gpr55",0,0,0,0,0,0,0,0,0
"B3gnt7",25,30,11,15,16,29,16,17,17
"Gigyf2",112,132,68,51,120,70,125,86,72
"Dgkd",119,286,152,116,174,199,185,194,179
"Usp40",106,132,56,86,199,78,115,98,131
"Espnl",2,2,0,0,0,0,0,0,0
"Erfe",0,0,0,1,0,0,0,0,0
"Farp2",16,36,21,14,23,16,13,15,18
"Slco4c1",0,0,0,0,0,0,0,0,0
"Ppip5k2",42,46,30,42,28,44,34,54,37
"Relch",102,150,78,54,80,70,72,93,113
"Zcchc2",76,149,71,85,158,99,91,117,127
"Zfp85",9,8,5,2,5,1,2,6,0
"Cdh19",0,0,0,0,0,0,0,0,0
"Zfp9",1,8,1,0,1,4,6,0,2
"Zfp90",217,375,219,201,297,294,229,252,335
"Rpp38",55,83,44,31,59,38,65,43,37
"Dclre1c",159,222,79,156,213,115,160,187,213
"Cdnf",0,1,2,2,0,3,2,2,3
"Zfp92",0,0,0,0,0,0,0,0,0
"Camk1d",225,286,204,204,359,251,340,286,360
"Proser2",0,0,0,1,1,0,0,0,0
"Zfp93",1,2,1,4,6,1,5,2,2
"Zfp94",2,7,4,7,8,4,5,8,19
"Zkscan5",29,65,22,15,15,25,32,22,38
"Zscan12",31,68,44,25,30,33,30,29,33
"C1ql3",0,3,0,0,0,0,0,0,0
"Zfp97",0,5,0,1,1,5,1,1,0
"Tbpl2",0,0,0,0,0,0,0,0,0
"Zfpm1",48,80,87,42,54,101,67,62,60
"Tor4a",127,276,109,146,235,197,156,154,194
"Tubb4b",233,312,190,159,148,244,192,127,195
"Tmem203",138,175,174,63,178,82,117,99,173
"Lrrc26",0,0,0,0,0,0,0,0,0
"Man1b1",120,149,98,154,197,194,192,195,153
"Zfpm2",0,2,0,0,0,0,0,0,0
"Uap1l1",101,135,61,85,134,113,80,100,134
"Paxx",75,95,67,56,81,85,52,48,82
"Rabl6",324,543,300,330,370,354,449,406,481
"Obp2a",0,0,0,0,0,0,0,0,0
"Zfr",149,242,121,153,184,69,166,150,167
"Lcn11",0,0,0,0,0,0,0,0,0
"Sohlh1",0,0,0,1,0,0,0,0,0
"Kcnt1",1,3,3,0,6,2,3,0,2
"Camsap1",94,124,54,127,172,190,160,141,151
"Qsox2",44,67,59,19,29,46,53,55,31
"Zfx",89,121,59,78,89,83,60,73,107
"Snapc4",139,250,101,72,84,67,99,79,83
"Sec16a",90,85,79,67,136,114,121,94,144
"Rexo4",127,216,129,125,149,178,194,196,213
"Slc2a6",131,212,61,163,118,197,86,102,171
"Zfy1",0,0,0,0,0,0,0,0,0
"Gbgt1",0,3,0,1,4,6,5,6,0
"Ddx31",140,176,69,84,115,130,118,126,114
"Zfy2",0,0,0,0,0,0,0,0,0
"Trub2",38,75,27,26,11,17,15,32,28
"Coq4",57,57,22,34,52,68,45,47,60
"Zer1",36,77,56,56,116,64,60,63,80
"Spout1",117,166,71,93,97,101,104,119,114
"Phyhd1",555,536,688,2356,5041,3684,2763,2692,4726
"Dolk",52,79,32,62,90,108,119,76,83
"Nup188",70,118,42,62,84,84,87,52,68
"Zhx1",38,49,26,35,36,23,60,47,33
"Sh3glb2",65,78,50,114,138,174,112,96,110
"BC005624",61,98,33,40,72,62,37,55,63
"Zic1",0,0,0,0,0,3,0,0,0
"Exosc2",154,252,78,52,54,50,84,59,65
"Qrfp",3,2,1,0,0,0,0,0,0
"Zic2",1,0,0,0,0,0,0,0,0
"Nup214",144,206,71,105,162,132,151,120,151
"Plpp7",50,90,55,42,51,29,52,71,66
"Prrc2b",128,212,141,136,255,132,135,196,183
"Zic3",0,0,0,0,0,0,0,0,0
"Slc25a25",81,174,57,80,65,90,113,67,69
"Pip5kl1",0,5,0,0,0,0,0,0,0
"Cfap157",0,0,0,0,0,2,0,0,0
"Niban2",114,131,112,38,33,76,59,42,57
"Lrsam1",22,44,54,67,64,74,53,79,77
"Zic4",0,0,0,1,0,0,3,0,0
"Mapkap1",44,57,32,44,86,80,72,100,85
"Rabepk",75,111,103,27,55,71,89,34,50
"Zik1",2,6,6,6,2,1,0,6,3
"Gsn",10,8,7,9,16,17,36,9,16
"Zim1",0,0,0,0,0,0,0,0,0
"Ikzf1",305,493,241,352,614,393,457,374,571
"Or12k5",0,0,0,0,0,0,0,0,0
"Ikzf2",2,8,15,65,70,36,39,78,48
"Ikzf3",0,0,0,0,0,0,2,0,0
"Rabgap1",54,57,25,79,59,59,34,49,65
"Dennd1a",14,34,16,41,50,54,73,22,56
"Ikzf4",1,0,0,0,2,0,3,0,0
"Slc30a1",51,62,49,55,91,55,55,77,64
"Gtdc1",57,96,26,32,50,27,47,40,41
"Slc30a3",0,0,0,1,0,8,0,0,1
"Slc30a4",29,48,31,23,31,8,19,25,20
"Zp1",0,0,0,0,0,0,0,0,1
"Epc2",107,145,91,78,126,60,121,88,102
"Zp2",0,0,0,0,0,0,0,0,0
"Zp3",6,1,2,0,0,0,0,0,0
"Gm13498",0,0,0,0,0,0,0,0,0
"Zp3r",0,0,0,0,0,0,0,0,0
"Dnajc2",216,278,156,138,128,140,128,165,179
"A930012O16Rik",5,6,3,0,0,1,5,1,0
"Cytip",6,22,59,5,5,14,11,4,8
"Zyx",572,513,589,260,471,452,364,358,467
"Ccdc148",0,1,0,0,0,0,0,0,0
"Pkp4",28,70,56,26,43,31,48,41,50
"Gca",7,35,12,2,6,1,5,4,2
"4933409G03Rik",0,0,0,0,0,0,0,0,0
"Klhl41",1,4,0,0,0,1,1,0,0
"Ppig",209,233,99,139,152,94,203,183,183
"Tlk1",72,154,60,53,74,34,64,80,85
"Mettl8",17,0,22,38,44,43,67,56,51
"Pdk1",78,81,68,124,171,129,143,177,161
"Atp5mc3",966,1391,961,742,1349,1195,1060,972,1362
"Agps",147,204,72,117,207,137,189,161,173
"Sestd1",11,5,1,0,2,3,0,0,4
"Cerkl",0,0,0,0,0,0,1,0,0
"Zdhhc5",120,150,85,72,151,129,136,124,115
"P2rx3",0,0,0,0,3,0,0,0,0
"Tnks1bp1",5,17,8,3,34,15,14,16,19
"Fads2b",0,0,0,0,0,0,0,0,0
"Or5t17",0,0,0,0,0,0,0,0,0
"Madd",77,101,67,220,322,255,330,318,302
"Cstpp1",25,18,19,9,36,38,22,35,27
"Lrp4",25,52,17,8,11,14,11,28,19
"Arhgap1",101,180,116,78,120,123,122,124,102
"Ambra1",64,84,37,60,97,68,85,58,77
"Large2",2,1,0,0,0,0,0,0,0
"Slc35c1",104,213,79,77,155,172,182,104,126
"Cstf3",55,77,34,48,42,63,53,56,52
"Prrg4",0,0,0,0,0,0,0,6,2
"Kif18a",1,4,1,7,1,0,0,2,5
"Ano3",0,0,0,0,0,0,0,0,0
"Or4k77",0,0,0,0,0,0,0,0,0
"Arhgap11a",51,83,32,56,44,52,54,41,54
"Zfp770",8,23,14,12,12,12,20,24,19
"Bahd1",82,171,48,51,118,105,106,73,108
"Rhov",3,0,7,1,3,2,0,2,7
"Vps18",152,287,204,232,259,261,272,256,262
"Itpka",7,6,2,0,3,2,1,5,10
"Frmd5",2,0,0,0,0,0,0,0,0
"Mall",0,0,0,0,0,0,0,0,0
"F830045P16Rik",0,0,0,0,0,0,0,0,0
"Ebf4",0,0,0,0,1,0,0,0,0
"Dnaaf9",25,36,19,21,29,34,16,26,21
"Mavs",121,116,99,117,147,158,156,184,186
"Smox",122,170,112,178,345,292,224,176,298
"Paral1",0,0,0,0,0,0,0,0,0
"Btbd3",5,2,11,5,19,9,10,12,13
"Sptlc3",0,0,0,0,0,0,0,0,0
"Sel1l2",0,0,0,0,0,0,0,0,0
"Kat14",153,204,124,70,120,109,82,97,93
"Smim26",87,149,86,51,60,27,52,111,62
"Kiz",14,13,15,25,24,27,25,13,20
"Nkx2-4",0,0,0,0,0,0,0,0,0
"Cstl1",0,0,0,0,0,0,0,0,0
"Sdcbp2",0,6,4,0,0,0,0,4,0
"Tmem74bos",0,0,0,0,0,0,0,0,0
"Psmf1",115,215,90,69,87,113,88,71,69
"Rspo4",0,0,0,0,0,0,0,0,0
"Trib3",4,3,4,1,4,1,2,2,1
"Nrsn2",0,1,0,0,0,1,1,0,0
"6820408C15Rik",0,2,1,0,8,1,0,0,0
"Mylk2",0,0,0,0,0,0,0,0,0
"Xkr7",0,0,0,0,0,0,0,0,0
"Ccm2l",0,18,2,2,4,0,1,1,4
"Asxl1",171,253,138,96,184,116,116,133,135
"Bpifb6",0,0,0,0,0,0,0,0,0
"Bpifb1",0,0,0,0,0,0,0,0,0
"Bpifb5",0,0,0,0,0,0,0,0,0
"Zfp341",16,21,15,11,7,18,24,7,24
"Pigu",74,33,39,83,116,118,116,106,140
"Phf20",204,209,112,165,257,160,218,183,221
"Dlgap4",877,1195,660,424,584,526,566,574,592
"Tgif2",10,11,5,34,36,48,34,21,37
"D630003M21Rik",0,0,0,0,0,0,0,0,0
"Ralgapb",68,150,74,65,121,98,141,86,117
"Ppp1r16b",0,2,1,1,0,0,2,0,0
"Gdap1l1",11,9,7,0,4,8,3,0,3
"Fitm2",4,15,3,1,7,4,12,5,2
"Pcif1",95,214,119,96,128,114,119,90,149
"Ncoa5",147,222,79,66,125,120,112,92,110
"Slc35c2",293,431,503,556,558,513,414,531,733
"Zfp334",9,10,5,0,4,2,4,2,1
"Zmynd8",152,261,137,184,162,173,168,206,182
"Ddx27",155,228,123,64,76,109,105,110,69
"Tshz2",0,0,0,0,0,0,0,1,0
"Zfp217",56,127,84,153,136,133,210,124,198
"Cbln4",0,0,0,0,0,0,0,0,0
"Stx16",251,354,235,508,764,777,638,498,669
"Npepl1",284,529,231,176,179,157,149,202,185
"Ppp1r3d",122,92,102,156,164,243,144,200,238
"Taf4",52,70,43,50,63,60,79,80,64
"Osbpl2",116,130,160,57,102,137,149,98,97
"Slc17a9",41,35,18,27,53,45,60,31,37
"Ythdf1",86,167,93,80,77,90,97,95,80
"Arfgap1",84,196,85,83,135,160,177,117,124
"Helz2",71,97,38,58,49,70,28,55,82
"Gmeb2",40,73,45,23,53,54,47,31,54
"Zgpat",20,12,19,29,25,30,34,12,23
"Samd10",2,18,5,6,5,8,6,3,16
"Zbtb10",16,17,14,16,9,10,5,15,18
"Ythdf3",125,191,108,118,121,66,147,161,148
"Acad9",30,93,32,27,26,31,29,42,42
"Qrfpr",0,0,0,0,0,0,0,0,0
"Bltp1",65,60,54,32,57,38,55,57,72
"Nudt6",78,131,92,47,71,90,84,65,105
"Stoml3",0,0,0,0,0,0,0,0,0
"Hnrnpa3",34,60,30,39,59,47,36,58,62
"Spart",58,64,50,65,76,102,108,60,98
"Tm4sf4",0,0,0,0,0,0,0,0,0
"Eif2a",92,183,58,76,92,55,61,97,70
"Clrn1",0,0,0,0,0,0,0,0,0
"Gpr171",0,0,0,0,0,3,0,0,0
"Aadacl2fm1",0,0,0,0,0,0,0,0,0
"Gpr149",0,0,0,0,0,0,0,0,0
"Gmps",24,30,15,18,32,15,25,17,21
"Otol1",0,0,0,0,0,0,0,0,0
"Ctso",112,97,123,177,227,222,102,188,233
"Tmem131l",98,139,118,126,262,223,220,131,221
"Fhdc1",1,0,0,1,0,0,0,0,0
"Gatb",36,57,34,49,71,70,72,76,83
"Fhip1a",0,0,0,0,0,0,0,0,0
"Fcrl1",24,12,26,36,87,53,57,68,90
"Mettl25b",111,190,79,89,125,116,127,149,126
"Isg20l2",53,84,39,42,35,42,66,43,28
"Smg5",161,250,109,101,144,167,146,133,130
"Slc25a44",111,171,92,69,83,83,85,133,97
"Syt11",76,112,111,134,262,221,214,174,172
"Msto1",58,103,45,15,32,51,38,41,35
"Pbxip1",582,551,490,1447,1950,1812,1568,1847,2158
"Dennd4b",184,195,132,148,251,405,277,137,224
"Gatad2b",18,41,32,34,43,25,35,30,41
"Ints3",55,49,51,81,119,101,107,100,71
"S100a7l2",0,0,0,0,0,0,0,0,0
"Sprr4",0,0,0,0,0,0,0,0,0
"Tdpoz8",0,0,0,0,0,0,0,0,0
"Flg2",0,0,0,0,0,0,0,0,0
"Pogz",32,71,25,41,68,72,77,47,60
"Gm128",12,16,14,14,5,14,18,15,10
"Prune1",20,30,22,6,33,20,34,11,23
"Golph3l",37,64,42,37,54,42,38,48,50
"Adamtsl4",278,207,246,79,312,178,187,72,247
"Ciart",4,18,13,2,3,1,4,4,9
"BC028528",16,14,22,21,4,7,6,21,16
"Otud7b",107,147,115,43,75,53,66,64,82
"6330549D23Rik",0,0,0,0,4,1,0,1,1
"Pias3",51,53,61,58,60,85,65,90,89
"Trim45",7,25,3,10,17,7,14,13,20
"Vangl1",9,8,4,4,4,13,3,5,3
"Csde1",316,359,208,206,292,183,234,271,296
"Ampd1",2,10,1,0,0,0,0,0,0
"Bcl2l15",2,13,0,0,0,1,0,0,0
"Rsbn1",170,220,140,113,382,115,231,195,255
"St7l",72,65,44,56,100,37,79,65,57
"Chil5",0,0,0,0,0,0,0,0,0
"Chil6",0,0,0,0,0,0,0,0,0
"AI504432",188,368,51,49,29,32,47,54,54
"Cym",0,0,0,0,0,0,0,0,0
"Slc16a4",2,2,3,0,0,0,0,0,0
"Rbm15",16,17,6,10,1,6,8,7,7
"Slc6a17",0,1,0,0,0,0,0,0,15
"Strip1",118,260,110,87,173,152,164,142,168
"Ahcyl1",100,169,49,94,125,47,66,121,93
"Gpr61",0,0,0,0,0,0,0,0,0
"Amigo1",1,3,0,6,6,5,6,10,11
"Elapor1",0,1,0,3,0,0,0,0,0
"Clcc1",176,256,173,210,170,236,227,202,161
"Slc25a24",2,3,4,0,0,0,3,0,0
"Olfm3",0,0,0,0,3,0,0,0,0
"Cdc14a",20,58,17,19,54,26,31,53,43
"Trmt13",25,49,28,23,23,35,27,27,17
"Slc35a3",29,49,15,12,17,14,24,25,19
"Plppr4",0,7,5,6,4,2,4,9,0
"Tram1l1",0,0,0,0,0,0,0,0,0
"Cenpe",3,6,2,14,13,4,6,11,25
"Gm4861",0,0,0,0,0,0,0,0,0
"Rap1gds1",205,250,156,462,675,518,583,507,730
"Gm4862",0,0,0,0,0,0,0,0,0
"Gbp5",74,148,35,43,35,14,25,59,21
"Gbp7",1012,1294,789,944,1052,595,755,952,1071
"Kyat3",22,28,14,9,22,23,26,19,16
"Gtf2b",93,138,83,60,76,71,92,89,74
"Clca3b",2,0,0,1,0,0,0,1,0
"Clca2",0,0,0,0,0,0,0,0,0
"Znhit6",56,92,38,19,19,24,40,36,23
"Ak5",0,1,0,0,0,0,0,0,0
"Prdm13",0,0,0,0,0,0,0,0,0
"Coq3",35,25,42,24,51,32,23,57,38
"Rigi",83,150,71,118,121,143,85,127,140
"Ndufb6",210,291,216,177,254,232,233,242,228
"Nol6",31,57,22,8,17,41,35,28,40
"Phf24",0,0,0,0,0,1,0,0,1
"Atosb",131,287,128,74,229,172,183,163,223
"Arhgef39",0,11,1,37,32,31,11,21,16
"Car9",6,5,2,6,9,2,11,9,16
"Gba2",75,101,66,67,95,115,65,92,86
"Npr2",0,1,0,1,0,0,0,1,1
"Zbtb5",31,48,18,40,36,72,28,36,34
"Slc25a51",27,73,43,45,48,46,54,53,47
"Shb",24,44,28,37,94,62,73,80,83
"Galnt12",30,65,54,126,161,153,127,137,124
"Tmeff1",0,0,0,0,0,0,0,0,0
"Acnat1",0,0,0,0,0,0,0,0,0
"Zfp189",10,11,2,6,3,7,8,13,5
"Aldob",0,0,0,0,0,0,0,0,0
"Elp1",50,86,51,42,66,60,57,65,57
"Abitram",32,54,30,31,49,46,33,42,44
"Frrs1l",0,2,0,1,0,1,0,3,0
"Ecpas",216,311,90,166,121,105,142,192,156
"Ptbp3",327,381,232,273,288,152,262,261,256
"E130308A19Rik",24,46,23,22,21,29,36,18,33
"Tmem268",544,791,498,381,721,614,592,610,683
"Megf9",9,0,1,8,1,0,7,9,0
"Haus6",8,12,4,6,2,0,17,7,4
"Acer2",1,0,1,0,3,1,1,0,0
"Focad",10,28,25,12,36,27,19,24,18
"Ifna13",0,0,0,0,0,0,0,0,0
"Ifna16",0,0,0,0,0,0,0,0,0
"Ifne",0,0,0,0,0,0,0,0,0
"Cyp2j13",0,0,0,0,0,0,0,0,0
"Usp1",77,120,45,63,55,62,59,59,49
"Efcab7",2,2,9,7,4,5,5,2,2
"Leprot",207,259,183,214,318,295,235,240,271
"C8a",0,0,0,0,0,0,0,0,0
"Ttc22",0,0,0,0,0,0,0,0,0
"Pars2",6,35,4,20,13,21,22,11,10
"Fam151a",0,0,0,0,0,0,0,0,0
"Cyb5rl",10,11,3,11,8,10,13,15,15
"Yipf1",138,138,141,146,300,253,240,187,258
"Glis1",0,0,0,0,0,0,0,0,1
"Zyg11a",0,0,0,0,0,0,0,0,0
"Tut4",29,55,27,65,74,61,58,67,78
"Prpf38a",120,161,62,69,73,87,42,67,72
"Zfyve9",1,0,3,0,3,1,0,1,1
"Nrdc",149,187,118,165,185,154,177,190,156
"Ttc39a",0,0,0,0,0,0,0,1,0
"Slc5a9",0,0,0,0,0,0,0,0,0
"Skint10",0,0,0,0,0,0,0,0,0
"Skint6",0,0,0,0,0,0,0,0,0
"Skint11",0,0,0,0,0,0,0,0,0
"Cyp4a29",0,0,0,0,0,0,0,0,0
"Efcab14",156,164,101,100,94,81,83,94,115
"Atpaf1",5,6,0,0,0,0,4,0,3
"Lrrc41",21,62,28,20,31,45,40,19,20
"Tmem69",12,34,26,25,15,9,17,25,18
"Tesk2",9,7,24,26,62,28,17,30,38
"Ipo13",120,130,100,91,108,122,112,149,174
"Kdm4a",51,94,45,25,54,65,61,47,89
"Szt2",38,113,55,55,84,73,105,60,81
"Tmem125",0,1,2,0,0,0,0,0,0
"AU022252",15,25,10,20,29,17,24,12,23
"Foxj3",24,63,40,15,28,44,33,39,37
"Zmpste24",124,179,92,89,120,141,126,164,137
"Nt5c1a",0,0,0,0,0,0,0,0,0
"Pabpc4",36,44,25,17,46,53,27,25,39
"Rhbdl2",0,0,0,0,0,0,0,0,0
"Yrdc",126,261,78,44,102,134,88,88,96
"Epha10",0,0,0,0,0,0,0,0,0
"Gnl2",356,656,214,222,203,263,273,300,247
"Zc3h12a",314,910,159,85,90,148,129,121,147
"Oscp1",17,75,23,29,33,47,21,40,43
"Eva1b",64,44,75,76,120,119,45,69,144
"Thrap3",108,176,99,84,120,95,93,96,110
"5730409E04Rik",24,47,33,35,27,15,19,36,18
"Zfp362",25,41,22,23,37,57,47,35,73
"Fam167b",21,16,18,178,272,291,222,229,286
"Iqcc",23,38,12,20,35,36,24,27,19
"Tmem39b",24,50,31,56,62,58,66,51,50
"Adgrb2",1,5,1,3,1,1,0,0,0
"Hcrtr1",0,0,0,0,0,0,0,0,0
"Serinc2",0,0,0,0,1,0,0,0,0
"Sesn2",2,14,4,8,12,12,7,1,9
"Themis2",29,63,23,13,6,18,20,21,14
"Fam76a",89,163,82,46,99,74,125,87,110
"Ahdc1",25,42,29,23,31,24,57,19,39
"Wdtc1",54,40,43,47,67,59,55,50,47
"Pigv",53,119,51,43,95,72,110,66,103
"Crybg2",0,0,0,0,1,0,1,0,0
"Pdik1l",22,39,18,25,42,30,40,53,33
"Slc30a2",0,0,0,0,0,0,0,0,0
"Man1c1",99,131,168,289,494,473,424,275,485
"Ncmap",2,5,1,0,2,1,0,0,4
"Grhl3",0,0,0,0,0,0,0,0,0
"Il22ra1",0,0,0,0,0,0,0,0,0
"Asap3",40,35,19,49,33,65,67,57,50
"Zbtb40",20,44,13,22,50,39,47,26,55
"Ece1",14,11,7,8,26,21,25,12,30
"Eif4g3",513,927,347,303,411,254,314,291,379
"Sh2d5",12,8,10,19,8,14,6,20,11
"Emc1",144,208,100,93,115,118,108,135,99
"Igsf21",1,0,0,1,0,0,0,0,0
"Crocc",7,24,3,35,35,31,35,26,31
"Aadacl3",0,0,0,0,0,0,0,0,0
"Aadacl4fm4",0,0,0,0,0,0,0,0,0
"Vps13d",7,7,8,7,14,8,7,7,13
"Nppa",0,0,0,0,0,0,0,0,0
"Fbxo44",17,35,10,14,16,9,4,15,13
"Fbxo2",1,5,0,2,0,0,0,0,4
"Tardbp",424,717,274,263,349,289,270,289,262
"Ciroz",0,0,0,0,0,0,0,0,0
"Tmem201",60,99,42,26,49,73,36,41,33
"Dnajc11",124,79,70,68,69,87,124,101,65
"Phf13",26,19,18,23,41,38,27,60,39
"Ajap1",0,1,0,1,0,0,0,0,0
"Cep104",5,9,0,6,3,9,14,5,5
"Megf6",0,0,0,0,0,0,0,0,0
"Arhgef16",0,0,0,0,0,0,0,0,0
"Tnfrsf14",0,1,0,2,1,2,4,1,1
"Fndc10",13,29,15,3,9,13,4,25,22
"9430015G10Rik",49,114,55,90,119,130,148,80,97
"Plekhn1",12,5,16,22,53,36,16,40,56
"Klhl17",97,122,86,101,175,172,128,155,159
"Samd11",1,0,0,0,2,0,0,0,0
"Elapor2",0,0,1,0,0,0,0,0,0
"Nup42",38,63,19,30,39,54,39,33,46
"Gbx1",0,0,0,1,0,0,0,0,0
"Iqca1l",0,0,0,0,0,0,0,0,0
"Galnt11",54,54,36,48,88,72,85,73,88
"Kmt2c",106,141,89,174,231,135,211,186,211
"Insig1",6,8,9,2,7,4,3,4,5
"Hadhb",63,116,61,64,98,78,87,83,132
"Agbl5",3,11,15,30,34,33,11,17,34
"Dnajc5g",0,0,0,0,0,0,0,0,0
"Gckr",0,0,0,0,0,0,0,0,0
"Haus3",40,39,40,60,52,28,41,62,37
"Zfyve28",3,6,3,12,33,21,16,5,26
"Fam193a",54,140,118,79,136,123,147,81,111
"Tnip2",248,561,221,138,173,184,178,189,187
"Dok7",0,0,0,0,0,0,0,0,0
"Sh3tc1",109,196,140,80,102,154,81,94,106
"Ablim2",1,3,1,4,1,5,2,0,2
"Tada2b",24,34,22,14,18,25,23,18,33
"Cytl1",0,0,0,0,0,0,0,0,0
"Semp2l2a",0,0,0,0,0,0,0,0,0
"Cpeb2",180,242,195,93,145,56,98,96,114
"Cc2d2a",0,3,1,3,1,3,1,5,3
"Tapt1",92,129,76,55,85,52,75,51,117
"Sel1l3",0,0,0,0,0,0,4,0,0
"Chrna9",1,2,0,0,2,0,0,0,0
"9130230L23Rik",0,2,0,0,0,0,0,0,0
"Guf1",40,78,46,22,46,19,32,56,67
"Atp10d",5,14,26,11,14,12,12,17,24
"Slc10a4",0,0,0,0,0,0,0,0,0
"Cwh43",0,0,0,0,0,0,0,0,0
"Lrrc66",0,0,0,0,0,0,1,0,0
"Aasdh",13,30,4,21,47,37,38,51,17
"Ppat",35,58,15,8,3,19,17,26,6
"Polr2b",48,113,56,56,60,62,56,57,62
"Pea15b-ps",0,0,0,0,0,0,0,0,0
"Uba6",15,33,13,18,23,4,22,19,27
"Tmprss11d",0,0,0,0,0,0,0,0,0
"Ythdc1",286,463,273,227,325,222,329,288,314
"Ugt2b36",0,0,0,0,0,0,0,0,0
"Grsf1",150,268,108,55,105,82,104,114,139
"Cox18",58,109,34,37,34,36,51,43,43
"Parm1",4,0,0,0,0,0,0,1,0
"Sdad1",223,394,101,83,92,94,107,99,105
"Cnot6l",230,260,183,139,198,132,178,226,230
"Fras1",0,0,0,0,0,0,0,2,0
"Paqr3",0,4,0,0,3,0,1,2,4
"Tmem150c",0,0,4,7,0,1,6,0,9
"Lin54",38,56,26,40,27,26,22,35,24
"Plac8",24,5,30,18,3,11,0,14,16
"Gpat3",0,2,2,3,0,0,0,1,0
"Arhgap24",67,70,62,38,54,48,46,43,68
"Lrrc8d",166,247,164,77,158,183,115,144,156
"231570",7,9,7,7,6,14,8,14,4
"Rpap2",54,76,48,29,59,31,38,35,39
"Gak",209,425,192,158,232,293,211,185,254
"Slc26a1",0,0,0,0,0,0,0,0,0
"Vmn2r13",0,0,0,0,0,0,0,0,0
"Vmn2r14",0,0,0,0,0,0,0,0,0
"Chfr",55,83,68,14,56,30,58,58,38
"P2rx2",0,2,0,0,0,0,0,0,0
"A630023P12Rik",0,0,0,0,0,0,0,0,0
"Galnt9",0,0,2,0,0,3,2,2,6
"Ficd",34,48,30,34,39,66,61,25,35
"Tmem119",1773,1871,2024,6514,7786,7027,6344,5477,6946
"Ssh1",9,31,8,1,1,0,5,1,0
"Alkbh2",37,55,69,83,92,91,133,98,105
"Myo1h",2,0,0,0,0,0,0,0,0
"Oasl1",373,1095,165,144,68,145,30,96,144
"Gcn1",28,32,23,15,35,10,20,8,13
"Vsig10",2,7,3,5,11,3,4,6,7
"Fbxo21",10,30,11,7,23,16,22,8,30
"Fbxw8",130,245,149,76,90,91,73,101,77
"Sds",0,0,0,0,0,0,0,0,0
"Oas1e",0,0,0,0,0,0,0,0,0
"Trafd1",546,1080,527,489,557,601,445,540,563
"Naa25",166,312,111,71,88,72,88,74,70
"Pheta1",29,43,17,22,54,34,32,46,46
"Rad9b",2,13,1,3,1,0,9,3,0
"B3gnt4",0,0,0,0,0,0,0,1,0
"Gm4868",0,0,0,0,0,0,0,0,0
"Rimbp2",0,0,0,0,0,0,0,0,0
"Sfswap",181,244,211,118,222,231,172,171,236
"Lrch4",0,0,0,0,0,0,0,0,0
"Agfg2",63,55,22,34,80,29,75,49,40
"Mepce",237,340,178,173,237,261,199,204,258
"Pilra",692,590,274,369,736,772,874,701,766
"Trappc14",362,433,401,537,1325,1298,1182,699,972
"Adap1",109,272,157,135,173,220,199,173,183
"Micall2",0,5,0,0,0,0,0,0,0
"Tmem184a",0,0,0,0,0,0,0,0,0
"Snx8",79,229,97,100,121,143,163,120,145
"Brat1",52,82,35,29,55,83,70,49,70
"Amz1",17,42,39,94,65,103,62,49,63
"Ap5z1",112,129,95,140,181,169,202,135,196
"Radil",0,0,0,0,0,0,0,0,0
"Tnrc18",134,162,111,113,142,204,229,150,213
"Fbxl18",12,32,15,20,18,9,25,7,18
"Zfp12",23,36,16,28,26,28,30,32,16
"Ints15",156,211,116,54,82,92,87,81,101
"Daglb",174,238,246,593,747,793,632,616,736
"Aimp2",208,282,144,62,94,118,95,118,74
"Ccz1",182,233,157,122,159,133,134,175,226
"Lmtk2",3,16,11,8,12,5,4,3,0
"Gm4871",0,0,0,0,0,0,0,0,0
"Pdap1",110,90,72,93,132,102,157,142,140
"Bud31",215,262,186,127,179,127,158,182,206
"Urad",0,0,0,0,0,0,0,0,0
"Katnal1",23,15,2,19,37,15,15,12,14
"Uspl1",94,115,70,39,72,60,76,76,55
"Gimap6",24,50,7,10,11,17,14,12,8
"Gimap7",0,0,0,0,0,0,1,0,0
"Fam221a",5,1,0,6,6,7,0,6,1
"Jazf1",1,2,0,0,0,0,2,0,0
"Creb5",26,78,12,3,1,3,1,2,1
"Fkbp14",16,26,10,9,14,17,21,15,31
"Plekha8",11,20,25,13,16,13,25,14,19
"Itprid1",0,0,0,0,0,0,0,0,0
"Vopp1",45,35,40,5,17,6,8,7,10
"Ccser1",3,0,0,0,0,0,0,0,0
"Igkv8-19",0,0,0,0,0,0,0,0,0
"Foxi3",0,0,0,0,0,0,0,0,0
"Thnsl2",5,19,5,5,17,8,11,13,14
"Tmem150a",75,90,77,79,147,130,130,122,136
"Mat2a",1335,1686,645,355,381,390,360,548,527
"Elmod3",16,50,31,23,38,43,44,31,43
"Eva1a",107,97,158,84,107,107,78,60,131
"Slc4a5",0,0,0,0,0,0,0,0,0
"Mob1a",26,45,34,30,32,16,53,45,35
"Paip2b",1,10,7,8,6,1,2,4,2
"Cyp26b1",0,0,0,2,2,0,0,1,0
"Smyd5",177,340,90,54,53,109,79,66,99
"C87436",52,43,41,45,65,50,57,50,48
"Arhgap25",91,169,140,310,343,380,391,293,414
"Hmces",26,42,39,26,30,44,29,36,61
"4933427D06Rik",0,0,0,0,0,0,0,0,0
"Txnrd3",33,55,17,12,9,11,14,4,19
"Iqsec1",44,57,21,36,26,23,48,51,39
"Hdac11",14,20,20,28,31,33,14,25,39
"Ccdc174",80,132,62,38,61,30,50,67,75
"Fgd5",0,0,0,0,0,0,0,0,0
"Tmf1",116,133,76,71,89,56,78,127,82
"Frmd4b",125,228,120,147,252,220,184,143,303
"Gxylt2",0,0,0,0,0,0,0,0,0
"Ppp4r2",42,59,28,25,19,25,53,47,41
"Slc6a1",0,10,1,0,0,3,0,0,0
"Vgll4",81,105,81,131,103,39,68,144,138
"Zfp637",30,51,35,34,43,44,32,78,37
"Ankrd26",27,40,19,31,18,4,34,35,18
"Wnk1",1017,971,638,574,845,375,553,630,799
"A2m",2,0,0,0,0,2,2,4,0
"Vmn2r19",0,0,0,0,0,0,0,0,0
"Vmn2r27",0,0,0,0,0,0,0,0,0
"Clstn3",0,2,2,0,0,0,0,0,0
"C1rl",22,38,35,146,279,247,152,184,235
"A2ml1",0,0,0,0,0,0,0,0,0
"BC035044",279,627,115,94,114,135,138,158,138
"Klrb1f",0,0,0,0,0,0,0,0,0
"Clec2e",0,0,0,0,0,0,0,0,0
"Clec12a",2,1,1,1,3,0,0,0,1
"Clec9a",0,0,0,0,0,0,0,0,3
"Klrh1",0,0,0,0,0,0,0,0,0
"5530400C23Rik",0,0,0,0,0,0,0,0,0
"Crebl2",0,0,5,1,3,5,1,3,2
"Gprc5a",0,0,0,0,0,0,0,0,0
"H2aj",406,680,440,353,667,435,560,415,469
"Rerg",0,0,0,0,0,0,0,0,0
"Dera",57,29,37,30,35,43,60,46,53
"Pyroxd1",43,72,44,28,57,44,58,57,72
"Gys2",0,0,0,0,0,0,0,0,0
"Stk38l",21,20,17,9,19,32,27,13,38
"Mrps35",86,128,91,66,51,83,71,94,82
"Klhl42",14,14,8,10,3,14,8,4,5
"Caprin2",7,5,8,18,7,23,13,14,13
"Amn1",25,39,17,16,30,34,23,45,19
"Vwde",0,0,0,0,0,0,0,0,0
"Gm4876",0,0,0,0,0,0,0,0,0
"Ccdc136",1,1,1,0,0,0,0,0,3
"Tspan33",63,157,110,93,181,145,106,116,217
"Zc3hc1",84,146,71,60,75,94,76,60,71
"Cpa2",0,3,0,1,0,0,0,0,0
"Mgam",0,0,0,0,0,0,0,1,0
"Prss58",0,0,0,0,0,0,0,0,0
"Tcaf2",0,0,0,0,0,0,0,0,0
"Zfp212",25,48,33,45,68,64,38,45,57
"Zfp783",10,38,5,14,1,17,19,11,17
"Oscar",2,0,0,0,0,0,0,0,0
"Cnot3",143,227,125,155,233,177,167,176,203
"Leng8",30,79,44,35,53,49,46,37,58
"Lilra5",12,12,17,47,105,112,163,93,104
"Ppp1r12c",454,726,484,407,556,450,500,472,520
"Kmt5c",91,164,126,230,467,421,460,256,311
"Shisa7",1,0,1,4,1,2,1,2,2
"Zfp628",71,159,96,38,41,32,57,65,79
"Ccdc106",46,58,37,36,78,74,102,55,85
"Nlrp2",0,0,0,0,0,0,0,0,0
"Galp",0,0,0,0,0,0,0,0,0
"Zfp954",19,24,19,5,6,9,15,21,10
"Zfp418",7,6,10,1,1,2,0,3,5
"Zfp772",21,47,20,16,12,17,19,26,16
"Zscan18",23,22,16,10,22,11,19,13,8
"Zscan22",9,2,2,2,8,3,17,5,6
"Zbtb45",79,136,64,60,85,88,101,84,80
"Pla2g4c",0,0,0,1,0,1,0,1,0
"Arhgap35",53,86,41,30,52,61,62,53,39
"Ap2s1",502,481,549,497,713,447,660,529,682
"Psg-ps1",0,0,0,0,0,0,0,0,0
"Igfl3",0,0,0,0,0,0,0,0,0
"Ccdc61",46,32,33,37,39,40,30,35,20
"Mypop",3,5,7,0,0,5,6,7,10
"Ppm1n",6,27,1,2,1,1,1,3,0
"Klc3",0,0,0,0,0,0,0,1,0
"Mark4",0,2,0,2,1,2,1,1,4
"Bloc1s3",33,56,37,30,43,42,30,52,33
"Ppp1r37",64,121,78,41,96,67,62,80,83
"Vmn1r178",0,0,0,0,0,0,0,0,0
"Vmn1r180",0,0,0,0,0,0,0,0,0
"Zfp114",0,0,0,0,0,0,1,0,0
"Zfp428",14,43,18,9,3,8,15,6,4
"Phldb3",6,7,16,26,12,10,10,7,15
"Lypd10",0,0,0,0,0,0,0,0,0
"Lypd4",0,0,0,0,0,0,0,0,0
"Erfl",0,0,0,0,0,0,0,0,0
"Atp1a3",6,12,11,12,8,9,6,17,15
"Zfp574",26,39,30,23,21,69,75,25,43
"Cxcl17",0,0,0,0,0,0,0,0,0
"B3gnt8",8,9,5,14,8,13,7,7,6
"B9d2",152,140,137,105,154,121,81,124,169
"Hnrnpul1",16,10,17,25,19,24,14,26,34
"Nlrp9a",0,0,0,0,0,0,0,0,0
"Cyp2a22",0,0,0,0,0,0,0,0,0
"Itpkc",83,120,56,35,44,54,69,76,69
"Blvrb",89,146,82,136,240,205,261,185,293
"Hipk4",1,0,0,0,0,1,3,0,0
"Samd4b",213,310,173,129,343,305,336,266,315
"Nccrp1",0,0,0,1,2,0,0,0,1
"Fbxo27",0,0,0,0,0,0,0,0,0
"Rasgrp4",30,32,21,14,43,44,61,31,70
"Zfp790",28,39,16,19,14,17,31,22,13
"Zfp940",3,9,8,3,0,2,2,7,4
"Zfp420",3,16,14,12,12,7,8,9,7
"Zfp382",4,8,1,2,2,0,2,3,3
"Wdr62",11,29,19,49,45,50,21,21,38
"Alkbh6",176,241,215,128,211,183,116,186,252
"Syne4",3,23,19,8,7,6,8,14,11
"Lrfn3",4,5,12,15,13,11,13,8,17
"Arhgap33",7,13,6,11,7,14,5,2,15
"U2af1l4",112,178,130,97,103,106,86,97,83
"Gm4883",0,1,3,0,0,0,0,0,1
"Ffar2",1,0,0,0,0,0,0,0,0
"Ffar3",0,0,0,0,0,0,0,0,0
"Ffar1",0,0,0,0,0,0,0,0,0
"Scgb2b24",0,0,0,0,0,0,0,0,0
"Scgb2b27",0,0,0,0,0,0,0,0,0
"Garre1",154,202,145,64,151,99,100,112,146
"Kctd15",0,0,1,0,0,7,0,0,0
"Dpy19l3",43,27,23,24,31,48,46,29,31
"Zfp939",4,11,1,0,2,3,5,3,2
"Gm4884",0,0,0,0,0,0,0,0,0
"AI987944",79,108,89,88,80,67,44,82,72
"Siglecf",28,13,45,167,225,168,142,163,222
"Lim2",0,0,0,0,0,0,0,0,0
"Ctu1",34,58,26,17,22,43,26,16,22
"Mybpc2",0,1,0,0,0,0,0,0,0
"Tbc1d17",77,111,122,124,151,141,97,145,188
"Scaf1",78,166,69,83,88,67,70,67,95
"Prr12",83,170,84,76,74,82,86,78,76
"Mrgpra1",0,0,0,0,0,0,0,0,0
"Mrgpra3",0,0,0,0,0,0,0,0,0
"Mrgprb4",0,0,0,0,0,0,0,0,0
"Mrgprb1",0,0,0,0,0,0,0,0,0
"Ano5",0,0,0,0,0,0,0,0,0
"Luzp2",2,5,1,0,0,0,0,0,0
"Siglech",1344,1366,1129,1941,1583,1473,1129,1490,1705
"Tubgcp5",131,179,142,212,185,135,171,233,183
"Nipa1",13,27,12,20,15,24,17,12,24
"Mtmr10",73,102,42,21,57,59,41,42,70
"Lrrk1",225,379,190,239,444,357,343,243,316
"Adamts17",1,1,0,0,0,0,1,0,0
"Synm",2,0,0,0,1,0,0,0,0
"Vps33b",43,86,46,30,41,50,48,37,38
"Prc1",0,6,0,15,10,13,4,1,19
"Zfp592",151,238,124,147,216,181,150,224,177
"Tmc3",0,1,0,0,0,0,0,0,0
"Vmn2r66",0,0,0,0,0,0,0,0,0
"Vmn2r71",0,0,0,0,0,0,0,0,0
"Picalm",848,629,818,969,1229,651,768,835,1202
"Crebzf",69,99,53,119,131,106,84,102,136
"Kctd14",3,4,3,2,1,0,2,2,0
"Rsf1",64,94,70,100,158,78,122,139,145
"Gdpd4",0,0,0,0,0,0,0,0,0
"A630091E08Rik",0,0,0,0,0,0,0,0,0
"Emsy",131,169,122,169,118,130,111,146,148
"Mogat2",0,0,0,0,0,0,0,0,0
"Gdpd5",15,20,30,13,19,14,13,9,34
"P2ry6",457,616,463,647,837,787,869,681,855
"Pgap2",65,147,25,62,87,87,100,75,103
"Or52m2",0,0,0,0,0,0,0,0,0
"Gm4887",0,0,0,0,0,0,0,0,0
"Cnga4",0,0,0,0,0,0,0,0,0
"Dchs1",2,2,4,0,0,1,1,1,0
"Or6b9",0,0,0,0,0,0,0,0,0
"Tmem41b",29,56,28,50,68,49,41,50,52
"Ipo7",18,29,10,9,4,5,18,10,4
"Galnt18",0,0,2,1,0,1,0,1,0
"Spon1",184,58,111,12,13,15,2,9,10
"Insc",0,0,0,0,0,0,0,0,0
"Plekha7",0,0,0,0,0,0,0,0,0
"Xylt1",0,0,0,0,0,0,0,0,1
"Smg1",63,165,86,129,123,62,109,153,163
"Acsm2",0,0,0,0,0,0,0,0,0
"Acsm4",0,0,0,0,0,0,0,0,0
"Thumpd1",65,154,53,28,49,64,37,47,40
"Dcun1d3",25,16,11,11,24,13,7,18,13
"Ldaf1",72,164,99,64,122,139,87,83,115
"Abca16",0,0,0,0,0,0,0,0,0
"Mosmo",49,63,28,44,33,30,34,48,35
"Vwa3a",0,0,0,0,0,0,0,0,0
"Cog7",32,68,33,35,32,58,65,53,29
"Palb2",5,14,7,25,9,17,12,15,19
"Tnrc6a",573,1239,529,451,585,362,605,546,447
"Slc5a11",0,0,1,0,3,1,0,0,4
"Gtf3c1",52,44,36,29,44,27,52,48,43
"Katnip",30,41,24,17,29,46,35,19,49
"Tufm",59,76,45,52,72,71,98,74,118
"Atxn2l",454,708,436,510,807,802,748,526,777
"Ino80e",277,328,168,217,216,232,194,221,280
"Hirip3",56,32,16,73,47,78,44,55,55
"Kctd13",39,119,49,22,48,61,38,36,66
"Sez6l2",9,27,4,8,7,6,7,2,13
"Asphd1",0,1,0,0,0,0,2,0,0
"Zfp553",8,52,15,9,15,13,15,14,12
"Zfp768",65,91,62,57,71,74,63,78,55
"Zfp764",33,42,24,20,21,20,11,19,18
"Prr14",92,142,68,63,141,126,142,106,145
"Cfap119",11,5,7,14,5,13,6,14,15
"Rnf40",129,287,142,66,99,93,127,100,121
"Fbxl19",11,27,13,27,23,23,18,23,20
"Setd1a",112,185,96,77,93,93,94,121,87
"Zfp646",33,62,40,39,30,30,40,21,26
"Fus",509,742,351,436,355,545,379,445,492
"Armc5",478,905,316,586,514,643,483,490,509
"Rusf1",41,54,34,49,74,56,51,51,51
"4933402N03Rik",0,0,0,0,0,0,0,0,0
"Gpr26",0,0,0,0,0,0,0,0,0
"Ppfia1",66,113,63,33,72,66,86,64,85
"Tpcn2",193,256,122,117,218,205,212,150,205
"Zfp958",42,95,36,10,19,5,27,38,17
"Arglu1",307,477,286,326,475,247,339,400,406
"Pcid2",4,18,3,6,19,4,17,2,4
"Adprhl1",0,0,0,0,0,0,0,0,0
"Tmco3",33,42,10,31,60,53,61,27,41
"Erich1",43,74,21,23,55,16,36,40,25
"Arhgef10",0,2,2,0,1,2,1,0,0
"Tpte",0,0,0,0,0,0,0,0,0
"Dkk4",0,0,0,0,0,0,0,0,0
"Nsd3",103,133,109,108,134,98,98,109,141
"Tti2",81,184,59,25,69,41,64,52,72
"Mboat4",0,0,0,0,0,0,0,0,0
"234159",0,1,0,0,1,0,0,0,0
"Fgl1",1,0,0,2,0,1,0,0,0
"Sorbs2",0,0,0,0,0,0,0,0,0
"Helt",0,0,0,0,0,0,0,0,0
"Neil3",0,0,0,21,14,5,4,12,10
"Gpm6a",3,4,0,2,0,2,5,4,3
"BC030500",0,0,0,0,0,0,0,0,0
"Cbr4",34,39,30,42,79,46,26,57,52
"Ddx60",40,86,49,105,77,29,34,80,66
"Trim60",0,0,0,0,0,0,0,0,0
"Naf1",22,44,14,7,20,20,13,33,18
"Psd3",5,7,1,6,4,7,2,4,15
"Csgalnact1",0,1,0,0,0,0,0,0,0
"Zfp930",66,105,38,34,14,9,18,29,26
"Zfp868",35,48,26,33,18,13,18,15,14
"Yjefn3",5,4,6,1,3,1,0,6,4
"Gatad2a",162,230,141,88,118,131,155,147,145
"Tmem161a",170,276,123,85,108,148,143,103,141
"Sugp2",85,145,64,74,123,106,96,75,125
"Ddx49",222,305,194,69,130,123,142,151,146
"Klhl26",10,32,20,13,19,10,18,21,33
"Mpv17l2",156,198,133,61,89,91,78,83,113
"Ccdc124",130,162,83,107,144,109,150,115,193
"Ushbp1",0,0,0,0,0,2,0,0,0
"Ankle1",0,0,0,15,12,5,0,5,5
"Nxnl1",0,0,0,0,1,2,0,0,1
"Colgalt1",270,281,295,327,536,512,431,455,630
"Zfp961",14,32,6,28,35,6,12,35,21
"Cib3",0,0,0,0,0,0,0,0,0
"Tmem184c",70,109,62,66,35,27,43,87,57
"Gm4890",9,4,0,11,0,8,3,3,7
"Inpp4b",21,19,17,26,48,22,27,24,28
"Rtbdn",0,1,0,0,0,0,0,0,0
"Heatr3",126,215,93,35,38,39,63,65,30
"Ces1f",0,0,0,0,0,0,0,2,0
"Cpne2",2,12,5,2,0,7,5,2,7
"Ccdc102a",21,60,41,24,38,34,27,38,44
"Ndrg4",4,11,3,2,6,1,2,2,1
"Cnot1",67,116,84,89,144,122,127,89,134
"Slc38a7",117,217,148,129,214,247,119,176,252
"A330008L17Rik",0,1,0,0,0,1,0,0,0
"Dync1li2",87,161,73,59,77,79,83,83,85
"Nae1",60,61,46,48,17,27,44,63,36
"Ces2b",0,0,0,0,0,0,0,0,0
"Ces2c",0,0,0,0,0,0,0,0,0
"Ces2e",0,0,0,0,0,0,0,0,0
"Ces4a",0,0,0,0,0,0,0,0,0
"Phaf1",150,249,130,80,147,154,141,115,122
"Elmo3",3,9,3,8,11,3,8,7,7
"Fbxl9",11,24,4,3,7,5,3,6,10
"Fhod1",154,231,89,136,139,272,224,196,151
"Carmil2",2,7,4,1,9,5,10,1,1
"Edc4",102,212,94,49,103,103,123,95,97
"Nrn1l",6,2,1,6,0,1,1,5,3
"Txnl4b",26,19,14,30,24,10,13,12,23
"Tat",0,0,0,0,0,0,0,0,0
"Zfp612",0,1,0,2,0,0,3,0,4
"Cmtr2",14,63,14,7,9,18,16,28,18
"Vac14",201,430,147,153,159,174,217,174,176
"Fcsk",60,78,40,31,48,39,64,43,54
"Ddx19b",23,81,13,16,21,27,11,23,18
"Aars1",211,343,179,196,314,217,200,194,304
"Rfwd3",8,23,11,28,20,44,13,28,19
"Tmem231",8,23,3,5,12,12,3,5,5
"Atmin",88,179,110,138,179,157,165,199,178
"Plcg2",497,674,562,585,755,748,585,560,901
"Slc38a8",0,0,0,0,0,0,0,0,0
"Klhl36",37,59,36,33,44,52,76,44,50
"6430548M08Rik",90,76,121,38,103,71,121,99,87
"Mthfsd",5,18,18,30,41,36,23,33,49
"Klhdc4",109,154,86,90,64,53,83,92,64
"Il17c",0,0,0,0,0,0,0,0,0
"Piezo1",247,575,177,261,211,169,218,219,227
"Spg7",68,55,53,108,123,134,121,89,123
"Chmp1a",148,266,104,104,171,169,140,107,169
"Cdk10",94,135,112,166,291,243,269,219,248
"Spire2",0,0,0,0,0,0,0,0,0
"6030466F02Rik",0,0,0,0,0,0,0,0,0
"Nup133",70,151,56,55,60,54,83,84,60
"Ttc13",102,109,107,139,318,266,225,219,250
"Map3k21",0,0,0,0,0,0,0,0,0
"Gucy1a2",0,0,0,0,0,0,0,0,0
"Mmp27",0,0,0,0,0,0,0,0,0
"Cfap300",0,0,0,0,0,0,0,0,0
"Cep126",0,3,0,0,0,0,0,0,0
"Med17",97,122,73,68,116,77,99,113,109
"Deup1",0,0,0,0,0,0,0,0,0
"Slc36a4",5,13,4,0,2,1,1,3,4
"Mbd3l2",0,0,0,0,0,0,0,0,0
"Zfp426",53,94,53,30,46,26,44,74,49
"Rdh8",0,0,0,0,0,0,0,0,0
"Ppan",556,863,492,164,189,294,282,216,200
"Atg4d",67,93,66,41,72,42,51,41,51
"Kank2",1,13,6,13,3,14,9,13,15
"Tmem205",20,30,19,74,130,86,105,69,135
"Plppr2",2,2,2,1,1,2,1,3,1
"Zfp809",31,64,23,40,42,27,14,27,17
"Zfp599",2,1,0,1,2,0,0,0,5
"Zfp810",41,73,77,78,73,70,57,131,96
"Cypt4",0,0,0,0,0,0,0,0,0
"Septin7",107,93,70,103,111,73,87,73,96
"Igsf9b",0,0,0,0,0,0,0,0,0
"Ntm",1,1,0,0,1,2,0,0,1
"Adamts15",0,0,0,0,0,0,0,0,0
"Zbtb44",45,77,31,30,56,22,36,45,59
"Nfrkb",62,120,37,42,63,66,64,57,52
"Tmem45b",0,0,0,0,0,0,0,0,0
"Foxred1",80,148,84,65,133,138,163,115,145
"Fez1",0,0,0,0,0,0,0,0,0
"Msantd2",73,78,30,48,40,57,61,44,46
"Or8g33",0,0,0,0,0,0,0,0,0
"Or10d1b",0,0,0,0,0,0,0,0,0
"Scn3b",0,0,0,2,0,0,2,0,0
"Gramd1b",17,52,20,2,18,4,22,8,7
"Sc5d",15,14,9,8,9,10,14,13,9
"Tlcd5",0,1,0,0,0,0,0,0,0
"D630033O11Rik",0,0,0,0,0,0,0,3,0
"C1qtnf5",0,0,0,0,0,0,0,0,0
"Rnf214",14,52,38,47,45,34,45,53,64
"Zbtb16",104,128,162,5,6,7,0,5,2
"Usp28",14,29,9,16,27,26,16,15,27
"Gm4894",0,0,0,0,0,0,0,0,0
"Ttc12",19,32,22,12,19,27,20,20,36
"Dlat",97,168,89,60,84,70,113,75,55
"Sik2",18,69,34,12,44,8,24,30,25
"Hoatz",0,0,0,0,0,0,0,0,0
"Gldn",0,0,0,0,0,0,0,0,0
"Dmxl2",69,103,33,20,20,34,38,51,37
"Hykk",1,4,0,2,6,4,11,0,2
"Lingo1",1,2,2,0,0,2,0,2,2
"Snx33",2,12,3,5,1,3,4,17,2
"Cplx3",0,1,0,0,0,0,0,0,0
"Lman1l",0,0,0,0,1,0,0,0,0
"Coro2b",0,3,0,0,3,0,0,0,1
"Lctl",0,0,0,0,0,0,0,0,0
"Herc1",85,104,62,90,110,103,109,104,133
"Usp3",94,233,132,64,109,52,95,75,71
"Rab8b",113,280,103,76,162,142,110,113,145
"Gtf2a2",97,187,104,87,120,148,83,111,190
"Mindy2",232,378,263,274,340,278,275,324,329
"Zfp280d",54,116,56,47,68,55,53,59,61
"Prtg",0,1,0,0,0,0,1,0,0
"Atosa",15,22,34,28,51,34,37,46,52
"Leo1",53,107,40,30,36,33,45,42,62
"Slc17a5",63,69,50,40,127,79,81,71,89
"Cd109",0,0,0,0,0,0,0,0,0
"Plscr4",0,0,0,0,0,0,0,0,0
"Gk5",0,3,1,1,5,4,1,0,4
"Pxylp1",0,0,0,0,0,0,2,0,0
"Ppp2r3a",46,79,46,43,36,32,26,32,42
"Topbp1",104,254,109,255,176,199,159,216,204
"Dnajc13",149,219,138,172,234,191,204,246,246
"Atp2c1",105,110,64,123,144,126,143,167,162
"Glyctk",7,6,1,0,1,0,2,3,3
"Dusp7",59,75,58,111,121,178,155,93,134
"Parp3",98,82,105,114,187,184,145,150,180
"6430571L13Rik",0,6,0,0,0,3,0,1,1
"Camkv",1,9,2,4,0,10,1,4,2
"Apeh",119,124,73,128,148,154,120,119,168
"Atrip",70,116,67,53,79,87,72,75,86
"Plxnb1",0,10,0,8,6,3,0,1,4
"Fbxw19",0,0,0,0,0,0,0,0,0
"Scap",138,231,144,125,212,245,227,188,245
"Setd2",86,172,58,93,161,111,110,107,128
"Nbeal2",21,17,15,112,158,127,144,98,131
"Prss42",0,0,0,0,0,0,0,0,0
"Prss50",1,2,0,0,0,0,0,0,0
"Als2cl",4,17,19,17,25,16,32,14,20
"Fam240a",0,0,0,0,0,0,0,0,0
"Rtp3",0,0,0,0,0,0,0,0,0
"Dync1li1",12,24,18,9,27,42,26,29,19
"Acaa1b",0,0,0,1,1,0,1,4,2
"Zfp445",232,385,161,164,171,133,141,216,198
"Mrgpra2b",0,0,0,0,0,0,0,0,0
"Nlrp4g",0,0,0,0,0,0,0,0,0
"Mrgpra4",0,0,0,0,0,0,0,0,0
"Zfp65",39,40,25,22,28,47,34,38,40
"Igkv4-57",0,0,0,0,0,0,0,0,0
"Zfp825",10,10,3,0,6,7,4,6,12
"Pate14",0,0,0,0,0,0,0,0,0
"Igkv4-74",0,0,0,0,0,0,0,0,0
"Gm13238",0,0,0,8,0,0,0,1,0
"Dhrsx",0,0,0,0,0,0,0,0,0
"Slc22a26",0,0,0,0,0,0,0,0,0
"Zfp709",16,25,20,8,14,15,7,19,21
"Tcstv3",0,0,0,0,0,0,0,0,0
"Alms1",1,2,0,1,3,0,3,3,0
"Lancl3",0,0,0,0,0,0,0,0,0
"Slc22a29",0,0,0,0,0,2,0,0,0
"Ifi209",127,60,79,116,83,63,42,74,82
"5730507C01Rik",0,2,0,0,0,0,0,0,0
"Phf11b",184,258,174,238,177,268,92,170,246
"Or1af1",0,0,0,0,0,0,0,0,0
"Ago1",90,148,111,209,250,253,247,269,260
"Zfp352",0,0,0,0,0,0,0,0,0
"Phgdh",233,334,143,295,106,121,104,227,170
"Tcstv2a",0,0,0,0,0,0,0,0,0
"Gbp9",109,179,105,64,47,53,11,48,40
"Smok2b",0,0,0,0,0,0,0,0,0
"Spry3",0,0,0,0,0,0,0,0,0
"Pisd-ps1",18,46,27,48,56,44,30,49,58
"Sytl5",0,0,0,0,0,0,0,0,0
"H2al1j",0,0,0,0,0,0,0,0,0
"Nyx",0,1,0,0,1,0,0,0,0
"Slc9a7",4,2,1,3,3,9,2,10,0
"Rbm10",95,111,84,88,146,207,183,95,191
"Usp11",13,15,19,30,72,60,47,37,82
"Tesl1",0,0,0,0,0,0,1,0,0
"236774",0,0,0,0,0,0,0,0,0
"Gpr119",0,0,0,0,0,0,0,0,0
"Or11q2",0,0,0,0,0,0,0,0,0
"Or5o1",0,0,0,0,0,0,0,0,0
"Ints6l",320,453,320,546,693,475,524,623,668
"Mmgt1",51,81,60,64,48,20,50,64,41
"Slc9a6",33,59,26,29,32,20,27,43,43
"Adgrg4",0,0,0,0,0,0,1,0,0
"Gm4910",0,0,0,0,0,0,0,0,0
"Tmem185a",4,11,2,5,7,17,7,8,3
"Magea10",0,0,0,0,0,0,0,0,0
"Gm14743",0,0,0,0,0,0,0,0,0
"236891",0,0,0,0,0,0,0,0,0
"Pcyt1b",0,0,0,0,0,0,0,0,0
"Pdk3",70,76,45,33,55,53,46,43,57
"Klhl15",23,18,20,3,11,8,17,2,2
"Arhgef9",1,3,0,5,6,2,4,8,9
"Stard8",69,135,52,60,82,94,111,98,115
"Ercc6l",2,11,0,11,8,2,0,1,11
"Ube2dnl1",0,0,0,0,0,0,0,0,0
"Klhl4",0,0,0,0,0,0,0,0,0
"Dmtf1l",0,0,0,0,0,0,0,0,0
"Gm4916",0,0,0,0,0,0,0,0,0
"Nox1",0,0,0,0,0,0,0,0,0
"Tceal1",3,4,7,5,17,27,6,8,12
"Rbm41",18,52,15,26,40,17,12,14,20
"Nxt2",51,50,28,30,28,24,36,32,53
"Lhfpl1",0,0,0,0,0,0,0,0,0
"Gnl3l",38,41,26,15,11,19,8,22,27
"Adgrg2",0,0,0,0,0,0,0,0,0
"Ppef1",0,0,0,0,0,0,0,0,0
"Fancb",10,16,9,10,12,4,4,11,14
"Glra2",0,0,0,0,0,0,0,0,0
"Gemin8",10,6,8,10,23,25,10,9,11
"Ofd1",54,73,27,32,57,15,43,26,45
"237246",1,7,1,3,23,15,2,6,8
"Lrp11",16,29,5,8,5,9,6,13,4
"Zc3h12d",16,2,0,6,10,9,12,10,13
"Gm4922",0,0,0,0,0,0,0,0,0
"Il22ra2",2,0,0,1,2,0,0,0,0
"Il20ra",0,0,0,0,0,0,0,0,0
"Aldh8a1",0,0,0,0,0,0,0,0,0
"Tbpl1",102,171,65,94,131,144,122,130,164
"L3mbtl3",4,4,0,0,26,4,24,6,8
"Sh3rf3",0,0,0,0,0,0,0,0,0
"Adamts14",0,2,0,0,0,0,0,0,0
"Npffr1",0,0,0,0,0,0,0,0,0
"Lrrc3",80,135,175,305,482,528,363,330,450
"C2cd4c",0,0,0,0,0,1,0,0,0
"Mex3d",14,30,29,18,39,41,53,12,24
"Lingo3",0,0,0,0,0,0,0,0,0
"Zfp938",17,33,25,7,4,6,10,21,12
"Gm4924",15,10,15,14,7,4,3,6,8
"Ric8b",36,85,47,59,92,76,68,58,85
"Gm4925",0,3,0,0,0,0,0,1,3
"Gas2l3",5,60,15,14,18,8,14,19,11
"Cdk17",31,30,10,26,22,23,19,28,22
"Ccdc38",0,1,0,1,0,1,1,0,1
"Tmtc3",12,34,4,15,14,11,13,15,10
"Rassf9",0,0,0,0,0,0,0,0,0
"Ptprq",0,0,0,0,0,0,0,0,0
"Osbpl8",47,79,21,32,50,20,32,30,38
"Trhde",0,0,0,0,0,0,0,0,0
"Myrfl",0,0,0,0,0,0,0,0,0
"Lrrc10",0,0,0,0,0,0,0,0,0
"Stac3",7,32,7,13,27,22,15,13,29
"Ankrd52",14,19,2,7,13,5,10,10,5
"Pla2g3",0,3,0,0,0,0,0,0,0
"Npc1l1",3,6,1,0,0,1,0,1,0
"4932414J04Rik",0,0,0,0,0,0,0,0,0
"Eml6",10,14,7,7,13,10,19,11,25
"Gpr75",0,1,0,2,0,0,0,4,0
"Fbll1",0,0,4,0,0,0,0,1,0
"Timd7-ps",0,0,0,0,0,0,0,0,0
"Btnl9",0,0,0,0,0,0,0,0,0
"Zfp454",0,1,2,0,6,1,7,1,2
"Col23a1",2,0,1,1,3,4,3,0,0
"Sowaha",0,1,0,0,0,0,0,0,0
"237769",16,15,3,6,5,8,4,4,3
"Zfp867",7,16,18,4,11,15,11,10,9
"Mief2",22,58,10,30,29,21,25,39,32
"Smcr8",74,155,67,89,87,112,95,89,78
"Dnah9",0,0,0,0,0,0,0,0,0
"Pfas",42,75,36,29,18,29,33,26,24
"Slc13a5",0,0,0,0,0,0,0,0,0
"Rtn4rl1",98,133,228,480,647,632,562,664,650
"Trarg1",0,1,0,0,0,0,0,0,0
"Nsrp1",155,303,157,135,188,151,210,168,146
"Ssh2",1033,1200,1622,1472,2591,1432,1562,1333,2234
"Sarm1",2,3,1,1,5,6,2,2,1
"Atad5",28,21,19,63,30,19,14,24,27
"1700071K01Rik",0,0,0,0,0,0,0,0,0
"Slfn9",4,10,0,7,4,4,11,5,5
"Slfn10",31,37,25,9,5,7,4,12,1
"Coro1b",689,1408,554,726,1204,1429,1061,912,1262
"Slfn14",0,0,0,0,0,0,0,0,0
"Gas2l2",0,0,0,0,0,0,0,0,0
"Usp32",46,104,58,67,77,51,46,61,75
"Coro1c",583,870,680,246,281,390,416,351,367
"Brip1",4,0,1,30,10,10,1,8,10
"Adam23",0,0,1,0,0,0,0,0,0
"Rsad1",51,112,44,12,48,33,52,39,40
"Phospho1",0,0,1,0,0,0,0,0,5
"Adam25",0,0,0,0,0,0,0,0,0
"Ttll6",0,0,0,0,0,0,0,0,0
"Krt39",0,0,0,0,0,0,0,0,0
"Adamts5",0,0,0,0,0,0,0,4,0
"Aoc2",7,39,9,1,10,11,3,7,13
"Gpatch8",68,158,63,61,72,58,78,92,80
"Agr2",0,0,3,0,0,0,0,0,1
"Lrrc37a",0,0,0,0,0,0,0,0,0
"Sppl2c",0,0,0,0,0,0,0,0,0
"Aplnr",0,5,0,2,0,2,0,1,1
"Akt3",9,16,9,12,4,14,11,6,18
"Sdk2",0,0,0,0,0,0,0,0,0
"Otop2",0,0,0,0,0,0,0,0,0
"Cdr2l",0,3,0,0,0,1,0,2,0
"Aloxe3",1,6,3,1,2,4,8,4,11
"Enpp7",0,0,0,0,0,0,0,0,0
"Amfr",182,216,115,199,260,225,246,165,204
"Fscn2",0,1,0,0,0,2,0,0,0
"Hexd",46,103,61,64,62,75,74,82,70
"Fn3krp",2,1,0,0,0,0,0,0,0
"Wdcp",5,5,1,11,8,14,2,1,7
"Apc2",0,0,2,0,2,0,2,1,0
"Apob",24,6,20,16,13,3,11,6,19
"Gdf7",0,0,0,0,0,0,0,0,0
"Arih1",111,238,76,89,99,69,82,117,107
"Arih2",131,287,138,74,132,140,124,108,169
"Gm4928",0,3,0,0,0,0,0,0,0
"Kcns3",0,0,0,0,0,0,0,0,0
"Ash2l",68,58,48,40,61,94,75,72,74
"Cog5",25,43,26,8,20,22,17,21,29
"Dock4",38,65,48,50,110,66,116,73,135
"Akap6",0,0,0,0,0,0,0,2,0
"Lrfn5",0,0,0,0,0,0,0,0,0
"Bace1",9,4,3,1,13,2,4,0,4
"Rpl10l",0,0,0,0,0,0,0,0,0
"Arid4a",72,120,134,136,216,122,152,214,210
"Banf1",195,192,148,148,196,203,233,144,157
"Gpr135",0,0,0,0,0,0,0,0,0
"Tmem30b",0,0,0,0,0,0,0,0,0
"Syt16",0,0,0,0,0,0,0,0,0
"Bpnt1",31,68,30,15,49,36,45,10,29
"Kcnh5",0,0,0,0,0,0,0,0,0
"Akap5",1,0,0,6,4,2,2,7,2
"Popdc1",0,0,0,0,0,0,0,0,0
"C1ql1",0,0,0,5,0,0,0,2,0
"Capn10",31,44,37,27,40,59,29,40,31
"Car14",2,0,0,0,0,0,0,1,0
"Mideas",156,250,108,54,96,57,102,95,102
"Xcr1",0,0,0,0,4,0,0,0,0
"Rps6kl1",0,0,1,0,0,0,0,1,0
"Vash1",342,697,300,372,316,292,297,320,365
"Cd52",1637,1459,1310,3314,5330,2790,3883,4264,4747
"Irf2bpl",164,256,171,253,363,388,307,253,334
"Zdhhc22",0,0,0,0,0,0,0,0,0
"Samd15",0,0,0,1,0,0,0,0,0
"Cdc6",1,2,3,32,6,13,12,15,16
"Cdh20",0,0,0,0,0,0,0,0,0
"Cfdp1",57,68,45,55,58,105,83,66,62
"Gpr68",0,0,0,0,0,0,0,0,0
"Slc24a4",0,1,0,0,0,0,0,0,0
"Btbd7",41,67,30,38,63,21,41,44,73
"Serpina3f",5,37,7,1,0,0,0,0,0
"Serpina3j",0,0,0,0,0,0,0,0,0
"Adam6b",0,0,0,0,0,0,0,0,0
"Adam6a",0,0,0,0,0,0,0,0,0
"Ighv2-3",0,0,0,0,0,0,0,0,0
"Ighv14-3",0,0,0,0,0,0,0,0,0
"Ighv6-6",0,0,0,0,0,0,0,0,0
"Clca1",2,0,0,0,0,0,0,0,0
"Igha",19,30,25,5,6,98,8,189,7
"Ighv1-62-2",0,0,0,0,0,0,0,0,0
"Clec5a",699,764,346,288,233,239,364,333,285
"Macc1",0,1,0,0,0,0,0,0,0
"Tubal3",0,0,0,0,0,0,0,0,0
"Klf6",819,1160,937,369,634,469,607,577,760
"Pappa2",0,0,0,0,0,0,0,0,0
"Mtr",48,66,45,53,63,66,70,48,64
"Def6",177,325,193,62,105,96,86,74,110
"Def8",38,59,27,17,34,31,26,30,26
"Defa17",0,0,1,1,0,0,0,0,0
"Btn2a2",0,0,0,0,0,0,0,0,0
"Dido1",81,185,75,115,123,133,100,89,122
"Mylk4",0,0,0,0,0,0,0,0,0
"Serpinb6d",0,0,0,0,0,0,0,0,0
"Dmtf1",114,122,68,145,157,110,122,154,148
"Dlg2",1,11,3,0,0,0,2,2,2
"Dand5",7,13,4,21,13,26,24,13,23
"Spata31d1b",0,9,0,0,0,0,0,0,0
"Spata31d1d",0,0,0,0,0,0,0,0,0
"Zfp367",13,31,10,34,13,21,10,26,18
"Cntnap3",0,0,0,0,0,0,0,0,0
"Spata31d1c",0,0,0,0,0,0,0,0,0
"Zfp458",1,0,1,2,2,0,0,0,2
"Zfp874a",3,1,0,0,1,0,2,2,0
"Zfp58",21,25,17,1,3,8,5,11,2
"Ets1",12,19,0,0,7,6,12,6,0
"Ets2",308,620,160,42,67,68,92,57,104
"Zfp72",3,0,5,0,0,2,0,0,1
"Gpr150",4,3,2,3,5,2,0,0,6
"Fam81b",0,0,0,0,0,0,0,0,0
"Faim",144,179,99,72,77,75,87,98,85
"Farsb",178,157,135,97,169,153,148,170,141
"Fbln5",0,2,0,1,0,0,0,0,0
"Fiz1",66,157,66,46,39,52,40,76,68
"Fxr2",256,335,263,198,323,294,261,262,322
"Tnpo1",41,129,30,28,28,29,40,32,28
"Fyb1",786,1836,260,535,731,460,944,729,780
"Zfp366",0,0,0,0,0,0,0,0,0
"G3bp2",373,509,258,327,437,335,410,567,376
"Gadd45g",142,70,248,129,153,166,97,100,252
"Cldn34b3",0,0,0,0,0,0,0,0,0
"Ppwd1",57,60,22,37,46,23,49,35,61
"Gmcl1",21,17,21,8,14,13,13,16,27
"Gdf15",5,10,2,4,1,11,0,1,1
"Ggt5",33,12,11,145,305,233,186,139,301
"Pde4d",8,19,7,21,9,6,13,3,13
"Gapt",0,0,0,0,0,3,0,1,0
"Gpc6",0,0,0,0,0,0,0,0,0
"Actbl2",0,0,0,0,0,0,0,0,0
"Cdc20b",0,0,0,0,0,0,0,0,0
"Gpr34",104,36,104,522,308,177,239,405,300
"Grem1",0,0,0,0,0,0,0,0,0
"Grem2",0,0,0,0,0,0,0,0,0
"Cdhr18",0,0,0,0,0,0,0,0,0
"Gtf2h2",168,241,159,253,158,247,154,302,223
"Hax1",37,31,10,19,13,25,11,20,22
"Erc2",0,0,0,0,0,2,0,0,1
"Hcst",116,130,123,149,293,181,281,185,228
"Ogdhl",0,0,0,0,0,0,0,0,0
"Arhgap22",132,103,98,453,624,558,542,297,676
"Antxrl",0,0,0,0,0,0,0,0,0
"4930596D02Rik",0,0,0,0,0,0,0,0,0
"Lrit1",0,0,0,0,0,0,0,0,0
"Lrit2",0,0,0,0,0,0,0,0,0
"Hs2st1",32,43,27,40,73,44,44,69,67
"Tlr11",0,1,0,0,0,2,0,4,6
"Ccnb1ip1",0,0,0,0,0,0,0,0,0
"Cdh24",0,0,0,0,0,0,0,2,0
"Homez",14,13,7,12,22,20,32,24,33
"Zfhx2",11,4,9,28,56,46,54,21,31
"Il17d",2,5,10,0,0,0,0,0,0
"Rhof",1,4,4,3,3,1,3,2,1
"Setdb2",38,98,30,26,19,24,17,42,22
"C1qtnf9",3,2,1,1,0,2,2,3,7
"Dleu7",0,0,0,0,0,0,0,0,0
"Gucy1b2",0,0,0,0,0,0,0,0,0
"Pnma2",0,4,0,2,0,2,0,1,0
"Synb",0,0,0,0,0,0,0,0,0
"Impdh1",31,75,15,7,11,14,25,11,8
"Fhip2b",58,90,63,54,56,54,76,59,64
"Impdh2",132,121,86,67,74,97,106,80,60
"Enox1",0,0,0,0,0,0,0,0,0
"Insl5",0,0,0,0,0,0,0,0,0
"Insrr",0,0,0,0,0,0,0,1,0
"Sh2b2",123,198,106,231,282,376,294,228,334
"Kctd12",1231,3152,608,1088,943,591,962,980,1165
"Jtb",354,475,326,255,410,371,377,363,424
"Aadat",0,0,0,0,0,0,0,0,0
"Katna1",129,153,53,44,80,88,39,66,100
"Kel",0,0,0,0,0,0,0,1,0
"Slitrk6",0,0,0,0,0,0,0,0,0
"Krtap14",0,0,0,0,0,0,0,0,0
"Abcc4",41,119,25,34,33,57,53,43,56
"Lamc3",0,0,0,0,0,0,0,0,0
"Oxgr1",0,0,0,0,0,0,0,0,0
"Plcxd3",0,0,1,1,0,0,1,0,0
"Card6",23,35,35,77,108,120,55,121,133
"Rxfp3",0,0,0,0,0,0,0,0,0
"Adamts12",0,0,0,0,0,0,0,0,0
"Ly6h",1,12,3,0,0,3,0,4,0
"Lynx1",1,3,2,1,3,1,0,0,0
"Tspyl5",0,0,0,0,0,0,0,0,0
"Erich5",0,0,0,0,0,0,0,0,0
"Mab21l2",0,0,0,0,0,0,0,0,0
"Map2k5",56,83,75,53,50,72,69,78,81
"Mapk7",80,123,56,49,82,76,121,38,62
"Lrp12",29,49,29,19,22,32,26,28,43
"Rspo2",0,0,0,0,0,0,0,0,0
"Tmem74",0,0,0,0,0,0,0,0,0
"A930017M01Rik",0,0,0,0,0,0,0,0,0
"Mta2",176,327,137,138,147,151,150,179,197
"Csmd3",34,55,49,51,112,26,41,65,86
"Esyt1",272,474,293,254,358,500,418,326,515
"Aard",0,0,0,0,0,2,0,0,0
"Slc30a8",0,0,0,0,0,0,0,0,0
"Colec10",0,0,0,0,0,0,0,0,0
"Mgll",57,175,88,146,116,158,97,148,160
"Fam83a",0,0,0,0,0,0,0,0,0
"Mid2",0,2,0,0,0,0,0,0,0
"Mmp17",0,1,0,0,1,3,0,0,0
"Dnajb6",46,120,53,81,100,72,82,79,81
"Phf20l1",146,283,134,136,136,89,162,155,150
"Ago2",24,54,24,21,9,5,13,21,25
"Gpr20",0,0,0,0,0,0,0,0,0
"Nek3",6,12,20,11,14,18,18,11,19
"Zfp647",2,13,1,4,1,11,6,6,2
"Nek4",7,6,4,8,14,8,7,13,20
"Apol8",0,1,0,0,0,0,0,0,0
"Foxred2",2,0,2,0,0,0,0,0,0
"Mief1",64,124,50,27,35,29,33,45,49
"Cacna1i",0,2,0,0,0,0,0,0,0
"A4galt",0,1,0,0,0,0,0,0,0
"Neu2",0,0,0,0,0,0,0,0,1
"Nr0b2",0,1,0,0,3,9,4,0,16
"Ttc38",57,79,67,65,140,94,66,63,102
"Nr2e3",0,0,0,0,0,0,0,0,0
"Nt5e",0,0,0,0,0,0,1,1,0
"Ttll8",0,0,0,0,0,0,0,0,0
"Oas1g",4,3,4,11,0,0,1,11,6
"Slc2a13",1,0,0,0,0,0,0,0,0
"Oas1b",22,67,15,32,35,45,21,30,28
"Muc19",0,0,0,0,0,0,0,0,0
"Pdzrn4",0,4,0,1,7,2,2,0,0
"Oasl2",172,175,117,195,139,194,56,144,178
"Tenm1",0,0,0,0,0,0,0,0,0
"Tenm2",1,0,0,0,0,1,1,1,1
"Pced1b",9,11,13,5,13,10,18,2,12
"Tenm3",0,0,0,0,0,0,0,0,0
"Ccdc184",0,1,0,0,0,0,0,0,0
"Zfp641",2,0,2,2,7,1,3,3,4
"C1ql4",0,0,0,0,0,0,0,0,0
"Tenm4",7,7,1,0,0,1,0,0,0
"Dip2b",91,152,76,219,249,244,225,193,229
"Osr1",0,0,0,0,0,0,0,0,0
"Krt90",0,0,0,0,0,0,0,0,0
"Nlrp5",0,0,0,0,0,0,0,0,0
"Pacsin1",11,14,14,10,9,7,3,6,5
"AU021092",0,0,1,0,0,0,0,0,0
"Pacsin2",276,531,276,201,372,336,330,276,384
"Mettl22",48,105,59,34,25,77,49,43,36
"Papss1",206,333,80,111,246,237,256,148,224
"Mrtfb",14,23,13,6,22,30,24,26,9
"Papss2",2,2,0,0,0,0,1,0,0
"Rimbp3",0,1,0,0,0,1,0,0,0
"Lamp3",1,0,0,0,0,0,0,0,0
"Klhl6",165,439,231,278,240,299,302,269,299
"Liph",35,31,35,115,118,104,94,96,175
"Ndufa11b",0,2,4,0,2,0,1,2,2
"Rtp1",0,0,0,0,0,0,0,0,0
"Gmnc",0,0,0,0,0,0,0,0,0
"Ostn",0,0,0,0,0,0,0,0,0
"Mb21d2",2,7,10,5,11,1,4,3,8
"Pebp1",44,69,80,54,59,92,56,45,70
"Pigz",0,6,2,15,25,12,8,18,25
"Pcbp1",492,543,405,370,567,681,532,416,561
"Lmln",104,83,78,57,153,55,82,67,118
"Ccdc14",21,22,24,9,9,13,10,6,15
"Pde10a",0,2,0,0,0,1,0,1,0
"Gpr156",0,7,1,0,0,0,0,0,0
"Cd200r4",2,3,9,1,1,0,0,3,0
"Slc26a4",0,0,0,0,0,0,0,0,0
"Zpld1",0,0,0,0,0,0,0,0,0
"Adgrg7",0,0,0,0,0,0,0,0,0
"Cadm2",1,0,0,0,0,5,0,2,0
"Eci2",275,548,342,179,366,281,258,276,333
"Pin1",249,561,246,178,207,251,210,209,260
"Med24",74,129,69,54,62,59,54,33,52
"Cib1",204,264,252,133,316,192,216,274,346
"Prkra",20,39,23,57,94,91,78,79,95
"Klk7",0,5,0,0,0,2,0,0,0
"Cldn17",0,0,0,0,0,0,0,0,0
"Krtap24-1",0,0,0,0,0,0,0,0,0
"Krtap27-1",0,0,0,0,0,0,0,0,0
"Dazap2",457,803,428,314,474,511,354,405,553
"Psmc4",385,563,264,196,245,297,246,227,285
"Psmd13",336,412,321,228,246,240,264,267,336
"Arid1b",58,124,59,63,90,86,86,60,74
"Twf2",251,331,235,506,755,938,682,568,837
"Ptpn21",18,55,20,12,28,18,31,22,12
"Tiam2",13,5,10,5,16,15,13,6,5
"Pnldc1",3,2,1,0,4,3,1,4,0
"Dact2",0,0,0,0,0,0,0,0,0
"Lnpep",40,75,40,26,39,24,30,41,23
"Zfp760",6,7,2,11,8,3,1,8,8
"Zfp994",31,48,62,36,35,24,27,59,33
"Rai2",0,0,0,0,0,0,0,0,0
"Zfp945",101,169,102,75,88,76,67,107,115
"Mmp25",1,7,2,3,1,1,0,0,0
"D630044L22Rik",0,0,0,0,0,0,0,0,0
"Neurl1b",2,9,5,7,5,0,7,2,3
"Syngap1",1,3,0,7,0,2,0,0,2
"Cpne5",2,1,0,0,0,0,0,0,0
"Zfp811",137,681,24,9,5,3,4,9,0
"Zfp799",16,24,15,11,26,18,9,21,8
"Zfp870",24,22,21,18,30,18,23,23,18
"Zfp952",27,32,30,15,35,29,32,40,47
"Zfp563",17,44,17,11,13,11,8,17,3
"Morc2b",0,0,0,0,0,0,0,0,0
"Cchcr1",7,5,5,62,34,27,11,28,22
"Mdc1",67,179,84,85,68,49,67,97,65
"H2-M5",0,0,0,0,0,0,0,0,0
"Ik",393,549,307,325,344,394,362,391,469
"Gm4945",0,0,0,0,0,0,1,0,0
"St6gal2",0,0,0,0,0,0,0,0,0
"Rgs7",3,0,0,0,0,0,0,1,0
"Zfp119b",13,27,13,14,17,7,19,10,15
"Fsd1",0,1,0,0,0,0,0,0,0
"Grk1",0,0,1,0,0,0,0,0,0
"Lrrc30",0,0,0,0,0,0,0,0,0
"Rnasel",31,34,60,56,58,39,41,62,73
"Abce1",188,258,105,107,87,64,96,125,106
"Gm4947",0,1,1,0,0,0,0,0,2
"Rasgrp3",173,400,214,390,511,228,333,479,506
"Rnf13",320,229,289,550,643,475,516,542,612
"Thada",20,50,22,31,31,64,39,38,48
"Rngtt",40,68,36,22,30,46,48,26,38
"Jcad",0,1,0,1,4,2,0,0,0
"Zfp438",9,16,12,15,15,24,33,12,12
"Slc4a9",0,0,0,0,0,0,0,0,0
"E230025N22Rik",0,1,0,0,0,0,0,0,0
"Gpr151",0,0,0,0,0,0,0,0,0
"Ythdc2",15,40,30,20,15,15,20,13,36
"Ccdc112",3,4,4,6,19,14,19,28,14
"Fem1c",29,28,14,15,21,17,15,29,34
"Dmxl1",52,105,63,111,83,30,77,63,92
"Mrps12",218,205,136,122,203,196,225,131,168
"Adamts19",0,1,0,0,0,0,0,0,0
"Iigp1c",34,22,37,51,35,37,21,23,50
"F830016B08Rik",11,2,11,19,34,16,11,28,36
"Slc6a7",0,3,0,0,1,0,0,0,0
"Pcyox1l",8,2,1,37,33,83,45,34,46
"Malt1",67,229,30,50,46,69,48,44,38
"Mex3c",82,96,55,23,58,25,45,44,65
"Loxhd1",0,0,0,0,0,0,0,0,0
"Setbp1",14,15,17,2,8,2,7,5,6
"Scamp2",1309,2039,1128,1428,2793,2307,2338,2059,2886
"Adnp2",8,23,27,15,19,13,28,12,19
"Kcng2",0,1,0,0,0,3,0,0,2
"Scamp3",149,273,164,153,344,290,287,170,267
"Scn11a",0,0,0,0,0,0,0,0,0
"Ccl19",0,0,0,0,0,0,0,0,0
"Zfp407",9,21,12,19,11,18,19,12,20
"Dipk1c",0,0,0,0,0,0,0,0,0
"Septin3",6,13,2,3,2,1,0,2,7
"Cdc42bpg",24,30,10,8,25,19,21,7,21
"Sgcb",77,133,63,63,74,83,59,67,49
"Ccdc85b",105,138,104,71,110,90,116,83,103
"Peli3",2,1,0,0,0,0,2,1,1
"Sgcd",0,0,0,0,0,0,0,0,0
"Sgcg",0,0,0,0,0,0,0,0,0
"Gm4952",0,0,0,0,0,0,0,0,0
"Sh3bp2",267,437,256,204,292,452,320,302,326
"Sh3bp5",20,77,41,13,35,36,52,42,31
"Sh3yl1",0,0,0,0,7,9,0,4,2
"Sigirr",0,4,2,5,4,0,0,7,7
"Slco2a1",0,0,0,0,0,0,0,0,0
"Dmrt3",0,0,0,0,0,0,0,0,0
"Kcnv2",0,0,0,0,0,0,0,0,0
"Slc35a1",57,72,58,54,88,76,64,50,70
"Smc1a",194,211,140,172,176,135,125,204,146
"Brd10",53,103,54,71,66,46,59,79,64
"Ranbp6",16,18,21,13,20,13,7,14,7
"Spry1",4,11,16,16,18,30,20,11,38
"Lipk",0,0,0,0,0,0,0,0,0
"Slc16a12",0,0,0,0,0,0,0,0,0
"Spry2",0,1,0,0,0,0,0,0,0
"Kif20b",7,17,2,17,14,12,3,6,13
"Spry4",1,3,4,0,0,0,3,0,0
"Slc35g1",8,16,8,5,3,4,6,3,4
"Ccnj",12,26,12,9,2,15,8,8,7
"Sec31b",2,0,2,0,4,0,1,0,0
"Srp54a",2,1,4,3,5,1,7,0,6
"Dusp5",0,0,0,3,0,1,0,2,0
"Vwa2",0,0,0,0,0,0,0,0,0
"Sra1",132,199,141,69,122,116,118,100,162
"Sufu",2,3,5,1,0,1,6,4,5
"St18",0,0,2,0,0,0,2,0,0
"Mcmdc2",0,5,7,1,7,1,0,0,6
"Mpdu1",616,1066,651,377,608,502,406,478,622
"Synj2bp",69,115,43,61,86,61,106,115,90
"Sulf1",0,0,0,0,1,0,0,1,0
"Slco5a1",0,0,1,0,0,0,0,0,0
"Taf7",17,39,9,12,19,14,22,16,37
"Taf10",310,296,268,253,345,299,328,269,346
"Pik3c2b",3,3,1,1,7,2,2,3,1
"Plekha6",1,6,1,1,0,0,0,4,1
"Lax1",0,0,0,0,0,0,0,0,0
"Mgat4f",0,0,0,0,0,0,0,0,0
"Klhl12",6,15,8,9,7,6,5,1,13
"Kcnt2",0,0,0,0,0,0,0,0,0
"Rgsl1",0,0,0,0,0,0,0,0,0
"Teddm2",0,0,0,0,0,0,0,0,0
"Teddm1a",0,0,0,0,0,0,0,0,0
"Map2k3os",16,16,8,17,15,23,14,22,12
"Natd1",20,34,15,54,65,63,38,54,77
"Tor1aip2",214,423,189,188,217,197,178,207,229
"Tekt2",7,5,2,3,2,8,9,7,7
"Brinp2",1,0,0,0,0,0,2,1,0
"Tlk2",79,120,49,35,65,43,53,45,46
"Zbtb37",10,11,10,2,6,6,5,13,6
"Tll2",2,3,1,0,0,0,0,0,0
"Tnfsf18",0,0,0,0,0,0,0,1,0
"Ntmt2",0,0,0,0,0,0,0,0,0
"Tlr2",2232,3633,828,607,830,1191,1222,811,778
"Scyl3",75,159,112,38,86,61,78,71,98
"Gpr161",0,0,0,0,0,0,0,0,0
"Styxl2",6,8,14,49,67,51,35,25,77
"Fmo9",0,0,0,0,0,0,0,0,0
"Lrrc52",0,0,0,1,0,0,0,0,0
"Adamts4",0,4,0,0,1,0,0,0,0
"Vsig8",0,0,0,0,0,0,0,0,0
"240921",43,42,26,33,11,34,7,18,45
"Dnah14",0,0,0,0,0,0,0,0,0
"Tnfsf13b",122,326,54,31,36,50,64,48,59
"Tpra1",123,287,240,244,377,355,324,274,292
"Trex2",0,0,0,0,0,0,0,0,0
"Pkhd1",0,0,0,0,0,0,0,0,0
"Gm4956",0,0,0,0,0,0,0,0,0
"Rbck1",138,251,115,107,187,176,166,105,182
"AA619741",0,0,0,0,0,0,0,0,0
"Pgap1",24,20,22,11,15,9,16,13,27
"Carf",0,1,1,9,3,2,5,6,3
"Cmklr2",0,0,0,0,0,0,0,0,0
"Dytn",0,0,0,0,0,0,0,0,0
"Plekhm3",43,105,62,59,94,63,60,60,72
"Ubd",0,0,0,0,0,0,0,0,0
"Ubl3",188,312,196,229,309,246,283,246,290
"Usp18",238,425,159,217,146,148,64,191,140
"Uts2",0,0,0,0,0,0,0,0,0
"Catip",4,6,2,3,17,13,8,2,17
"Prkag3",0,0,0,0,0,0,0,0,0
"Cfap65",0,0,0,0,0,1,0,0,0
"Asic4",0,0,0,0,0,2,0,0,0
"Vmn1r49",0,0,0,0,0,0,0,0,0
"Fam124b",0,0,0,0,0,0,0,0,0
"Vax2",0,0,0,0,0,0,0,0,0
"Nyap2",0,0,0,0,0,0,0,0,0
"Best1",2,5,11,10,5,9,17,6,14
"Ankmy1",0,0,0,0,0,0,0,0,0
"Neu4",0,0,0,0,0,0,0,0,0
"Nelfa",44,88,42,31,49,69,54,58,39
"Wif1",0,0,0,0,0,0,0,0,1
"Cntnap5b",0,0,0,0,0,0,0,0,0
"Serpinb13",0,0,0,0,0,0,0,0,0
"Serpinb10",0,0,0,1,0,0,0,0,0
"Cdh7",0,0,0,0,0,0,0,0,0
"Itga8",0,0,0,0,0,0,0,0,0
"St8sia6",0,4,2,18,29,13,6,17,19
"Gpr158",0,0,3,0,0,0,0,0,0
"Xrn1",41,62,41,32,38,43,27,30,44
"Pnpla7",270,289,463,611,864,776,507,573,799
"Noxa1",0,0,0,0,0,0,0,0,0
"Xrn2",177,260,134,178,149,184,133,215,211
"Ppp1r26",4,2,0,5,7,3,9,6,2
"Lrrc8a",108,138,167,104,149,146,126,143,163
"Fam78a",37,31,18,22,23,47,65,26,30
"Ralgps1",5,21,8,4,19,6,3,9,12
"Ldb3",0,0,0,0,0,0,0,0,0
"Zbtb34",39,83,35,56,99,74,74,75,80
"Zfp53",43,35,30,13,20,26,17,22,28
"Zbtb6",29,50,34,24,24,11,23,31,30
"Crb2",0,0,0,0,0,0,0,1,0
"Olfml2a",0,0,0,0,0,0,0,0,0
"Zfp68",66,97,49,66,49,21,67,68,88
"Zeb2",463,862,218,200,405,292,440,383,415
"Galnt5",0,0,0,0,0,0,0,0,0
"Xirp2",0,0,0,0,0,0,0,0,0
"Cers6",26,34,10,16,19,22,8,10,16
"Dhrs9",0,0,0,0,0,0,0,0,0
"Pde11a",0,0,0,0,0,0,0,0,0
"Rbm45",10,18,3,4,8,4,8,5,12
"Zfp385b",0,0,0,0,0,0,0,0,0
"Zfp804a",0,0,0,0,0,0,0,0,0
"Fsip2",0,0,0,0,0,0,0,0,0
"Fam171b",1,0,2,1,0,1,0,0,0
"Ypel4",0,0,0,0,0,0,0,0,0
"Lrrc55",0,0,0,0,0,0,0,0,0
"Harbi1",16,40,18,17,24,62,28,43,23
"Tspan18",2,2,0,42,42,47,18,28,46
"Lrrc4c",0,1,0,1,0,0,0,0,0
"Ldlrad3",0,0,0,1,0,0,0,0,12
"D430041D05Rik",0,1,0,0,0,0,0,0,0
"Pin1rt1",0,1,0,0,0,0,0,0,0
"Slc5a12",0,0,0,0,0,0,0,0,0
"241621",0,0,1,0,0,0,0,0,0
"Exd1",0,1,0,2,2,1,1,3,3
"Wdr76",7,24,11,28,16,10,13,21,13
"Atp8b4",1,2,1,0,0,0,0,1,0
"Spdye4c",0,0,0,0,0,0,0,0,0
"Tgm6",0,0,0,0,0,0,0,0,0
"Lzts3",13,25,11,19,22,29,13,12,18
"Fermt1",0,0,0,0,0,0,0,0,0
"Pak5",0,0,0,0,0,0,0,0,1
"Dzank1",2,12,0,4,0,0,1,1,0
"Ralgapa2",16,53,23,21,44,23,17,21,31
"Snph",1,1,8,7,4,15,5,14,8
"Tspyl3",11,12,10,7,6,7,9,8,8
"L3mbtl1",0,1,0,0,0,0,0,2,4
"Kcnk15",0,0,0,0,0,0,0,0,0
"Rims4",0,0,0,0,0,0,0,0,0
"Kcng1",0,0,0,0,0,0,0,0,0
"Lsm14b",54,47,33,36,46,44,44,32,21
"Abhd16b",0,0,0,0,0,0,0,0,0
"Slc10a5",0,0,0,0,0,0,0,0,0
"Phc3",120,207,85,90,125,80,93,144,156
"Slc7a14",0,3,0,0,0,0,0,0,0
"Gm57858",0,0,0,0,0,0,0,0,0
"Zfp267",48,68,33,27,21,17,24,46,26
"Bbs12",23,57,34,33,52,57,30,27,36
"Pabpc4l",0,0,0,0,0,0,0,0,0
"Frem2",1,0,0,0,0,0,0,1,0
"Ankub1",0,0,0,0,0,0,0,0,0
"Igsf10",1,4,15,30,28,16,15,15,21
"Ppm1l",54,77,14,20,35,9,21,29,16
"Rxfp4",0,0,0,0,0,0,0,0,0
"Pglyrp3",0,0,0,0,0,0,0,0,0
"Zfp697",20,21,31,26,17,39,28,24,32
"Vtcn1",0,0,0,0,0,0,0,0,0
"Mab21l3",1,7,0,0,0,0,0,0,0
"Slc22a15",6,9,2,0,1,0,0,1,1
"Kcna10",0,1,0,0,0,0,0,0,0
"Pde5a",0,0,0,0,0,0,1,2,0
"Lrit3",0,0,0,0,0,0,0,0,0
"Bank1",5,5,5,28,29,18,37,42,25
"Dnai3",0,0,0,0,0,0,0,0,0
"Slc44a5",0,1,0,0,0,0,0,0,0
"Lrrc7",0,0,2,0,0,0,0,0,2
"Sdr16c5",1,1,0,0,1,0,0,0,0
"Sdr16c6",0,0,0,0,0,0,0,0,0
"Bpnt2",66,84,30,39,43,30,69,50,43
"Fam110b",0,5,4,0,0,1,0,1,0
"Gdf6",0,0,0,0,0,0,0,0,0
"Atp6v0d2",0,0,0,0,0,0,0,0,0
"Manea",51,53,38,46,52,34,45,71,38
"Pm20d2",0,1,0,0,0,0,0,0,0
"Lingo2",0,0,0,0,0,0,0,0,0
"Rgp1",125,185,85,40,94,164,133,91,98
"Fam221b",0,0,0,0,0,0,0,0,0
"Tmem8b",8,16,13,5,8,9,6,3,7
"Dcaf10",48,90,57,23,49,34,36,53,50
"Gabbr2",0,0,0,0,3,0,0,0,0
"Grin3a",0,0,0,0,0,0,0,0,0
"Zfp462",1,0,0,0,1,0,0,0,0
"Tmem245",19,43,10,41,26,23,30,33,26
"242481",1,1,0,0,0,0,1,0,0
"D630039A03Rik",1,0,0,0,0,0,0,0,0
"Msantd5f1",0,0,0,0,0,0,0,0,0
"Rasef",0,0,0,0,0,0,0,0,0
"Frmd3",0,0,1,0,0,0,0,0,0
"Bnc2",0,0,0,1,0,0,3,0,0
"Ifna15",0,0,0,0,0,0,0,0,0
"Ifna12",0,0,0,0,0,0,0,0,0
"Klhl9",31,41,30,56,50,44,30,66,56
"Dmrta1",0,0,0,0,0,0,0,0,0
"Cyp2j12",0,0,0,0,0,0,0,0,0
"Kank4",0,2,0,0,0,0,0,0,0
"Atg4c",37,42,30,23,76,70,71,52,65
"Raver2",35,205,6,3,6,2,0,1,2
"C130073F10Rik",0,0,0,0,0,0,0,0,0
"Dnai4",1,9,0,5,4,3,2,8,5
"Slc35d1",10,6,9,0,15,1,1,6,1
"Fyb2",0,1,0,0,1,1,1,2,0
"Cimap2",0,0,0,0,0,0,0,0,0
"Cdcp2",0,0,0,0,0,0,0,0,0
"Slc1a7",0,0,0,0,0,0,0,0,0
"Podn",0,0,0,0,0,0,0,0,0
"Dmrta2",4,7,1,1,0,2,1,4,1
"Skint5",0,0,0,0,0,0,0,0,0
"Hpdl",9,5,3,0,0,0,0,0,0
"Dynlt4",12,15,17,6,10,6,8,6,13
"Cldn19",0,0,0,0,0,0,0,0,0
"Rims3",1,0,0,0,0,0,0,0,0
"Dlgap3",2,0,1,1,1,0,0,0,1
"Azin2",6,5,0,0,0,0,1,0,5
"Rab42",4,12,5,5,26,9,5,5,15
"Wasf2",476,627,387,185,304,123,191,275,289
"Gpatch3",64,94,42,33,46,38,47,46,60
"Ifnlr1",0,0,0,1,0,0,0,0,0
"Myom3",0,0,0,0,0,0,0,0,0
"E2f2",16,31,19,83,85,115,59,47,61
"Lactbl1",0,0,0,0,0,0,0,0,0
"Cela3a",0,0,0,0,0,0,0,0,0
"Klhdc7a",0,0,0,0,0,0,0,0,0
"Padi6",0,0,0,0,0,0,0,0,0
"Lrrc38",0,0,0,0,0,0,0,0,0
"Pramel12",25,35,15,15,33,26,15,28,24
"Oog4",0,0,0,0,0,0,0,0,0
"Zfp933",42,54,21,7,10,6,13,26,11
"Disp3",0,3,0,0,0,0,0,0,0
"Slc45a1",0,0,0,0,0,0,0,0,0
"Klhl21",38,58,39,19,29,48,45,35,33
"Ttc34",0,0,0,0,0,0,0,0,0
"Ankrd65",0,0,0,0,0,0,0,0,0
"Rundc3b",0,0,0,0,0,0,0,0,2
"Lrrd1",2,0,0,4,10,7,3,10,9
"Gnat3",0,0,0,0,0,0,0,0,0
"Rsbn1l",258,422,210,248,271,160,297,232,329
"Napepld",41,83,30,7,32,15,35,11,16
"Cct8l1",0,0,0,0,0,0,0,0,0
"Actr3b",1,1,0,0,0,0,0,0,0
"Gm4961",0,0,0,3,7,0,2,2,6
"Garem2",0,0,0,0,0,0,0,0,0
"Cpz",0,0,0,0,0,0,0,0,0
"Fbxl5",134,186,90,58,98,64,81,95,88
"Tmem156",1,2,2,0,4,0,0,0,0
"Kctd8",0,0,0,0,0,0,0,0,0
"Tecrl",0,0,0,0,0,0,0,0,0
"Tmprss11f",3,6,5,0,0,0,0,0,0
"Tmprss11e",0,0,0,0,0,0,0,0,0
"Ugt2b35",0,0,0,0,0,0,0,0,0
"BC051076",0,0,0,0,0,0,0,0,0
"Hsd17b13",0,0,0,0,0,0,0,0,0
"Slc49a3",37,86,37,35,44,41,71,57,65
"2900026A02Rik",3,2,7,10,7,7,11,12,17
"Oas1f",0,0,0,0,0,0,0,0,0
"Hcar1",0,0,0,1,0,0,0,0,0
"Sbno1",165,243,127,152,212,110,130,207,143
"Tmem132d",0,0,0,0,0,0,0,0,0
"Adgrd1",0,0,0,0,0,14,0,0,0
"Nyap1",1,2,0,0,1,18,1,2,1
"Gm4963",0,1,1,0,0,0,0,0,0
"A430033K04Rik",12,20,12,10,6,3,5,5,10
"Elfn1",0,0,0,0,0,0,0,0,0
"Slc29a4",0,2,0,0,0,0,0,0,0
"Tmem130",1,3,0,0,0,0,0,2,0
"Stard13",0,0,0,0,0,0,0,0,0
"Sspo",3,1,0,3,2,3,0,3,2
"Lrrc61",18,8,4,38,39,34,26,44,33
"Zfp775",17,26,8,15,26,28,28,15,15
"AI854703",0,0,0,0,0,0,8,0,2
"Gimap8",0,0,1,1,1,0,0,0,2
"Aoc1l1",0,0,0,0,0,0,0,0,0
"Aoc1l3",0,0,0,0,0,0,0,0,0
"Ppm1k",20,40,19,29,42,20,33,29,28
"Gprin3",0,0,0,0,0,0,0,0,0
"Qrfprl",0,0,0,0,2,4,2,2,1
"Igkv1-135",0,0,0,0,0,0,0,0,0
"Igkv1-132",0,0,0,0,0,0,0,0,0
"Igkv11-125",0,0,0,0,0,0,0,0,0
"Igkv9-124",0,0,0,0,0,0,0,0,0
"Igkv17-127",0,0,0,0,0,0,0,0,0
"Igkv14-100",0,0,0,0,0,0,0,0,0
"Igkv4-86",0,0,0,0,0,0,0,0,0
"Igkv4-81",0,0,0,0,0,0,0,0,0
"Igkv7-33",0,0,0,0,0,0,0,0,0
"Lrrtm4",0,0,0,0,0,0,0,0,0
"Ccdc142",1,1,5,8,0,3,7,3,5
"H1f10",6,9,1,0,2,4,1,0,1
"BC048671",0,0,0,0,0,0,0,0,0
"Uroc1",0,0,1,0,0,0,0,0,0
"Cfap100",0,0,0,0,0,0,0,0,0
"Grip2",3,1,0,2,0,0,0,0,0
"Prickle2",6,11,0,0,2,0,0,0,3
"Kbtbd8",13,24,9,1,4,0,2,7,9
"Ssu2",0,0,0,0,0,0,0,0,0
"Slc6a11",0,0,0,0,0,0,0,1,0
"Iqsec3",0,0,0,0,0,0,0,2,0
"Vmn2r24",0,0,0,0,0,0,0,0,0
"Ano2",0,0,0,0,0,0,0,0,0
"Clec1a",0,0,0,0,0,0,0,1,0
"Klre1",0,0,0,0,0,0,0,0,0
"Styk1",2,0,0,0,0,0,0,0,0
"Ppp1r9a",68,46,53,221,481,265,271,281,387
"Plxna4",15,47,30,78,106,50,73,87,105
"Slc23a4",1,4,0,5,0,0,0,1,0
"Slc13a4",0,0,0,0,0,0,0,0,0
"Chrm2",0,0,0,0,0,0,0,0,0
"Parp12",298,332,240,281,320,337,219,309,349
"Dennd11",0,0,0,0,0,0,0,0,0
"Leng9",20,39,13,5,29,17,19,9,20
"Gp6",0,0,0,0,0,0,0,0,0
"Ppp6r1",209,251,244,234,246,250,266,206,264
"Garin5b",0,0,0,0,0,0,0,0,0
"Zfp128",8,17,4,3,5,10,10,18,17
"Zfp324",25,22,17,21,31,28,21,33,29
"Bicra",1,0,0,7,6,1,4,1,2
"Ccdc9",164,247,102,100,98,98,95,109,143
"Fkrp",135,137,75,68,112,120,104,88,127
"Psg22",0,0,0,0,0,0,0,0,0
"Mill2",0,0,0,0,0,0,0,0,0
"Fbxo46",14,17,7,8,20,26,6,9,4
"Nlrp9b",0,0,0,0,0,0,0,0,0
"Nlrp4a",0,0,0,0,0,0,0,0,0
"Cyp2b23",0,0,0,0,0,0,0,0,0
"Ggn",1,3,2,3,3,10,8,12,15
"4930432E11Rik",0,0,0,0,0,0,0,0,0
"Zfp568",16,30,16,16,6,23,6,22,17
"Zfp14",7,11,7,21,23,4,19,16,14
"Nfkbid",97,70,63,68,66,57,74,64,91
"Kirrel2",0,0,0,0,0,0,0,0,0
"Hspb6",17,17,9,12,20,16,11,15,29
"Lgi4",1,4,8,58,81,79,65,42,88
"Rgs9bp",0,1,0,0,0,0,0,0,0
"Tshz3",0,0,0,0,1,1,0,0,0
"Zfp536",0,0,0,0,0,0,0,0,0
"4930433I11Rik",0,0,0,0,0,0,0,0,0
"Siglecg",0,1,2,10,15,14,5,7,13
"Shank1",1,1,0,0,0,0,0,0,0
"Zfp473",0,2,0,1,1,1,2,0,1
"Ntn5",0,0,0,0,0,0,0,0,0
"Mrgprx2",0,0,1,0,0,0,0,0,0
"Mrgprb2",0,0,0,0,0,0,0,0,0
"Zdhhc13",61,90,38,39,28,12,34,34,34
"4933405O20Rik",0,0,0,0,0,0,0,0,0
"Mctp2",0,0,0,0,0,0,0,0,0
"Rgma",1,1,0,0,3,0,0,0,0
"Chd2",215,419,160,104,171,138,137,131,178
"Gm4971",0,0,0,0,0,0,0,0,0
"Agbl1",0,0,0,0,1,0,0,0,0
"Fsd2",0,0,0,0,0,0,0,0,0
"Vmn2r72",0,0,0,0,0,0,0,0,0
"Nars2",16,38,16,10,11,7,7,23,8
"Usp35",25,42,34,127,140,113,152,124,210
"Tsku",0,0,0,1,0,0,2,2,0
"Ubqln3",0,0,0,0,0,0,0,0,0
"Ubqlnl",0,0,0,0,0,0,0,0,0
"Olfm5",0,0,0,0,0,0,0,0,0
"Trim30b",46,30,50,68,104,75,34,59,139
"Or56a4",0,0,0,0,0,0,0,0,0
"Gm4972",1,0,0,0,0,3,0,0,1
"Olfml1",3,1,0,0,0,0,0,0,0
"Ovch2",0,0,0,0,0,0,0,0,0
"Nlrp10",0,1,0,0,0,0,0,0,0
"Cyp2r1",39,42,19,23,47,43,57,31,23
"Zfp771",180,353,163,84,91,91,97,111,135
"Ctf2",0,0,0,0,0,0,0,0,0
"Zfp668",38,88,68,34,42,52,52,33,44
"Scart1",0,0,0,0,0,0,0,0,0
"Scart2",0,0,0,0,0,0,0,0,0
"Tnfrsf26",1,0,2,0,0,4,0,0,1
"Mrgpre",5,14,6,3,9,27,4,5,7
"Myo16",0,0,0,0,0,0,0,1,0
"Dlgap2",0,0,0,0,0,1,0,0,0
"Mcph1",4,35,10,6,13,15,20,24,14
"Defb14",0,0,0,0,0,0,0,0,0
"Defb8",0,0,0,0,0,0,0,0,0
"Kat6a",101,96,81,94,100,65,91,133,127
"Erlin2",73,184,89,111,147,144,126,144,154
"Ppp1r3b",25,37,31,14,21,19,24,22,33
"Prag1",159,395,112,110,169,167,193,126,177
"Lonrf1",23,46,32,23,19,16,27,40,14
"Sgcz",0,0,0,0,0,0,0,0,0
"Triml1",0,0,0,0,0,0,0,0,0
"Wdr17",0,0,0,0,0,0,0,0,0
"Adam29",0,0,0,0,0,0,0,0,0
"Sgo2b",0,0,0,0,0,0,0,0,0
"Elmod2",35,95,61,81,105,82,76,121,85
"Podnl1",0,0,0,0,0,0,0,0,0
"Nanos3",0,2,0,0,0,0,0,0,0
"Zfp791",1,6,7,2,6,1,3,2,1
"Abcc12",0,0,0,0,0,0,0,0,0
"Tox3",3,1,0,0,0,0,0,0,1
"Rpgrip1l",8,21,16,8,10,12,14,12,13
"Ces1a",0,0,0,0,0,0,0,0,0
"Ccdc113",0,0,0,0,0,0,0,1,0
"Pskh1",44,93,48,45,96,79,82,50,120
"Pkd1l3",1,0,1,0,0,0,0,0,0
"Phlpp2",41,79,64,60,65,47,61,34,58
"Hydin",0,0,0,0,0,0,0,0,0
"Mtss2",0,1,0,1,1,2,0,1,0
"Sprtn",6,4,0,0,2,0,1,0,0
"Disc1",2,4,2,5,7,2,0,1,1
"Sipa1l2",165,259,139,172,373,351,270,175,296
"Cwf19l2",82,101,54,54,62,27,40,61,75
"Cntn5",0,0,0,0,0,0,0,0,0
"Kdm4d",0,0,0,0,0,0,0,0,0
"Hephl1",0,0,0,0,0,0,0,0,0
"Mtnr1b",0,0,0,0,0,0,0,0,0
"Zfp317",20,16,25,16,29,26,25,29,30
"Zfp846",22,28,20,11,19,3,17,14,15
"Olfm2",0,0,0,0,0,0,0,0,0
"Dpy19l1",112,170,89,168,208,184,184,225,192
"Glb1l2",0,3,2,0,0,1,0,4,0
"AW551984",0,0,0,0,0,0,0,0,0
"Bsx",0,0,0,0,0,0,0,0,0
"Nxpe4",7,4,0,1,0,0,0,1,0
"Ankk1",0,1,0,0,0,0,0,0,0
"Layn",4,1,3,6,14,10,6,7,14
"Arhgap20",0,0,0,0,0,0,0,0,0
"Zc3h12c",92,278,52,18,44,36,34,52,42
"Npat",51,90,21,27,47,40,47,48,32
"Tnfaip8l3",0,0,0,0,0,0,0,0,0
"Sh2d7",0,0,0,0,0,0,0,0,0
"Tmem266",0,0,0,0,0,0,0,0,2
"Scaper",13,23,11,16,26,15,14,22,27
"Peak1",75,125,50,64,50,39,82,64,73
"C2cd4a",0,0,0,0,0,0,0,0,0
"Klhl31",0,0,0,0,0,0,0,0,0
"Prss35",0,0,0,0,0,0,0,0,0
"Mrap2",0,0,0,0,0,0,0,0,0
"Snx14",52,30,32,60,61,35,56,48,76
"Atr",66,63,39,59,41,19,65,68,32
"Zbtb38",16,17,2,8,18,3,10,19,10
"Slc35g2",2,4,8,4,2,1,2,5,1
"Col6a6",0,0,0,0,0,0,0,0,0
"Dclk3",1,0,0,0,0,0,0,0,0
"Myrip",0,0,0,0,0,0,0,0,0
"Gask1a",0,0,0,0,0,0,0,0,0
"Zscan4c",0,0,0,0,0,0,0,0,0
"Tarm1",78,69,14,5,11,5,27,13,11
"AU018091",0,0,0,0,0,0,0,0,0
"Zfp937",9,28,6,22,16,22,14,21,11
"Retnlg",21,1,21,0,29,9,2,18,17
"9930111J21Rik2",0,1,0,0,5,2,1,1,2
"Duxf4",0,0,0,0,0,0,0,0,0
"Nim1k",18,27,19,4,5,2,4,3,8
"Apol10a",0,0,0,0,0,0,0,0,0
"Gm4983",0,0,0,0,0,0,0,0,0
"Zdhhc19",0,0,0,0,0,0,0,0,0
"Gm4984",0,6,1,0,0,1,0,0,0
"Zfp300",0,0,1,0,0,3,0,0,0
"Sowahd",0,0,0,0,0,0,0,0,0
"Tmem255a",0,1,0,0,0,0,0,0,0
"Dcaf12l2",0,0,0,0,0,0,0,0,0
"Dcaf12l1",0,1,0,0,0,2,0,0,0
"Tm9sf5",0,0,0,0,0,0,0,0,0
"Gpr101",0,0,0,0,0,0,0,0,0
"Gm4988",0,0,0,0,0,0,0,0,0
"Slitrk4",0,1,0,0,0,0,0,0,0
"Slitrk2",1,0,0,0,0,0,0,0,0
"Pnma3",0,0,0,0,0,0,1,0,0
"Pdzd4",0,3,0,2,4,4,0,2,1
"Dkc1",98,103,57,44,42,56,69,57,62
"Srsf19",0,0,0,0,0,0,0,0,0
"Gm41",0,0,0,0,0,0,0,0,0
"Ppp4r3c-ps",0,0,0,0,0,0,0,0,0
"Ppp4r3c2",0,0,0,0,0,0,0,0,0
"Ppp4r3c1",0,0,0,0,0,0,0,0,0
"Zc4h2",2,9,5,9,9,14,2,3,5
"Hsf3",1,0,0,0,0,0,0,0,0
"Pgr15l",0,0,0,0,0,0,0,0,0
"Eda2r",0,0,0,0,0,0,0,0,0
"Awat2",0,1,0,2,0,4,0,4,0
"Awat1",0,0,1,0,0,0,0,0,0
"Gm614",0,5,0,0,0,0,0,0,0
"Nlgn3",0,0,0,0,0,0,0,0,0
"Nexmif",0,0,0,0,0,0,0,0,0
"Cypt2",0,0,0,0,0,0,0,0,0
"Tbx22",0,0,0,0,0,0,0,0,0
"Pcdh11x",0,0,0,0,0,0,0,0,0
"Tgif2lx1",0,0,0,0,0,0,0,0,0
"Zfp711",0,0,0,0,0,0,0,0,0
"Hdx",0,0,0,0,0,0,0,0,0
"4921511C20Rik",0,0,0,0,0,0,0,0,0
"Gm4994",0,0,0,0,0,0,0,0,0
"Gprasp2",4,3,4,3,4,10,0,11,2
"Nxf3",0,0,0,0,0,0,0,0,0
"Kir3dl2",0,0,0,0,0,0,0,0,0
"Kir3dl1",0,0,0,0,0,0,0,0,0
"Fam199x",64,88,40,32,23,11,25,34,23
"Pwwp3b",0,0,0,0,0,0,0,0,0
"Tbc1d8b",31,38,35,31,27,11,44,26,23
"Frmpd3",0,0,0,0,0,0,0,0,0
"Gucy2f",0,0,0,2,0,2,2,1,2
"Iqsec2",38,58,40,61,90,73,101,92,78
"Rragb",0,0,0,0,0,0,0,0,0
"Klf8",0,0,0,0,0,0,0,0,0
"Gm4997",1,4,1,2,5,1,1,5,3
"Klhl34",0,0,0,0,0,0,0,0,0
"Cnksr2",0,1,0,0,0,0,1,1,0
"Rbbp7",104,170,58,103,80,62,48,87,72
"Tceanc",12,20,17,2,5,1,12,16,13
"Fat2",0,0,2,0,0,0,0,0,0
"Trappc1",516,377,412,324,311,173,183,383,330
"Gzmn",0,0,0,0,0,0,0,0,0
"Polr2h",29,43,33,8,16,41,34,20,20
"Amdhd2",48,57,49,140,186,128,135,117,185
"Ssh3",60,157,36,18,50,41,53,41,35
"Atg9a",121,241,126,122,220,153,165,142,136
"Spag4",0,2,5,1,0,0,0,0,1
"Ift52",44,53,37,37,78,65,49,59,81
"Pcmtd2",25,45,46,32,62,15,30,44,62
"Map7d1",481,761,379,305,369,405,508,365,426
"Wasf3",1,0,0,0,0,0,0,0,0
"Garin1a",0,2,0,0,0,0,0,0,0
"Ankrd27",42,44,50,23,44,70,75,40,58
"Ccdc15",1,3,2,2,3,1,4,4,3
"Vps54",84,76,50,79,100,74,74,92,102
"Rbm47",109,162,166,92,155,135,120,96,165
"Chodl",0,0,0,0,0,0,0,0,0
"Slc36a2",1,1,0,9,13,7,4,18,19
"Defb9",0,0,0,0,0,0,0,0,0
"Defb7",0,0,0,0,0,0,0,0,0
"Defb11",0,0,0,0,0,0,0,0,0
"Defb15",0,0,0,0,0,0,0,0,0
"Defb13",0,0,0,0,0,0,0,0,0
"Defb35",0,0,0,0,0,0,0,0,0
"Defb10",0,0,0,0,0,0,0,0,0
"Onecut3",0,0,0,0,0,0,0,0,0
"Rttn",28,36,20,22,16,19,5,21,29
"Atxn7",84,177,99,33,51,91,81,84,61
"Rhbdl3",0,0,0,0,2,0,0,0,0
"Kcne2",0,0,0,0,1,2,0,0,0
"Vasn",0,0,1,4,0,3,0,0,0
"L1Md-Gf21",0,0,0,0,0,0,0,0,0
"Myo1g",156,245,191,148,236,206,217,157,216
"Fktn",66,98,46,62,25,30,36,49,40
"Otoa",0,5,0,0,0,0,5,0,0
"Zfp277",65,78,38,43,81,45,74,65,69
"Mllt6",348,1155,139,89,176,139,194,178,191
"Mpst",11,25,3,21,17,19,10,13,30
"Vwa1",0,6,0,0,0,0,3,0,2
"Bivm",17,18,2,12,8,6,15,19,1
"Fcgr4",1013,1047,574,622,1103,1024,760,606,1133
"Ovca2",23,39,36,8,10,27,15,16,22
"Csad",206,168,255,662,1096,822,423,587,996
"Cd207",0,0,0,0,0,0,0,0,0
"Klhl8",11,2,6,10,5,8,18,2,19
"Prokr2",0,0,0,0,0,0,0,0,0
"Lgi2",0,0,0,0,4,0,0,0,0
"Neto1",0,1,0,0,0,0,0,0,0
"Prok1",0,0,0,0,0,0,0,0,0
"Hps5",78,74,51,76,130,127,109,93,157
"Slc25a28",262,636,331,182,224,254,185,258,205
"Defb19",0,0,0,0,0,0,0,0,0
"Naxe",105,169,98,195,203,156,111,201,195
"Emilin2",44,90,63,21,60,28,27,14,56
"Rgs13",0,0,0,0,0,0,0,0,0
"Rhobtb2",43,67,63,83,132,85,134,89,93
"Oas3",11,15,7,32,7,31,0,13,20
"Oas2",81,43,60,268,142,211,75,130,181
"Oas1h",0,0,0,0,0,0,0,0,0
"Oas1a",29,21,23,54,25,26,13,47,36
"AY074887",3,7,4,4,1,0,2,0,5
"Dnajc28",4,6,17,19,23,12,13,18,20
"Cd300lf",2147,2057,1791,287,594,448,331,394,554
"Adig",0,2,0,0,0,2,1,0,0
"Il27",10,7,5,2,2,2,7,4,2
"Atpaf2",87,103,77,65,95,79,62,48,68
"Slc5a2",1,0,1,1,0,0,0,0,1
"Trpv3",0,0,0,0,0,0,0,0,0
"Obox3",0,0,0,0,0,0,0,0,0
"Obox2",0,0,0,0,0,0,0,0,0
"Obox5",0,0,0,0,0,0,0,0,0
"Obox6",0,0,0,0,0,0,0,0,0
"Ackr4",0,0,0,0,0,0,0,0,0
"Tox",0,0,0,0,0,0,0,1,0
"Dusp15",0,0,0,0,0,0,0,0,0
"Adam34",0,0,0,0,0,0,0,0,0
"Odf4",0,0,0,0,0,0,0,0,0
"Usp7",206,357,189,155,229,261,281,235,263
"Mios",67,143,32,36,48,44,31,62,31
"Gin1",37,51,14,29,24,21,21,36,23
"Ap1s3",0,0,0,5,0,1,3,0,0
"Vmn1r69",0,0,0,0,0,0,0,0,0
"Vmn1r72",0,0,0,0,0,0,0,0,0
"Vmn1r189",0,0,0,0,0,0,0,0,0
"Vmn1r192",0,0,0,0,0,0,0,0,0
"Vmn1r85",0,0,0,0,0,0,0,0,0
"Vmn1r71",0,0,0,0,0,0,0,0,0
"Vmn1r188",0,0,0,0,0,0,0,0,0
"Cables2",55,117,38,43,61,88,77,51,67
"Ropn1l",0,2,2,15,23,12,16,3,20
"Tpcn1",58,129,107,252,319,189,212,184,319
"Grhl2",0,0,0,0,0,0,0,0,0
"Tspear",0,1,0,0,0,0,0,2,5
"Il17f",1,2,0,0,0,2,0,0,0
"Nod2",31,79,14,22,18,17,26,13,25
"Acsf3",20,58,44,32,22,41,34,57,53
"Sdsl",0,2,0,0,1,0,0,0,0
"Or4k42",0,0,0,0,0,0,0,0,0
"Or6c204",0,0,0,0,0,0,0,0,0
"Or4x15",0,0,0,0,0,0,0,0,0
"Or6c203",0,0,0,0,0,0,0,0,0
"Or6c2b",0,0,0,0,0,0,0,0,0
"Or7a39",0,0,0,0,0,0,0,0,0
"Or2y7",0,0,0,0,0,0,2,0,1
"Or7g20",0,0,0,0,0,0,0,0,0
"Or10ag54",0,0,0,0,0,0,0,0,0
"Or8k28",0,0,0,0,0,0,0,0,0
"Or5ac23",0,0,0,0,0,0,0,0,0
"Or2bd2",0,0,0,0,0,0,0,0,0
"Or1i2",0,0,0,0,0,0,0,0,0
"Or11g2",0,0,0,0,0,0,0,0,0
"Or8b38",0,0,0,0,0,0,0,0,0
"Or2w25",0,0,0,0,0,0,0,0,0
"Or4a67",0,0,0,0,0,0,0,0,0
"Or2y1c",0,0,0,0,0,0,0,0,0
"Or2h15",0,0,0,0,0,0,0,0,0
"Or9s13",0,0,0,0,0,0,0,0,0
"Or10ab4",0,0,0,0,0,0,0,0,0
"Or2ab1",0,0,0,0,0,0,0,0,0
"Or7d11",0,0,0,0,0,0,0,0,0
"Or5g23",0,0,0,0,0,0,0,0,0
"Or5m12",0,0,0,0,0,0,0,0,0
"Or2ag20",0,0,0,0,0,0,0,0,0
"Or14a256",0,0,0,0,0,0,0,0,0
"Or14a257",0,0,0,0,0,0,0,0,0
"Or14c40",0,0,0,0,0,0,0,0,0
"Or14j4",0,0,0,0,0,0,0,0,0
"Or4q3",0,0,0,0,0,0,0,0,0
"Or52e8",0,0,0,0,0,0,0,0,0
"Or8g30",0,0,0,0,0,0,0,0,0
"Or5t18",0,0,0,0,0,0,0,0,0
"Or56b2j",0,0,0,0,0,0,0,0,0
"Or9g20",0,0,0,0,0,0,0,0,0
"Or5m8",0,0,0,0,0,0,0,0,0
"Or2t44",0,0,0,0,0,0,0,0,0
"Or5p5",0,0,0,0,0,0,0,0,0
"Or4c15b",0,0,0,0,0,0,0,0,0
"Or8g29",0,0,0,0,0,0,0,0,0
"Or55b4",0,0,0,0,0,0,0,0,0
"Or14c43",0,0,0,0,0,0,0,0,0
"Or2w3b",0,0,0,0,0,0,0,0,0
"Or2av9",0,0,0,0,0,0,0,0,0
"Or8k39",0,0,0,0,0,0,0,0,0
"Or4k41",0,0,0,0,0,0,0,0,0
"Or5m11",0,0,0,0,0,0,0,0,0
"Or10q3",0,0,0,0,0,0,0,0,0
"Or12j2",0,0,0,0,0,0,0,0,0
"Or5al1",0,0,0,0,0,0,0,0,0
"Or8s16",0,0,0,0,0,0,0,0,0
"Or55b3",0,0,0,0,0,0,0,0,0
"Or5al5",0,0,0,0,0,0,0,0,0
"Or5ak4",0,0,0,0,0,0,0,0,0
"Or4f14b",0,0,0,0,0,0,0,0,0
"Or14c44",0,0,0,0,0,0,0,0,0
"Or8g18",0,0,0,0,0,0,0,0,0
"Or2b11",0,0,0,0,0,0,0,0,0
"Or7e166",0,0,0,0,0,0,0,0,0
"Or2y12",0,0,0,0,0,0,0,0,0
"Or5h25",0,0,0,0,0,0,0,0,0
"Or8k21",0,0,0,0,0,0,0,0,0
"Or52ab7",0,0,0,0,0,0,0,0,0
"Or11n2",0,0,0,0,0,0,0,0,0
"Or4k37",0,0,0,0,0,0,0,0,0
"Or4f52",0,0,0,0,0,0,0,0,0
"Or4a76",0,0,0,0,0,0,0,0,0
"Or6c6",0,0,0,0,0,0,0,0,0
"Or8b37",0,0,0,0,0,0,0,0,0
"Or10g3b",0,0,0,0,0,0,0,0,0
"Or2f1",0,0,0,0,0,0,0,0,0
"Or6d12",0,0,0,0,0,0,0,0,0
"Or6d13",0,0,0,0,0,0,0,0,0
"Or4f62",0,0,0,0,0,0,0,0,0
"Or4f14",0,0,0,0,0,0,0,0,0
"Or4c15",0,0,0,0,0,0,0,0,0
"Or2y1",0,0,0,0,0,0,0,0,0
"Or8b42",0,0,0,0,0,0,0,0,0
"Or5h23",0,0,0,0,0,0,0,0,0
"Or5ac16",0,0,0,0,0,0,0,0,0
"Or4k1",0,0,0,0,0,0,0,0,0
"Or5p61",0,0,0,0,0,0,0,0,0
"Or5p63",0,0,0,0,0,0,0,0,0
"Or8g32",0,0,0,0,0,0,0,0,0
"Or2h1b",0,0,0,0,0,0,0,0,0
"Or6b13",0,0,0,0,0,0,0,0,0
"Or12j4",0,0,0,0,0,0,0,0,0
"Or4p20",0,0,0,0,0,0,0,0,0
"Or2ak4",0,0,0,0,0,0,0,0,0
"Or5af1",0,0,0,0,0,0,0,0,0
"Or2b2",0,0,0,0,0,0,0,0,0
"Or6c6c",0,0,0,0,0,0,0,0,0
"Or6c5c",0,0,0,0,0,0,0,0,0
"Or7g12",0,0,0,0,0,0,0,0,0
"Or7g19",0,0,0,0,0,0,0,0,0
"Or5be3",0,0,0,0,0,0,0,0,0
"Or8g4",0,0,0,0,0,0,0,0,0
"Or10d4",0,0,0,0,0,0,0,0,0
"Or14a258",0,0,0,0,0,0,0,0,0
"Or14j8",0,0,0,0,0,0,0,0,0
"Or10al3",0,0,0,0,0,0,0,0,0
"Or14j9",0,0,0,0,0,0,0,0,0
"Or9q1",0,0,0,0,0,0,0,0,0
"Or10w1",0,0,0,0,0,0,0,0,0
"Or5w14",0,0,0,0,0,0,0,0,0
"Or5w19",0,0,0,0,0,0,0,0,0
"Or5d14",0,0,0,0,0,0,0,0,0
"Or10ag59",0,0,0,0,0,0,0,0,0
"Or11h23",0,0,0,0,0,0,0,0,0
"Or5an1b",0,0,0,0,0,0,0,0,0
"Or5b109",0,0,0,0,0,0,0,0,0
"Or5b111",0,0,0,0,0,0,0,0,0
"Or5b118",0,0,0,0,0,0,0,0,0
"Or52ab2",0,0,0,0,0,0,0,0,0
"Or10a49",0,0,0,0,0,0,0,0,0
"Or52s1b",0,0,0,0,0,0,0,0,0
"Or52e8b",0,0,0,0,0,0,0,0,0
"Or6c66b",0,0,0,0,0,0,0,0,0
"Or9i1b",0,0,0,0,0,0,0,0,0
"Or1d2",0,0,0,0,0,0,0,0,0
"Or5m11b",0,0,0,0,0,0,0,0,1
"Or4d10",0,0,0,0,0,0,0,0,0
"Or52s6",0,0,0,0,0,0,0,0,0
"Or2aj4",0,0,0,0,0,0,0,0,0
"Or10ak9",0,0,0,0,0,0,0,0,0
"Or52l1",0,0,0,0,0,0,0,0,0
"Or56b1b",0,0,0,0,0,0,0,0,0
"Or8g52",0,0,0,0,0,0,0,0,0
"Or5ak20",0,0,0,0,0,0,0,0,0
"Or4p21",0,0,0,0,0,0,0,0,0
"Or51f1",0,0,0,0,0,0,0,0,0
"Or2d3b",0,0,0,0,0,0,0,0,0
"Or4c117",0,0,0,0,0,0,0,0,0
"Or5k16",0,0,0,0,0,0,0,0,0
"Or2ag17",0,0,0,0,0,0,0,0,0
"Or1p1c",0,0,0,0,0,0,0,0,0
"Or8b52",0,0,0,0,0,0,0,0,0
"Or1e36-ps1",0,0,0,0,0,0,0,0,0
"Or51v8",0,0,0,0,0,0,0,0,0
"Or13g1",0,0,0,0,0,0,0,0,0
"Or2t43",0,0,0,0,0,0,0,0,0
"Or4k50",0,0,0,0,0,0,0,0,0
"Or13a24",0,0,0,0,0,0,0,0,0
"Or4p7",0,0,0,0,0,0,0,0,0
"Or4c3",0,0,0,0,0,0,0,0,0
"Or2f2",0,0,0,0,0,0,0,0,0
"Or10ak8",0,0,0,0,0,0,0,0,0
"Or5p78",0,0,0,0,0,0,0,0,0
"Or5m9",0,0,0,0,0,0,0,0,0
"Or12d2",0,0,0,0,0,0,0,0,0
"Or2i1",0,0,0,0,0,0,0,0,0
"Or12e13",0,0,0,0,0,0,0,0,0
"Or14c46",0,0,0,0,0,0,0,0,0
"Or10b1",0,0,0,0,0,0,0,0,0
"Or8b49",0,0,0,0,0,0,0,0,0
"Or10v9",0,0,0,0,0,0,0,0,0
"Or6b2b",0,0,0,0,0,0,0,0,0
"Or5b116",0,0,0,0,0,0,0,0,0
"Or6c5",0,0,0,0,0,0,0,0,0
"Or11g25",0,0,0,0,0,0,0,0,0
"Or8k37",0,0,0,0,0,0,0,0,0
"Or1e31",0,0,0,0,0,0,0,0,0
"Or10x1",0,0,0,0,0,0,0,0,0
"Or4c107",0,0,0,0,0,0,0,0,0
"Or8g35",0,0,0,0,0,0,0,0,0
"Or5m9b",0,0,0,0,0,0,0,0,0
"Or52e3",0,0,0,0,0,0,0,0,0
"Or51a24",0,0,0,0,0,0,0,0,0
"Or51a7",0,0,0,0,0,0,0,0,0
"Or7g27",0,0,0,0,0,0,0,0,0
"Or6c76b",0,0,0,0,0,0,0,0,0
"Or9g10",0,0,0,0,0,0,0,0,0
"Or4f60",0,0,0,0,0,0,0,0,0
"Or4f57",0,0,0,0,0,0,0,0,0
"Or10ak14",0,0,0,0,0,0,0,0,0
"Or2t46",0,0,0,0,0,0,0,0,0
"Or2g25",0,0,0,0,0,0,0,0,0
"Or11h4b",0,0,0,0,0,0,0,0,0
"Or10ak11",0,0,0,0,0,0,0,0,0
"Or10u3",0,0,0,0,0,0,0,0,0
"Or10k2",0,0,0,0,0,0,0,0,0
"Or10g1b",0,0,0,0,0,0,0,0,0
"Or8d23",0,0,0,0,0,0,0,0,0
"Or2a5",0,0,0,0,0,0,0,0,0
"Or4f58",0,0,0,0,0,0,0,0,0
"Or13l2",0,0,0,0,0,0,0,0,0
"Or2o1",0,0,0,0,0,0,0,0,0
"Or9s27",0,0,0,0,0,0,0,0,0
"Or4k5",0,0,0,0,0,0,0,0,0
"Or10d4b",0,0,0,0,0,0,0,0,0
"Or8s8",0,0,0,0,0,0,0,0,0
"Or8s5",0,0,0,0,0,0,0,0,0
"Or7g28",0,0,0,0,0,0,0,0,0
"Or1f12",0,0,0,0,0,0,0,1,0
"Or6c68",0,0,0,0,0,0,0,0,0
"Or6c211",0,0,0,0,0,0,0,0,0
"Or10g6",0,0,0,0,0,0,0,0,0
"Or14j3",0,0,0,0,0,0,0,0,0
"Or10al6",0,0,0,0,0,0,0,0,0
"Or14j2",0,0,0,0,0,0,0,0,0
"Or14j1",0,0,0,0,0,0,0,0,0
"Or5b122",0,0,0,0,0,0,0,0,0
"Or1aa2",0,0,0,0,0,0,0,0,0
"Or5w18",0,0,0,0,0,0,0,0,0
"Or5d39",0,0,0,0,0,0,0,0,0
"Or2a12",0,0,0,0,0,0,0,0,0
"Or2a52",0,0,0,0,0,0,0,0,0
"Or10ag53",0,0,0,0,0,0,0,0,0
"Or11h7",0,0,0,0,0,0,0,0,0
"Or11h6",0,0,0,0,0,0,0,0,0
"Or9k7",0,0,0,0,0,0,0,0,0
"Or5b119",0,0,0,0,0,0,0,0,0
"Or5b107",0,0,0,0,0,0,0,0,0
"Or5b24",0,0,0,0,0,0,0,0,0
"Or13p8",0,0,0,0,0,0,0,0,0
"Or6k2",0,0,0,0,0,0,0,0,0
"Or10a3",0,0,0,0,0,0,0,0,0
"Or5p73",0,0,0,0,0,0,0,0,0
"Or7c70",0,0,0,0,0,0,0,0,0
"Or10ak13",0,0,0,0,0,0,0,0,0
"Or5p68",0,0,0,0,0,0,0,0,0
"Or5p81",0,0,0,0,0,0,0,0,0
"Or56b1",0,0,0,0,0,0,0,0,0
"Or8b8",0,0,0,0,0,0,0,0,0
"Or52s19",0,0,0,0,0,0,0,0,0
"Or4k15c",0,0,0,0,0,0,0,0,0
"Or4k15b",0,0,0,0,0,0,0,0,0
"Or6c8",0,0,0,0,0,0,0,0,0
"Or4k15",0,0,0,0,0,0,0,0,0
"Or12e10",0,0,0,0,0,0,0,0,0
"Or5h18",0,0,0,0,0,0,0,0,0
"Or5h19",0,0,0,0,0,0,0,0,0
"Or4c124",0,0,0,0,0,0,0,0,0
"Or6c76",0,0,0,0,0,0,0,0,0
"Or52m1",0,0,0,0,0,0,0,0,0
"Or8g26",0,0,0,0,0,0,0,0,0
"Or10al7",0,0,0,0,0,0,0,0,0
"Or5v1",0,0,0,0,0,0,0,0,0
"Or51a10",0,0,0,0,0,0,0,0,0
"Or10d3",0,0,0,0,0,0,0,0,0
"Or8g34",0,0,0,0,0,0,0,0,0
"Or2n1c",0,0,0,0,0,0,0,0,0
"Or4x13",0,0,0,0,0,0,0,0,0
"Or10ak16",0,0,0,0,0,0,0,0,0
"Or8c15",0,0,0,0,0,0,0,0,0
"Or2v2",0,0,0,0,0,0,0,0,0
"Or1ab2",0,0,0,0,0,0,0,0,0
"Or7d10",0,0,0,0,0,0,0,0,0
"Or4c12",0,0,0,0,0,0,0,0,0
"Or4x6",0,0,0,0,0,0,0,0,0
"Or4x11",0,0,0,0,0,0,0,0,0
"Or10q12",0,0,0,0,0,0,0,0,0
"Or10q1b",0,0,0,0,0,0,0,0,0
"Or1e1f",0,0,0,0,0,0,0,0,0
"Or1e30",0,0,0,0,0,0,0,0,0
"Or12e9",0,0,0,0,0,0,0,0,0
"Or5w10",0,0,0,0,0,0,0,0,0
"Or10ag2",0,0,0,0,0,0,0,0,0
"Or5w1b",0,0,0,0,0,0,0,0,0
"Or2ag2",0,0,0,0,0,0,0,0,0
"Or51k2",0,0,0,0,0,0,0,0,0
"Or52w1",0,0,0,0,0,0,0,0,0
"Or2at1",0,0,0,0,0,0,0,0,0
"Or2l13b",0,0,0,0,0,0,0,0,0
"Or52e4",0,0,0,0,0,0,0,0,0
"Or51f23",0,0,0,0,0,0,0,0,0
"Or51t4",0,0,0,0,0,0,0,0,0
"Or51d1",0,0,0,0,0,0,0,0,0
"Or4f59",0,0,0,0,0,0,0,0,0
"Or4k6",0,0,0,0,0,0,0,0,0
"Or5p70",0,0,0,0,0,0,0,0,0
"Or5t9",0,0,0,0,0,0,0,0,0
"Or5t5",0,0,0,0,0,0,0,0,0
"Or10d5j",0,0,0,0,0,0,0,0,0
"Or12k8",0,0,0,0,0,0,0,0,0
"Or2a20",0,0,0,0,0,0,0,0,0
"Or5b98",0,0,0,0,0,0,0,0,0
"Or10ab5",0,0,0,0,0,0,0,0,0
"Or4a80",0,0,0,0,0,0,0,0,0
"Or5c1",0,0,0,0,0,0,0,0,0
"Or8b3b",0,0,0,0,0,0,0,0,0
"Or11l3",0,0,0,0,0,0,0,0,0
"Or14j6",0,0,0,0,0,0,0,0,0
"Or6c88",0,0,0,0,0,0,0,0,0
"Or52u1",0,0,0,0,0,0,0,0,0
"Or52s1",0,0,0,0,0,0,0,0,0
"Or4g17",0,0,0,0,0,0,0,0,0
"Or9a7",0,0,0,0,0,0,0,0,0
"Or9a4",0,0,0,0,0,0,0,0,0
"Or6z6",0,0,0,0,0,0,0,0,0
"Or5bw2",0,0,0,0,0,0,0,0,0
"Or5bh3",0,0,0,0,0,0,0,0,0
"Or8k24",0,0,0,0,0,0,0,0,0
"Or2t6",0,0,0,0,0,0,0,0,0
"Or4g16",0,0,0,0,0,0,0,0,0
"Or4f54",0,0,0,0,0,0,0,0,0
"Or4f53",0,0,0,0,0,0,0,0,0
"Or4k35",0,0,0,0,0,0,0,0,0
"Or5h22",0,0,0,0,0,0,0,0,0
"Or13ae2",0,0,0,0,0,0,0,0,0
"Or10ak7",0,0,0,0,0,0,0,0,0
"Or4g7",0,0,0,0,0,0,0,0,0
"Or4f56",0,0,0,0,0,0,0,0,0
"Or4f7",0,0,0,0,0,0,0,0,0
"Or4k45",0,0,0,0,0,0,0,0,0
"Or4f4b",0,0,0,0,0,0,0,0,0
"Or8k41",0,0,0,0,0,0,0,0,0
"Or8k30",0,0,0,0,0,0,0,0,0
"Or8k32",0,0,0,0,0,0,0,0,0
"Or8k27",0,0,0,0,0,0,0,0,0
"Or8k33",0,0,0,0,0,0,0,0,0
"Or10v1",0,0,0,0,0,0,0,0,0
"Or4d2b",0,0,0,0,0,0,0,0,0
"Or4d1",0,0,0,0,0,0,0,0,0
"Or4d2",0,0,0,0,0,0,0,0,0
"Or5an9",0,0,0,0,0,0,0,0,0
"Or5ae2",0,0,0,0,0,0,0,0,0
"Or5ae1",0,0,0,0,0,0,0,0,0
"Or8b9",0,0,0,0,0,0,0,0,0
"Or8b35",0,0,0,0,0,0,0,0,0
"Or8b36",0,0,0,0,0,0,0,0,0
"Or8b39",0,0,0,0,0,0,0,0,0
"Or8b101",0,0,0,0,0,0,0,0,0
"Or5p51",0,0,0,0,0,0,0,0,0
"Or5p50",0,0,0,0,0,0,0,0,0
"Or5au1",0,0,0,0,0,0,0,0,0
"Or2aa1",0,0,0,0,0,0,0,0,0
"Or11g26",0,0,0,0,0,0,0,0,0
"Or10g1",0,0,0,0,0,0,0,0,0
"Or10g3",0,0,0,0,0,0,0,0,0
"Or5ak24",0,0,0,0,0,0,0,0,0
"Or5ak25",0,0,0,0,0,0,0,0,0
"Or5ak23",0,0,0,0,0,0,0,0,0
"Or5g29",0,0,0,0,0,0,0,0,0
"Or5g27",0,0,0,0,0,0,0,0,0
"Or8g24",0,0,0,0,0,0,0,0,0
"Or8g23",0,0,0,0,0,0,0,0,0
"Or8g51",0,0,0,0,0,0,0,0,0
"Or8d1b",0,0,0,0,0,0,0,0,0
"Or10d1c",0,0,0,0,0,0,0,0,0
"Or1e23",0,0,0,0,0,0,0,0,0
"Or2r11",0,0,0,0,0,0,0,0,0
"Or2q1",0,0,0,0,0,0,0,0,0
"Or6d15",0,0,0,0,0,0,0,0,0
"Or4f15",0,0,0,0,0,0,0,0,0
"Or4f47",0,0,0,0,0,0,0,0,0
"Or4f6",0,0,0,0,0,0,0,0,0
"Or4f61",0,0,0,0,0,0,0,0,0
"Or2m12",0,0,0,0,0,0,0,0,0
"Or2ag1b",0,0,0,0,0,0,0,0,0
"Or2ag12",0,0,0,0,0,0,0,0,0
"Or4c1",0,0,0,0,0,0,0,0,0
"Or4a69",0,0,0,0,0,0,0,0,0
"Or2h2c",0,0,0,0,0,0,0,0,0
"Or8s10",0,0,0,0,0,0,0,0,0
"Or4c104",0,0,0,0,0,0,0,0,0
"Or4c110",0,0,0,0,0,0,0,0,0
"Or4c29",0,0,0,0,0,0,0,0,0
"Or4c105",0,0,0,0,0,0,0,0,0
"Or4c106",0,0,0,0,0,0,0,0,0
"Or4a66",0,0,0,0,0,0,0,0,0
"Or1o11",0,0,0,0,0,0,0,0,0
"Or2m13",0,0,0,0,0,0,0,0,0
"Or2y16",0,0,0,0,0,0,0,0,0
"Or2y1e",0,0,0,0,0,0,0,0,0
"Or2y11",0,0,0,0,0,0,0,0,0
"Or2y1f",0,0,0,0,0,0,0,0,0
"Or2y1g",0,0,0,0,0,0,0,0,0
"Or2y14",0,0,0,0,0,0,0,0,0
"Or2y15",0,0,0,0,0,0,0,0,0
"Or4c126",0,0,0,0,0,0,0,0,0
"Or4a81",0,0,0,0,0,0,0,0,0
"Or2h2",0,0,0,0,0,0,0,0,0
"Or2h1",0,0,0,0,0,0,0,0,0
"Or8c13",0,0,0,0,0,0,0,0,0
"Or8b41",0,0,0,0,0,0,0,0,0
"Or8b40",0,0,0,0,0,0,0,0,0
"Olfr197",0,0,0,0,0,0,0,0,0
"Or5h17",0,0,0,0,0,0,0,0,0
"Or5ac21",0,0,0,0,0,0,0,0,0
"Or2g7",0,0,0,0,0,0,0,0,0
"Or2j3",0,0,0,0,0,0,0,0,0
"Or11i1",0,0,0,0,0,0,0,0,0
"Or9s15",0,0,0,0,0,0,0,0,0
"Or9s14",0,0,0,0,0,0,0,0,0
"Or4l15",0,0,0,0,0,0,0,0,0
"Or4k2",0,0,0,0,0,0,0,0,0
"Or4n5",0,0,0,0,0,0,0,0,0
"Or5p54",0,0,0,0,0,0,0,0,0
"Or5p62",0,0,0,0,0,0,0,0,0
"Or5p67",0,0,0,0,0,0,0,0,0
"Or5p66",0,0,0,0,0,0,0,0,0
"Or5p60",0,0,0,0,0,0,0,0,0
"Or2ak6",0,0,0,0,0,0,0,0,0
"Or2ak5",0,0,0,0,0,0,0,0,0
"Or2t47",0,0,0,0,0,0,0,0,0
"Or10d4c",0,0,0,0,0,0,0,0,0
"Or10n1",0,0,0,0,0,0,0,0,0
"Or8g28",0,0,0,0,0,0,0,0,0
"Or8g27",0,0,0,0,0,0,0,0,0
"Or10d1",0,0,0,0,0,0,0,0,0
"Or11m3",0,0,0,0,0,0,0,0,0
"Or1o3",0,0,0,0,0,0,0,0,0
"Or1o1",0,0,0,0,0,0,0,0,0
"Or1o2",0,0,0,0,0,0,0,0,0
"Or10c1",0,0,0,0,0,0,0,0,0
"Or11a4",0,0,0,0,0,0,0,0,0
"Or1o4",0,0,0,0,0,0,0,0,0
"Or6f2",0,0,0,0,0,0,0,0,0
"Or12j3",0,0,0,0,0,0,0,0,0
"Or12j5",0,0,0,0,0,0,0,0,0
"Or7g34",0,0,0,0,0,0,0,0,0
"Or7g31",0,0,0,0,0,0,0,0,0
"Or7g35",0,0,0,0,0,0,0,0,0
"Or7g29",0,0,0,0,0,0,0,0,0
"Or7e168",0,0,0,0,0,0,0,0,0
"Or7g30",0,0,0,0,0,0,0,0,0
"Or7e169",0,0,0,0,0,0,0,0,0
"Or4c31",0,0,0,0,0,0,0,0,0
"Or4c100",0,0,0,0,0,0,0,0,0
"Or5d40",0,0,0,0,0,0,0,0,0
"Or5d41",0,0,0,0,0,0,0,0,0
"Or2b28",0,0,0,0,0,0,0,0,0
"Or2ad1",0,0,0,0,0,0,0,0,0
"Or2p2",0,0,0,0,0,0,0,0,0
"Or5af2",0,0,0,0,0,0,0,0,0
"Or9e1",0,0,0,0,0,0,0,0,0
"Or2t45",0,0,0,0,0,0,0,0,0
"Or2z9",0,0,0,0,0,0,0,0,0
"Or2w2",0,0,0,0,0,0,0,0,0
"Or2w6",0,0,0,0,0,0,0,0,0
"Or2b2b",0,0,0,0,0,0,0,0,0
"Or6c207",0,0,0,0,0,0,0,0,0
"Or6c205",0,0,0,0,0,0,0,0,0
"Or6c202",0,0,0,0,0,0,0,0,0
"Or6c210",0,0,0,0,0,0,0,0,0
"Or6c1b",0,0,0,0,0,0,0,0,0
"Or6c69b",0,0,0,0,0,0,0,0,0
"Or6c3",0,0,0,0,0,0,0,0,0
"Or6c215",0,0,0,0,0,0,0,0,0
"Or6c213",0,0,0,0,0,0,0,0,0
"Or6c3b",0,0,0,0,0,0,0,0,0
"Or6c212",0,0,0,0,0,0,0,0,0
"Or6c66",0,0,0,0,0,0,0,0,0
"Or7e175",0,0,0,0,0,0,0,0,0
"Or7e173",0,0,0,0,0,0,0,0,0
"Or7e174",0,0,0,0,0,0,0,0,0
"Or7e176",0,0,0,0,0,0,0,0,0
"Or7e177",0,0,0,0,0,0,0,0,0
"Or7e170",0,0,0,0,0,0,0,0,0
"Or7g21",0,0,0,0,0,0,0,0,0
"Or7g22",0,0,0,0,0,0,0,0,0
"Or7g18",0,0,0,0,0,0,0,0,0
"Or7g25",0,0,0,0,0,0,0,0,0
"Or9g3",0,0,0,0,0,0,0,0,0
"Or9g8",0,0,0,0,0,0,0,0,0
"Or9g4",0,0,0,0,0,0,0,0,0
"Or9g4b",0,0,0,0,0,0,0,0,0
"Or5g9",0,0,0,0,0,0,0,0,0
"Or5g25",0,0,0,0,0,0,0,0,0
"Or5b104",0,0,0,0,0,0,0,0,0
"Or9a2",0,0,0,0,0,0,0,0,0
"Or5al7",0,0,0,0,0,0,0,0,0
"Or5m3b",1,0,1,2,1,2,0,1,0
"Or5m3",0,0,0,0,0,0,0,0,0
"Or5ap2",0,0,0,0,0,0,0,0,0
"Or8k1",0,0,0,0,0,0,0,0,0
"Or5m13b",0,0,0,0,0,0,0,0,0
"Or2ah1",0,0,0,0,0,0,0,0,0
"Or5m10",0,0,0,0,0,0,0,0,0
"Or5m5",0,3,0,0,0,0,0,0,0
"Or5m10b",0,0,0,0,0,0,0,0,0
"Or8k38",0,0,0,0,0,0,0,0,0
"Or5t16",0,0,0,0,0,0,0,0,0
"Or5t7",0,0,0,0,0,0,0,0,0
"Or5as1",0,0,0,0,0,0,0,0,0
"Or8h10",0,0,0,0,0,0,0,0,0
"Or2ag19",0,0,0,0,0,0,0,0,0
"Or13n4",0,0,0,0,0,0,0,0,0
"Or2ag13",0,0,0,0,0,0,0,0,0
"Or2ag15",0,0,0,0,0,0,0,0,0
"Or2ag18",3,0,0,0,0,0,0,0,0
"Or2d4",0,0,0,0,0,0,0,0,0
"Or2ag16",0,0,0,0,0,0,0,0,0
"Or2d36",0,0,0,0,0,0,0,0,0
"Or7g16",0,0,0,0,0,0,0,0,0
"Or13d1",0,0,0,0,0,0,0,0,0
"Or4d5",0,0,0,0,0,0,0,0,0
"Or8g50",0,0,0,0,0,0,0,0,0
"Or8g55",0,0,0,0,0,0,0,0,0
"Or8g37",0,0,0,0,0,0,0,0,0
"Or8g53",0,0,0,0,0,0,0,0,0
"Or8g2",0,0,0,0,0,0,0,0,0
"Or8g2b",0,0,0,0,0,0,0,0,0
"Or6x1",0,0,0,0,0,0,0,0,0
"Or14a259",0,0,0,0,0,0,0,0,0
"Or14a260",0,0,0,0,0,0,0,0,0
"Or14c45",0,0,0,0,0,0,0,0,0
"Or6aa1",0,0,0,0,0,0,0,0,0
"Or14c39",0,0,0,0,0,0,0,0,0
"Or6f1",0,0,0,0,0,0,0,0,0
"Or12k7",0,0,0,0,0,0,0,0,0
"Or1q1",0,0,0,0,0,0,0,0,0
"Or1ak2",0,0,0,0,0,0,0,0,0
"Or1l8",0,0,0,0,0,0,0,0,0
"Or1j4",0,0,0,0,0,0,0,0,0
"Or1j15",0,0,0,0,0,0,0,0,0
"Or10al5",0,0,0,0,0,0,0,0,0
"Or2g1",0,0,0,0,0,0,0,0,0
"Or10al4",0,0,0,0,0,0,0,0,0
"Or14j10",0,0,0,0,0,0,0,0,0
"Or9i2",0,0,0,0,0,0,0,0,0
"Or9i16",0,0,0,0,0,0,0,0,0
"Or5b124",0,0,0,0,0,0,0,0,0
"Or5b123",0,0,0,0,0,0,0,0,0
"Or5w17",0,0,0,0,0,0,0,0,0
"Or5w8",0,0,0,0,0,0,0,0,0
"Or5w15",0,0,0,0,0,0,0,0,0
"Or5w20",0,0,0,0,0,0,0,0,0
"Or5d37",0,0,0,0,0,0,0,0,0
"Or5w16",0,0,0,0,0,0,0,0,0
"Or5d16",0,0,0,0,0,0,0,0,0
"Or5d36",0,0,0,0,0,0,0,0,0
"Or9m2",0,0,0,0,0,0,0,0,0
"Or5i1",0,0,0,0,0,0,0,0,0
"Or9m1",0,0,0,0,0,0,0,0,0
"Or9m1b",0,0,0,0,0,0,0,0,1
"Or5d38",0,0,0,0,0,0,0,0,0
"Or10j2",0,0,0,0,0,0,0,0,0
"Or2a51",0,0,0,0,0,0,0,0,0
"Or2a14",0,0,0,0,0,0,0,0,0
"Or2a54",0,0,0,0,0,0,0,0,0
"Or2a56",0,0,0,0,0,0,0,0,0
"Or5w11",0,0,0,0,0,0,0,0,0
"Or5w13",0,0,0,0,0,0,0,0,0
"Or5w12",0,0,0,0,0,0,0,0,0
"Or12e1",0,0,0,0,0,0,0,0,0
"Or1l4",0,0,0,0,0,0,0,0,0
"Or4n4b",0,0,0,0,0,0,0,0,0
"Or4m1",0,0,0,0,0,0,0,0,0
"Or4n4",0,0,0,0,0,0,0,0,0
"Or11j4",0,0,0,0,0,0,0,0,0
"Or11g7",0,0,0,0,0,0,0,0,0
"Or11g1",0,0,0,0,0,0,0,0,0
"Or11g24",0,0,0,0,0,0,0,0,0
"Or6c217",0,0,0,0,0,0,0,0,0
"Or6c69c",0,0,0,0,0,0,0,0,0
"Or6c69",0,0,0,0,0,0,0,0,0
"Or9r3",0,0,0,0,0,0,0,0,0
"Or9r7",0,0,0,0,0,0,0,0,0
"Or6c33",0,0,0,0,0,0,0,0,0
"Or9k2b",0,0,0,0,0,0,0,0,0
"Or9k2",0,0,0,0,0,0,0,0,0
"Or4d6",0,0,0,0,0,0,0,0,0
"Or4z4",0,0,0,0,0,0,0,0,0
"Or4d11",0,0,0,0,0,0,0,0,0
"Or4d10b",0,0,0,0,0,0,0,0,0
"Or5a1",0,0,0,0,0,0,0,0,0
"Or5a3",0,0,0,0,0,0,0,0,0
"Or5an6",0,0,0,0,0,0,0,0,0
"Or5an1",0,0,0,0,0,0,0,0,0
"Or5an11",0,0,0,0,0,0,0,0,0
"Or5an10",0,0,0,0,0,0,0,0,0
"Or5an1c",0,0,0,0,0,0,0,0,0
"Or5b106",0,0,0,0,0,0,0,0,0
"Or5b117",0,0,0,0,0,0,0,0,0
"Or5b113",0,0,0,0,0,0,0,0,0
"Or5b102",0,0,0,0,0,0,0,0,0
"Or5b108",0,0,0,0,0,0,0,0,0
"Or5b112",0,0,0,0,0,0,0,0,0
"Or5b3",0,0,0,0,0,0,0,0,0
"Or5b120",0,0,0,0,0,0,0,0,0
"Or5b94",0,0,0,0,0,0,0,0,0
"Or5b95",0,0,0,0,0,0,0,0,0
"Or5b12b",0,0,0,0,0,0,0,0,0
"Or5b101",0,0,0,0,0,0,0,0,0
"Or5b12",0,0,0,0,0,0,0,0,0
"Or5b21",1,0,0,0,0,0,0,0,0
"Or5b97",0,0,0,0,0,0,0,0,0
"Or5b96",0,0,0,0,0,0,0,0,0
"Or5b99",0,0,0,0,0,0,0,0,0
"Or3a1b",0,0,0,0,0,0,0,0,0
"Or3a1",0,0,0,0,0,0,0,0,0
"Or3a1c",0,0,0,0,0,0,0,0,0
"Or3a1d",0,0,0,0,0,0,0,0,0
"Or1r1",0,0,0,0,0,0,0,0,0
"Or1a1b",0,0,0,0,0,0,0,0,0
"Or13p4",0,0,0,0,0,0,0,0,0
"Or10x4",0,0,0,0,0,0,0,0,0
"Or10z1",0,0,0,0,0,0,0,0,0
"Or10aa3",0,0,0,0,0,0,0,0,0
"Or10aa1",0,0,0,0,0,0,0,0,0
"Or6n2",0,0,0,0,0,0,0,0,0
"Or6k8",0,0,0,0,0,0,0,0,0
"Or6k4",0,0,0,0,0,0,0,0,0
"Or6n1",0,0,0,0,0,0,0,0,0
"Or5e1",0,0,0,0,0,0,0,0,0
"Or10a3m",0,0,0,0,0,0,0,0,0
"Or10a3b",0,0,0,0,0,0,0,0,0
"Or10a48",0,0,0,0,0,0,0,0,0
"Or51aa5",0,0,0,0,0,0,0,0,0
"Or6c35",0,0,0,0,0,0,0,0,0
"Or6c208",0,0,0,0,0,0,0,0,0
"Or5t15",0,0,0,0,0,0,0,0,0
"Or52ab4",0,0,0,0,0,0,0,0,0
"Or5p64",0,0,0,0,0,0,0,0,0
"Or5p58",0,0,0,0,0,0,0,0,0
"Or5p6",0,0,0,0,0,0,0,0,0
"Or5p59",0,0,0,0,0,0,0,0,0
"Or5p1",0,0,0,0,0,0,0,0,0
"Or5p69",0,0,0,0,0,0,0,0,0
"Or5p72",0,0,0,0,0,0,0,0,0
"Or5p76",0,0,0,0,0,0,0,0,0
"Or9q2",0,0,0,0,0,0,0,0,0
"Or4f14d",0,0,0,0,0,0,0,0,0
"Or5p79",0,0,0,0,0,0,0,0,0
"Or2w4",0,0,0,0,0,0,0,0,0
"Or8g36",0,0,0,0,0,0,0,0,0
"Or8g21",0,0,0,0,0,0,0,0,0
"Or8g17",0,0,0,0,0,0,0,0,0
"Or56b2",0,0,0,0,0,0,0,0,0
"Or8b12b",0,0,0,0,0,0,0,0,0
"Or56b35",0,0,0,0,0,0,0,0,0
"Or52h1",0,0,0,0,0,0,0,0,0
"Or5j1",0,0,0,0,0,0,0,0,0
"Or4c103",0,0,0,0,0,0,0,0,0
"Or52i2",0,0,0,0,0,0,0,0,0
"Or52p2",0,0,0,0,0,0,0,0,0
"Or52ae7",0,0,0,0,0,0,0,0,0
"Or51f1d",0,0,0,0,0,0,0,0,0
"Or52e5",0,0,0,0,0,0,0,0,0
"Or6d14",0,0,0,0,0,0,0,0,0
"Or52e15",0,0,0,0,0,0,0,0,0
"Or6p1",0,0,0,0,0,0,0,0,0
"Or9g19",0,0,0,0,0,0,0,0,0
"Or10j7",0,0,0,0,0,0,0,0,0
"Or10j27",0,0,0,0,0,0,0,0,0
"Or5aq6",0,0,0,0,0,0,0,0,0
"Or8i2",0,0,0,0,0,0,0,0,0
"Or8h9",0,0,0,0,0,0,0,0,0
"Or5aq1",0,0,0,0,0,0,0,0,0
"Or5aq7",0,0,0,0,0,0,0,0,0
"Or5d46",0,0,0,0,0,0,0,0,0
"Or4c102",0,0,0,0,0,0,0,0,0
"Or5p80",0,0,0,0,0,0,0,0,0
"Or5p52",0,0,0,0,0,0,0,0,0
"Or5p53",0,0,0,0,0,0,0,0,0
"Or6c74",0,0,0,0,0,0,0,0,0
"Or6c219",0,0,0,0,0,0,0,0,0
"Or4p8",0,0,0,0,0,0,0,0,0
"Or5h26",0,0,0,0,0,0,0,0,0
"Or2d2",0,0,0,0,0,0,0,0,0
"Or8b55",0,0,0,0,0,0,0,0,0
"Or8b54",0,0,0,0,0,0,0,0,0
"Or8b51",0,0,0,0,0,0,0,0,0
"Or8b1d",0,0,0,0,0,0,0,0,0
"Or8b50",0,0,0,0,0,0,0,0,0
"Or8b53",9,29,10,4,0,1,3,6,7
"Or4a72",0,0,0,0,0,0,0,0,0
"Or4c123",0,0,0,0,0,0,0,0,0
"Or4a39",0,0,0,0,0,0,0,0,0
"Or4a75",0,0,0,0,0,0,0,0,0
"Or4a73",0,0,0,0,0,0,0,0,0
"Or4b12",0,0,0,0,0,0,0,0,0
"Or4c52",0,0,0,0,0,0,0,0,0
"Or6c216",0,0,0,0,0,0,0,0,0
"Or9i14",0,0,0,0,0,0,0,0,0
"Or9i1",0,0,0,0,0,0,0,0,0
"Or8b4",0,0,0,0,0,0,0,0,0
"Or8b1b",0,0,0,0,0,0,0,0,0
"Or8b43",0,0,0,0,0,0,0,0,0
"Or8b1",0,0,0,0,0,0,0,0,0
"Or8b1c",0,0,0,0,0,0,0,0,0
"Or8b44",0,0,0,0,0,0,0,0,0
"Or8c8",0,0,0,0,0,0,0,0,0
"Or2n1d",0,0,0,0,0,0,0,0,0
"Or4a68",0,0,0,0,0,0,0,0,0
"Or4d10c",0,0,0,0,0,0,0,0,0
"Or8b48",0,0,0,0,0,0,0,0,0
"Or8b46",0,0,0,0,0,0,0,0,0
"Or51v14",0,0,0,0,0,0,0,0,0
"Or52h9",0,0,0,0,0,0,0,0,0
"Or52n3",0,0,0,0,0,0,0,0,0
"Or8d2b",0,0,0,0,0,0,0,0,0
"Or8b56",0,0,0,0,0,0,0,0,0
"Or5l13",0,0,0,0,0,0,0,0,0
"Or4c113",0,0,0,0,0,0,0,0,0
"Or9s18",0,0,0,0,0,0,0,0,0
"Or52ac1",0,0,0,0,0,0,0,0,0
"Or52ae9",0,0,0,0,0,0,0,0,0
"Or51i1",0,0,0,0,0,0,0,0,0
"Or4p22",0,0,0,0,0,0,0,0,0
"Or13c3",0,0,0,0,0,0,0,0,0
"Or7d9",0,0,0,0,0,0,0,0,0
"Or8g54",0,0,0,0,0,0,0,0,0
"Or8b57",0,0,0,0,0,0,0,0,0
"Or10d5",0,0,0,0,0,0,0,0,0
"Or8g19",0,0,0,0,0,0,0,0,0
"Or2n1b",0,0,0,0,0,0,0,0,0
"Or2n1",0,0,0,0,0,0,0,0,0
"Or12d13",0,0,0,0,0,0,0,0,0
"Or12d12",0,0,0,0,0,0,0,0,0
"Or12d17",0,0,0,0,0,0,0,0,0
"Or8w1",0,0,0,0,0,0,0,0,0
"Or12e7",0,0,0,0,0,0,0,0,0
"Or10ag60",0,0,0,0,0,0,0,0,0
"Or13c25",0,0,0,0,0,0,0,0,0
"Or55b10",0,0,0,0,0,0,0,0,0
"Or52z12",0,0,0,0,0,0,0,0,0
"Or8h7",0,0,0,0,0,0,0,0,0
"Or5aq1b",0,0,0,0,0,0,0,0,0
"Or8h8",0,0,0,0,0,0,0,0,0
"Or8k3b",0,0,0,0,0,0,0,0,0
"Or8k40",0,0,0,0,0,0,0,0,0
"Or5d35",0,0,0,0,0,0,0,0,0
"Or5l14",0,0,0,0,0,0,0,0,0
"Or14c41",0,0,0,0,0,0,0,0,0
"Or13p5",0,0,0,0,0,0,0,0,0
"Or13p3",0,0,0,0,0,0,0,0,0
"Or10s1",0,0,0,0,0,0,0,0,0
"Or8d4",0,0,0,0,0,0,0,0,0
"Or13f5",0,0,0,0,0,0,0,0,0
"Or7c19",0,0,0,0,0,0,0,0,0
"Or1f19",0,0,0,0,0,0,0,0,0
"Or10p21",0,0,0,0,0,0,0,0,0
"Or6c201",0,0,0,0,0,0,0,0,0
"Or6c38",0,0,0,0,0,0,0,0,0
"Or5ak22",0,0,0,0,0,0,0,0,0
"Or8k16",0,0,0,0,0,0,0,0,0
"Or2y3",0,0,0,0,0,0,0,0,0
"Or8c16",0,0,0,0,0,0,0,0,0
"Or8b3",0,0,0,0,0,0,0,0,0
"Or8c20",0,0,0,0,0,0,0,0,0
"Olfr908",0,0,0,0,0,0,0,0,0
"Or8b47",0,0,0,0,0,0,0,0,0
"Or8c17",0,0,0,0,0,0,0,0,0
"Or2t26",0,0,0,0,0,0,0,0,0
"Or2t48",0,0,0,0,0,0,0,0,0
"Or10j3",0,0,0,0,0,0,0,0,0
"Or10j3b",0,0,0,0,0,0,0,0,0
"Or8b12",0,0,0,0,0,0,0,0,0
"Or8b12c",0,0,0,0,0,0,0,0,0
"Or4k49",0,0,0,0,0,0,0,0,0
"Or4k44",0,0,0,0,0,0,0,0,0
"Or4k48",0,0,0,0,0,0,0,0,0
"Or4k51",0,0,0,0,0,0,0,0,0
"Or4k47",0,0,0,0,0,0,0,0,0
"Or4k52",0,0,0,0,0,0,0,0,0
"Or14j5",0,0,0,0,0,0,0,0,0
"Or4c120",0,0,0,0,0,0,0,0,0
"Or4c118",0,0,0,0,0,0,0,0,0
"Or4c111",0,0,0,0,0,0,0,0,0
"Or4c11",0,0,0,0,0,0,0,0,0
"Or4c11b",0,0,0,0,0,0,0,0,0
"Or4c11c",0,0,0,0,0,0,0,0,0
"Or4c109",0,0,0,0,0,0,0,0,0
"Or4c108",0,0,0,0,0,0,0,0,0
"Or4c114",0,0,0,0,0,0,0,0,0
"Or4c115",0,0,0,0,0,0,0,0,0
"Or4c112",0,0,0,0,0,0,0,0,0
"Or4c116",0,0,0,0,0,0,0,0,0
"Or7h8",0,0,0,0,0,0,0,0,0
"Or7g32",0,0,0,0,0,0,0,0,0
"Or7g33",0,0,0,0,0,0,0,0,0
"Or4k38",0,0,0,0,0,0,0,0,0
"Or4k36",0,0,0,0,0,0,0,0,0
"Or1ad6",0,0,0,0,0,0,0,0,0
"Or1ad1",0,0,0,0,0,0,0,0,0
"Or13a1",0,0,0,0,0,0,0,0,0
"Or6z1",0,0,0,0,0,0,0,0,0
"Or6z3",0,0,0,0,0,0,0,0,0
"Or6z5",0,0,0,0,0,0,0,0,0
"Or4p18",0,0,0,0,0,0,0,0,0
"Or4p19",0,0,0,0,0,0,0,0,0
"Or4c101",0,0,0,0,0,0,0,0,0
"Or2k2",0,0,0,0,0,0,0,0,0
"Or1e16",0,0,0,0,0,0,0,0,0
"Or1e1c",0,0,0,0,0,0,0,0,0
"Or1e1",0,0,0,0,0,0,0,0,0
"Or5p55",0,0,0,0,0,0,0,0,0
"Or5p4",0,0,0,0,0,0,0,0,0
"Or5p56",0,0,0,0,0,0,0,0,0
"Or6c209",0,0,0,0,0,0,0,0,0
"Or6c65",0,0,0,0,0,0,0,0,0
"Or6c214",0,0,0,0,0,0,0,0,0
"Or6c2",0,0,0,0,0,0,0,0,0
"Or10p1",0,0,0,0,0,0,0,0,0
"Or6c1",0,0,0,0,0,0,0,0,0
"Or6c75",0,0,0,0,0,0,0,0,0
"Or2l5",0,0,0,0,0,0,0,0,0
"Or10v5",0,0,0,0,0,0,0,0,0
"Or10h28",0,0,0,0,0,0,0,0,0
"Or1j17",0,0,0,0,0,0,0,0,0
"Or1n2",0,0,0,0,0,0,0,0,0
"Or1j20",0,0,0,0,0,0,0,0,0
"Or1n1b",0,0,0,0,0,0,0,0,0
"Or1n1",0,0,0,0,0,0,0,0,0
"Or1j18",0,0,0,0,0,0,0,0,0
"Or1j19",0,0,0,0,0,0,0,0,0
"Or1j16",0,0,0,0,0,0,0,0,0
"Or1j10",0,0,0,0,0,0,0,0,0
"Or1j14",0,0,0,0,0,0,0,0,0
"Or1j11",0,0,0,0,0,0,0,0,0
"Or1j13",0,0,0,0,0,0,0,0,0
"Or1j12",0,0,0,0,0,0,0,0,0
"Or6ae1",0,0,0,0,0,0,0,0,0
"Or2j6",0,0,0,0,0,0,0,0,0
"Or13a22",0,0,0,0,0,0,0,0,0
"Or13a19",0,0,0,0,0,0,0,0,0
"Or2aj5",0,0,0,0,0,0,0,0,0
"Or2aj6",0,0,0,0,0,0,0,0,0
"Or51m1",0,0,0,0,0,0,0,0,0
"Or13a20",0,0,0,0,0,0,0,0,0
"Or13a25",0,0,0,0,0,0,0,0,0
"Or13a26",0,0,0,0,0,0,0,0,0
"Or4a77",0,0,0,0,0,0,0,0,0
"Or4a74",0,0,0,0,0,0,0,0,0
"Or4c121",0,0,0,0,0,0,0,0,0
"Or4a70",0,0,0,0,0,0,0,0,0
"Or4a71",0,0,0,0,0,0,0,0,0
"Or4a2",0,0,0,0,0,0,0,0,0
"Or4c122",0,0,0,0,0,0,0,0,0
"Or4c125",0,0,0,0,0,0,0,0,0
"Or4a15",0,0,0,0,0,0,0,0,0
"Or4c127",0,0,0,0,0,0,0,0,0
"Or4b1c",0,0,0,0,0,0,0,0,0
"Or4c12b",0,0,0,0,0,0,0,0,0
"Or4c10",0,0,0,0,0,0,0,0,0
"Or4b1b",0,0,0,0,0,0,0,0,0
"Or4c35",0,0,0,0,0,0,0,0,0
"Or4c10b",0,0,0,0,0,0,0,0,0
"Or4a47",0,0,0,0,0,0,0,0,0
"Or4b1",0,0,0,0,0,0,0,0,0
"Or2f1b",0,0,0,0,0,0,0,0,0
"Or2r3",0,0,0,0,0,0,0,0,0
"Or2a25",0,0,0,0,0,0,0,0,0
"Or1s2",0,0,0,0,0,0,0,0,0
"Or10q1",0,0,0,0,0,0,0,0,0
"Or5ac24",0,0,0,0,0,0,0,0,0
"Or5ac22",0,0,0,0,0,0,0,0,0
"Or5ac19",0,0,0,0,0,0,0,0,0
"Or5ac20",0,0,0,0,0,0,0,0,0
"Or5k14",0,0,0,0,0,0,0,0,0
"Or5k15",0,0,0,0,0,0,0,0,0
"Or5k3",0,0,0,0,0,0,0,0,0
"Or5k17",0,0,0,0,0,0,0,0,0
"Or5k1",0,0,0,0,0,0,0,0,0
"Or5k1b",0,0,0,0,0,0,0,0,0
"Or5k8",0,0,0,0,0,0,0,0,0
"Or3a10",0,0,0,0,0,0,0,0,0
"Or3a4",0,0,0,0,0,0,0,0,0
"Or1e35",0,0,0,0,0,0,0,0,0
"Or1e32",0,0,0,0,0,0,0,0,0
"Or1e34",0,0,0,0,0,0,0,0,0
"Or1e33",0,0,0,0,0,0,0,0,0
"Or1e29",0,0,0,0,0,0,0,0,0
"Or5j3",0,0,0,0,0,0,0,0,0
"Or8u9",0,0,0,0,0,0,0,0,0
"Or8k3",0,0,0,0,0,0,0,0,0
"Or8u3",0,0,0,0,0,0,0,0,0
"Or8k17",0,0,0,0,0,0,0,0,0
"Or5ar1",0,0,0,0,0,0,0,0,0
"Or8k18",0,0,0,0,0,0,0,1,0
"Or8j3",0,0,0,0,0,0,0,0,0
"Or8k23",0,0,0,0,0,0,0,0,0
"Or8k22",0,0,0,0,0,0,0,0,0
"Or8k25",0,0,0,0,0,0,0,0,0
"Or8k53",0,0,0,0,0,0,0,0,0
"Or1e22",0,0,0,0,0,0,0,0,0
"Or1e26",0,0,0,0,0,0,0,0,0
"Or1e19",0,0,0,0,0,0,0,0,0
"Or1e21",0,0,0,0,0,0,0,0,0
"Or13a21",0,0,0,0,0,0,0,0,0
"Or10ag58",0,0,0,0,0,0,0,0,0
"Or12e8",0,0,0,0,0,0,0,0,0
"Or5w1",0,0,0,0,0,0,0,0,0
"Or10ag57",0,0,0,0,0,0,0,0,0
"Or2ag1",0,0,0,0,0,0,0,0,0
"Or10a2",0,0,0,0,0,0,0,0,0
"Or10a5",0,0,0,0,0,0,0,0,0
"Or6b6",0,0,0,0,0,0,0,0,0
"Or8s2",0,0,0,0,0,0,0,0,0
"Or9s23",0,0,0,0,0,0,0,0,0
"Or6b2",0,0,0,0,0,0,0,0,0
"Or6b3",0,0,0,0,0,0,0,0,0
"Or7a35",0,0,0,0,0,0,0,0,0
"Or7a37",0,0,0,0,0,0,0,0,0
"Or52n5",0,0,0,0,0,0,0,0,0
"Or56a3",0,0,0,0,0,0,0,0,0
"Or56a5",0,0,0,0,0,0,0,0,0
"Or52ad1",0,0,0,0,0,0,0,0,0
"Or52z13",0,0,0,0,0,0,0,0,0
"Or52h7",0,0,0,0,0,0,0,0,0
"Or52n4",0,0,0,0,0,0,0,0,0
"Or52n20",0,0,0,0,0,0,0,0,0
"Or1b1",0,0,0,0,0,0,0,0,0
"Or52e2",0,0,0,0,0,0,0,0,0
"Or52r1b",0,0,0,0,0,0,0,0,0
"Or52r1c",0,0,0,0,0,0,0,0,0
"Or52h2",0,0,0,0,0,0,0,0,0
"Or52d1",0,0,0,0,0,0,0,0,0
"Or52n2c",0,0,0,0,0,0,0,0,0
"Or52n2b",0,0,0,0,0,0,0,0,0
"Or52b2",0,0,0,0,0,0,0,0,0
"Or2b4",0,0,0,0,0,0,0,0,0
"Or2at4",0,0,0,0,0,0,0,0,0
"Or6b1",0,0,0,0,0,0,0,0,0
"Or2y17",0,0,0,0,0,0,0,0,0
"Or2y1d",0,0,0,0,0,0,0,0,0
"Or7g17",0,0,0,0,0,0,0,0,0
"Or2l13",0,0,0,0,0,0,0,0,0
"Or52x1",0,0,0,0,0,0,0,0,0
"Or52e19b",0,0,0,0,0,0,0,0,0
"Or7a36",0,0,0,0,0,0,0,0,0
"Or51i2",0,0,0,0,0,0,0,0,0
"Or52p1",0,0,0,0,0,0,0,0,0
"Or52z14",0,0,0,0,0,0,0,0,0
"Or51a42",0,0,0,0,0,0,0,0,0
"Or8j3c",0,0,0,0,0,0,0,0,0
"Or52b4",0,0,0,0,0,0,0,0,0
"Or51ah3",0,0,0,0,0,0,0,0,0
"Or51ag1",0,0,0,0,0,0,0,0,0
"Or51af1",0,0,0,0,0,0,0,0,0
"Or52a33",0,0,0,0,0,0,0,0,0
"Or51k1",0,0,0,0,0,0,0,0,0
"Or51s1",0,0,0,0,0,0,0,0,0
"Or51f1e",0,0,0,0,0,0,0,0,0
"Or52r1",0,0,0,0,0,0,0,0,0
"Or51h5",0,0,0,0,0,0,0,0,0
"Or51f2",0,0,0,0,0,0,0,0,0
"Or51f5",0,0,0,0,0,0,0,0,0
"Or51e1",0,0,0,0,0,0,0,0,0
"Or51l14",0,0,0,0,0,0,0,0,0
"Or52e7",0,0,0,0,0,0,0,0,0
"Or52n2",0,0,0,0,0,0,0,0,0
"Or51l4",0,0,0,0,0,0,0,0,0
"Or51ac3",0,0,0,0,0,0,0,0,0
"Or51ab3",0,0,0,0,0,0,0,0,0
"Or52b3",0,0,0,0,0,0,0,0,0
"Or52k2",0,0,0,0,0,0,0,0,0
"Or51h1",0,0,0,0,0,0,0,0,0
"Or51r1",0,0,0,0,0,0,0,0,0
"Or10g7",0,0,0,0,0,0,0,0,0
"Or10g9b",0,0,0,0,0,0,0,0,0
"Or8d6",0,0,0,0,0,0,0,0,0
"Or10g9",0,0,0,0,0,0,0,0,0
"Or51g2",0,0,0,0,0,0,0,0,0
"Or51a8",0,0,0,0,0,0,0,0,0
"Or51a5",0,0,0,0,0,0,0,0,0
"Or51a25",0,0,0,0,0,0,0,0,0
"Or51f23b",0,0,0,0,0,0,0,0,0
"Or51a6",0,0,0,0,0,0,0,0,0
"Or51g1",0,0,0,0,0,0,0,0,0
"Or51q1",0,0,0,0,0,0,0,0,0
"Or51ai2",0,0,0,0,0,0,0,0,0
"Or51q1c",0,0,0,0,0,0,0,0,0
"Or51a43",0,0,0,0,0,0,0,0,0
"Or51b6b",0,0,0,0,0,0,0,0,0
"Or52n4b",0,0,0,0,0,0,0,0,0
"Or2r2",0,0,0,0,0,0,0,0,0
"Or4a78",0,0,0,0,0,0,0,0,0
"Or4l1",0,0,0,0,0,0,0,0,0
"Or2t29",0,0,0,0,0,0,0,0,0
"Or8u10",0,0,0,0,0,0,0,0,0
"Or52a24",0,0,0,0,0,0,0,0,0
"Or56b34",0,0,0,0,0,0,0,0,0
"Or6k14",0,0,0,0,0,0,0,0,0
"Or7a38",0,0,0,0,0,0,0,0,0
"Or6c70",0,0,0,0,0,0,0,0,0
"Mfrp",0,0,0,0,0,0,0,0,0
"Klk8",293,252,292,222,276,244,212,268,257
"Tubgcp3",101,162,50,94,133,125,146,112,139
"Ehd2",0,0,0,0,0,0,0,0,0
"Leap2",0,0,0,0,0,0,0,0,0
"Srgap3",0,5,1,0,13,2,1,7,9
"Trim61",0,0,0,0,0,0,0,0,0
"Prrt1",0,0,0,0,0,0,0,0,0
"Fev",0,0,0,0,0,0,0,0,0
"Cadm4",6,2,2,6,0,1,2,0,0
"Otos",0,0,0,0,0,0,0,0,0
"Gga3",150,216,135,186,354,295,246,210,275
"Nphp4",0,3,7,1,0,5,2,1,3
"Nav3",35,65,19,100,125,77,88,164,111
"Prss45",0,0,0,0,0,0,0,0,0
"Cdc42ep3",9,18,21,34,75,67,54,42,68
"H3c7",0,1,3,1,0,0,1,2,1
"Plekhg3",0,0,0,0,0,0,5,0,0
"Ing1",76,136,51,61,177,114,145,121,134
"Abcg2",140,181,83,93,106,77,87,90,89
"Aldh1a7",0,0,0,0,0,0,0,0,0
"Anxa10",0,0,0,0,0,0,0,0,0
"Angptl2",0,0,0,0,0,0,1,0,0
"Avpr1b",0,0,0,0,0,0,0,0,0
"Axl",163,233,156,321,278,481,233,287,414
"Btd",32,23,20,42,40,29,50,35,30
"Adgre5",8,11,19,2,7,13,2,10,11
"Ceacam1",8,17,15,16,35,21,33,24,30
"Ceacam10",0,0,0,0,0,0,0,0,0
"Ceacam2",0,0,1,0,0,0,0,1,0
"Ceacam9",0,0,0,0,0,0,0,0,0
"Cetn1",0,0,0,0,0,0,0,0,0
"Cetn2",21,40,21,28,32,21,32,27,28
"Ciao1",97,115,96,40,106,94,150,104,129
"Clcn6",3,0,0,1,0,1,0,3,0
"Clcn7",167,228,163,307,327,435,319,363,461
"Cop1",53,92,56,65,47,36,55,84,93
"Creg2",18,29,10,3,24,4,19,4,20
"Dapp1",107,136,130,228,290,251,251,246,311
"Decr2",11,13,3,13,21,45,23,21,7
"Esrra",364,595,362,308,361,335,352,345,433
"Esrrb",0,0,0,0,0,0,0,0,0
"Pkn3",3,3,1,13,17,17,8,14,13
"Esrrg",0,0,1,0,0,0,3,0,0
"Fgd2",868,728,881,2391,2720,2819,2090,2273,2892
"Fto",55,76,63,39,79,69,78,59,69
"Gnpda1",6,10,13,14,13,13,8,11,16
"Grk6",288,381,280,114,104,87,138,182,152
"Hsf4",1,1,0,1,0,0,0,0,0
"Spata2",11,16,11,8,11,23,21,14,15
"Ifi202b",0,0,0,0,0,0,0,0,0
"Mapkbp1",41,82,32,26,57,37,50,41,35
"Lypla2",349,531,358,159,215,369,334,206,285
"Map2k1",180,220,120,191,255,273,210,194,190
"Map2k2",480,566,333,619,578,585,558,589,553
"Map2k3",79,127,74,76,94,111,98,105,69
"Map2k4",109,125,88,78,114,92,99,112,115
"Map2k6",1,2,2,5,6,4,4,10,14
"Map2k7",164,240,108,64,95,94,107,92,131
"Map3k1",24,45,34,30,42,38,41,35,33
"Map3k11",152,243,149,145,144,128,159,145,120
"Map3k12",7,3,11,25,42,28,22,43,34
"Map3k2",109,238,100,120,215,65,143,157,184
"Map3k3",161,194,172,142,394,202,305,230,321
"Cdk8",44,83,39,23,62,28,56,52,81
"Map3k4",58,75,31,65,89,89,83,97,70
"Map3k5",37,76,60,121,104,77,113,89,124
"Map3k7",83,128,69,127,159,139,162,125,98
"Map3k8",520,1188,444,265,370,412,289,493,402
"Map4k1",9,21,7,3,12,23,5,10,5
"Map4k2",3,0,5,15,7,3,7,14,17
"Mapk1",144,215,128,138,131,110,124,142,189
"Ift56",1,2,0,1,0,1,0,0,0
"Mapk10",0,1,1,0,3,0,2,0,0
"Mapk13",9,19,9,1,1,0,1,3,0
"Mapk14",196,272,242,210,446,354,362,314,426
"Mapk3",393,535,508,673,727,636,570,592,850
"Mapk8",54,123,55,31,34,25,29,48,29
"Mapk9",111,245,110,93,141,141,132,120,141
"Nbea",15,30,13,18,37,14,29,11,31
"Nr5a1",0,0,0,0,0,0,0,0,0
"Nr5a2",0,0,0,0,0,0,0,0,0
"Nubp1",262,368,157,170,156,179,175,239,211
"Nubp2",219,347,187,104,140,179,168,143,203
"Creb3l1",6,9,3,6,23,13,16,9,11
"Orc4",48,82,49,59,60,34,46,92,61
"Orc5",26,39,16,14,17,16,30,11,20
"Parg",40,55,32,19,45,22,44,35,50
"Git2",191,251,276,293,432,409,359,341,431
"Plod2",0,0,0,0,0,0,0,0,0
"Plod3",241,201,299,576,777,852,768,596,823
"Prnd",3,0,0,0,0,0,0,0,0
"Psg16",0,0,0,0,0,0,0,0,0
"Psg17",0,0,0,0,0,0,0,0,0
"Psg18",0,0,0,0,0,0,0,0,0
"Psg19",0,0,0,0,0,0,0,0,0
"Psma1",230,265,212,248,192,162,202,238,206
"Psma4",195,277,125,141,103,77,59,120,105
"Psma5",254,248,125,132,136,179,136,162,128
"Psma6",488,493,317,189,213,197,179,245,226
"Psma7",656,726,453,362,344,571,502,500,407
"Psmb2",130,211,104,76,90,200,70,109,157
"Psmb3",519,606,346,173,242,263,260,245,245
"Poli",22,23,20,80,78,91,58,56,67
"Mok",1,13,3,3,6,3,1,11,12
"Rbbp9",18,35,55,29,42,36,25,38,44
"Rpl27a",2513,2781,2516,2084,3879,2260,2509,2381,3402
"Sema4g",13,18,29,97,78,76,59,80,102
"Slc27a1",3,8,1,3,16,11,7,3,10
"Slc27a2",0,0,0,0,0,0,0,0,0
"Slc27a5",0,0,0,0,0,0,0,0,2
"Txnrd2",83,127,58,138,191,200,144,158,204
"Vnn3",4,13,2,0,4,1,1,1,1
"Zfp146",1,3,2,11,17,1,3,0,4
"Zfp260",49,29,42,42,52,49,58,61,32
"Acsf2",3,9,6,1,1,1,3,1,1
"Itgb1bp2",3,14,0,0,4,1,0,5,0
"Cul3",90,178,109,70,129,55,89,132,115
"Homer1",28,22,18,17,11,11,13,22,19
"Homer2",2,0,0,1,0,1,0,0,2
"Homer3",46,116,81,85,118,113,78,72,77
"Hunk",0,0,2,4,9,4,4,2,5
"Krtap15-1",0,0,0,0,0,0,0,0,0
"Mmp23",0,2,2,6,2,3,4,7,4
"Ncdn",113,215,98,32,43,52,94,60,81
"Ror1",0,0,0,0,0,0,0,0,0
"Ror2",0,0,0,0,0,0,0,0,0
"Pla2g10",0,0,0,0,0,0,0,0,0
"Slc27a3",10,8,5,17,40,35,39,12,19
"Slc27a4",94,99,63,103,185,106,126,104,98
"Slc7a11",311,496,33,2,3,2,7,16,2
"Cops3",164,151,112,141,148,145,117,158,177
"Rcn2",113,216,97,100,173,244,161,141,188
"Eif1ad15",0,0,0,0,0,0,0,0,0
"Ly6g5b",5,11,7,0,3,3,5,2,2
"Defb36",0,0,0,0,0,0,0,0,0
"Irak4",31,65,28,33,41,37,35,39,54
"Acmsd",0,0,0,0,0,0,0,0,0
"Cyb5r4",30,121,31,31,49,37,52,60,43
"Cpne1",81,41,70,55,84,60,62,80,117
"Lgsn",0,0,0,0,0,0,0,0,0
"Snx17",489,714,434,337,594,767,573,541,687
"Snord87",0,5,0,1,0,1,0,0,0
"Mill1",0,0,0,0,0,0,0,0,0
"Rps15a",865,919,750,650,588,185,380,572,623
"Cops5",273,448,186,145,148,178,201,184,174
"Dpysl4",1,1,2,0,2,0,0,0,3
"Shprh",16,24,10,11,27,15,22,23,26
"Samd3",0,0,0,0,0,0,0,0,0
"Rnf217",2,0,1,0,0,0,3,1,0
"Zbtb24",49,92,62,24,53,42,60,45,52
"Scml4",0,0,0,0,0,1,0,0,0
"Sowahc",155,128,139,174,230,208,153,242,196
"BC025920",1,18,1,2,5,14,3,2,9
"Kcnc2",0,0,0,0,0,0,0,0,0
"Tafa2",1,2,1,2,0,0,0,1,0
"Ppia",30,45,20,12,5,7,12,21,13
"Abca13",1,5,0,3,0,0,0,0,0
"Ahsa2",38,109,45,64,68,69,52,68,77
"A830031A19Rik",0,0,0,0,0,0,0,0,0
"Mpg",92,203,116,52,110,70,87,82,117
"Sh3pxd2b",127,145,125,27,51,75,55,31,51
"Zkscan17",61,118,45,65,55,91,69,46,73
"Alkbh5",46,88,44,24,55,38,51,51,47
"Ankrd13b",27,37,36,14,19,39,32,19,23
"Phf12",122,184,117,134,222,244,156,189,239
"Rpl23a",1294,1467,1318,1062,1942,1422,1360,1072,1914
"Rab11fip4",3,0,2,0,0,2,0,1,0
"Eme1",2,4,2,6,3,20,3,13,6
"Zfp652",28,54,33,39,65,38,63,53,54
"Ube2z",106,150,71,76,97,139,111,81,114
"Rapgefl1",1,6,0,1,6,7,8,5,6
"Krt222",0,0,0,0,0,0,0,0,0
"Krt12",0,0,0,0,0,0,0,0,0
"Lsm12",104,192,77,58,59,59,60,102,82
"Meioc",0,0,0,0,0,0,0,0,0
"E030025P04Rik",0,0,0,0,0,0,0,0,0
"Mgat5b",0,0,1,0,0,0,0,0,0
"Slc26a11",7,4,6,14,41,30,26,25,37
"Bahcc1",0,2,2,10,12,19,8,12,13
"Greb1",0,0,0,1,0,0,0,0,0
"Sntg2",2,0,0,2,0,0,1,0,1
"Zbtb1",80,88,47,68,94,85,82,91,88
"Gphn",43,41,34,29,34,30,40,42,41
"Tmem229b",88,130,105,90,101,139,76,89,113
"Serpina5",0,0,0,0,0,0,0,0,0
"D430019H16Rik",0,1,0,0,3,1,0,0,0
"Sptlc1",129,174,102,127,163,219,179,141,189
"Cdhr2",0,0,0,0,0,0,0,0,0
"Zfp759",7,6,2,10,3,4,3,11,11
"S100z",0,0,0,0,0,0,0,0,0
"Ccnb1",0,1,0,20,3,2,0,2,15
"Slc38a9",144,139,150,267,382,273,220,320,379
"Fam107a",4,11,3,0,0,0,1,0,1
"Zswim8",293,604,236,249,466,448,309,267,375
"A830039N20Rik",1,0,0,7,3,3,0,2,0
"Frmpd2",0,0,0,0,0,0,0,0,0
"Arhgef40",113,159,163,433,516,625,365,487,548
"Abcd2",201,225,230,207,305,180,217,265,287
"Tox4",105,159,90,101,107,134,97,87,97
"Carmil3",8,7,4,7,6,9,3,5,7
"Rnf31",214,231,156,160,222,158,177,211,184
"Pclo",1,0,6,1,0,0,3,3,0
"Wdfy2",3,14,3,8,9,6,3,1,6
"Mir124a-1hg",0,2,2,0,2,0,0,0,0
"Gulo",0,0,0,0,0,0,0,0,0
"9930012K11Rik",0,4,4,2,9,5,6,1,0
"Adh4",0,0,0,0,0,0,0,0,0
"B3galt1",0,0,0,0,0,0,0,0,0
"B3galt2",0,1,0,0,0,0,0,0,2
"Egflam",0,0,0,0,0,0,0,0,0
"Agxt2",0,0,0,0,0,0,0,0,0
"Mtmr12",41,65,51,42,69,70,54,59,69
"B3galnt1",103,183,105,104,170,145,103,137,127
"Klhl38",0,0,0,0,4,5,0,1,6
"Mroh5",0,0,0,0,0,0,0,0,0
"Adck5",149,122,75,124,109,127,155,152,148
"Casp8ap2",30,45,17,42,34,21,47,48,37
"Nlrc3",0,0,0,0,1,0,0,0,0
"Rbfox1",14,15,7,15,15,26,12,27,12
"Cenph",2,6,1,43,20,64,14,21,32
"Abat",0,4,0,0,1,3,0,1,0
"Chst4",0,0,0,0,0,0,0,0,0
"Atp13a5",0,0,0,0,0,0,0,0,0
"Clec4a2",755,1976,300,214,308,152,256,293,310
"Xxylt1",11,25,4,9,13,22,26,6,23
"Fbxo45",37,44,28,45,37,34,38,56,34
"Stfa2l1",5,0,0,0,0,0,0,2,3
"Cln8",81,176,104,94,168,201,176,135,122
"Lsamp",0,0,0,0,0,0,0,0,0
"Robo2",0,0,0,0,0,0,0,0,0
"Nrip1",177,210,164,261,304,188,209,237,240
"Krtap13-1",0,0,0,0,0,0,0,0,0
"Cops4",141,232,167,253,345,349,280,288,349
"Cops6",171,192,141,140,142,152,120,173,180
"Pkmyt1",24,23,17,136,68,141,29,75,84
"Caskin1",4,11,7,2,4,2,5,3,7
"Wdr24",69,132,81,77,150,124,92,78,96
"Grm4",0,0,0,0,0,0,0,0,0
"Scube3",0,1,1,0,0,0,0,0,0
"Brpf3",58,57,45,79,127,98,97,77,78
"Cops7a",193,265,145,212,318,330,255,279,312
"Mucl3",0,0,0,0,0,0,0,0,0
"Cops7b",21,44,33,18,28,32,21,24,20
"Capn11",0,0,0,0,0,1,0,2,0
"Med14",44,61,27,21,36,20,19,39,34
"Acot1",25,21,20,5,5,10,2,9,3
"Arhgap28",4,39,0,0,0,0,0,0,0
"Nlrc4",0,0,0,0,1,1,0,0,0
"Ltbp1",0,0,0,0,0,0,0,0,0
"Ctsj",0,0,0,0,0,0,0,0,0
"Strn",6,2,2,11,9,2,2,2,6
"Ss18",150,178,94,121,80,129,111,151,127
"Ddx3y",0,0,0,0,0,0,0,0,0
"Sap130",55,119,49,48,86,62,75,73,74
"Ss18l2",35,48,61,30,17,20,17,38,22
"Sh3rf2",0,0,0,0,0,0,0,0,0
"Stk32a",0,0,0,0,0,0,0,0,0
"Zfp608",24,24,9,31,43,27,48,43,53
"Dysf",0,0,0,0,0,0,0,0,0
"4930503L19Rik",15,12,4,6,12,18,7,28,10
"Ctif",10,16,30,28,41,28,36,22,45
"Sh2d1b1",16,44,5,13,11,29,11,15,17
"Eif2s3x",28,34,19,13,25,23,22,12,25
"Gpr152",0,0,0,0,0,0,0,0,0
"Dagla",62,70,61,146,232,237,277,178,239
"Cpsf7",137,222,113,106,154,163,92,100,154
"Ms4a5",0,0,0,0,0,0,0,0,0
"Eif2s3y",0,0,0,0,0,0,0,0,0
"Exo1",3,3,7,19,5,15,2,19,13
"D730002M21Rik",0,0,0,0,0,0,0,0,0
"Figla",0,0,0,0,0,0,0,0,0
"Dpp10",0,1,0,0,0,0,0,0,0
"Nup54",23,29,12,17,21,14,25,22,22
"Nfasc",2,0,2,1,3,0,5,0,1
"Gcat",21,4,10,18,11,27,8,8,16
"Optc",0,0,0,0,0,0,0,0,0
"Gprin1",0,2,0,0,0,0,0,0,1
"Colgalt2",0,0,0,0,0,0,0,0,0
"Macroh2a1",363,504,300,300,602,524,617,402,546
"Kif26b",0,0,0,0,0,0,0,0,0
"Ern2",0,0,0,0,0,0,0,1,0
"Inpp4a",45,52,64,56,53,36,53,56,58
"Mgat4a",175,362,218,226,317,416,255,292,330
"Zfp346",32,60,40,23,34,24,41,34,25
"Nbeal1",32,44,28,27,48,16,31,31,21
"Cntrl",213,363,136,151,222,145,188,194,214
"Stk36",1,6,1,6,8,0,8,3,3
"Map4k4",253,428,332,234,362,290,250,295,309
"Mecr",47,57,24,33,44,51,35,36,35
"Pask",2,1,0,21,10,16,3,6,12
"Fam171a1",0,7,2,3,7,2,1,2,1
"Gtf3c4",36,53,35,35,47,49,33,43,44
"Setx",43,76,64,46,55,71,70,79,81
"Aifm1",48,53,44,31,38,44,57,32,35
"Rpl12",2840,3831,2636,2117,3363,2375,2967,2385,3174
"Foxl2",0,0,0,0,0,0,0,0,0
"Acvr1c",0,0,0,0,0,0,0,0,0
"Rtn4rl2",0,0,0,0,0,0,0,0,0
"Ppnr",7,16,12,28,23,21,22,15,16
"Ppp2r5c",159,281,138,152,230,177,252,199,245
"Ppp2r5e",93,143,84,46,65,55,93,70,97
"Muc15",0,0,0,0,0,0,0,0,0
"Ccdc32",74,102,109,37,75,44,53,56,85
"Vps39",107,260,113,96,102,123,124,121,112
"Racgap1",1,17,3,34,18,16,10,11,23
"Ell3",3,13,2,1,6,2,0,1,3
"Slc28a2",0,0,4,2,0,0,0,0,2
"Slc4a11",0,2,0,0,0,0,0,0,0
"Mprip",79,162,83,83,110,160,170,130,154
"Ahcy",14,5,14,9,12,4,3,6,11
"St6galnac5",0,0,1,0,0,0,0,0,0
"Tox2",0,0,0,0,0,0,0,0,0
"Polr3e",74,173,57,50,97,107,89,69,82
"Ss18l1",13,21,18,12,29,19,19,27,22
"Ecsit",121,150,77,48,56,41,51,50,32
"Rtel1",16,27,9,19,29,32,32,25,35
"Zfp512b",41,75,33,17,57,25,23,33,23
"Nherf1",232,310,314,71,192,120,126,97,138
"Spag1",13,21,1,8,7,10,5,8,5
"Abhd18",5,14,10,13,8,10,10,10,12
"Jade1",24,70,46,49,82,48,41,75,66
"Serinc3",6834,8267,7055,8027,10727,8136,8003,8469,9281
"Plch1",0,0,0,0,0,0,0,0,0
"Tinag",0,0,0,0,0,0,0,0,0
"Tpsg1",0,0,0,0,0,0,0,0,0
"Trpc7",0,0,0,0,0,0,0,0,0
"Wdr3",125,224,98,36,31,35,52,56,66
"Lrig2",28,43,32,40,73,48,54,50,44
"Vat1",6,10,7,5,4,7,5,2,7
"Vsnl1",3,4,0,1,0,0,1,0,0
"Zw10",47,49,37,32,31,36,47,42,31
"Nkain3",0,0,0,0,0,0,0,0,0
"Fbxl4",60,96,40,25,48,55,34,51,56
"Vcp",511,846,376,252,393,416,493,372,388
"Fbxo10",17,12,15,35,23,39,36,29,20
"Tex10",104,215,107,65,94,49,106,130,107
"Clspn",0,6,0,26,9,11,6,20,23
"Zscan20",11,8,3,7,20,10,15,12,4
"Epb41",60,90,81,56,123,98,88,79,81
"Sytl1",0,0,0,0,0,0,2,2,0
"Luzp1",88,242,87,45,47,68,74,62,78
"Gpr157",14,42,47,41,58,53,40,52,42
"Plekhg5",18,27,31,52,76,89,23,45,72
"Rpl8",5740,7025,5337,3070,3599,2640,3040,3628,4545
"Chd5",1,0,1,1,0,0,0,0,2
"Pank4",155,172,135,102,157,203,185,129,174
"Plch2",0,3,0,0,2,0,0,0,0
"Rbm48",18,39,24,14,22,26,21,22,7
"Lhfpl3",0,0,0,0,0,0,0,0,0
"5031425E22Rik",94,161,75,50,87,78,68,129,140
"Wdr86",3,0,0,0,0,0,0,0,0
"Cnpy1",0,0,0,0,0,0,0,0,0
"Zfp512",104,94,112,106,105,137,121,101,108
"Nat8l",24,29,26,65,25,91,55,45,56
"Ppp2r2c",0,0,0,0,0,0,2,0,0
"Cul1",191,268,161,202,156,176,164,194,192
"Islr",0,0,0,0,0,0,0,0,0
"Golga3",12,43,15,16,34,19,38,19,22
"E130006D01Rik",0,0,0,0,0,0,0,0,0
"Ccdc60",0,0,0,0,0,0,0,0,0
"Rnft2",4,11,12,5,16,19,7,2,6
"Pla2g2e",0,0,0,0,0,0,0,0,0
"Hectd4",39,35,36,27,52,46,57,70,60
"Cfap251",1,0,1,0,0,0,0,4,0
"Mphosph9",39,76,44,40,43,34,54,33,45
"Zfp664",41,42,31,21,35,41,40,40,34
"Pla2g2f",0,0,0,0,0,0,0,0,0
"Clip2",25,43,18,57,25,25,30,44,38
"Orai2",123,180,80,90,236,209,217,141,218
"Spo11",0,0,0,0,0,0,0,0,0
"Aak1",77,149,90,74,87,74,75,104,87
"Cntn4",0,0,0,0,0,0,0,0,0
"Lhfpl4",4,7,5,4,3,4,0,2,5
"Clec4a1",1803,4765,480,206,519,644,862,474,613
"Zfp384",165,285,163,138,332,234,268,168,275
"Pon3",86,65,78,169,249,204,142,208,235
"Tspan12",0,0,2,0,0,0,0,0,0
"Trbv31",0,0,0,0,0,0,0,0,0
"Nat14",4,6,2,2,8,1,7,0,3
"Ssc5d",0,4,0,0,0,0,0,0,0
"Or10am5",0,0,0,0,0,0,0,0,0
"Eif4e2",486,592,413,311,281,354,301,399,448
"Zfp446",6,9,9,12,23,24,8,11,20
"Megf8",36,47,20,34,57,50,44,46,53
"Map3k10",12,15,13,19,32,28,20,22,23
"Vmn2r57",0,0,0,0,0,0,0,0,0
"Brd7",74,152,83,127,146,109,167,148,107
"Chsy1",91,90,60,54,103,105,52,76,78
"Idh2",88,99,115,137,176,228,170,220,191
"Gdpgp1",10,16,13,8,15,12,7,6,11
"Ttll13",0,0,0,0,0,0,1,0,0
"Rccd1",27,58,19,18,32,51,27,30,24
"Adamtsl3",0,0,0,0,0,0,0,0,0
"Nup98",7,13,4,11,13,17,12,25,20
"Gsg1l",0,1,0,0,0,0,0,0,0
"Zfp747",30,39,19,12,20,17,21,19,21
"Orai3",74,95,73,54,164,151,146,114,126
"Foxi2",0,0,0,0,0,0,0,0,0
"Nalf1",1,0,0,1,2,0,0,0,2
"Letm2",11,22,12,12,33,24,22,21,35
"Galntl6",0,0,0,1,0,0,0,0,0
"Map1s",121,168,105,173,225,240,286,181,279
"Slc35e1",162,196,164,167,249,197,247,187,217
"Klrk1",0,0,1,0,0,0,0,0,0
"Gcdh",52,72,41,67,58,64,66,65,66
"Micall1",35,70,31,21,18,38,36,18,40
"Lpcat2",870,1100,532,1422,2342,2322,1751,1948,2042
"Ogfod1",41,49,50,22,19,32,62,38,27
"Lrrc36",2,0,2,0,8,0,0,0,4
"Mon1b",32,38,25,17,37,37,29,28,32
"Vat1l",1,0,0,0,1,0,0,0,0
"Rpl13",2022,2276,1790,1317,1806,1431,1645,1418,1751
"Pcnx2",0,0,0,0,0,0,0,0,0
"Irf2bp2",258,349,335,148,364,309,312,210,356
"Maml2",115,116,103,116,196,104,136,114,198
"Fat3",4,4,10,6,9,6,3,15,11
"Polk",10,50,21,37,19,17,22,25,23
"Ccdc153",0,0,0,0,0,0,0,0,0
"Nlrx1",176,203,191,113,157,136,121,145,173
"Jaml",38,29,59,0,7,2,5,1,9
"Nkapd1",99,147,67,34,71,16,60,65,73
"270157",6,29,0,1,0,0,0,0,1
"Rab39",35,40,33,50,66,29,42,48,59
"Elmod1",0,0,0,0,0,0,0,0,0
"Myo9a",81,80,64,105,115,30,89,121,111
"Clpx",63,90,46,58,54,66,61,55,68
"BC043934",0,0,0,1,0,0,0,0,0
"Ephb1",0,0,0,0,0,0,3,0,1
"Rab6b",41,34,59,108,214,151,160,167,166
"Pfkfb4",218,237,353,389,601,544,521,435,705
"Klhl18",104,128,99,94,135,150,131,137,168
"Zbtb47",60,128,57,42,44,33,33,41,23
"Tspan32",21,28,17,81,144,107,88,89,123
"Ermap",21,52,9,14,22,19,18,19,21
"Sgsh",13,14,33,46,106,73,66,81,120
"Gsdmc3",0,0,0,0,0,0,0,0,0
"G3bp1",310,403,186,147,350,336,352,236,262
"Nit1",57,103,55,90,132,113,101,117,115
"Omd",0,0,0,0,0,0,0,0,0
"Etv3",121,214,79,177,176,279,193,255,216
"Gm5058",0,0,0,0,0,0,0,0,0
"Rps3",5197,5927,4719,3275,5455,4915,4237,4192,6044
"Aoah",207,542,36,64,152,110,128,107,161
"Asns",8,5,3,0,4,15,12,5,3
"Sec23b",117,171,118,94,111,120,118,97,89
"Fkbp9",84,77,46,48,59,77,65,64,51
"Irf5",493,931,678,517,676,624,686,508,690
"Ncoa4",0,4,1,4,2,3,6,5,3
"Srp9",102,120,110,56,69,103,83,85,107
"Sh3d19",0,2,0,1,1,0,0,0,2
"Ct45a",3,0,0,0,0,0,0,0,0
"Tcirg1",1434,3651,1294,1338,1015,1224,1395,1416,1881
"Bcap31",257,308,277,322,471,514,284,379,334
"Cadps",1,0,4,0,0,0,0,1,0
"Spin4",1,2,0,0,0,0,0,0,0
"Taf1",36,75,25,33,36,51,38,41,46
"Mbtps2",48,59,42,41,33,30,28,63,52
"Map3k15",23,50,34,16,32,25,28,39,36
"Mthfd1l",54,97,28,13,29,40,11,14,15
"Calhm4",0,0,0,0,0,0,0,0,0
"Bpifc",0,0,0,0,0,0,0,0,0
"B9d1",2,2,2,6,3,9,3,8,16
"Kics2",61,91,38,7,19,30,34,26,24
"Zfp275",12,46,17,11,6,10,30,30,20
"Xlr4b",8,4,2,9,12,16,4,4,8
"Xlr5c",0,0,0,0,0,0,0,0,0
"Tmem132e",1,0,0,0,1,0,0,0,0
"Prr11",0,2,0,1,0,2,1,1,6
"Trappc3",115,224,128,105,124,188,163,135,178
"Klhdc1",4,4,6,1,3,1,3,3,6
"Eif2ak4",79,118,57,48,61,46,58,43,64
"Catsperb",0,0,0,0,0,0,0,0,0
"Serpina3b",0,0,0,0,0,0,0,0,0
"Adamts16",0,1,1,3,9,9,12,11,5
"Ankdd1b",0,0,0,0,0,0,0,0,0
"Rp1l1",0,0,0,0,0,0,0,0,0
"Rubcnl",54,64,74,15,58,29,23,45,46
"BC024139",0,0,0,0,0,0,0,0,0
"Phf21b",1,6,2,2,7,10,12,1,5
"Cd200r2",0,0,0,0,0,0,0,0,0
"Zbtb11",54,65,28,32,24,44,68,68,50
"Tlx3",0,0,0,0,0,0,0,0,0
"Ip6k3",0,0,0,1,4,1,1,3,0
"Rab5a",16,31,27,13,16,11,17,32,35
"Brd8dc",0,1,0,1,3,0,1,1,0
"Vps13a",33,79,21,41,41,19,34,22,40
"Adcy10",0,0,0,0,0,0,0,0,0
"Cdk15",0,0,0,0,0,0,0,0,0
"Tmem169",0,1,0,0,1,0,0,2,0
"Rpl7a",501,603,387,324,475,575,519,438,469
"Galnt13",1,0,0,0,0,0,0,0,0
"Agbl2",0,0,0,0,0,0,0,1,0
"Rpusd2",7,19,18,4,9,5,5,8,5
"Pla2g4f",0,0,0,0,0,0,0,0,0
"Shc4",4,5,5,1,0,1,0,2,3
"Rbbp8nl",0,0,0,0,0,0,0,0,0
"C2cd4d",0,0,1,0,0,0,0,0,0
"Arsj",0,0,0,0,0,0,0,0,0
"Tbck",5,7,5,6,6,0,6,0,5
"Srsf12",0,0,0,0,0,0,0,0,0
"Tstd2",26,44,26,20,43,41,14,27,42
"Plppr1",0,0,0,0,0,0,0,0,0
"Syn3",0,0,0,1,0,0,0,1,0
"Podxl",0,0,0,0,0,0,0,0,0
"Nrk",0,0,0,0,0,0,0,0,0
"Rps11",1649,1910,1551,1425,1794,1349,1021,1583,1993
"Snord33",0,0,0,0,0,1,0,0,0
"Snord32a",0,0,0,0,0,0,0,0,0
"Snord34",2,2,0,0,0,0,0,0,0
"Snord35a",2,4,6,2,3,3,4,1,2
"Snord35b",0,1,0,0,0,1,0,0,1
"Dbf4",28,41,15,42,12,14,27,26,36
"Azi2",53,132,58,79,71,37,80,78,99
"Poln",0,9,0,3,1,0,0,1,3
"Or5g26",0,0,0,0,0,0,0,0,0
"Mixl1",0,0,0,0,0,0,0,0,0
"Slamf1",14,12,8,7,11,3,13,3,2
"Sgk2",0,0,0,0,3,1,0,0,0
"Cartpt",0,0,0,0,0,0,0,0,0
"Chaf1a",17,40,13,51,26,42,21,46,24
"Atp1a4",0,0,0,0,0,0,0,0,0
"Trp53bp1",30,50,28,31,48,56,30,55,62
"Eloa",163,239,150,159,262,240,229,225,240
"Ddx24",376,770,371,347,452,413,357,335,465
"Pla2g7",67,115,70,57,301,115,321,116,245
"Bmal2",0,0,0,0,0,0,0,0,0
"Zfp398",9,23,11,15,9,5,18,19,26
"Lgalsl2",0,0,0,0,0,0,0,0,0
"Irf2bp1",40,53,35,51,56,55,46,48,43
"Lrrc4b",0,6,1,0,3,4,1,0,0
"Spib",1,54,0,0,0,0,0,1,0
"Tars3",2,6,1,0,3,1,2,1,0
"B3gnt6",1,4,0,3,2,0,3,1,0
"Acsm5",0,0,0,0,0,0,0,0,0
"Tmem255b",0,0,0,0,0,0,0,0,0
"Tango6",19,42,36,13,16,15,26,15,12
"Gins2",23,59,11,66,51,142,44,85,97
"Tbcel",61,125,51,42,69,57,56,72,50
"Plek2",0,0,0,0,0,0,0,0,2
"Dok3",1684,3008,1487,805,871,663,590,790,926
"Smok2a",0,0,0,0,0,0,0,0,0
"Esyt3",0,0,1,0,0,0,0,0,4
"Prss43",0,0,0,0,0,0,0,0,0
"Smok4a",0,0,0,0,0,0,0,0,0
"Cars1",144,171,125,100,137,133,176,160,109
"272714",0,0,0,0,0,0,0,0,0
"Pdk4",0,0,0,0,0,0,0,0,0
"Zfp354b",1,0,0,8,3,5,3,3,3
"Nufip1",78,147,65,56,69,49,51,60,61
"Plekhb1",0,5,3,1,0,2,3,1,3
"Golga5",86,115,60,56,74,84,54,64,85
"Clnk",0,0,0,0,0,0,0,0,0
"Tnfrsf12a",248,274,215,44,58,74,98,75,85
"Magee2",0,0,0,0,0,0,0,0,0
"Phlda3",1,1,0,0,0,0,1,0,0
"Plaat1",0,0,0,0,0,0,0,0,0
"Nbn",51,138,45,59,45,51,72,57,65
"Pald1",286,226,256,345,677,802,522,451,739
"Insl6",0,0,0,0,0,0,0,0,0
"Gyg1",92,92,142,60,106,69,46,81,79
"Defb3",0,0,0,0,0,0,0,0,0
"Sytl4",0,4,0,0,0,0,0,0,0
"Add3",47,50,55,63,112,81,102,105,115
"Msrb1",708,657,954,86,200,137,226,163,207
"Dnajb9",78,85,102,154,230,149,286,185,167
"Srr",9,11,5,14,21,21,11,16,21
"Txnl4a",344,543,342,210,302,362,369,305,345
"Rpl3",1850,1979,1569,1285,2353,2078,1874,1764,2390
"Tbl2",52,83,52,59,77,107,136,81,50
"Dguok",55,20,50,54,149,178,107,94,157
"Rps26",1761,1429,1418,1082,1729,1137,1321,1481,2119
"Sh2d2a",0,0,0,0,0,0,3,1,0
"Prl3c1",0,0,0,0,0,0,0,0,0
"Csnk1e",357,423,415,548,1072,899,782,890,1074
"Prmt5",294,480,203,127,170,141,181,182,167
"Tjp3",2,1,10,4,11,10,6,15,6
"Slc25a10",94,217,40,56,92,78,86,60,86
"Yme1l1",82,80,39,51,79,36,88,59,77
"Tcl1b3",0,0,0,0,0,0,0,0,0
"Tcl1b1",0,0,0,0,0,0,0,0,0
"Tcl1b4",0,0,0,0,0,0,0,0,0
"Tcl1b2",0,0,0,0,0,0,0,0,0
"Tcl1b5",0,0,0,0,0,0,0,0,0
"Akr1c13",2,3,0,3,2,5,0,4,6
"Magel2",0,0,0,0,0,0,0,0,0
"Npas3",0,2,0,0,0,0,0,0,0
"Sh2d3c",44,45,51,36,42,72,60,48,50
"Ptdss2",63,73,86,90,143,123,86,116,166
"Dusp13b",0,0,1,0,1,2,0,0,0
"Mmel1",0,0,0,0,0,0,0,0,0
"Pign",91,185,64,126,146,80,102,152,127
"Mrpl39",77,104,54,70,76,96,51,90,75
"Mrpl15",201,231,145,82,168,113,146,129,153
"Mrpl17",277,288,173,179,210,247,247,179,197
"Mrpl2",367,433,250,179,178,234,179,223,240
"Ip6k1",132,285,210,247,317,222,239,264,316
"Hsd17b6",0,0,0,0,0,0,0,0,0
"Skp2",17,32,18,14,13,18,13,21,22
"Pdhx",96,178,57,52,76,56,48,52,35
"Abca7",193,395,234,299,413,382,462,282,345
"Abca8b",0,0,0,0,0,0,0,0,0
"Abcg3",1,0,0,3,3,4,6,0,0
"Abcf3",139,154,87,69,102,83,95,69,59
"Abcf2",34,29,14,8,13,14,9,11,12
"Abcg5",0,0,0,0,0,0,0,0,0
"Abca3",114,217,145,152,295,258,285,236,293
"Slc14a2",0,0,0,0,0,0,0,0,0
"Peg12",2,6,2,0,2,1,7,1,3
"Abcb11",0,0,0,0,0,0,0,0,0
"Sergef",59,82,54,26,33,44,46,44,48
"Abcc5",226,493,151,258,356,403,420,222,360
"Mkln1",170,371,137,124,133,58,123,153,105
"Naglu",205,204,256,519,720,767,580,575,785
"Abcc6",0,0,0,0,0,0,0,0,0
"Atp5mg",216,253,162,154,173,169,160,189,194
"Nagpa",183,231,183,332,398,409,320,276,353
"Shroom3",0,0,1,0,0,0,0,0,0
"A230006K03Rik",0,0,0,0,0,0,0,0,0
"Amot",0,1,0,0,0,0,0,0,0
"Nrep",2,1,3,22,27,38,26,39,40
"Nelfe",113,153,113,95,144,116,98,114,119
"Ubl4a",119,122,77,55,100,94,69,96,132
"1700088E04Rik",0,0,0,0,1,0,2,0,0
"Taar7e",0,0,0,0,0,0,0,0,0
"Eif5a",2412,3085,1718,922,884,1364,998,1272,1130
"Snf8",285,377,273,196,277,277,290,273,326
"Smtnl2",0,2,0,0,0,0,0,0,0
"Pigs",98,140,116,102,271,172,208,112,175
"Mtnap1",29,35,19,39,53,77,68,66,77
"Or2y6",0,0,0,0,0,0,0,0,0
"Timd4",0,0,0,0,0,0,0,1,0
"Armc7",63,116,41,39,48,57,43,43,45
"Gemin4",25,56,17,25,27,35,40,53,41
"Ccdc42",0,0,0,0,0,0,0,0,0
"Slfn8",220,413,188,264,214,251,157,223,252
"Rasl10b",5,2,19,5,9,9,2,4,6
"Marveld1",1,16,0,4,11,2,4,5,0
"S100a11-ps",1,3,0,2,0,0,0,0,0
"Trav6d-4",0,0,0,0,0,0,0,0,0
"Nynrin",2,0,0,5,3,3,1,1,0
"Tm4sf19",0,0,0,0,0,0,0,0,0
"Kdm3b",23,37,26,51,78,85,89,64,82
"Trpa1",0,0,0,0,0,0,0,0,0
"Gm5069",6,12,11,4,3,8,8,1,7
"Wfdc8",0,0,0,0,0,0,0,0,0
"Wfdc16",0,0,0,0,0,0,0,0,0
"Tcfl5",0,0,0,0,0,0,0,0,0
"Prex1",377,702,264,428,728,670,785,571,617
"Klhl23",3,3,7,17,8,12,7,21,15
"Trp53i11",16,50,23,47,33,59,31,32,46
"Vstm2l",1,1,0,0,0,1,0,0,0
"Gpr107",211,279,171,207,297,306,354,275,302
"Slc39a12",2,1,1,4,7,8,8,15,7
"Lkaaear1",0,0,0,0,0,0,0,0,0
"Lsm2",91,112,63,56,18,44,51,56,34
"Or4k40",0,0,0,0,0,0,0,0,0
"Vwa7",0,1,2,6,6,3,1,8,7
"Pramel24",0,0,0,0,0,0,0,0,0
"Pramel23",0,0,0,0,0,0,0,0,0
"Pramel22",0,0,0,0,0,0,0,0,0
"Rps19-ps3",73,102,61,59,84,76,105,42,77
"Fam131c",0,0,0,0,0,0,0,0,0
"Srarp",0,0,0,0,0,0,0,0,0
"Cyp4a12a",0,0,0,0,0,0,0,0,0
"Spata31f3",0,0,0,0,0,0,0,0,0
"Commd8",219,282,224,303,299,320,281,341,329
"Depdc5",10,19,16,29,43,30,49,34,31
"Slc15a5",0,0,0,0,0,0,0,0,0
"Gm725",0,0,0,0,0,0,0,0,0
"Or10a3n",0,0,0,0,0,0,0,0,0
"C2cd3",40,62,47,52,95,111,102,57,79
"Slc9a5",32,49,19,23,30,45,28,24,18
"Exoc3l",0,0,0,0,8,0,1,0,0
"Zdhhc8",123,67,109,149,132,214,144,181,167
"Gm5071",0,0,0,0,0,0,0,0,0
"Armcx6",3,5,2,2,3,2,0,0,2
"Mageb6b1",0,0,0,0,0,0,0,0,0
"Ssxb3",0,0,0,0,0,0,0,0,0
"Vsig4",0,0,0,0,0,0,0,0,0
"Gm5073",1,2,0,3,4,2,2,1,3
"Spaca5",0,0,0,0,0,0,0,0,0
"Spin2c",0,0,0,0,0,0,0,0,0
"Tex13c3",0,0,0,0,0,0,0,0,0
"Tmtc2",0,0,0,0,0,0,0,0,0
"Zfp385c",1,1,4,6,7,15,12,9,6
"Wfikkn2",0,1,0,0,0,0,0,0,0
"Duxbl1",0,0,0,0,0,0,0,0,0
"AY358078",0,0,0,0,0,0,0,0,0
"Apol7b",0,0,0,0,0,0,0,0,0
"E130310I04Rik",0,0,0,0,0,0,0,0,0
"Tada1",19,15,26,35,70,62,55,39,73
"Lrrc10b",0,0,0,0,0,0,0,0,0
"Tango2",127,178,129,129,165,178,176,118,207
"Ess2",63,180,73,55,82,63,86,89,105
"Adamts13",0,0,0,0,0,0,0,0,0
"Stkld1",0,1,0,1,0,0,0,0,0
"279067",2,4,2,0,2,0,6,8,5
"Pramel21",0,0,0,0,0,0,0,0,0
"Kctd19",1,4,5,0,2,0,0,0,1
"Wnk3",0,1,0,0,1,0,0,0,0
"Tlr13",790,1516,673,439,577,563,569,665,650
"E530001F21Rik",0,0,0,0,0,0,0,0,0
"Gm715",0,0,0,0,0,0,0,0,0
"Spg21",106,158,118,48,137,171,115,106,175
"Pcdh19",0,0,0,0,0,0,0,0,0
"Rrp9",184,330,127,59,62,65,71,61,45
"Cherp",212,376,133,149,215,288,260,205,206
"Nup62cl",0,0,0,0,0,0,0,0,0
"Vkorc1",99,63,85,136,231,230,177,178,208
"Rhbdd3",32,84,26,70,66,76,61,63,71
"Eif3b",444,585,345,229,339,434,402,308,312
"Rsrp1",464,689,440,599,655,611,508,728,717
"Efhd2",1094,1445,930,1324,1524,1812,1548,1405,1718
"Trav9n-1",0,0,0,0,0,0,0,0,0
"Trav9n-4",0,0,0,0,0,0,0,0,0
"Imp4",175,270,172,114,142,141,138,160,161
"Exosc5",275,303,260,253,272,260,198,248,314
"Fam3c",74,89,49,101,134,134,128,131,128
"Prpf19",318,452,231,193,288,343,280,269,323
"Gm5075",6,4,3,1,5,6,8,2,5
"Washc2",386,618,387,291,466,325,471,302,472
"Miip",149,281,260,170,239,205,210,194,272
"Polr2m",101,243,115,99,114,179,119,91,148
"Ubfd1",31,31,14,25,53,56,83,62,48
"Ing4",101,82,87,170,349,259,204,182,374
"Mrpl50",79,89,36,48,37,32,31,42,37
"Kiss1",0,0,0,0,0,0,0,0,0
"Gfm1",81,152,70,46,46,61,50,53,55
"Usp39",96,199,89,65,87,107,100,106,91
"Larp7",67,93,36,50,49,64,55,79,73
"D6Wsu163e",30,47,28,40,62,84,45,57,79
"Rilp",5,4,2,6,19,23,13,5,19
"Lix1l",7,8,13,5,4,3,7,1,13
"Selenoi",31,64,26,18,27,38,30,31,36
"Selenov",0,0,0,0,0,0,0,0,0
"Emilin3",0,0,0,0,0,0,0,0,0
"Yipf3",349,539,409,301,560,489,471,377,543
"B3gat2",0,0,0,0,0,0,0,0,0
"Afm",2,0,1,7,7,1,5,1,1
"Adam1b",0,0,0,1,0,0,0,0,0
"Adam1a",3,6,0,5,15,5,6,10,5
"Polr1f",140,193,95,76,116,59,107,123,106
"Desi1",41,62,44,26,54,50,45,49,31
"Med10",168,285,101,88,111,127,129,97,140
"Prl5a1",0,0,0,0,0,0,0,0,0
"Atp5po",420,450,299,295,240,319,316,328,300
"Vcf1",134,195,144,87,172,148,153,170,150
"Vps25",325,547,248,225,267,207,183,264,238
"Rtcb",570,739,537,423,716,833,561,655,858
"Trim36",27,40,42,29,55,49,34,48,50
"Mydgf",236,252,199,439,517,540,435,416,492
"Nopchap1",68,149,39,27,41,28,36,47,47
"Tinf2",67,48,68,62,95,150,136,109,119
"Nsun2",272,389,145,123,145,114,138,154,132
"Nop16",153,198,94,48,77,135,106,91,76
"Cep63",100,170,69,68,111,98,63,90,116
"Serp1",1076,2612,559,377,630,506,672,579,582
"Agpat3",261,355,199,181,339,344,325,208,330
"Tomm70a",219,326,135,87,103,69,115,127,121
"Reep3",317,413,286,395,445,393,438,458,493
"Apon",1,0,0,0,0,5,1,1,0
"Dcaf11",89,143,74,92,155,104,77,162,139
"Dhrs4",131,194,71,45,96,97,78,86,86
"Trpm2",193,380,115,260,396,379,461,294,504
"Slco1a1",0,0,0,0,0,0,0,0,0
"Slco1a4",0,0,0,0,0,0,0,2,1
"Slco1b2",0,0,0,0,0,0,0,0,0
"Slco1a6",0,0,0,0,0,0,0,0,0
"Sbsn",28,31,25,12,19,9,16,12,25
"Serpinb1b",0,1,0,0,0,0,0,0,0
"Gatd3a",99,92,58,95,120,138,111,121,153
"Flnb",64,136,32,88,45,72,60,50,57
"Kif19a",5,6,0,6,0,4,4,2,3
"Eif2c5l",0,0,0,0,0,0,0,0,0
"Znhit2",122,172,104,86,152,111,153,104,136
"Limd1",105,257,113,61,123,59,86,85,68
"Tpk1",0,2,0,6,2,2,3,2,6
"Mga",142,194,86,103,99,85,90,112,135
"Rabgap1l",11,9,12,7,14,6,8,14,4
"Bag3",95,156,94,57,109,73,86,74,101
"Ndrg2",37,55,146,17,17,23,31,36,21
"Ndrg3",86,113,66,67,137,119,97,84,143
"Zfp385a",171,245,215,195,190,210,173,241,223
"Bcar3",0,1,0,1,2,1,2,0,0
"Hip1r",57,87,30,9,4,3,2,9,3
"Igfbp7",1,1,4,0,2,0,2,1,1
"Hspb7",1,5,0,0,0,0,0,0,0
"Stau2",9,7,5,11,6,4,6,7,8
"Tnfrsf19",0,0,0,0,0,0,0,0,0
"Or13c7",0,0,0,0,0,0,0,0,0
"Or13c7b",0,0,0,0,0,0,0,0,2
"Or13c7e",0,0,0,0,0,0,0,0,0
"Or13c7d",0,0,0,0,0,0,0,0,0
"Smtn",4,13,2,3,1,4,9,3,5
"Mapk12",0,0,3,1,0,0,0,0,0
"Pmm1",49,88,72,36,43,48,30,38,39
"Sult4a1",1,1,3,5,0,1,0,0,0
"Dpf1",8,6,1,6,6,2,1,0,0
"Ninj2",0,2,2,0,0,0,0,1,0
"Pde7b",1,0,2,0,0,0,0,0,0
"Rnf11",121,249,68,67,122,84,103,107,121
"Cabp5",0,0,0,0,0,0,0,0,0
"Cabp2",0,0,0,0,0,0,0,0,0
"Cabp1",2,7,1,0,0,2,1,1,0
"Ulk2",95,101,144,253,350,178,246,295,358
"Gtse1",3,24,6,7,10,6,14,10,9
"Scmh1",28,65,47,50,47,65,46,42,66
"Cspg5",2,4,0,0,0,4,0,1,1
"Iqgap1",324,525,391,53,106,78,193,62,125
"Clic4",75,144,59,41,48,32,40,26,33
"Hdgfl3",1,6,7,2,5,2,0,0,2
"Opn4",0,0,0,0,0,0,0,0,0
"Dnajc12",17,31,9,8,8,17,9,5,5
"Zfp292",94,142,91,90,121,34,93,126,139
"Scd3",3,5,0,0,1,0,0,0,0
"Fbxw2",75,140,74,47,71,66,72,57,70
"Spdef",1,0,0,0,0,0,0,0,0
"Pcsk1n",13,23,14,5,5,9,4,4,9
"Reg3d",0,0,0,0,0,0,0,0,0
"Rnf17",6,5,3,1,4,2,5,2,1
"Timm13",445,387,316,282,368,338,378,371,422
"Timm9",88,167,74,44,67,78,82,67,54
"Timm8b",119,147,86,93,107,65,88,122,113
"Timm8a1",4,2,0,0,1,2,0,2,0
"Timm10",206,288,137,57,87,159,127,134,116
"Meltf",0,0,0,0,0,0,0,0,0
"Cttnbp2",0,0,0,0,0,0,0,1,0
"Slc39a1",286,303,175,220,171,136,175,226,198
"Pdlim4",87,115,117,164,236,274,235,227,264
"Fkbp3",111,153,86,133,96,122,126,146,110
"Mmp20",0,0,0,0,0,0,1,0,0
"Slc22a4",0,2,0,0,0,0,1,0,0
"Adamts8",0,0,0,0,0,0,0,0,0
"Fbxw4",97,60,92,270,482,471,335,301,475
"Fbxw5",116,245,167,106,160,202,161,134,183
"Fbxl6",131,127,89,71,109,149,144,97,108
"Kdm2b",30,52,33,33,40,29,37,38,62
"Fbxl12",34,91,58,38,115,102,68,41,86
"Mlf2",123,212,190,154,219,222,225,156,205
"Gnl3",530,966,347,154,99,174,205,185,164
"Apln",0,1,0,0,1,2,0,0,1
"Foxe3",0,0,0,0,0,0,0,0,0
"Angptl3",13,60,27,26,19,11,23,29,30
"Slamf6",15,21,20,20,45,13,14,22,41
"Glrx3",194,244,127,147,137,128,167,183,113
"Snai3",0,0,1,0,0,0,0,0,0
"Zbtb18",181,305,117,104,251,197,203,182,195
"Vps26a",123,190,123,128,213,222,204,208,208
"Tor1a",179,262,192,108,252,291,192,167,183
"Zfp330",93,162,63,53,55,63,61,57,61
"Tor2a",151,180,169,136,289,250,222,182,231
"Tor1b",536,866,400,407,586,558,599,603,569
"Tor3a",425,626,299,530,426,676,331,511,519
"Slc46a2",0,0,0,0,0,0,0,0,0
"Lmcd1",0,0,0,0,0,0,0,0,0
"Fgd3",6,10,10,10,13,6,10,18,12
"Pttg1",108,169,84,90,114,125,80,115,67
"Usp25",131,204,110,125,136,145,91,120,150
"Usp21",188,245,155,219,314,270,239,277,325
"Hnf4g",0,0,0,0,0,0,0,0,0
"Prss30",6,7,5,0,2,0,0,0,0
"Zfp354c",13,38,10,14,16,5,13,18,9
"Rnf19a",27,58,26,31,25,29,41,21,43
"Abt1",49,86,28,24,49,60,44,34,28
"Adat1",2,9,2,4,14,12,7,6,5
"Bin1",480,563,523,2176,2121,2019,1938,2083,2135
"Lcmt1",74,70,96,56,99,94,96,104,92
"Cbx8",15,24,11,14,7,30,26,37,40
"Cngb3",0,0,0,0,0,0,0,0,0
"Schip1",0,0,0,0,0,0,0,0,0
"Siva1",108,155,142,116,115,178,122,110,161
"Pik3cg",432,762,295,352,435,247,303,365,365
"Aass",0,0,0,0,0,0,0,0,0
"Mapk8ip3",158,344,133,148,248,248,257,197,284
"Ddx25",0,0,1,0,0,0,0,0,0
"Vapa",491,520,479,126,239,267,238,192,242
"Slc7a9",0,0,0,0,0,0,0,0,0
"Hacd1",47,68,31,23,28,36,26,28,25
"Klk15",0,0,0,0,0,0,0,0,0
"Klk14",0,0,0,0,0,0,0,0,0
"C1s2",0,0,0,3,0,0,0,0,0
"Sec22a",35,27,38,22,37,23,26,28,35
"Slc24a5",13,52,10,8,5,6,5,6,5
"Zar1",0,0,0,0,0,0,0,0,0
"Gimap5",10,13,3,3,1,0,3,4,2
"Gimap9",9,15,0,4,3,5,4,3,0
"Ifnz",0,0,7,0,0,0,0,0,0
"H3c3",0,0,0,6,8,1,0,3,3
"H3c4",3,0,0,1,1,1,3,3,6
"H3c2",0,0,0,0,0,0,0,0,4
"H3c6",2,1,0,13,4,3,4,16,5
"H3c10",0,0,0,0,0,0,0,0,0
"H3c11",0,0,1,0,0,3,5,1,1
"H3c13",1,0,4,4,3,1,1,4,3
"H4c3",6,10,4,8,10,12,9,33,18
"H4c4",35,19,13,70,70,15,55,107,33
"H4c6",0,0,0,2,0,1,0,1,0
"H4c9",26,10,7,29,64,50,93,101,46
"H4c11",2,0,0,1,2,0,0,1,0
"H4c12",0,0,2,0,1,0,0,2,0
"H4c18",0,0,0,0,0,0,2,6,0
"H2ac25",40,33,50,77,173,128,156,90,126
"H2ac1",0,0,0,0,0,0,0,0,0
"H2ac6",15,39,6,42,55,48,60,49,104
"H2ac7",1,6,1,3,6,10,14,4,13
"H2ac8",2,4,2,19,32,8,17,62,37
"H2ac11",0,0,0,1,5,0,3,3,2
"H2ac12",0,0,0,1,1,0,0,0,1
"H2ac15",1,0,0,7,1,2,0,2,1
"H2ac22",1,0,0,7,2,1,2,22,13
"H2ac24",0,3,1,5,2,13,2,8,5
"H2ac4",0,0,0,0,5,0,1,1,0
"H2ac10",0,0,0,0,0,2,1,0,0
"H2ac20",5,2,8,15,10,3,10,13,17
"H2bc1",0,0,0,0,0,0,0,0,0
"H2bc3",1,1,2,6,1,3,11,12,8
"H2bc6",8,16,9,17,28,21,33,23,44
"H2bc7",0,0,3,1,0,0,4,3,1
"H2bc8",6,5,4,11,14,11,15,22,21
"H2bc9",1,0,0,0,1,0,0,6,5
"H2bc11",5,0,5,14,11,10,5,15,3
"H2bc12",0,0,0,0,3,0,0,0,2
"H2bc13",2,0,0,0,0,0,2,2,0
"H2bc14",0,5,1,2,3,8,1,0,3
"H2bc15",0,0,0,0,0,1,0,7,1
"H2bc22",0,1,0,0,2,0,4,0,3
"H2bc18",6,4,11,5,2,9,4,13,4
"H2bc21",8,17,6,15,14,19,16,9,20
"H2ac13",0,0,0,1,0,1,0,6,1
"H2ac19",0,7,0,2,2,0,10,1,6
"Rpl17",168,256,177,110,170,114,155,135,198
"Ankef1",0,0,0,0,0,0,0,0,0
"Gpr4",5,90,3,1,0,0,3,2,0
"Gpr82",0,1,0,0,0,0,0,0,1
"Pgbd1",6,3,9,1,5,9,3,6,10
"Vmn2r-ps11",0,0,0,0,0,0,0,0,0
"Nol4",0,0,0,0,0,0,0,0,0
"4930579C12Rik",0,0,0,0,0,0,0,0,0
"4932413F04Rik",0,0,0,0,0,0,0,0,0
"4932441J04Rik",0,0,0,0,0,0,0,0,0
"Vmn2r7",0,0,0,0,0,0,0,0,0
"6330410L21Rik",0,0,0,0,0,0,0,0,0
"Sctr",0,0,0,1,0,2,0,2,0
"Trim12c",96,113,82,123,72,64,54,89,90
"Npsr1",0,2,0,1,0,0,0,1,0
"9530080O11Rik",0,0,0,0,0,0,0,0,0
"Bricd5",1,0,0,1,6,0,3,0,0
"Fchsd1",27,60,26,14,15,34,23,36,33
"Pcmtd1",42,40,37,72,111,48,72,75,74
"A130010J15Rik",28,57,29,23,26,30,32,37,25
"A130040M12Rik",470,776,175,70,88,29,63,136,79
"Sros1",4,15,6,6,15,7,14,21,18
"Washc4",106,150,102,179,209,114,203,167,202
"Shfl",64,50,56,105,180,151,98,68,144
"Gpr141b",0,0,0,0,0,0,0,0,0
"A930001C03Rik",0,0,0,0,0,0,0,0,0
"Snhg11",3,10,2,0,5,2,5,6,0
"Sf3b2",470,699,281,287,453,477,497,438,397
"C130036L24Rik",8,17,21,5,8,12,5,14,7
"Pianp",1,4,2,0,0,0,2,4,5
"C530047H08Rik",1,0,0,2,0,4,4,3,3
"Ubald2",58,51,76,48,94,76,85,90,108
"D030028A08Rik",68,67,35,46,75,44,51,50,34
"D130012P04Rik",5,3,1,1,0,1,3,4,9
"Adgrl3",0,0,0,0,0,0,0,0,0
"D430036J16Rik",0,0,0,0,0,0,0,0,0
"Hs3st5",0,0,0,0,0,0,0,0,0
"C5ar2",106,89,126,174,256,151,199,208,214
"Serpine3",0,0,0,0,0,0,0,0,0
"E430002N23Rik",0,0,0,0,0,0,0,0,0
"Dpep2",6,24,13,7,8,7,6,1,15
"Fndc3a",86,143,88,93,120,60,101,105,122
"Rptoros",4,6,4,1,2,3,1,0,0
"Pld5",0,0,0,5,0,0,0,2,0
"C230057M02Rik",0,0,0,0,0,0,0,0,0
"A930002C04Rik",0,1,0,0,0,0,0,1,0
"Ppm1h",147,518,122,153,261,199,192,156,280
"A230056J06Rik",1,0,0,0,0,0,1,0,0
"9330158H04Rik",0,0,0,0,0,0,0,0,0
"Zfp672",40,43,30,33,58,44,46,42,26
"Lrtm1",0,3,2,5,2,3,1,4,2
"Insyn1",2,0,0,0,0,2,0,1,0
"Cxxc4",0,0,1,0,2,0,0,0,0
"Itga11",0,1,1,0,0,1,1,1,0
"Wdr59",4,5,0,16,9,12,11,10,23
"Fcgbpl1",0,0,0,0,0,0,0,0,0
"A430057M04Rik",0,10,0,1,1,0,1,0,0
"A230028O05Rik",0,0,0,0,0,0,0,2,1
"319493",0,0,0,0,0,0,0,0,0
"9930038B18Rik",0,0,0,0,0,0,0,0,0
"Nrcam",0,0,0,0,0,0,0,0,0
"Syt15",0,0,0,0,0,0,0,0,0
"Pced1a",69,110,26,90,83,101,124,79,101
"Pdpr",3,4,4,0,0,2,1,0,3
"Dusp4",5,3,6,0,0,0,0,2,0
"B230325K18Rik",2,19,4,3,5,7,6,5,8
"Zfp750",0,0,0,0,0,0,0,0,0
"Zfp182",41,52,58,43,51,18,53,37,59
"D430020J02Rik",3,7,0,7,6,5,2,11,6
"6330420H09Rik",0,0,0,0,0,0,0,0,0
"Spx",0,0,0,0,0,0,0,0,0
"Idi1",0,1,0,2,1,0,0,2,0
"Nwd1",1,0,0,0,0,0,3,0,0
"A330041J22Rik",0,0,0,0,0,0,0,0,0
"9630028B13Rik",0,7,0,0,0,0,0,0,0
"C230012O17Rik",0,0,0,0,0,0,0,0,0
"Syne2",1,4,2,12,9,7,8,3,3
"C730027H18Rik",0,0,0,0,0,0,0,0,0
"Gm20735",0,0,0,0,0,0,0,0,0
"Defb20",0,0,0,0,0,0,0,0,0
"Xkr5",0,1,0,4,5,3,0,2,8
"Trmt9b",0,0,0,0,0,0,0,0,0
"Lig4",43,88,42,26,17,33,25,52,22
"Celf5",0,2,0,0,0,0,0,0,0
"4930539J05Rik",8,22,3,2,7,3,7,5,14
"Hif1an",54,62,36,19,45,56,28,39,45
"Zfp653",154,348,199,57,74,94,98,98,99
"Fam168a",220,233,155,185,190,155,219,140,210
"Sybu",0,0,3,0,0,0,1,0,0
"Zfp944",39,98,33,21,28,31,34,47,29
"Fzd10os",0,0,0,0,0,0,0,0,0
"Dcp1b",68,77,59,68,53,95,62,51,81
"Itpripl2",169,377,136,123,172,127,156,173,163
"Galm",1,3,8,20,33,37,39,30,33
"9530059O14Rik",0,0,0,0,0,0,0,0,0
"Efcab5",0,0,0,0,0,0,0,0,0
"Fsd1l",0,0,0,2,1,0,1,4,0
"Nt5dc1",30,61,27,16,30,39,17,32,20
"Rab9b",0,0,0,0,0,0,0,0,0
"D630013N20Rik",0,0,0,0,0,0,0,0,0
"A430108G06Rik",0,0,0,0,0,0,0,0,0
"Usp37",30,28,23,27,21,24,36,28,23
"Slc25a40",26,38,16,28,28,16,33,16,27
"Podxl2",9,4,1,2,7,5,3,4,7
"Agmo",3,6,5,10,11,4,7,14,8
"A430010J10Rik",0,0,0,0,0,0,0,0,0
"Eml5",14,25,9,3,3,9,0,2,4
"9330159M07Rik",1,16,1,5,7,2,1,4,0
"Cep295",55,84,42,35,25,23,34,51,39
"5031425F14Rik",0,5,3,0,2,4,1,8,3
"5930422O12Rik",0,0,2,2,1,0,1,1,0
"319689",1,1,0,0,0,0,3,0,0
"Ankar",0,0,0,0,0,0,0,0,0
"Fbxo48",1,0,0,9,9,8,1,4,6
"C430002N11Rik",0,0,0,0,0,0,0,0,0
"Frmd6",4,9,8,3,2,5,9,3,6
"E230029C05Rik",111,37,69,237,271,113,208,208,231
"Ablim3",0,3,0,0,0,0,0,0,0
"Simc1",27,46,34,13,31,16,19,31,32
"E330033B04Rik",8,13,11,19,18,35,22,27,21
"A330035P11Rik",0,0,0,0,0,1,2,2,0
"Cacna2d4",0,0,0,0,0,0,0,0,0
"B230303O12Rik",17,155,37,4,5,9,3,3,1
"Zfyve27",146,252,176,92,121,129,143,117,140
"Mpzl3",1,0,0,1,0,0,0,0,0
"9630013D21Rik",1,0,1,2,1,0,0,0,2
"Zfp865",32,78,70,42,83,66,76,52,104
"A230009B12Rik",0,0,0,0,0,0,0,0,0
"B230209E15Rik",0,0,0,0,0,0,0,0,0
"Smo",49,82,45,53,101,97,63,45,116
"Rfx7",38,58,19,25,31,22,19,36,34
"D130020L05Rik",2,19,3,6,6,5,2,3,4
"Sertm2",1,0,0,0,0,0,0,0,0
"Igf2bp2",7,37,2,3,19,6,13,11,12
"Atp10b",0,0,0,0,0,0,0,0,0
"C130050O18Rik",35,30,46,34,44,44,37,30,61
"Tmem72",0,0,0,0,0,0,0,0,0
"9530051G07Rik",0,0,0,0,0,0,0,0,0
"A730056A06Rik",0,0,0,0,0,0,0,0,0
"B930059L03Rik",5,3,1,0,1,3,4,14,7
"A730090N16Rik",0,5,4,0,3,1,0,3,0
"Slc22a30",0,0,0,0,0,0,0,0,0
"Tigar",71,101,86,24,26,41,47,54,40
"A430090L17Rik",0,0,2,0,0,0,0,0,0
"Glt1d1",0,0,2,0,0,0,0,0,0
"Nwd2",0,0,0,0,0,0,0,0,0
"9430018G01Rik",0,0,0,0,0,0,0,0,0
"Rc3h2",77,209,129,84,95,40,50,102,84
"A930011G23Rik",0,0,0,0,2,0,0,0,0
"4932435O22Rik",0,0,0,0,0,0,0,0,0
"Smyd4",25,35,46,37,23,60,41,42,63
"9330154K18Rik",0,0,0,0,0,0,0,0,0
"1500004A13Rik",0,0,0,0,0,0,0,1,0
"Tmem229a",0,3,1,0,0,0,1,0,0
"A530020G20Rik",0,0,0,0,0,0,0,0,0
"Bbs9",32,44,48,48,91,119,71,85,115
"Slc17a4",0,0,0,0,0,0,0,0,0
"Plxna4os1",18,21,26,67,147,102,94,94,113
"A930006I01Rik",0,0,0,0,0,0,0,0,0
"E030011O05Rik",0,0,0,0,0,0,0,0,0
"E230008O15Rik",2,2,0,0,0,2,2,1,5
"E130114P18Rik",0,0,0,0,0,0,0,0,0
"4732490B19Rik",0,0,0,0,0,0,0,0,0
"Tmprss11b",0,0,0,0,0,0,0,0,0
"Cobll1",0,2,0,1,0,0,0,0,0
"Tmcc3",231,740,242,284,410,416,302,418,405
"Zcchc7",233,245,168,150,214,252,353,222,287
"E030030I06Rik",10,20,3,15,14,21,10,15,14
"Oacyl",0,0,0,0,0,0,0,0,0
"A230057D06Rik",0,0,0,0,0,0,0,0,0
"E330017L17Rik",0,1,0,0,0,0,0,0,0
"Dock6",51,43,25,20,30,52,25,38,28
"Dsel",9,10,3,9,15,1,17,6,14
"9630013A20Rik",0,0,0,0,0,0,0,0,0
"Ism1",3,2,0,0,0,0,0,0,0
"A730011C13Rik",4,27,6,2,0,13,12,3,19
"Vwc2",0,1,0,0,0,0,0,0,0
"Apba1",20,14,21,38,35,22,28,28,41
"A630076J17Rik",0,0,0,0,0,0,0,0,0
"Ceacam19",1,0,0,0,0,0,4,0,0
"A330032B11Rik",0,0,0,0,0,0,0,0,0
"Sbf2",93,214,123,122,162,150,135,110,117
"Tns3",186,396,139,141,312,277,198,240,286
"Sorbs2os",0,0,0,0,0,0,0,0,0
"A530016L24Rik",0,0,0,0,0,0,0,0,0
"Taf2",54,120,33,33,22,40,35,38,25
"Flad1",68,39,25,49,60,46,45,50,61
"A230001M10Rik",0,0,0,0,0,0,0,0,0
"Ttll1",13,23,2,13,25,17,15,12,17
"Egfros",0,0,0,0,0,0,0,0,0
"Ercc6",61,66,40,31,30,31,48,45,36
"4930513N10Rik",2,7,3,0,0,0,1,2,0
"Cc2d1b",148,220,136,161,264,291,225,254,258
"B230323A14Rik",0,0,0,0,0,0,0,0,0
"A630077J23Rik",0,0,0,0,0,0,0,0,0
"Auts2",0,3,1,0,0,0,0,0,0
"A530079E22Rik",0,0,0,0,0,0,0,0,0
"C820005J03Rik",0,0,0,0,0,0,0,0,0
"C530044C16Rik",0,0,0,0,0,0,0,0,0
"5930430L01Rik",0,0,0,2,0,1,0,0,0
"9330111N05Rik",0,0,0,0,0,0,0,0,0
"Jph4",1,3,0,0,0,2,4,0,1
"Kif6",0,0,0,0,0,0,0,0,0
"Golm2",18,26,11,10,15,11,7,5,6
"A630001G21Rik",470,699,322,292,438,470,445,375,492
"Tmem198",3,10,0,2,1,2,4,0,1
"E230015B07Rik",0,0,0,0,0,0,0,0,0
"A930002H24Rik",0,0,0,0,0,0,0,0,0
"Sidt1",0,1,0,0,0,0,0,0,0
"Uggt1",138,233,148,218,391,403,414,308,332
"B930025P03Rik",0,0,0,0,0,0,0,0,0
"Ptgs2os",0,0,0,0,0,0,0,0,0
"6330415G19Rik",0,3,1,0,0,0,0,3,1
"Terb1",1,0,0,0,0,0,0,0,0
"Nceh1",87,159,92,31,66,61,36,86,65
"A330076H08Rik",0,0,0,0,0,0,0,0,0
"Fstl4",29,4,19,0,1,0,6,1,0
"Dlx6os1",0,0,0,0,0,0,0,0,0
"Rnf222",0,1,0,0,0,4,0,0,0
"F730043M19Rik",0,1,0,0,0,0,0,3,0
"Exph5",0,0,0,0,0,0,0,0,3
"9230116N13Rik",2,14,11,4,2,1,6,1,11
"D130017N08Rik",2,0,0,3,0,0,0,0,1
"A830019L24Rik",0,0,0,0,0,0,0,0,0
"Olfml2b",44,34,34,39,77,68,73,43,50
"Zbtb39",17,49,26,9,37,24,20,31,16
"Fbxw21",0,0,0,0,0,0,0,0,0
"Fbxw16",0,0,0,0,0,0,0,0,0
"C030034L19Rik",0,12,6,11,46,13,13,8,18
"Ano4",0,0,0,0,0,0,0,1,0
"E030003E18Rik",0,0,0,0,0,0,0,0,0
"6430550D23Rik",0,0,0,1,6,0,3,1,1
"BC106179",0,0,0,2,2,0,0,1,0
"Relt",229,321,259,86,151,112,79,89,121
"Slc38a11",0,0,0,0,0,0,0,0,0
"B230369F24Rik",0,0,0,0,0,0,0,1,0
"Prr18",3,0,4,3,13,15,13,3,13
"Fndc9",0,0,0,0,0,0,0,0,0
"Fbxl13",0,0,0,0,0,0,0,0,0
"Rps6kc1",79,144,92,55,94,98,100,83,87
"Dgki",0,0,0,0,0,0,0,0,0
"Grk3",204,731,149,147,269,239,238,179,246
"A230108P19Rik",0,0,0,0,0,0,0,0,0
"6030445D17Rik",0,0,0,0,0,0,0,0,0
"BC049715",0,0,0,0,3,2,0,1,0
"A130050O07Rik",5,4,1,0,1,0,1,5,2
"Ptpn7",3,4,0,0,1,0,9,5,0
"Sp8",0,0,0,0,0,0,0,0,0
"Trem6l",179,169,248,253,296,260,207,243,278
"Zdhhc17",86,70,50,61,67,67,75,78,60
"4930412C18Rik",0,0,0,0,1,2,0,0,0
"C730002L08Rik",0,0,0,0,0,0,0,0,0
"Zmat4",0,1,0,0,0,0,0,0,0
"Togaram2",0,0,0,1,0,4,8,1,2
"Cep95",23,47,20,47,80,41,40,56,74
"4930525G20Rik",0,0,0,0,0,0,1,0,0
"Tacc1",436,656,381,331,515,362,468,456,554
"E230016M11Rik",5,9,9,3,14,4,0,3,19
"A830082K12Rik",0,0,0,0,0,0,0,0,0
"D930032P07Rik",0,0,0,0,0,0,0,0,0
"Fndc7",7,60,7,1,3,3,4,15,4
"Msrb3",1,1,0,0,2,0,0,3,0
"Lrrc58",353,458,302,196,259,179,326,297,287
"E230001N04Rik",55,117,56,24,77,36,66,42,46
"320189",10,19,2,0,0,1,1,0,1
"Hook3",99,111,84,129,165,110,139,181,159
"320197",0,3,2,5,1,2,3,3,4
"Lefty2",0,0,0,0,0,0,0,0,0
"Mir9-2hg",0,0,0,0,0,0,0,0,0
"Etfbkmt",4,1,6,0,4,3,1,6,5
"320206",8,12,7,11,5,9,12,30,4
"Pik3r5",869,1502,354,353,509,595,543,505,602
"Tmem91",3,1,5,0,6,3,4,6,7
"Ddx11",8,18,5,24,26,25,18,20,10
"A230077H06Rik",0,0,0,0,0,0,0,0,0
"Senp5",66,184,61,66,75,73,110,99,94
"Cfap91",0,0,0,0,0,0,0,1,0
"Catsperg1",4,14,4,10,10,8,10,9,19
"Ccdc171",0,2,0,6,8,4,8,18,1
"9530052C20Rik",0,5,0,4,0,2,0,0,1
"C130023O10Rik",0,0,0,0,0,0,0,0,0
"Ccdc66",23,22,13,14,23,16,17,26,20
"Smim10l2a",1,3,0,1,10,9,3,9,17
"Ttll5",6,13,15,8,21,17,14,5,13
"C030023E24Rik",0,0,0,0,0,0,0,0,0
"D130009I18Rik",0,0,0,0,0,0,0,0,0
"Marchf3",2,5,2,0,3,0,4,3,0
"Dlec1",3,2,3,1,3,1,1,8,14
"Tafa1",0,0,0,1,2,6,0,5,1
"Fubp3",61,75,37,46,38,41,54,43,60
"B930095G15Rik",4,34,9,22,6,5,2,3,3
"Scai",23,57,31,43,34,10,22,52,28
"9330162B11Rik",0,0,0,0,0,0,0,0,0
"B230208H11Rik",29,63,22,3,10,6,12,9,3
"Spef2",0,0,0,0,3,1,2,0,0
"Rasgef1b",72,242,71,85,81,103,57,68,78
"C920006O11Rik",10,35,17,4,13,3,9,5,12
"A830009L08Rik",0,0,0,1,0,0,0,1,2
"Iqcb1",5,14,16,1,9,6,11,13,8
"E530011L22Rik",0,0,0,0,0,0,0,0,0
"Glt28d2",0,0,0,0,0,0,0,0,0
"Grep1",0,0,0,0,0,1,0,1,0
"Rnf152",0,0,2,0,0,0,0,0,0
"A430035B10Rik",3,2,2,0,0,1,3,3,0
"A330048O09Rik",0,0,0,0,0,0,0,0,0
"9430077A04Rik",0,0,0,0,0,0,0,0,0
"H4c16",0,9,4,10,18,16,19,44,26
"D830030K20Rik",0,0,0,0,0,0,0,0,0
"Lypd6",1,4,2,9,11,12,9,11,9
"Lyset",112,178,111,66,58,72,61,63,61
"Lrrc31",0,0,0,0,0,0,0,0,0
"Grin1os",0,0,0,0,0,0,0,0,0
"Lipi",0,0,0,0,0,0,0,0,0
"Ric3",73,49,51,40,39,42,42,46,63
"D030045P18Rik",0,0,0,0,0,0,1,0,0
"Fry",14,37,21,35,61,27,45,46,59
"A530076I17Rik",0,0,0,1,4,0,1,0,0
"Bcorl1",5,6,8,2,5,9,4,2,3
"9330175E14Rik",0,2,0,1,0,1,0,0,0
"B230317F23Rik",7,11,7,3,14,5,9,8,1
"Cenpt",82,61,41,68,46,85,59,71,79
"Lrig3",12,13,13,10,16,19,17,28,19
"Gm16897",1,0,0,3,1,0,0,0,2
"Itpkb",18,54,9,9,12,9,21,15,10
"Cadps2",0,0,0,0,0,1,0,1,0
"Leat1",0,0,0,0,0,0,0,0,0
"Klri2",0,0,0,0,0,0,0,0,0
"A730089K16Rik",0,0,0,0,0,0,0,0,0
"Gchfr",0,0,2,0,0,0,0,0,0
"Trank1",0,0,0,1,0,0,1,2,0
"Rinl",65,80,41,94,100,106,87,95,164
"Alg6",34,52,41,60,71,86,58,71,63
"9530091C08Rik",1,1,1,0,2,0,0,1,2
"P4ha3",0,0,0,0,0,0,0,0,0
"Dlx4os",0,0,0,0,0,0,0,0,0
"Tmprss11g",0,0,0,0,0,0,0,0,0
"B330016D10Rik",24,93,29,34,43,21,50,41,50
"Vwc2l",0,0,0,0,0,0,0,0,0
"F630111L10Rik",1,0,0,3,0,2,1,0,2
"A230103J11Rik",0,0,0,0,0,0,0,0,0
"9930014A18Rik",2,1,0,2,3,0,3,0,2
"Ppm1e",3,3,2,8,11,7,8,20,10
"Heatr5b",21,33,16,19,21,16,32,34,17
"E030042O20Rik",0,2,2,2,4,2,8,1,2
"Sox2ot",0,1,0,0,0,0,0,0,0
"C330024D21Rik",0,0,0,0,0,0,0,0,0
"Nron",0,0,0,0,0,0,0,0,0
"Rasal3",179,224,205,565,563,632,441,433,601
"B230312C02Rik",0,0,0,0,0,0,0,0,0
"Heatr5a",79,173,124,152,190,126,146,170,181
"C530050E15Rik",0,1,0,0,0,0,0,0,0
"A830018L16Rik",2,0,3,0,0,0,0,0,0
"Ipcef1",18,9,8,4,11,3,12,11,16
"Tmem215",0,0,0,0,0,0,0,0,0
"Lmod3",0,3,0,0,0,1,0,0,0
"Lmbrd2",7,9,2,17,1,2,7,5,9
"D930015M05Rik",0,0,0,0,0,0,0,0,0
"Cachd1",0,0,0,0,0,0,0,0,0
"9930022D16Rik",2,17,2,0,0,0,0,0,0
"320513",33,31,19,28,34,30,35,47,28
"Bhlha9",0,0,0,0,0,0,1,2,1
"Vps13c",20,16,18,45,44,27,57,31,53
"Tmem104",618,1066,724,452,624,494,448,364,550
"Ubn2",253,295,177,293,268,224,293,275,315
"Slc35e2",31,99,35,24,43,36,71,39,39
"Pramel48",0,0,0,0,0,0,0,0,0
"Tcp11l1",3,11,7,7,5,5,15,23,10
"Fam169a",0,0,0,0,0,0,0,0,0
"Sycp2",9,1,5,67,24,16,8,35,37
"Dennd5b",0,2,1,0,0,0,0,2,0
"Islr2",0,2,0,1,0,2,0,0,0
"A830029E22Rik",0,0,0,0,0,0,0,0,0
"Atp8b5",1,3,0,0,0,0,3,1,0
"Idi2",0,0,0,0,0,0,0,0,0
"A630089N07Rik",2,2,3,4,4,1,4,1,2
"Tmem278",0,0,0,0,0,0,0,0,0
"Svopl",0,0,0,0,0,0,0,0,0
"A230051N06Rik",0,0,0,0,0,0,0,0,0
"Phf8",39,55,20,17,25,22,34,29,31
"Ccdc169",1,0,0,0,0,0,1,0,1
"3632454L22Rik",0,0,0,0,0,0,0,0,0
"Strip2",22,14,32,4,9,2,5,3,10
"Spag17os",0,0,0,0,0,0,0,0,0
"A330033J07Rik",0,0,0,0,0,0,0,0,0
"Dop1a",54,87,43,47,38,35,44,39,45
"B130006D01Rik",23,49,34,37,48,27,50,63,33
"D830044D21Rik",0,0,0,0,0,0,0,0,0
"4930474G06Rik",0,0,0,0,0,0,0,0,0
"9230105E05Rik",0,0,0,0,0,0,0,0,0
"Abca15",0,0,0,0,0,0,0,0,0
"Snrnp200",217,315,172,128,241,231,229,186,207
"Zbtb26",14,14,9,23,14,12,18,15,10
"Ocrl",41,72,30,44,37,35,49,35,48
"Cyb5r2",0,0,0,0,0,0,0,0,0
"Skint4",0,0,0,0,0,0,0,0,0
"A630066F11Rik",2,25,4,6,8,16,11,7,13
"Pgap3",27,49,32,10,33,25,29,12,16
"D5Ertd579e",23,45,16,21,34,44,55,24,29
"Dnai7",1,3,2,2,1,1,0,1,1
"Cass4",0,0,2,0,1,0,0,1,0
"D130079A08Rik",0,0,0,0,0,0,0,0,0
"Iffo1",240,252,267,278,371,422,285,358,414
"Samd12",0,0,0,0,0,0,0,0,0
"Zfp629",114,189,53,60,64,65,80,76,67
"9630028H03Rik",0,0,0,0,0,0,0,0,0
"Dctd",28,29,8,9,7,16,22,13,2
"9430037G07Rik",0,0,0,0,0,2,0,0,0
"Ccdc158",0,0,0,0,1,0,2,0,0
"A930033H14Rik",8,7,4,4,14,13,19,7,8
"Tafa4",0,1,0,0,0,0,0,0,0
"Bend6",5,2,0,23,34,28,18,22,21
"Mtcl2",254,466,466,551,1117,951,815,671,969
"Atp2b3",0,1,4,0,0,1,0,0,0
"Tmem117",0,0,0,0,2,0,0,0,0
"Abi3bp",0,0,0,0,0,0,0,0,0
"Mysm1",128,197,99,102,120,71,130,118,112
"Trappc11",79,158,93,70,136,99,120,107,113
"Pptc7",130,304,145,77,136,120,149,138,123
"Slc26a9",0,0,0,0,0,0,0,0,0
"6030443J06Rik",0,0,0,0,0,0,0,4,3
"Fastkd1",55,70,42,26,25,13,27,24,26
"Akain1",0,0,0,0,0,0,0,0,0
"Ipo8",53,70,58,50,60,29,39,43,47
"Trav7d-6",0,0,0,0,0,0,0,0,0
"Vstm4",0,2,0,4,5,2,1,1,1
"4732416N19Rik",0,1,0,0,0,2,0,0,0
"A230072C01Rik",0,3,2,2,4,17,1,4,4
"Lingo4",0,0,0,0,0,0,0,0,0
"D630041G03Rik",2,6,0,0,0,0,0,0,1
"D830014E11Rik",1,3,2,3,0,0,0,0,0
"Dpy19l2",0,0,0,0,0,0,0,0,0
"D630008O14Rik",0,0,0,0,0,0,0,0,0
"Prdx6b",0,0,0,0,0,0,0,0,0
"A630072M18Rik",13,17,18,7,18,4,6,6,18
"Mdga2",0,0,0,0,0,0,0,0,0
"B230319C09Rik",0,0,0,0,0,0,0,0,0
"Tmem154",253,140,300,9,36,32,49,26,43
"C230072F16Rik",0,0,0,0,0,0,0,0,0
"Chd7",434,734,387,337,471,284,404,398,428
"Pkn1",225,283,380,315,347,339,345,275,332
"4831440D22Rik",0,0,0,1,0,0,0,1,0
"Zhx3",3,2,14,4,4,5,1,2,12
"Ifitm10",0,6,0,9,8,2,4,2,8
"C330018A13Rik",1,6,1,2,0,1,0,2,2
"Gfm2",36,54,19,76,51,57,51,64,61
"Dcaf5",88,110,61,58,76,107,94,70,68
"Ankrd16",316,523,261,123,214,221,195,183,230
"Atad2b",58,79,33,49,73,37,71,80,97
"Samd5",0,0,0,0,0,0,0,0,0
"Cracd",0,0,0,1,0,0,0,0,0
"Sirpb1a",0,0,0,0,0,0,0,0,0
"Negr1",1,0,0,0,7,1,1,1,5
"C230035I16Rik",1,2,1,0,0,0,0,1,0
"Amigo3",18,16,6,26,11,17,14,7,34
"A230056P14Rik",0,1,1,2,4,2,1,1,1
"Gjd2os",0,0,0,0,0,0,0,0,0
"L3mbtl4",0,0,0,0,0,0,0,0,0
"Krt26",0,0,0,0,0,0,0,0,0
"Cdh18",0,0,0,0,0,0,0,2,0
"Spata33",0,0,0,0,1,0,0,4,0
"B230206H07Rik",0,0,0,0,0,0,0,0,0
"Arhgap15os",0,0,0,0,0,0,0,0,0
"Cdh10",0,0,0,0,0,0,0,0,0
"Mical2",3,13,5,6,1,1,2,3,1
"B230217O12Rik",4,0,0,0,1,0,0,0,0
"6430562O15Rik",0,0,0,0,0,0,0,0,0
"Trav3-3",0,0,0,0,0,0,0,0,0
"Itgb8",0,0,0,0,0,0,0,0,0
"Trdv2-2",0,0,0,0,0,0,0,0,0
"Wscd2",1,5,0,0,0,4,0,1,0
"A230107N01Rik",0,0,0,5,0,0,0,0,0
"Map7d3",12,10,2,7,0,10,2,12,12
"Ccbe1",0,0,0,0,0,0,0,0,0
"AU041480",0,0,0,0,4,0,0,0,2
"Tnpo3",240,383,163,192,179,187,180,224,222
"5930403L14Rik",0,2,0,0,0,0,0,0,0
"Atp11c",26,65,39,27,27,12,21,29,21
"B930082K07Rik",0,0,0,0,0,0,0,0,0
"9330104G04Rik",0,1,0,0,0,3,1,0,0
"Pisd",415,728,296,154,231,258,306,224,284
"A730013G03Rik",0,0,0,0,0,0,0,0,0
"4831440E17Rik",5,14,6,4,11,3,4,12,9
"D330023K18Rik",12,16,8,10,14,4,6,13,20
"Lrrn4",0,0,0,0,0,1,0,0,2
"D330050G23Rik",0,0,0,1,0,1,0,1,0
"A330023F24Rik",1,8,3,2,0,0,0,1,2
"Enpp6",0,0,0,0,0,0,0,0,0
"Arl4c",383,394,513,403,576,408,467,563,682
"Rfx6",0,0,0,0,0,0,0,0,0
"Cyp4f39",0,0,0,0,0,0,0,0,0
"Lrif1",101,176,74,41,70,28,37,65,63
"C230021G24Rik",0,0,0,0,0,0,0,0,0
"Xpnpep3",45,43,47,33,30,20,46,46,52
"Dcaf1",9,9,5,15,14,30,26,12,10
"Serac1",14,29,38,15,29,24,20,32,21
"Zswim9",5,18,17,14,11,10,10,17,10
"1700006J14Rik",0,0,0,0,0,0,0,0,0
"4930473A02Rik",0,0,0,0,0,0,0,0,0
"5330439B14Rik",0,0,0,0,0,0,0,0,0
"Serpina4-ps1",0,0,0,0,0,0,0,0,0
"Gpr183",378,341,537,263,505,502,587,422,445
"Fpr-rs6",0,0,0,0,0,0,0,0,0
"Fpr-rs7",0,0,0,0,0,0,0,0,0
"Cdv3",98,142,53,45,68,59,35,48,38
"Tpm4",150,214,113,81,119,87,66,128,136
"H4c1",0,0,0,2,5,0,0,6,2
"H4c2",2,5,3,0,1,4,4,24,6
"Upf2",49,53,43,27,30,19,38,39,34
"Tnfsf15",0,1,2,0,0,0,0,0,0
"Ppip5k1",28,41,16,29,32,34,43,25,38
"Ccn6",0,0,0,0,0,0,0,0,0
"E130307A14Rik",25,26,28,18,44,31,27,31,25
"Mettl24",0,0,0,0,0,0,0,0,0
"Gm20611",0,0,0,0,0,0,0,0,0
"Dna2",51,75,83,73,90,110,80,81,73
"Tmem26",4,8,0,0,1,0,0,0,4
"A330049N07Rik",0,0,0,0,0,0,0,0,0
"4933439G19Rik",0,0,0,0,0,0,0,1,0
"Usp44",0,0,0,0,0,0,0,0,0
"Gm15663",0,0,0,0,0,0,0,0,0
"Ppfia2",0,0,0,0,0,0,0,0,0
"Frs2",30,73,41,36,80,38,34,32,21
"Gm11961",0,0,0,0,0,0,0,0,0
"Ubtd2",18,38,16,7,9,10,16,11,23
"Pigl",8,0,0,1,0,0,3,2,1
"Gm12295",0,0,0,0,0,0,0,0,0
"Cyb5d1",0,0,0,1,0,0,0,2,0
"Dnah2",11,19,8,6,8,5,4,3,3
"Vmo1",0,0,0,0,0,0,0,0,0
"Scimp",17,27,22,19,10,17,2,21,18
"Pitpnm3",0,0,0,0,0,0,0,1,0
"Xaf1",237,501,274,193,116,172,107,222,218
"Zfp616",0,0,0,0,0,0,0,0,0
"Slfn5",185,395,135,185,103,95,47,183,141
"Med13",125,156,69,122,119,38,76,80,110
"Hsf5",1,2,0,0,0,0,1,0,0
"Spata32",0,0,0,0,0,0,0,0,0
"Fads6",1,3,0,0,0,0,0,1,0
"Slc7a15",0,0,0,0,0,0,0,0,0
"Gm4166",0,0,0,0,0,0,0,0,0
"C630031E19Rik",0,0,0,0,0,0,0,0,0
"Dtd2",2,10,5,1,8,8,12,11,9
"Prps1l3",61,139,54,36,61,57,60,62,68
"Togaram1",38,43,27,14,17,16,29,44,37
"Prpf39",155,214,80,116,83,56,78,160,123
"Slc39a9",64,135,53,63,81,83,63,80,87
"Gm805",0,0,0,0,0,0,0,0,0
"Trmt61a",148,306,115,38,40,73,49,51,58
"Gm10336",59,63,69,73,89,68,98,98,119
"A530046M15Rik",0,0,0,0,0,0,0,0,0
"Gm5082",5,0,0,0,0,1,0,3,0
"Gfod1",2,0,0,1,0,0,0,0,0
"Rnf182",0,0,0,0,0,0,0,0,0
"Gm5083",0,0,0,0,0,0,0,0,0
"Nutm2",0,0,0,0,0,0,0,0,0
"Slc25a48",0,0,0,0,0,0,0,0,0
"A530065N20Rik",0,0,0,0,0,0,0,0,0
"Zfp459",0,0,0,0,0,0,0,0,0
"Gm20554",0,0,0,0,0,0,0,0,0
"Gm9776",11,33,15,9,27,32,18,19,19
"Gm5086",3,7,4,28,36,41,47,31,36
"5930438M14Rik",0,0,0,0,0,0,0,0,0
"Mast4",4,10,6,10,15,8,13,18,18
"Gm5087",0,0,0,0,0,0,0,0,0
"Zmiz1",187,318,194,310,485,463,448,412,544
"Rft1",105,139,120,102,127,137,120,141,149
"Sh2d4b",0,5,1,1,0,0,0,0,1
"Gm10101",5,1,2,0,2,4,2,5,5
"A930018M24Rik",0,0,0,0,3,1,3,1,0
"Rnase9",0,0,0,0,0,0,0,0,0
"Parp4",67,152,60,24,68,43,68,36,55
"Kcnrg",0,1,1,0,0,0,0,0,0
"Npm2",3,9,6,2,9,5,5,5,3
"Gm5088",0,0,0,0,0,0,0,0,0
"Gm5089",0,0,0,0,0,0,0,0,0
"Trav9d-2",0,0,0,0,0,0,0,0,0
"Trav6-3",0,0,0,0,0,0,0,0,0
"Gm2093",0,0,0,1,0,0,0,4,0
"Skint7",0,0,0,0,0,0,0,0,0
"Gm20555",0,0,0,0,0,0,2,0,1
"9330182O14Rik",0,0,0,0,0,0,0,0,0
"Apol10b",0,0,0,0,0,0,0,0,0
"Apol11b",6,0,0,0,0,0,0,0,0
"Ep300",180,149,112,177,221,237,241,176,250
"4930407I10Rik",0,0,0,0,0,0,0,0,0
"Gm20556",0,0,0,0,0,0,0,0,0
"7530416G11Rik",0,0,0,0,0,0,0,0,0
"B230214G05Rik",0,1,0,0,0,0,0,0,0
"Tubgcp6",24,35,20,26,31,49,40,14,21
"D630010B17Rik",0,0,0,0,0,0,0,0,0
"Vwa5b2",0,0,0,0,0,0,0,0,3
"Gm16863",0,0,0,0,0,0,0,0,0
"Gm1968",0,0,0,0,0,0,0,0,0
"Bex6",0,0,0,0,0,0,0,0,0
"Ftdc1",0,0,0,0,0,0,0,0,0
"Gabrr3",0,0,0,0,0,0,0,0,0
"Pisd-ps2",0,0,0,0,0,1,0,1,0
"Gm5091",0,0,0,0,0,0,0,0,0
"Vmn2r95",0,0,0,0,0,0,0,0,0
"Rab26",0,0,0,0,0,4,0,0,0
"Hs3st6",0,0,0,0,0,0,0,0,0
"Prss34",0,0,12,0,0,0,0,0,0
"Mslnl",0,1,0,0,0,0,0,0,0
"Clpsl2",0,0,0,0,0,0,0,0,0
"Lhfpl5",0,0,0,0,0,0,0,0,0
"Ubash3a",0,0,0,0,0,0,0,1,0
"Zfp414",137,291,214,215,283,254,230,184,250
"Gm5093",3,6,3,4,5,1,7,2,5
"9830107B12Rik",0,0,0,0,0,0,0,0,0
"A530064D06Rik",4,5,1,16,10,23,6,23,29
"Treml2",339,379,292,209,166,193,188,169,243
"C330011F03Rik",0,0,0,0,0,0,0,0,0
"Gm5094",0,0,0,0,0,0,0,0,0
"Acsbg2",0,0,0,0,0,0,0,0,0
"Gm15328",0,0,0,0,0,0,0,0,0
"Zscan30",0,1,0,0,0,0,0,0,0
"Mcc",0,1,1,0,0,1,1,1,0
"Gm5095",0,0,0,0,0,0,0,0,0
"9330117O12Rik",0,0,0,0,0,0,0,0,0
"G630071F17Rik",0,0,0,0,0,0,0,0,0
"Arhgef37",1,2,0,0,0,0,0,2,0
"Carmn",0,0,0,0,0,0,0,0,0
"Spink10",0,0,0,0,0,0,0,0,1
"Zfp532",30,49,32,37,79,57,61,45,64
"Zfp236",49,64,50,55,96,69,102,55,87
"Zfp516",89,114,96,47,75,92,102,85,78
"Atg2a",82,124,77,44,88,72,68,73,59
"Gm815",0,0,0,0,0,0,0,0,0
"Lipo1",0,0,0,0,0,0,0,0,0
"Pkd2l1",0,2,0,0,0,0,0,0,0
"Scd4",2,5,3,0,0,0,0,1,0
"Emx2os",0,0,0,0,0,0,0,0,0
"Cpa6",0,2,0,0,0,0,0,0,0
"Gm17644",0,0,0,0,0,0,0,0,0
"D030040B21Rik",0,0,0,0,0,0,0,0,0
"Hecw2",2,0,0,0,0,0,0,0,0
"Ankrd44",111,195,170,154,227,163,143,230,228
"9130227L01Rik",0,0,0,0,0,0,0,0,0
"9130024F11Rik",0,4,0,0,0,0,1,0,0
"Abi2",45,69,36,20,33,41,23,54,50
"Unc80",0,2,0,0,1,0,0,1,0
"Rbm44",0,0,0,1,2,1,0,3,5
"Panct2",0,0,0,0,0,0,0,0,0
"Il19",0,8,0,0,0,0,0,0,0
"Ppp1r12b",3,8,0,1,3,0,9,13,4
"Lgr6",0,0,0,0,0,0,0,0,0
"Gm15850",0,0,0,3,0,0,0,1,0
"Dennd1b",60,98,91,60,51,43,32,75,41
"C230024C17Rik",0,0,0,0,0,0,0,0,0
"Fam163a",0,3,0,0,0,0,0,0,0
"Tnn",0,0,0,0,0,0,0,0,0
"A430110L20Rik",0,4,0,3,6,0,0,2,2
"Syt14",0,0,0,0,0,0,0,0,0
"Rnf224",0,0,0,0,0,0,0,0,0
"Ccdc187",0,0,0,0,0,0,0,0,0
"Snhg7os",0,0,0,0,1,0,0,0,0
"Dbhos",0,0,0,0,0,0,0,0,0
"Cfap77",0,0,0,0,0,0,0,0,0
"Ptrh1",19,10,8,8,13,17,21,19,15
"Gm13497",0,0,0,0,0,0,0,0,0
"Nostrin",3,6,5,0,13,1,2,5,1
"Myo3b",0,0,0,0,0,0,0,0,0
"Chn1os3",0,0,0,0,0,0,0,0,0
"Gm14461",0,0,0,0,0,0,0,0,0
"Or4s2b",0,0,0,0,0,0,0,0,0
"Accs",46,107,44,91,133,114,148,85,133
"Wt1os",0,0,0,0,0,0,0,0,0
"Gm9342",0,0,0,0,0,0,0,0,0
"Gm14015",0,0,0,0,0,0,0,0,0
"Pla2g4e",0,0,0,0,0,0,0,0,0
"Lcmt2",27,92,52,39,58,49,44,41,51
"Ctdspl2",19,37,23,28,11,11,19,23,32
"1810024B03Rik",0,7,4,4,4,4,2,2,4
"A730036I17Rik",0,0,0,0,0,0,0,0,0
"Il1bos",1,5,0,1,1,5,1,0,0
"Nol4l",12,26,16,27,41,53,36,43,38
"329541",0,3,0,0,0,0,0,0,0
"Bpi",0,0,0,0,0,0,0,0,0
"Gm826",1,31,5,5,15,9,8,7,7
"Svs3b",0,0,0,0,0,0,0,0,0
"Zfp335",33,47,46,31,29,32,44,35,33
"A530013C23Rik",8,10,19,1,2,1,1,4,1
"Gm14325",18,24,5,11,9,10,4,14,25
"Birc7",0,0,0,0,0,0,0,0,0
"Slc2a4rg-ps",6,10,8,27,71,58,47,37,60
"Gm11548",0,0,0,0,0,0,0,0,0
"Fgf2os",0,0,0,0,0,0,0,0,0
"Fat4",0,0,0,0,0,0,0,0,0
"Gm20557",0,0,0,0,0,0,0,0,0
"Gm2447",0,0,0,0,0,0,0,0,1
"Sertm1",0,0,0,0,0,0,0,0,0
"Med12l",34,73,82,58,101,49,75,92,95
"E130311K13Rik",22,49,13,19,10,16,22,31,25
"Fnip2",25,66,8,22,26,21,26,24,28
"Fcrl5",0,0,0,0,0,0,0,0,0
"Dcst2",0,0,0,0,0,0,0,0,0
"BC107364",0,0,0,0,0,0,0,0,0
"Dennd2c",6,11,4,16,23,10,21,18,23
"Tafa3",0,0,0,0,0,0,0,0,0
"4933431E20Rik",0,1,0,2,0,2,1,0,0
"Aknad1",0,0,0,0,0,0,0,0,0
"Eeig2",335,451,164,204,180,162,197,251,208
"9830132P13Rik",0,0,0,0,0,0,0,0,0
"Gm5105",0,0,0,0,0,0,0,0,0
"Pigk",196,270,174,165,296,315,274,257,272
"9330178D15Rik",0,0,0,0,0,0,0,0,0
"4930570G19Rik",0,0,0,0,0,0,0,0,0
"Tmem67",19,23,22,46,13,12,7,15,30
"Myorg",0,0,0,0,6,2,0,0,1
"Cimip2b",0,0,0,4,0,1,0,0,0
"Gm829",0,0,0,0,0,0,0,0,0
"C630028M04Rik",0,0,0,0,0,0,0,0,0
"Gm12530",0,0,0,0,0,0,0,0,0
"Frem1",0,1,0,0,0,0,1,0,0
"Gm12680",0,0,0,0,0,0,0,0,0
"Dennd4c",7,14,10,8,8,3,9,14,11
"Usp24",125,223,119,193,289,230,225,229,310
"Acot11",12,28,3,6,11,6,13,10,4
"Skint9",0,0,0,0,0,0,0,0,0
"Skint2",0,0,0,0,0,0,0,0,0
"Foxo6",0,0,0,0,0,0,0,0,0
"Col8a2",0,0,0,1,0,0,0,0,0
"Csmd2",0,2,0,0,0,0,0,0,0
"Catsper4",0,0,0,0,0,0,0,0,0
"Spata21",0,0,0,0,0,0,0,0,0
"329973",0,0,0,0,0,0,0,0,0
"Fhad1",51,203,26,45,25,41,31,45,41
"Pramel16",0,0,0,0,0,0,0,0,0
"Pramel20",0,0,0,0,0,0,0,0,0
"Aadacl4fm5",0,0,0,0,0,0,0,0,0
"Gm833",0,0,0,0,0,0,0,0,0
"Ttll10",0,0,0,0,0,0,0,0,0
"Fam185a",11,21,14,10,15,4,15,33,22
"A930003O13Rik",0,0,0,0,0,0,0,0,0
"4933427G23Rik",0,0,0,0,0,0,0,0,4
"Slc5a6",33,30,16,30,14,39,22,16,25
"Gm5107",0,0,0,0,0,0,0,0,0
"Gm10440",0,0,0,0,0,1,0,1,0
"Shisa3",2,5,0,0,0,0,0,0,1
"Gm5108",0,0,0,0,0,0,0,0,0
"Gm20558",0,0,0,0,0,0,0,0,0
"Adamts3",0,0,0,0,0,0,0,0,0
"Cxcl3",5,4,8,0,0,0,0,0,0
"4930458A03Rik",0,0,0,0,0,0,0,0,0
"Hfm1",0,0,0,0,0,0,0,0,0
"C130026L21Rik",0,0,0,0,0,0,0,0,0
"Miat",1,0,1,0,1,1,2,0,4
"Kctd10",87,137,72,38,43,42,62,92,53
"2610524H06Rik",7,0,0,7,11,17,5,7,8
"Taok3",152,240,133,221,218,171,203,211,181
"Gm16063",0,0,0,0,0,0,0,0,0
"Ccdc63",1,4,0,0,0,1,0,0,1
"Tmem120b",30,29,35,23,33,20,28,25,29
"Vps37b",135,249,151,237,155,240,247,221,271
"Mblac1",11,17,8,6,12,13,18,16,15
"Gal3st4",104,37,56,944,902,1257,650,899,865
"Sdk1",3,9,21,22,44,26,42,45,68
"Spdye4b",0,0,0,0,0,0,0,0,0
"Zfp853",1,0,0,0,0,0,0,0,0
"Gm20559",50,144,21,24,5,15,20,18,29
"Pon2",404,655,393,335,604,383,554,552,461
"Thsd7a",0,0,0,0,4,0,0,0,0
"Garin1b",3,0,0,0,0,0,0,0,0
"D630045J12Rik",10,15,1,1,0,6,6,1,3
"Zfp786",2,3,0,3,0,0,1,0,0
"Gm5111",0,0,0,0,0,0,0,0,0
"Wipf3",2,1,0,0,0,0,1,1,0
"Mindy4",9,8,5,8,13,3,3,8,17
"6430584L05Rik",0,0,0,0,0,0,0,0,0
"9130221F21Rik",0,0,0,0,0,0,0,0,0
"Gm20560",0,0,0,0,0,0,0,0,0
"Dnah6",0,0,0,0,0,0,0,0,0
"Gcfc2",49,61,18,31,37,33,41,41,34
"Fbxo41",1,0,0,0,0,0,0,1,0
"Gm839",0,0,0,0,0,0,0,0,0
"9530026P05Rik",0,0,0,0,0,0,0,0,0
"Mdfic2",0,0,0,0,0,0,0,0,0
"Tmcc1",44,68,53,66,124,70,47,73,76
"Gm9946",0,0,0,0,0,0,0,0,0
"B4galnt3",0,0,0,0,0,0,0,0,0
"Cecr2",0,0,0,3,2,0,0,1,3
"9330102E08Rik",3,0,1,2,1,7,0,4,3
"Tmem52b",0,0,0,0,0,0,0,0,0
"Sult6b2",0,0,0,0,0,0,0,0,0
"Far2",0,0,1,0,0,0,0,0,0
"Tmem150b",0,0,1,2,3,0,2,2,3
"Zfp78",3,4,8,13,8,4,4,6,3
"Bsph1",0,0,0,0,0,0,0,0,0
"Zc3h4",181,248,131,122,224,204,223,113,187
"Ceacam16",14,50,7,1,6,8,9,11,5
"Tmem145",4,3,4,0,5,0,0,0,0
"Nlrp9c",0,0,0,0,0,0,0,0,0
"Ifnl2",0,0,0,0,0,1,0,0,0
"Zfp82",17,17,3,9,8,13,11,19,12
"Gm5113",4,9,2,6,8,4,12,6,11
"Gm5114",0,0,0,0,0,0,0,0,0
"330544",0,0,0,0,0,0,0,0,0
"Fan1",3,0,1,1,8,3,5,0,1
"Saxo2",0,0,0,3,3,0,1,1,2
"A530021J07Rik",0,0,0,0,0,0,0,0,0
"Vmn2r69",0,0,0,0,0,0,0,0,0
"Gm16938",0,0,0,0,0,0,1,0,0
"Trim66",1,0,5,0,0,0,0,0,0
"Prss53",0,3,0,1,2,2,2,0,1
"Btbd16",0,7,0,0,0,0,0,1,0
"Dock1",13,9,23,8,24,22,26,26,20
"C230079O03Rik",0,0,0,0,0,0,0,0,0
"B4galnt4",0,0,0,0,0,0,0,0,0
"Nctc1",0,0,0,0,0,0,0,0,0
"Ctxn1",4,3,2,2,1,0,0,0,0
"Nek5",0,2,0,6,6,1,2,1,10
"Htra4",0,0,0,2,1,2,0,0,4
"B930018H19Rik",0,0,0,0,0,0,0,0,0
"5430403N17Rik",0,0,0,0,0,0,0,0,0
"Gm10283",0,0,0,0,0,0,0,0,0
"Zfp866",44,48,17,41,50,32,35,36,33
"Hapln4",0,1,1,0,0,0,1,0,0
"Rnf150",5,12,12,30,57,47,33,55,44
"Adgrl1",55,98,93,62,99,110,77,68,85
"Dhps",217,437,124,140,202,160,173,188,188
"4933402J07Rik",0,0,0,0,0,0,0,0,0
"Drc7",0,0,0,0,0,0,0,0,0
"Slc7a6",133,214,72,61,60,87,81,86,65
"6030452D12Rik",0,0,0,0,0,0,0,1,0
"Trim67",0,0,0,0,0,2,0,0,0
"Piwil4",0,0,0,0,0,0,0,0,0
"Gm16853",1,3,1,1,0,0,1,0,0
"Opcml",0,0,0,0,0,0,0,0,0
"Arhgap32",4,6,5,12,5,3,6,12,6
"Pate2",0,0,0,0,0,0,0,0,0
"Dixdc1",0,7,0,0,0,0,0,0,0
"AI593442",0,0,1,0,0,0,0,0,0
"Gm16130",0,0,0,0,0,0,0,0,0
"Hcn4",0,0,0,0,0,0,0,0,0
"Gm5122",0,0,0,0,1,4,1,5,1
"A730043L09Rik",0,0,0,0,0,0,0,0,0
"Snapc5",102,124,74,60,87,95,107,120,89
"Slc51b",0,0,0,0,0,0,0,0,0
"Ankrd34c",0,0,0,0,0,0,0,0,0
"4933400C23Rik",0,0,0,0,0,0,0,0,0
"Slc9a9",20,19,25,130,204,181,176,154,211
"E330023G01Rik",0,0,0,0,0,0,0,0,0
"Gmppb",118,130,97,67,78,116,147,83,88
"A530083I20Rik",0,0,0,0,0,0,0,0,0
"Tgm4",0,0,0,0,0,0,0,0,0
"Gsdmc2",0,0,0,0,0,0,0,0,0
"Zfp781b",0,1,0,0,0,0,0,0,0
"Pramel39-ps",0,0,0,0,0,0,0,0,0
"Zfp24-ps",0,0,0,0,0,0,0,0,0
"Dgkk",0,0,0,0,0,0,0,0,0
"Gm5123",0,0,0,0,0,0,0,0,0
"Gm5124",0,0,0,0,0,0,0,0,1
"Thoc2",182,215,104,190,150,59,125,181,172
"Gm773",0,0,0,0,0,0,0,0,0
"Cdr1os",0,0,0,0,0,0,0,0,0
"Il1rapl1",0,0,0,0,0,0,0,0,0
"Rtl5",0,28,4,3,9,12,0,0,5
"Gm5126",0,0,0,0,0,0,0,0,0
"Uprt",2,0,0,1,0,0,0,0,0
"Fnd3c2",0,0,0,0,0,0,0,0,0
"Gm5127",0,0,0,0,3,0,0,0,0
"Xkrx",3,6,3,1,0,0,4,0,0
"Pramel3c",1,0,0,0,0,0,0,0,0
"Pramel3e",0,0,0,0,0,0,0,0,0
"Tceal5",0,3,0,0,0,0,0,0,0
"Serpina7",0,0,0,0,0,0,0,0,0
"Dnaaf6",0,0,0,0,0,0,0,0,0
"A230072E10Rik",0,0,0,1,0,0,0,2,0
"Bend3",28,47,31,21,18,18,10,21,13
"Mapk15",4,9,1,1,1,1,0,0,3
"Krt78",0,0,0,0,0,0,0,0,0
"Zdhhc23",0,0,0,0,0,0,0,0,0
"Zscan10",0,2,0,0,0,0,0,0,0
"Grxcr2",0,0,0,0,0,0,0,0,0
"Tigd3",1,0,0,0,0,0,0,0,1
"Kcnk18",0,0,0,0,0,0,0,0,0
"Nanos1",1,6,5,14,2,6,0,11,6
"Lyg2",0,0,0,0,0,0,0,0,0
"Lcn10",0,0,0,0,0,0,0,0,0
"Card9",17,28,14,8,42,35,26,30,39
"Fndc11",0,0,0,0,0,0,0,0,0
"Pramel19",0,0,0,0,0,0,0,0,0
"Zmynd12",2,0,0,0,0,0,0,0,1
"Tfap2e",0,0,0,0,0,0,0,0,0
"Ldc1",0,0,0,0,0,0,0,0,0
"Gm5129",2,1,4,0,4,2,7,2,2
"Lhfpl7",0,0,0,0,0,0,0,0,0
"Ksr2",0,0,0,0,0,0,0,0,0
"Kcp",2,2,4,5,21,4,5,4,11
"Cox6b2",2,4,1,14,17,6,5,6,10
"Proser3",2,1,1,5,11,12,8,3,4
"Trim75",0,0,0,0,0,0,0,0,0
"Frem3",0,0,0,0,0,0,0,0,0
"Cngb1",0,0,0,0,0,0,0,0,0
"A4gnt",0,0,0,0,0,0,0,0,0
"Gpd1l",152,165,147,124,179,210,214,142,232
"H2al1o",0,0,0,0,0,0,0,0,0
"Tcstv5a",0,0,0,0,0,0,0,0,0
"Zfp36l3",2,6,3,6,10,2,4,11,2
"Fndc3c1",2,1,0,0,0,0,0,0,0
"Gm15104",0,0,0,0,0,0,0,0,0
"Frmpd4",0,0,0,0,1,1,0,0,0
"Mamld1",0,6,0,0,0,0,0,1,3
"Ppp1r13l",2,7,3,4,4,8,4,3,12
"Gm5134",1,0,0,7,12,5,2,7,5
"Gm867",0,0,0,0,0,0,0,0,0
"H2-M10.2",0,0,0,0,0,0,0,0,0
"N4bp2",18,21,0,8,6,4,9,20,7
"Cd59b",0,0,0,0,0,0,0,0,1
"Cyp3a44",0,0,0,0,0,0,0,0,0
"Mia2",0,0,0,0,0,0,0,0,0
"Cog3",54,73,41,29,42,54,36,40,45
"Gpr21",6,0,0,0,0,0,0,1,0
"Ttc16",1,0,0,0,0,1,0,0,0
"Cntln",3,5,3,31,26,8,18,34,21
"Acad12",4,1,0,3,10,12,12,7,8
"Akap17b",12,14,4,9,12,0,9,14,10
"Nell1",0,0,0,0,0,0,0,0,0
"Zfp780b",21,27,13,15,26,7,36,31,30
"Fkbp15",270,400,266,307,674,508,508,362,488
"Supv3l1",41,91,36,30,46,59,72,70,43
"B430212C06Rik",0,0,0,0,0,0,0,0,0
"Ust",28,62,5,12,37,46,36,21,37
"Tmem241",4,17,13,6,20,13,14,9,23
"Trim65",11,30,10,16,14,5,4,9,14
"Slc41a2",0,0,0,0,0,0,0,0,0
"Mia3",314,504,281,253,404,302,430,324,419
"Myo1d",3,5,1,0,3,4,0,1,1
"Pheta2",0,4,3,0,0,1,0,3,3
"Tmem220",0,0,0,0,2,0,0,0,0
"Nalcn",0,2,0,0,0,0,0,0,0
"Endov",44,51,48,53,45,59,41,38,69
"Map3k9",20,34,39,40,56,42,39,35,66
"Ifnl3",0,0,0,0,0,0,0,0,0
"Atp6v1g3",0,0,0,0,0,0,0,0,0
"Cndp1",0,0,0,0,0,0,0,0,0
"Scgb1c1",0,0,0,0,0,0,0,0,0
"Morc3",181,235,102,152,146,198,169,183,158
"Fa2h",2,0,2,0,0,0,0,0,1
"Kdm7a",514,450,664,417,534,331,460,510,577
"E030013I19Rik",0,0,0,0,0,0,0,0,0
"Dppa1",0,0,0,0,0,0,0,0,0
"Pramel4",0,0,0,0,0,0,0,0,0
"Pramel6",0,0,0,0,0,0,0,0,0
"Pramel7",0,0,0,0,0,0,0,0,0
"Agap1",60,32,30,22,63,44,67,35,61
"Norad",17,21,7,2,8,9,10,10,6
"Caps2",0,0,0,0,0,0,0,0,1
"Plekhm1",49,74,49,34,48,40,43,30,31
"Scgb2b23-ps",0,0,0,0,0,0,0,0,0
"Prss33",0,0,0,0,0,0,0,0,0
"Tas2r139",0,0,0,0,0,0,0,0,0
"Gjd3",0,0,0,0,0,0,0,0,0
"Egfl7",0,3,2,1,6,0,0,0,4
"Tas2r136",0,0,0,0,0,0,0,0,0
"Tas2r117",0,0,0,0,0,0,0,0,0
"Tas2r123",0,0,0,0,0,0,0,0,0
"Slc2a12",1,0,0,0,2,2,0,2,3
"Txlng",8,17,3,8,1,3,11,4,14
"Gars1",389,440,290,163,161,190,232,213,211
"Nr1d2",11,68,12,73,27,16,14,31,31
"Adam32",0,2,0,0,0,1,0,0,0
"Edc3",35,66,34,36,56,50,43,44,66
"Aldoart1",0,0,0,0,0,0,0,1,0
"Zfp931",1,0,0,0,0,1,0,0,1
"Prune2",113,157,79,92,125,88,108,120,127
"Pcdha2",0,0,0,0,0,0,0,0,0
"Pcdha8",0,0,0,0,0,0,0,0,0
"Pcdhac1",0,0,0,0,0,0,0,0,0
"Pcdhac2",0,0,0,0,0,0,0,0,0
"Mrpl21",35,36,22,30,35,47,24,44,46
"Ltv1",149,199,102,56,77,55,76,70,71
"Sfmbt2",6,11,3,5,7,2,0,9,11
"Eras",0,0,0,0,0,0,0,0,0
"Clec18a",0,0,0,0,0,0,0,0,0
"Zfp703",128,178,191,175,179,129,145,196,272
"Defb37",0,0,0,0,0,0,0,0,0
"Tas2r115",0,0,0,0,0,0,0,0,0
"Rtl1",0,0,0,0,0,0,0,0,0
"Muc6",0,0,0,0,0,0,0,0,0
"Peg13",14,18,23,16,18,28,26,15,20
"Opn5",0,0,0,0,0,0,0,0,0
"Gpr141",0,1,2,0,0,0,0,0,0
"Oxct2b",0,1,0,0,0,0,0,0,0
"Rnu11",6,4,2,14,5,6,8,9,10
"Snord61",0,0,0,0,0,0,0,0,0
"Tmc4",27,26,5,13,20,30,17,10,27
"Hcfc1r1",120,159,144,215,353,274,224,255,318
"Dio3os",0,0,0,0,0,0,0,0,0
"Myo18a",44,54,48,81,80,76,87,113,83
"H3c1",2,2,1,22,22,32,14,19,25
"Defb34",0,0,0,0,0,0,0,0,0
"Defb38",0,0,0,0,0,0,0,0,0
"Trim46",1,2,0,1,0,0,0,1,0
"Defb39",0,0,0,0,0,0,0,0,0
"Zranb1",37,73,51,37,55,18,13,43,31
"Defb40",0,0,0,0,0,0,0,0,0
"Speer4d",0,0,0,0,0,0,0,0,0
"Raxos1",0,0,0,0,0,0,0,0,0
"Prss48",0,0,0,0,0,0,0,0,0
"Brcc3dc",0,0,0,0,0,0,0,0,0
"Khdc1a",0,0,0,0,0,0,0,0,0
"4833422C13Rik",0,1,0,0,1,0,0,0,0
"Col27a1",56,51,120,471,705,537,532,471,671
"Nlrp12",0,0,0,0,0,1,0,0,1
"Nanos2",0,0,0,0,0,0,0,0,0
"Txlnb",1,7,1,1,0,0,0,1,0
"Mafa",0,0,0,0,0,0,0,0,0
"Pram1",32,14,49,70,73,53,66,83,109
"Morn2",6,14,14,13,13,9,2,10,28
"Gm10033",15,15,18,28,21,20,25,16,24
"Vaultrc5",0,4,5,7,0,7,4,8,2
"Bpifb3",0,0,0,0,0,0,0,0,0
"Serf2",189,239,259,330,404,310,276,328,423
"Pcsk2os2",0,0,0,0,0,0,0,0,0
"Pcsk2os1",0,0,0,0,0,0,0,0,0
"Lrrc24",0,0,1,1,0,0,1,1,1
"3000002C10Rik",10,15,15,8,16,8,15,15,5
"Raet1e",0,0,0,0,0,0,0,0,0
"Fastkd5",33,33,12,12,13,14,20,22,13
"Tagap1",54,111,56,38,60,66,24,46,60
"Intu",9,23,4,5,16,9,17,9,7
"Heca",20,41,23,13,22,16,14,18,25
"380653",0,0,0,0,0,0,0,0,0
"Cfap54",0,1,0,0,4,0,0,0,0
"Acss3",0,0,0,0,0,0,0,0,0
"Lemd3",42,68,82,38,62,49,62,48,50
"Lin28b",0,0,0,0,0,0,0,0,0
"Rdh18-ps",0,0,0,0,0,0,0,0,0
"Sec14l3",0,0,0,0,0,0,0,0,0
"Nefh",0,2,1,0,1,0,1,0,0
"Cnrip1",21,36,22,26,39,25,28,18,22
"Ccnjl",1,2,5,0,0,1,0,0,0
"Obscn",0,0,0,0,0,0,0,0,0
"Slc47a2",0,0,0,0,0,0,0,0,0
"Shisa6",0,2,0,2,0,0,0,0,0
"Tmem102",0,0,0,0,2,0,0,4,0
"Spata22",0,0,0,0,0,0,0,0,0
"Rap1gap2",166,200,76,38,76,69,55,60,74
"Tlcd2",2,5,2,1,4,12,8,11,14
"Scarf1",0,0,0,0,6,1,6,1,0
"Rph3al",0,0,0,0,0,0,0,0,0
"Mks1",19,45,36,34,62,70,74,31,41
"Kcnh4",0,5,0,2,0,9,3,5,0
"Lrrc37",0,0,0,0,0,0,0,0,0
"Milr1",443,1010,215,131,225,157,217,192,167
"Eipr1",104,122,83,51,72,102,58,54,62
"Atxn7l1",68,62,35,46,50,60,72,26,70
"Lsmem1",0,0,0,0,0,0,0,0,0
"D830013O20Rik",0,0,0,0,0,0,0,0,0
"Ccdc177",0,0,0,0,0,0,0,0,0
"Slirp",147,179,120,135,80,69,80,161,115
"Serpina11",0,0,0,0,0,0,0,0,0
"Begain",0,0,0,0,0,0,0,0,0
"Lbhd2",0,0,0,0,0,0,0,0,0
"Ighe",0,0,0,0,0,0,0,0,0
"Ighg3",0,0,0,0,0,0,0,0,0
"Ighd",0,0,0,0,1,0,0,0,0
"Ighv10-1",0,0,0,0,0,0,0,0,0
"Ighv10-3",0,0,0,0,0,0,0,0,0
"Ighv1-64",0,0,0,0,0,0,0,0,0
"Ighv1-66",0,0,0,0,0,0,0,0,0
"Mrs2",46,72,22,6,28,16,12,22,14
"Serpinb1c",0,0,0,0,0,0,0,0,0
"Lyrm4",25,21,10,21,13,17,8,15,15
"Stmnd1",0,0,0,0,0,0,0,0,0
"Gm904",0,0,0,0,0,0,0,0,0
"Gm5141",13,16,8,18,11,2,14,11,8
"Rsl1",19,24,5,10,6,4,5,4,4
"Tmem171",0,0,0,0,0,1,0,0,2
"Tcstv7a",0,0,0,0,0,0,0,0,0
"Spata31e3",0,0,0,0,0,0,0,0,0
"Gm5142",0,0,0,0,0,0,0,0,0
"Zfp395",4,10,4,8,4,22,14,12,10
"Lrch1",75,167,120,127,167,211,141,166,169
"Siah3",0,0,0,0,0,0,0,0,0
"Gm1587",0,0,1,0,0,0,0,0,0
"Dgkh",11,20,0,0,0,1,4,1,0
"Olfm4",4,0,2,0,1,1,0,0,0
"Lmo7",0,0,0,1,0,0,0,0,0
"9330188P03Rik",0,0,0,0,0,0,0,0,0
"AA536875",0,0,0,0,0,0,0,0,0
"Alg10",33,64,13,8,10,18,5,9,11
"Tmem106c",25,50,31,44,85,69,42,48,86
"Nckap5l",138,150,96,210,134,161,147,170,157
"Higd1c",0,0,0,0,0,0,0,0,0
"A330009N23Rik",0,0,0,0,0,0,6,0,0
"Zfat",9,8,0,3,12,8,12,13,4
"Gm20736",0,0,0,0,0,0,0,0,0
"Cyp2d12",0,0,0,0,0,0,0,0,0
"Gm5144",0,0,0,0,0,0,0,0,0
"Kmt2d",104,242,91,79,126,111,123,105,147
"Parl",217,249,115,68,116,157,127,118,102
"Smbd1",0,0,0,0,0,0,0,0,0
"Mix23",58,112,65,33,74,60,69,82,58
"Unc93a",2,4,0,0,0,0,1,0,0
"Gm1604b",0,0,2,0,0,0,0,0,0
"Ermard",38,48,29,53,58,62,63,34,62
"Zfp948",15,15,6,1,2,7,14,10,7
"Zfp229",49,77,46,30,6,3,4,7,13
"Abca17",0,2,0,2,0,1,1,2,3
"Npw",2,0,0,0,0,0,0,3,0
"Ccdc78",3,10,2,3,4,3,0,2,2
"Tbc1d22b",17,33,8,7,18,19,14,32,23
"H2-Eb2",0,0,0,0,0,0,0,0,0
"Dnph1",8,3,6,20,8,17,5,9,8
"Prickle4",0,0,0,0,0,0,0,2,0
"Tmem232",0,0,0,0,0,0,0,0,0
"Rmdn2",6,7,0,1,6,2,3,7,3
"Arhgef33",0,0,0,1,0,0,0,0,0
"Cdkl4",0,3,0,1,2,4,5,5,0
"Capn13",0,0,0,0,0,0,0,0,0
"Garem1",3,5,2,3,5,0,0,0,1
"Arl14epl",0,0,0,0,0,0,0,0,0
"Prob1",1,8,0,2,2,1,0,0,0
"9630014M24Rik",0,0,0,0,0,0,0,0,0
"Greb1l",0,0,0,0,0,0,0,0,0
"Ccdc68",0,0,0,0,0,0,0,0,0
"Top6bl",0,0,0,0,0,0,0,2,1
"Tmem151a",1,2,0,0,0,0,2,0,0
"Ap5b1",147,186,131,51,111,80,98,71,60
"Slc22a20",0,0,1,0,0,0,0,0,0
"Naaladl1",0,0,0,0,0,0,0,0,0
"Entrep1",0,0,0,0,0,0,0,0,1
"Spata6l",8,7,4,3,8,11,0,1,2
"E030044B06Rik",0,0,0,0,0,0,0,0,0
"381224",3,6,0,1,0,2,3,0,6
"Cfap58",0,0,0,0,0,0,0,0,0
"Mirt1",0,1,0,1,1,0,0,2,0
"Lipo3",32,44,22,44,21,23,19,42,44
"Xkr9",0,0,0,1,0,0,0,1,1
"Tmem237",24,56,15,70,47,52,53,51,53
"Gm973",0,0,0,0,0,0,0,0,0
"Mreg",1,2,0,0,0,0,3,0,0
"Marchf4",0,0,0,0,0,0,0,0,0
"A630095N17Rik",0,0,0,0,0,0,0,0,0
"Hjurp",17,53,10,31,31,34,23,35,49
"Crocc2",0,0,0,0,0,0,0,0,0
"Serpinb3c",0,0,0,0,0,0,0,0,0
"Sp140l1",0,0,1,0,0,3,1,0,0
"Atp2b4",0,7,0,0,4,0,2,0,0
"Kif14",0,0,0,4,0,0,1,0,13
"Rc3h1",100,139,62,44,102,73,78,105,110
"Firrm",29,34,13,17,13,10,5,20,12
"Ifi211",98,113,28,32,13,39,22,26,19
"Stum",1,0,0,0,0,0,0,0,1
"Iars2",97,99,88,51,83,62,81,68,81
"Nsl1",5,16,9,33,12,15,6,11,13
"Batf3",80,192,55,159,184,208,161,167,227
"Gal3st2",0,0,0,0,0,0,0,0,0
"Fam178b",20,137,2,1,3,7,10,5,7
"Lonrf2",0,0,0,0,0,0,0,0,0
"Tmem182",0,0,0,0,0,0,0,0,0
"381346",1,1,0,0,0,1,0,3,0
"Gata3os",0,0,0,0,0,0,0,0,0
"Spag6",0,0,0,2,3,0,0,0,0
"Mamdc4",8,5,3,12,5,13,11,16,17
"Ajm1",6,12,20,69,148,77,45,75,71
"Cacfd1",54,83,44,47,84,79,79,52,74
"Prdm12",0,0,0,0,0,0,0,0,0
"Platr26",0,0,0,0,0,0,0,0,0
"Sp9",0,0,0,0,0,0,0,1,0
"Pjvk",0,0,1,0,4,0,0,0,8
"Med19",50,79,32,29,48,40,47,26,39
"A530006G24Rik",0,0,0,0,0,0,0,0,0
"Gm14147",0,0,0,0,0,0,0,0,0
"4921509C19Rik",0,0,0,0,0,0,0,0,0
"Bpifb4",0,0,0,0,0,0,0,0,0
"Pabpc1l",5,9,1,2,0,1,2,0,0
"Zfp663",0,0,0,0,0,0,0,0,0
"Trp53rka",90,145,52,47,47,50,56,50,57
"Cdh26",0,0,0,0,0,0,0,0,0
"Zfp408",75,161,56,41,32,47,45,67,64
"Accsl",0,0,0,0,0,0,0,0,0
"Gpr176",0,0,0,0,0,0,0,0,0
"Slc28a2b",0,0,0,0,1,0,0,0,0
"Ctxn2",0,0,0,0,2,0,0,0,0
"Gm5148",0,0,0,0,0,0,0,0,1
"Gm1647",0,0,0,0,0,0,3,1,0
"Crnn",0,0,0,0,0,0,0,0,0
"Nr1h5",0,0,0,0,0,0,0,0,0
"Stpg2",0,0,0,0,0,0,1,2,0
"Gm1653",0,0,0,0,0,0,0,0,0
"Gm5150",0,0,0,0,0,0,0,1,0
"Trim55",0,4,0,0,0,0,0,0,0
"Rxfp1",0,0,0,0,1,0,0,0,0
"S100a7a",0,0,0,0,0,0,0,0,0
"Dpy19l4",19,31,17,30,33,18,13,27,40
"Pdp1",22,24,7,9,10,5,4,13,8
"Ccdc180",0,4,0,0,0,1,0,0,0
"Mexis",1,0,0,0,2,5,3,0,0
"Mup20",0,0,0,0,0,0,0,0,0
"Mup21",0,0,0,0,0,0,0,0,0
"Ube2u",0,0,0,0,0,0,0,0,0
"Pramel18",0,0,0,0,0,0,0,0,0
"Prame62",0,0,0,0,0,0,0,0,0
"Mroh7",0,0,0,0,0,0,0,0,0
"Armh1",0,0,0,0,0,0,0,0,0
"Ccdc24",0,0,0,0,2,1,0,0,0
"Zfp69",14,20,5,20,19,22,10,22,26
"Xkr8",89,204,62,20,62,64,37,57,36
"Pramel26",0,0,0,0,0,0,0,0,0
"Oog2",0,0,0,0,0,0,0,0,0
"Aadacl4fm1",0,0,0,0,0,0,0,0,0
"Ccdc27",0,0,0,0,1,0,0,0,0
"Tmem240",2,0,0,1,1,0,3,6,0
"Pramel32",0,0,0,0,0,0,0,0,0
"L1td1",0,0,0,1,0,0,0,0,0
"2610005L07Rik",0,4,0,1,1,0,4,1,0
"Tbc1d2",4,5,0,0,1,3,1,6,3
"Speer1c",0,0,0,0,0,0,0,0,0
"5031410I06Rik",0,0,0,0,0,0,0,0,0
"Rbm33",127,202,146,132,239,187,142,165,200
"Adgrf3",0,0,0,0,0,0,0,0,0
"Atraid",317,365,422,364,687,591,493,384,675
"Nicol1",4,2,2,10,20,19,5,13,12
"Gm1043",0,0,0,0,0,0,0,0,0
"Cep135",24,56,25,24,30,33,53,28,31
"Thap6",12,10,18,6,17,6,4,7,18
"Odaph",0,0,0,0,0,0,0,0,0
"Pramel34",0,0,0,0,0,0,0,0,0
"Lrcol1",0,0,0,0,0,0,0,0,0
"Fbrsl1",190,354,153,402,817,897,800,592,743
"A330070K13Rik",0,0,0,0,0,0,0,0,0
"Vgf",9,55,2,1,0,1,0,2,1
"Zcwpw1",14,26,31,172,171,220,126,150,188
"Nxpe5",0,0,0,1,0,3,0,2,7
"Kpna7",0,0,0,0,0,0,0,0,0
"Wdr95",0,0,0,0,0,0,0,0,0
"B3glct",31,34,20,23,39,32,51,54,42
"N4bp2l2",93,149,96,92,74,44,94,119,109
"1700069L16Rik",0,0,0,0,0,0,0,0,0
"Gm9758",0,0,0,0,0,0,0,0,0
"Speer4c2",0,0,0,0,0,0,0,0,0
"Pttg1ip2",0,0,0,0,0,0,0,0,0
"Pramel37",0,0,0,0,0,0,0,0,0
"Drc1",0,0,0,0,1,0,0,0,0
"Lrrc43",0,0,0,0,0,0,0,0,0
"Wee2",0,0,0,0,0,0,0,0,0
"Ssbp1",117,200,85,93,148,128,122,116,127
"Igkv2-112",0,0,0,0,0,0,0,0,0
"Igkv1-110",0,0,0,0,0,0,0,0,0
"Igkv16-104",0,0,0,0,0,0,0,0,0
"Igkv4-50",0,0,0,0,0,0,0,0,0
"Igkv5-43",0,0,0,0,0,0,0,0,0
"Igkv6-25",0,0,0,0,0,0,0,0,0
"Gm1070",0,0,0,2,0,2,2,1,0
"2310040G24Rik",9,6,5,38,46,39,30,32,33
"4930590J08Rik",0,0,0,0,0,0,0,0,0
"Tatdn2",81,185,71,31,75,69,90,48,57
"Tsen2",39,36,28,16,35,46,42,32,28
"Mug7-ps",0,0,0,0,0,0,0,0,0
"Clec4b2",0,0,1,0,0,0,0,0,0
"Lpar5",1,0,0,1,0,0,5,1,0
"Cracr2a",0,0,0,0,0,0,0,0,0
"Prmt8",0,1,2,0,0,0,0,0,0
"Clec2m",0,0,0,0,0,0,0,0,0
"Gm5154",0,0,0,0,0,0,0,0,0
"A630073D07Rik",0,0,0,0,0,0,0,0,0
"Smim10l1",92,169,53,88,80,68,74,89,78
"Lockd",1,0,0,7,2,4,0,3,4
"Apold1",0,0,4,0,3,1,0,0,3
"1700073E17Rik",0,0,0,0,0,0,0,0,0
"Igkv4-58",0,0,0,0,0,0,0,0,0
"Prb1b",0,0,0,0,0,0,0,0,0
"Prb1a",0,0,0,0,0,0,0,0,0
"Sbk3",0,4,0,0,0,0,0,0,0
"Sbk2",0,0,0,0,0,0,0,0,0
"Vmn2r43",0,0,0,0,0,0,0,0,0
"Rnf225",3,12,1,0,0,0,0,1,0
"Ceacam23",0,0,0,0,0,0,0,0,0
"Gipr",0,0,0,0,0,0,0,1,0
"Ovol3",0,0,0,1,0,0,0,2,0
"Slc6a16",0,0,0,0,0,0,0,0,0
"Mrgpra6",0,0,0,0,0,0,0,0,0
"Alg8",82,96,73,147,158,168,138,139,126
"Dnah3",0,0,0,0,0,0,0,0,0
"Taok2",117,194,119,164,157,134,146,121,135
"Cdiptos",10,10,6,16,26,13,6,21,31
"Itgad",0,0,0,1,1,3,0,0,3
"Plpp4",0,0,0,0,0,0,0,0,0
"Spef1l",1,3,3,3,0,0,0,0,0
"Gm5157",0,0,0,0,0,0,0,0,0
"Usp17lb",0,0,0,0,0,0,0,0,0
"Gm1096",0,0,0,0,0,0,0,0,0
"Scgb2b2",0,0,0,0,0,0,0,0,0
"Mrgprg",0,0,0,0,0,0,0,0,0
"Brsk1",5,3,0,0,2,0,1,0,1
"Lmtk3",0,7,2,3,1,0,0,0,2
"Zbtb2",26,50,24,24,33,49,16,48,23
"E030018B13Rik",0,6,0,0,0,0,0,0,0
"Defa39",0,0,0,0,0,0,0,2,0
"382003",0,0,0,0,0,0,0,0,0
"Adam26b",0,0,0,0,0,0,0,0,0
"Cep44",21,51,28,31,28,17,18,28,10
"Ano8",57,47,37,86,78,112,88,82,100
"Unc13a",5,4,1,23,11,10,14,7,24
"Zfp882",3,3,0,15,6,5,14,20,16
"Cnep1r1",65,114,77,79,48,43,68,68,66
"Gse1",90,175,101,127,136,214,131,166,213
"Pabpn1l",0,0,0,0,0,0,0,0,0
"A530010L16Rik",0,9,1,6,19,9,14,6,19
"Urb2",52,95,30,14,15,18,26,23,20
"Ces1b",0,0,0,0,0,0,0,0,0
"Adgrg5",1,3,0,2,4,0,1,4,0
"Pdp2",39,54,28,40,13,17,24,40,25
"Ces3a",0,0,0,0,0,0,0,0,0
"Crtc1",32,57,33,33,39,25,25,23,46
"Defa22",0,0,0,0,0,2,0,10,0
"AB124611",319,115,307,213,636,493,529,454,599
"Gm1110",0,0,0,0,0,0,0,0,0
"Prdm10",0,2,0,0,0,5,0,0,0
"382069",0,0,0,0,0,0,0,0,0
"Cenatac",89,143,99,54,48,76,71,88,82
"Foxr1",0,0,0,0,0,3,0,1,2
"Cimap1c",0,0,0,0,0,0,0,0,0
"Ccdc33",0,0,0,0,0,0,1,0,0
"Snx22",7,15,5,18,12,15,18,10,20
"Omt2b",0,0,0,0,0,0,0,0,0
"Ripply2",0,0,0,0,0,0,0,0,0
"Cep162",22,22,6,33,20,21,26,38,12
"Gm1123",0,0,0,0,0,0,0,0,0
"Gm5161",0,0,0,0,0,0,0,0,0
"Fbxw15",0,0,0,0,0,0,0,0,0
"Fbxw24",0,0,0,0,0,0,0,0,0
"Fbxw26",0,0,0,0,0,0,0,0,0
"Susd5",0,0,0,0,0,0,0,0,0
"Slc22a14",0,0,0,0,0,0,0,0,0
"Tcaim",25,53,22,6,16,29,28,26,32
"Zkscan7",2,1,0,0,1,0,1,3,2
"Gm20737",0,0,0,0,0,0,0,0,0
"Gm20738",0,0,0,0,0,0,0,0,0
"Fdxacb1",18,38,16,8,11,28,19,10,20
"Gm1715",0,0,0,0,0,0,0,0,0
"Fbxw22",0,0,0,0,0,0,0,0,0
"Trav7d-4",0,0,0,0,0,0,0,0,0
"Ssxb13",0,0,0,0,0,0,0,0,0
"Jade3",0,1,1,0,0,0,0,2,0
"Rhox3a",0,0,0,0,0,0,0,0,0
"Gm1140",0,0,0,0,0,0,0,0,0
"Pasd1",0,5,3,1,0,1,0,0,0
"8030474K03Rik",0,0,0,0,0,0,0,1,0
"Gm5166",0,0,0,0,0,0,0,0,0
"Brwd3",14,25,3,8,18,7,12,14,10
"Cpxcr1",0,0,0,0,0,0,0,0,0
"Gm10439",0,0,0,0,0,0,0,0,0
"Gm15091",0,0,0,0,0,0,0,0,0
"Vcf2",19,14,20,15,44,9,5,21,18
"Bclaf3",23,26,2,20,11,4,11,8,15
"Cdkl5",0,0,0,0,0,0,0,0,0
"Gm1720",0,0,0,0,0,0,1,0,0
"Cldn34c3",0,0,0,0,0,0,0,0,0
"Gm5168",0,0,0,0,0,0,0,0,0
"Gm5169",0,0,0,0,0,0,0,0,0
"Rhox12",0,0,0,0,0,0,0,0,0
"Sly",0,0,0,0,0,0,0,0,0
"Taar8b",0,0,0,0,0,0,0,0,0
"Gm1153",0,0,0,0,0,0,0,0,0
"Cimap1d",0,0,0,0,0,0,0,0,0
"Gm5174",0,0,0,0,0,0,0,0,0
"Poc1b",15,56,29,46,38,38,65,43,42
"Gm5176",1,1,1,1,1,1,0,1,1
"Atxn7l3b",543,859,387,287,480,307,419,513,484
"Best3",0,0,0,0,0,0,0,0,0
"Gm5177",2,3,1,1,1,1,2,1,1
"H2bc26",0,0,0,0,0,1,1,0,0
"Ankfn1",0,0,0,0,0,0,0,0,0
"Cd300ld3",0,0,0,0,0,0,0,0,0
"Pfn4",0,0,0,0,0,0,0,0,0
"Kcnf1",0,0,0,0,0,0,0,1,0
"Tmed8",8,18,12,12,17,6,12,7,9
"Zbtb42",2,9,28,3,9,1,17,3,7
"3110053B16Rik",1,0,0,0,0,0,0,0,0
"Ighv1-19",0,0,0,0,0,0,0,0,0
"Ighv1-56",0,0,0,0,0,0,0,0,0
"Ighv1-52",0,0,0,0,0,0,0,0,0
"Mtx3",66,132,40,54,76,65,68,83,52
"Atp5c1-ps",2,0,0,5,3,2,5,3,1
"Colq",0,0,0,0,0,0,0,0,0
"Zfp488",0,0,0,0,0,0,0,0,0
"Neil2",7,2,9,1,17,4,2,6,3
"Rrm2b",15,31,8,21,40,10,31,24,25
"Gm5215",0,1,1,0,1,0,0,0,0
"Enthd1",0,0,0,0,0,0,0,0,0
"383080",1,5,1,3,1,3,4,3,1
"Tvp23a",0,0,0,0,0,0,1,0,0
"Or14j7",0,0,0,0,0,0,0,0,0
"Vmn2r118",0,0,0,0,0,0,0,0,0
"Ypel5",121,203,109,105,150,110,89,123,184
"Gm5237",0,0,0,0,0,0,0,0,0
"Kctd16",0,0,0,0,0,0,0,0,0
"Ms4a14",0,1,0,0,0,0,0,0,0
"Prdm14",0,0,0,0,0,0,0,0,0
"Gm5258",0,0,0,0,0,1,1,0,0
"Serpinb3b",0,0,0,0,0,0,0,0,0
"Gpr25",0,0,0,0,0,0,0,0,0
"Aim2",275,500,270,281,426,373,259,400,431
"Obp2b",0,0,0,0,0,0,0,0,0
"Gm1322",0,0,0,0,0,0,0,0,0
"Eif1-ps3",0,0,0,0,0,0,0,0,0
"Tldc2",0,1,0,0,0,0,0,0,0
"383770",0,0,1,0,1,0,0,0,0
"Ankrd63",0,0,1,0,0,0,0,0,0
"5330432E05Rik",0,0,0,0,0,0,0,0,0
"Glipr2",15,5,13,1,1,1,5,1,5
"Tlr12",25,38,31,133,79,109,96,97,127
"Fndc5",3,10,1,2,0,3,2,0,0
"Slc25a34",0,6,0,0,0,2,0,0,0
"Pramel5",0,0,0,0,0,0,0,0,0
"Gm13249",0,0,0,0,1,0,0,0,0
"Gm5292",0,1,0,3,0,0,0,0,0
"Arl9",0,0,0,0,0,0,0,0,0
"Fam47e",0,0,0,0,0,0,0,0,0
"384199",0,0,0,0,0,0,0,0,0
"Ephx4",0,0,0,0,0,2,0,0,0
"Vmn2r11",0,0,0,0,0,0,0,0,0
"Vmn2r16",0,0,0,0,0,0,0,0,0
"Vmn2r17",0,0,0,0,0,0,0,0,0
"Foxl3",0,0,0,0,0,0,0,0,0
"Gm5297",0,0,2,0,0,0,1,2,1
"Gatc",98,111,95,83,126,124,144,142,123
"Trim56",192,360,98,125,82,56,70,106,124
"Igkv4-92",0,0,0,0,0,0,0,0,0
"Igkv12-89",0,0,0,0,0,0,0,0,0
"Igkv5-37",0,0,0,0,0,0,0,0,0
"Igkv8-30",0,0,0,0,0,0,0,0,0
"Noto",0,0,0,0,0,0,0,0,0
"Igkv4-57-1",0,0,0,0,0,0,0,0,0
"Igkv4-68",0,0,0,0,0,0,0,0,0
"Vmn1r55",0,0,0,0,0,0,0,0,0
"Gm5321",3,1,2,4,2,2,2,0,0
"Vmn2r52",0,0,0,0,0,0,0,0,0
"Ceacam3",0,0,0,0,0,0,0,0,0
"Nova2",0,0,4,0,0,0,0,0,2
"Vmn1r177",0,0,0,0,0,0,0,0,0
"Scgb1b3",0,0,0,0,0,0,0,0,0
"Scgb1b29",0,0,0,0,0,0,0,0,0
"384594",0,0,0,0,0,0,0,0,0
"Wdr88",0,0,0,0,0,0,0,0,0
"Kash5",0,0,0,10,1,13,3,6,18
"Gm5331",0,0,0,0,0,0,0,0,0
"Gm5334",0,0,0,0,0,0,0,0,0
"Vmn1r123",0,0,0,0,0,0,0,0,0
"Vmn1r119",0,0,0,0,0,0,0,0,0
"Usp17ld",0,0,0,0,0,0,0,0,0
"Or52e18",0,0,0,0,0,0,0,0,0
"Cyp2t4",0,0,0,0,0,0,0,0,0
"Or2d2b",0,0,0,0,0,0,0,0,0
"Nlrp4d",0,0,0,0,0,0,0,0,0
"Zfp667",12,6,8,1,3,1,0,0,2
"1700003H04Rik",0,0,0,0,0,0,0,0,0
"Irs2",129,83,192,71,141,50,57,82,123
"Adam20",0,0,0,0,0,0,0,0,0
"Adam34l",0,0,0,0,0,0,0,0,0
"Gm5347",0,0,0,0,0,0,0,0,0
"Gm1943",4,11,7,6,0,7,4,9,3
"384945",0,16,9,0,0,0,0,0,0
"Pglyrp4",0,0,0,0,0,0,0,0,0
"Trav6d-7",0,0,0,0,0,0,0,0,0
"Igkv4-72",0,0,0,0,0,0,0,0,0
"Igkv4-70",0,0,0,0,0,0,0,0,0
"BC061237",0,0,0,0,0,0,0,0,0
"Zfp986",0,0,0,0,0,0,0,0,0
"Igkv4-55",0,0,0,0,0,0,0,0,0
"Gm1527",0,0,0,0,0,0,0,0,0
"Igkv4-60",0,0,0,0,0,0,0,0,0
"Igkv4-54",0,0,0,0,0,0,0,0,0
"Ssxb10",0,0,0,0,0,0,0,0,0
"H2al3",0,0,0,0,0,0,0,0,0
"H2al1n",0,0,0,0,0,0,0,0,0
"Ssxa1",0,0,0,0,0,0,0,0,0
"Rhox1",0,0,0,0,0,0,0,0,0
"Frmd7",3,2,0,0,0,0,2,0,0
"Pnma5",0,0,0,0,0,0,0,0,0
"Tex28",0,0,0,0,0,0,0,0,0
"Gm5396",0,0,0,0,0,0,0,0,0
"AU015836",0,0,0,0,0,0,0,0,0
"Srsy",0,0,0,0,0,0,0,0,0
"Kng2",0,0,0,2,0,2,0,2,0
"Nxpe3",25,22,15,15,14,26,25,22,11
"Lca5l",6,12,10,5,12,19,11,10,8
"Zfp174",2,16,8,5,0,6,7,2,11
"Trav15-1-dv6-1",0,0,0,0,0,0,0,0,0
"Trav7-4",0,0,0,0,0,0,0,0,0
"Rnf39",0,0,0,0,0,0,0,0,0
"Cdsn",0,0,0,0,0,0,0,0,0
"Gm5409",0,0,0,0,0,0,0,0,0
"Rnf133",0,0,0,0,0,0,0,0,0
"Thoc6",77,87,50,60,128,129,115,107,93
"Nsfl1c",121,132,71,65,69,76,82,62,96
"Eid2",97,174,69,51,66,94,66,56,60
"Slitrk3",0,0,0,0,0,0,0,0,0
"Dbpht2",0,0,0,0,0,0,0,0,0
"Ssxb9",0,0,0,0,0,0,0,0,0
"Ssxb2",0,0,0,0,0,0,0,0,0
"Mir9-1",0,0,0,0,0,0,0,0,0
"Mir16-1",0,0,0,0,0,0,0,0,0
"Mir18",0,0,0,0,0,0,0,0,0
"Mir1a-1",0,0,0,0,0,0,0,0,0
"Mir20a",0,0,0,0,0,0,2,0,0
"Mir21a",0,0,0,0,0,0,0,0,0
"Mir22",0,0,0,0,0,0,0,0,0
"Mir24-1",0,0,0,0,0,0,0,0,0
"Mir101a",0,0,0,0,0,0,0,0,0
"Mir10b",0,0,0,0,0,0,0,0,0
"Mir126a",0,0,0,0,0,0,0,0,0
"Mir127",0,0,0,0,0,0,0,0,0
"Mir128-1",0,0,0,0,0,0,0,0,0
"Mir130a",0,0,0,0,0,0,0,0,0
"Mir132",0,0,0,0,0,0,0,0,0
"Mir133a-1",0,0,0,0,0,0,0,0,0
"Mir134",0,0,0,0,0,0,0,0,0
"Mir135a-1",0,0,0,0,0,0,0,0,0
"Mir136",0,0,0,0,0,0,0,0,0
"Mir137",0,0,0,0,0,0,0,0,0
"Mir138-1",0,0,0,0,0,0,0,0,0
"Mir139",0,0,0,0,0,0,0,0,0
"Mir140",0,0,0,0,0,0,0,0,0
"Mir141",0,0,0,0,0,0,0,0,0
"Mir142",37,52,44,34,25,18,30,29,37
"Mir143",0,0,0,0,0,0,0,0,0
"Mir144",0,0,0,0,0,0,0,0,0
"Mir145a",0,0,0,0,0,0,0,0,0
"Mir146",0,0,0,0,0,0,1,1,0
"Mir147",0,0,0,0,0,0,0,0,0
"Mir148a",0,0,0,0,0,0,0,0,0
"Mir149",0,0,0,0,0,0,0,0,0
"Mir150",0,0,0,0,0,0,0,0,0
"Mir151",0,0,0,0,0,0,0,0,0
"Mir152",0,0,0,0,0,0,0,2,0
"Mir153",0,0,0,0,0,0,0,0,0
"Mir154",0,0,0,0,0,0,0,0,0
"Mir155",0,0,0,0,0,0,0,0,0
"Mir15a",0,0,0,0,0,0,0,0,0
"Mir15b",0,0,0,0,0,0,0,0,0
"Mir181a-2",0,0,0,0,0,0,0,0,0
"Mir182",0,0,0,0,0,0,0,0,0
"Mir183",0,0,0,0,0,0,0,0,0
"Mir184",0,0,0,0,0,0,0,0,0
"Mir185",0,0,0,0,0,0,0,0,0
"Mir186",0,0,0,0,0,0,0,0,0
"Mir187",0,0,0,0,0,0,0,0,0
"Mir188",0,0,0,0,0,0,0,0,0
"Mir190a",0,0,0,0,0,0,0,0,0
"Mir191",3,0,0,0,0,1,2,0,1
"Mir192",0,0,0,0,0,0,0,0,0
"Mir193a",0,0,0,0,0,0,0,0,0
"Mir194-1",0,0,0,0,0,0,0,0,0
"Mir195a",0,0,0,0,0,0,0,0,0
"Mir196a-1",0,0,0,0,0,0,0,0,0
"Mir199a-1",0,0,0,0,0,0,0,0,0
"Mir19b-2",0,0,0,0,0,0,0,0,0
"Mir201",0,0,0,0,0,0,0,0,0
"Mir202",0,0,0,0,0,0,0,0,0
"Mir203",0,0,0,0,0,0,0,0,0
"Mir204",0,0,0,0,0,0,0,0,0
"Mir205",0,0,0,0,0,0,0,0,0
"Mir206",0,0,0,0,0,0,0,0,0
"Mir207",0,0,0,0,0,0,0,0,0
"Mir208a",0,0,0,0,0,0,0,0,0
"Mir210",0,0,0,0,0,0,0,1,0
"Mir211",0,0,0,0,0,0,0,0,0
"Mir212",0,0,0,0,0,0,0,0,0
"Mir214",0,0,0,0,0,0,0,0,0
"Mir215",0,0,0,0,0,0,0,0,0
"Mir216a",0,0,0,0,0,0,0,0,0
"Mir217",0,0,0,0,0,0,0,0,0
"Mir23a",0,0,0,0,0,0,0,1,0
"Mir23b",0,1,3,0,0,0,0,0,0
"Mir26a-1",0,0,0,0,0,0,0,0,0
"Mir26b",0,2,0,0,1,4,1,1,0
"Mir27a",0,0,1,0,0,0,0,0,2
"Mir27b",0,0,0,0,0,0,0,0,0
"Mir29a",0,0,0,0,0,0,0,0,0
"Mir29b-1",0,0,0,0,0,0,0,0,0
"Mir29c",0,0,0,0,0,0,0,0,0
"Mir30a",0,0,0,0,0,0,0,0,0
"Mir30b",0,0,0,0,0,0,0,0,0
"Mir30c-1",0,0,0,0,0,0,0,0,0
"Mir30d",0,0,0,0,0,0,0,0,0
"Mir99a",0,0,0,0,0,0,0,0,0
"Mir99b",1,0,1,1,0,0,1,0,0
"Mir122",0,0,0,0,0,0,0,0,0
"Mir124a-1",0,0,0,0,0,0,0,0,0
"Mir125a",2,0,0,0,1,0,0,0,1
"Mir125b-1",0,0,0,0,0,0,0,0,0
"Mir129-1",0,0,0,0,0,0,0,0,0
"Mir199b",0,0,0,0,0,0,0,0,0
"Mir200a",0,0,0,0,0,0,0,0,0
"Mir200b",0,0,0,0,0,0,0,0,0
"Mirlet7a-1",0,0,0,0,0,0,0,0,0
"Mirlet7b",1,5,4,3,0,0,1,0,6
"Mirlet7c-1",0,0,0,0,0,0,0,0,0
"Mirlet7d",0,0,0,0,0,0,0,0,0
"Mirlet7e",1,2,0,0,0,0,1,0,0
"Mirlet7g",0,0,0,0,0,0,0,0,0
"Mirlet7i",0,1,0,3,0,3,2,0,2
"Mirlet7f-1",0,0,0,0,0,0,0,0,0
"Mirlet7f-2",0,0,0,0,0,0,0,0,0
"Ssxb7",0,0,0,0,0,0,0,0,0
"Hcrtr2",0,0,0,0,0,0,0,0,0
"Tmtc1",0,0,0,0,0,1,0,3,1
"Defb50",0,0,0,0,0,0,0,0,0
"Tas2r102",0,0,0,0,0,0,0,0,0
"Tas2r104",0,0,0,0,0,0,0,0,0
"Tas2r106",0,0,0,0,0,0,0,0,0
"Tas2r107",0,0,0,0,0,0,0,0,0
"Tas2r109",0,0,0,0,0,0,0,0,0
"Tas2r110",0,0,0,0,0,0,0,0,0
"Tas2r113",0,0,0,0,0,0,0,0,0
"Tas2r114",0,0,0,0,0,0,0,0,0
"Tas2r118",0,0,0,0,0,0,0,0,0
"Tas2r120",0,0,0,0,0,0,0,0,0
"Tas2r121",0,0,0,0,0,0,0,0,0
"Tas2r124",0,0,0,0,0,0,0,0,0
"Tas2r125",0,0,0,0,0,0,0,0,0
"Tas2r126",0,0,0,0,0,0,0,0,0
"Tas2r129",0,0,0,0,0,0,0,0,0
"Tas2r130",0,0,0,0,0,0,0,0,0
"Tas2r131",0,0,0,0,0,0,0,0,0
"Ifnk",0,0,0,0,0,0,0,0,0
"Tas2r134",0,0,0,0,0,0,0,0,0
"Tas2r135",0,0,0,0,0,0,0,0,0
"Tas2r138",0,0,0,0,0,0,0,0,0
"Tas2r143",0,0,0,0,0,0,0,0,0
"Tas2r144",0,0,0,0,0,0,0,0,0
"Znrf2",134,244,100,89,134,124,140,119,121
"Sval3",0,0,0,0,0,0,0,0,0
"Cd300c",1,0,0,0,0,2,1,0,1
"Ssxb5",0,0,0,0,0,0,0,0,0
"Zhx2",3,4,1,6,2,0,3,4,0
"Tas2r140",0,0,0,0,0,0,0,0,0
"Tmt1a2",0,0,0,0,1,2,2,1,1
"Serpinb3d",0,0,0,0,0,0,0,0,0
"Ugt1a10",0,0,0,0,0,0,0,0,0
"Ugt1a7c",8,5,10,1,4,3,13,6,5
"Ugt1a5",1,0,0,0,2,0,0,0,0
"Ugt1a9",0,0,0,0,0,0,0,0,0
"Ugt1a6b",0,0,0,0,0,0,0,0,0
"Ugt1a1",0,0,0,0,0,0,0,0,0
"Flrt1",0,0,0,2,0,0,0,1,0
"Snhg3",100,145,71,23,34,32,40,45,25
"Map4k5",61,96,53,35,44,32,58,63,75
"Scn4b",0,4,0,0,0,0,0,0,0
"H2-M10.6",0,0,0,0,0,0,0,0,0
"Flrt2",0,3,2,0,0,0,0,1,0
"Btbd6",22,24,11,45,74,37,34,36,52
"Cdin1",5,15,6,19,4,4,12,8,2
"Kank4os",0,0,0,0,0,0,0,0,0
"399588",0,0,0,0,0,0,0,0,0
"Tmsb15l",0,0,0,0,0,0,0,0,0
"Ccdc87",2,3,0,0,0,0,1,1,0
"Lratd2",4,7,4,7,8,12,12,10,21
"C130046K22Rik",3,10,4,3,2,8,4,7,7
"C330024C12Rik",0,0,0,0,0,0,0,0,0
"A630014C17Rik",0,1,0,0,0,0,0,0,0
"Tdpoz2",0,0,0,0,0,0,0,0,0
"Tdpoz3",0,0,0,0,0,0,0,0,0
"Tdpoz4",0,0,0,0,0,0,0,0,0
"Tdpoz5",0,0,0,0,0,0,0,0,0
"A730009L09Rik",0,0,0,0,0,0,0,0,0
"Pax6os1",0,0,0,0,0,0,0,0,0
"C730036E19Rik",0,0,0,0,0,0,0,0,0
"D630004N19Rik",1,5,0,6,2,7,0,1,5
"9830166K06Rik",0,0,0,0,0,0,0,0,0
"A830052D11Rik",1,1,1,3,3,0,4,7,4
"D030018L15Rik",0,0,0,0,0,0,0,0,0
"D030025E07Rik",0,0,0,0,0,0,0,0,0
"Tcaf3",0,0,0,0,0,0,0,0,0
"Banf2",0,0,0,0,0,0,0,0,0
"Defb21",0,0,0,0,0,0,0,0,0
"Msantd1",12,25,18,15,23,18,17,11,13
"Tigd4",0,0,0,0,0,0,0,0,0
"Plcxd1",0,2,0,3,0,0,3,2,0
"Ccdc121rt1",0,0,0,0,0,0,0,0,0
"Mettl21e",0,0,0,0,0,0,0,0,0
"Cfap97d2",0,0,0,0,0,0,0,0,0
"Opa3",83,129,49,37,49,47,61,53,52
"Lypd9",0,0,0,0,0,0,0,0,0
"5330416C01Rik",0,0,0,0,0,0,0,0,0
"A430093F15Rik",1,1,0,0,0,1,1,0,2
"Agr3",0,0,0,0,0,0,0,0,0
"Clec3a",0,0,0,0,0,0,0,0,0
"Gfral",0,0,0,0,0,0,0,0,0
"Cyp2c54",0,0,0,0,0,0,0,0,0
"Or6k6",0,0,0,0,0,0,0,0,0
"Mrgprb3",0,0,0,0,0,0,0,0,0
"Mrgprb5",0,0,0,0,0,0,0,0,0
"Mrgprb8",0,0,0,0,0,0,0,0,0
"Mrgprx1",0,0,0,0,0,0,0,0,0
"Vmn1r59",0,0,0,0,0,0,0,0,0
"Vmn1r64",0,0,0,0,0,0,0,0,0
"Vmn1r179",0,0,0,0,0,0,0,0,0
"V1rd19",0,0,0,0,0,0,0,0,0
"Vmn1r181",0,0,0,0,0,0,0,0,0
"Vmn1r93",0,0,0,0,0,0,0,0,0
"Vmn1r174",0,0,0,0,0,0,0,0,0
"Or10al2",0,0,0,0,0,0,0,0,0
"Or5h24-ps1",0,0,0,0,0,0,0,0,0
"Or5ac17",0,0,0,0,0,0,0,0,0
"Or5ac25",0,0,0,0,0,0,0,0,0
"Or8c10",0,0,0,0,0,0,0,0,0
"Or8c11",0,0,0,0,0,0,0,0,0
"Or2z8",0,0,0,0,0,0,0,0,0
"Or1a1",0,0,0,0,0,0,0,0,0
"Or52j3",0,0,0,0,0,0,0,0,0
"Or56a3b",0,0,0,0,0,0,0,0,0
"Or6s1",0,0,0,0,0,0,0,0,0
"Or6c206",0,0,0,0,0,0,0,0,0
"Or8d2",0,0,0,0,0,0,0,0,0
"Or5al6",0,0,0,0,0,0,0,0,0
"Or8k20",0,0,0,0,0,0,0,0,0
"Or8j3b",0,0,0,0,0,0,0,0,0
"Or10ag52",0,0,0,0,0,0,0,0,0
"Or10ag56",0,0,0,0,0,0,0,0,0
"Or5d43",0,0,0,0,0,0,0,0,0
"Or4p23",0,0,0,0,0,0,0,0,0
"Or4a79",0,0,0,0,0,0,0,0,0
"Or2b7",0,0,0,0,0,0,0,0,0
"Or2y10",0,0,0,0,0,0,0,0,0
"Or2y13",0,0,0,0,0,0,0,0,0
"Or5b121",0,0,0,0,0,0,0,0,0
"Or2w3",0,0,0,0,0,0,0,0,0
"Or8k35",0,0,0,0,0,0,0,0,0
"Ano7",0,0,0,0,0,0,0,1,0
"Ifna14",0,0,0,0,0,0,0,0,0
"Macroh2a2",8,11,0,1,0,0,0,3,1
"Iqgap3",32,35,36,64,79,89,66,53,80
"Ighg2c",0,1,0,0,0,16,1,1,0
"Iglj1",0,0,0,0,0,0,0,0,0
"Iglj2",0,0,0,0,0,0,0,0,0
"Iglj3",0,0,0,0,0,0,0,0,0
"Iglv3",0,0,0,0,0,0,0,0,0
"Or8a1",0,0,0,0,0,0,0,0,0
"Or4b13",0,0,0,0,0,0,0,0,0
"Bex4",0,0,0,0,0,0,0,0,0
"Panx2",0,0,0,2,2,1,0,0,0
"Krt87",0,0,0,0,0,0,0,0,0
"Krt77",0,0,0,0,0,0,0,0,0
"Krt40",0,0,0,0,0,0,0,0,0
"Krt74",0,0,0,0,0,0,0,0,0
"Gm5414",0,0,0,0,0,0,0,0,0
"Peds1",68,120,91,59,110,89,101,45,87
"Ndufs6",344,410,310,293,322,348,340,364,363
"Taf9b",14,17,10,8,4,4,12,6,3
"Tsbp1",12,12,19,10,26,27,24,26,43
"BC048644",0,0,0,0,0,0,0,0,0
"Ndufa4l2",0,0,0,0,0,0,0,0,0
"BC039966",0,0,0,0,0,0,0,0,0
"Smim31",0,0,0,0,0,0,0,0,0
"Ecm2",0,0,1,0,0,0,0,0,0
"BC051226",4,18,11,10,17,30,28,15,23
"BC055402",0,0,0,0,0,0,0,0,0
"Zfp941",0,0,0,0,0,0,0,0,1
"Timd6",0,0,0,0,0,0,0,0,0
"BC031181",384,479,370,259,461,379,505,378,417
"Znrf3",39,44,16,12,31,26,16,22,25
"Baz2b",184,239,161,135,264,208,210,211,254
"407824",4,12,1,2,2,5,7,0,1
"Tmem204",21,13,37,37,98,53,46,26,65
"Primpol",22,58,42,95,80,88,63,87,119
"Arhgap20os",0,0,0,0,0,0,0,0,0
"BC039771",0,0,0,0,0,0,0,0,0
"BC048507",0,0,0,3,0,0,0,1,0
"Smim35",33,48,15,12,12,26,9,9,24
"Zfp873",9,7,9,6,12,3,6,6,0
"BC064078",0,0,1,0,0,0,0,0,0
"Zfp456",8,7,12,7,6,7,7,28,10
"Cspg4b",0,1,2,0,0,0,0,0,3
"Zfp874b",0,0,0,0,1,0,2,0,3
"Zfp738",24,36,24,24,20,12,34,37,27
"Wfdc13",0,0,0,0,0,0,0,0,0
"Semp2l1",0,0,0,0,0,0,0,0,0
"Gm9839",0,0,0,0,0,0,0,0,0
"Otud6a",0,0,0,0,0,0,0,0,0
"Csta3",0,0,0,0,0,0,0,0,0
"Spink7",0,0,0,0,0,0,0,0,0
"A630019I02Rik",0,0,0,0,0,0,0,0,0
"Oxct1as",0,1,3,2,1,2,6,0,0
"AY512915",0,0,0,0,1,0,1,4,0
"Bach2os",40,26,13,68,156,100,137,53,110
"Actmap",17,11,4,10,4,1,11,11,21
"BC031361",1,4,1,3,0,0,3,0,2
"BC051537",0,2,0,0,2,1,0,0,0
"Wdr83os",57,44,44,38,50,32,51,45,45
"4930405O22Rik",0,0,0,0,0,0,0,0,0
"5330413P13Rik",0,0,0,0,0,0,0,0,0
"Tnip3",1,15,0,2,0,5,1,1,0
"9330151L19Rik",22,53,8,20,59,51,48,21,26
"Gja6",0,0,0,0,0,0,0,0,0
"A630001O12Rik",2,3,0,0,0,5,0,0,3
"A830082N09Rik",0,0,2,1,1,1,0,0,0
"Dgkeos",0,0,0,0,0,0,0,0,0
"B130034C11Rik",1,0,0,2,2,0,1,0,0
"E130317F20Rik",8,57,7,15,11,4,9,15,14
"9230114K14Rik",6,20,3,3,9,3,0,8,5
"A430072P03Rik",0,0,0,0,0,0,0,0,0
"C130083M11Rik",0,0,0,0,0,0,0,0,0
"D330050I16Rik",6,9,3,4,2,1,1,8,4
"E430016F16Rik",0,0,0,0,0,0,0,0,0
"Mir670hg",0,0,0,0,0,1,0,0,0
"F730035M05Rik",0,0,0,0,0,0,0,0,0
"F930017D23Rik",0,0,0,0,0,0,0,0,0
"G630055G22Rik",0,0,0,0,0,0,0,0,0
"Zfp950",43,33,24,64,79,70,73,73,74
"Itprip",94,128,100,29,24,41,35,18,22
"Zyg11b",108,183,150,102,155,118,121,109,147
"Neurl2",21,27,25,17,52,14,40,33,19
"Zfp457",0,0,0,0,0,0,0,0,0
"Zfp652os",4,13,12,5,13,9,16,4,9
"Gm5420",0,0,0,0,0,0,0,0,0
"Akap7",20,40,20,26,25,14,16,29,43
"Nkain2",0,0,0,0,0,0,0,0,0
"Tmem229b-ps",0,0,0,0,0,0,0,0,0
"Gm5424",0,0,0,0,0,2,0,0,0
"Hnrnph3",30,60,24,86,128,120,85,77,105
"Tmprss9",0,0,0,0,0,0,0,0,0
"Tektip1",10,28,17,14,8,5,2,14,2
"Gm1553",0,0,0,0,0,0,0,0,0
"Gnptab",94,161,69,71,96,84,92,89,90
"Gm17745",1,0,6,2,0,0,1,3,0
"Rpl6l",6,6,2,2,5,2,0,2,10
"Cpsf6",188,374,135,155,188,132,171,169,156
"Myo1a",0,0,0,0,0,2,0,3,2
"Adcy1",0,1,2,2,9,7,0,3,1
"Gm5429",20,73,6,2,1,5,1,3,0
"Pom121l12",0,0,0,0,0,0,0,0,0
"Garin3",0,0,0,0,0,0,0,0,0
"Gm5431",17,21,20,13,13,26,10,13,13
"Gm9837",0,0,0,0,0,0,0,0,0
"Lyrm7os",0,0,0,0,0,0,0,0,0
"Specc1",30,50,21,79,110,128,101,122,79
"Ccdc92b",0,1,0,0,0,0,1,0,0
"Gm11541",0,0,0,0,0,0,0,0,0
"Gm11544",0,0,0,0,0,0,0,0,0
"Gm11538",0,0,0,0,0,0,0,0,0
"Krtap9-21",0,0,0,0,0,0,0,0,0
"Krtap31-2",0,0,0,0,0,0,0,0,0
"Dnai2",0,0,0,0,0,0,0,0,0
"Trim80",0,0,0,0,0,0,0,0,0
"Mfsd2b",18,19,15,1,0,3,0,1,4
"Gm17746",0,0,0,0,0,0,0,0,0
"Ube2frt",0,0,0,0,0,0,0,0,0
"Vrtn",0,0,0,0,0,0,0,0,0
"Ighv6-7",0,0,0,0,0,0,0,0,0
"Ighv1-4",0,0,0,0,0,0,0,0,0
"Ighv1-59",0,0,0,0,0,0,0,0,0
"Ighv8-9",0,0,0,0,0,0,0,0,0
"Gm5441",0,0,0,0,0,0,0,0,0
"Akr1c19",0,0,0,0,0,0,0,0,0
"Gm5444",0,0,0,0,0,0,0,0,0
"Gm5445",11,8,13,12,8,11,6,11,18
"Gm5446",0,0,1,1,0,0,0,1,0
"Zscan26",94,112,80,132,188,118,156,146,152
"Vmn1r207",0,0,0,0,0,0,0,0,0
"Vmn1r209",0,0,0,0,0,0,0,0,0
"4930447K03Rik",2,0,0,8,1,1,0,1,0
"Prr7",8,38,12,0,0,6,7,2,0
"432768",3,2,3,2,1,2,3,4,4
"Zfp708",4,4,3,7,4,2,1,4,6
"Rslcan18",0,0,2,0,0,1,0,0,0
"Eprn",0,0,0,0,0,0,0,0,0
"Lrrc14b",0,0,3,2,4,0,0,0,0
"432798",17,11,10,8,16,4,16,10,14
"Gm5454",0,0,0,0,0,0,0,0,0
"BC052688",0,0,0,0,0,0,0,0,0
"Gm5458",0,0,0,0,0,0,2,0,0
"Gm17747",0,0,0,0,0,0,0,0,0
"Gm5460",0,0,0,0,0,0,0,0,0
"Gprin2",0,0,0,0,0,0,0,0,0
"Zfhx2os",0,0,0,0,0,0,0,0,0
"B020004C17Rik",0,0,0,0,0,0,0,0,0
"Defb48",0,0,0,0,0,0,0,0,0
"Gm5464",4,1,0,3,1,0,0,1,0
"Kbtbd6",0,2,0,2,2,0,0,2,0
"Trav13-3",0,0,0,0,0,0,0,0,0
"Gm5468",1,3,0,10,1,2,1,3,1
"Otulin",193,424,185,99,142,131,144,112,168
"Gm16294",0,0,0,0,0,0,0,0,0
"Gm5471",0,3,0,0,2,2,1,0,2
"D030024E09Rik",0,0,0,0,0,0,0,0,0
"Gm20740",0,0,0,0,0,0,0,0,0
"Iqank1",0,0,0,0,0,1,0,0,0
"Gm5475",10,79,5,2,0,0,1,0,0
"Gm5476",0,0,0,0,0,0,0,0,0
"Gm5477",0,0,0,0,0,0,0,0,0
"Gm5478",0,0,0,0,0,0,0,0,0
"D930007P13Rik",0,0,0,0,0,0,0,0,0
"Smim22",0,0,0,0,0,0,0,0,0
"A930007A09Rik",3,4,1,1,0,3,2,1,0
"Gm5481",0,0,0,0,0,0,0,0,0
"Fam246a",0,0,0,0,0,0,0,0,0
"Cstdc4",0,0,0,0,5,0,0,7,4
"Plcxd2",6,20,12,6,1,4,14,10,2
"Gm5485",0,0,0,0,0,0,0,0,0
"Or5ac15",0,0,0,0,0,0,0,0,0
"Krtap13-24",0,0,0,0,0,0,0,0,0
"Gm17748",0,0,0,0,0,0,0,0,0
"Vmn2r96",0,0,0,0,0,0,0,0,0
"D930048G16Rik",6,11,0,1,6,1,4,2,0
"Pnpla1",0,0,0,0,0,0,0,0,0
"Ly6g6f",0,2,0,0,0,0,1,1,0
"AA388235",0,1,1,0,0,2,4,0,5
"Sfta2",0,0,0,0,0,0,0,0,0
"Esp6",0,0,0,0,0,0,0,0,0
"F630040K05Rik",0,0,0,0,0,0,0,0,0
"Gm20742",0,0,0,0,0,0,0,0,0
"Gm10549",0,0,0,0,0,0,2,0,0
"Spink14",0,0,0,0,0,0,0,0,0
"Spink6",0,0,0,0,0,0,0,0,0
"Spink11",0,0,0,0,0,0,0,0,0
"Eno1b",8,6,3,4,10,5,7,3,7
"D030046N08Rik",0,0,0,0,0,0,0,0,0
"Tmem262",0,0,0,0,1,0,0,0,0
"Gm5512",0,1,1,2,2,3,3,4,1
"Cyp2c68",0,0,0,0,0,0,0,0,0
"Acsl5",379,435,199,222,205,248,255,225,258
"Gm5523",1,4,0,0,2,0,1,1,0
"Khdc1c",0,0,0,0,0,0,0,0,0
"Gm5524",0,0,1,0,1,2,1,0,1
"Gm15455",0,4,0,3,1,4,1,2,2
"Nms",0,0,0,0,0,0,0,0,0
"Mettl21c",0,0,0,0,0,0,0,0,0
"Gm5526",31,32,32,28,43,76,28,19,51
"Gm13749",0,0,0,0,0,0,0,0,0
"Gm5528",0,1,0,2,0,0,1,1,2
"Sgpp2",0,0,0,0,0,0,0,1,0
"Gm9991",0,0,0,0,0,0,0,0,0
"Teddm1b",0,0,0,0,0,0,0,0,0
"Gm5532",0,3,1,1,0,0,0,0,0
"Gm20743",0,0,0,0,0,0,0,0,0
"Creg1",853,1125,800,651,1557,1058,1340,991,1508
"Gm5533",0,0,0,0,0,0,0,0,0
"Ccdc185",0,0,0,0,0,0,0,0,0
"Gm13363",1,2,0,0,0,1,0,0,0
"Gm13375",0,2,0,3,2,1,3,3,0
"Gm13547",0,0,0,0,0,0,0,0,0
"Zeb2os",262,495,176,193,261,307,360,270,302
"Gm13490",0,0,0,0,0,0,0,0,0
"Or4a27",0,0,0,0,0,0,0,0,0
"Jmjd7",45,41,29,20,32,23,26,31,29
"AA467197",59,31,20,0,0,1,1,0,2
"Gm5535",0,0,0,0,0,0,0,0,0
"Gm14135",0,0,0,0,0,0,0,0,0
"Syndig1",0,1,0,0,0,0,0,0,0
"Gm14151",0,0,0,0,0,0,0,0,0
"Defb45",0,0,0,0,0,0,0,0,0
"Bpifb9b",0,0,0,0,0,0,0,0,0
"Wfdc6b",0,0,0,0,0,0,0,0,0
"Gm14403",2,7,2,6,6,3,0,5,8
"Maml3",88,77,105,86,142,64,104,137,139
"Aadacl2fm2",0,0,0,0,0,0,0,0,0
"Kprp",0,0,0,0,0,0,0,0,0
"Gm5544",3,1,0,0,0,0,0,0,0
"Gm5546",0,0,0,0,0,0,0,0,0
"Gm5547",3,7,13,13,17,9,9,9,5
"I830077J02Rik",36,29,32,50,68,28,53,56,91
"1700061I17Rik",0,0,0,0,0,0,0,0,0
"Gimd1",0,0,0,0,0,0,0,0,0
"Ankrd13c",29,44,28,21,20,19,15,13,17
"Akirin2",107,126,122,136,300,276,216,232,334
"Spag8",0,0,0,0,0,0,0,1,0
"Ncbp1",127,239,112,113,88,114,145,117,145
"Msantd5f6",0,0,0,0,0,0,0,0,0
"Gm12816",3,2,2,4,2,3,6,2,5
"Gm12830",0,0,0,0,0,0,0,0,0
"Llph-ps1",0,0,0,0,0,0,0,0,0
"Frg2f1",4,17,10,5,11,15,11,10,18
"Hdac1",78,112,56,104,141,164,108,122,113
"Trim63",2,0,0,0,0,0,0,1,0
"Micos10",380,380,237,229,205,145,204,298,250
"Pramel31",0,0,0,0,0,0,0,0,0
"Zfp992",32,40,22,16,20,3,10,32,22
"Zfp268",3,5,3,0,1,4,2,0,0
"Zfp985",0,0,0,1,0,0,0,0,0
"Chchd2-ps",0,0,0,1,1,1,1,2,0
"Rnf207",0,0,0,0,0,0,0,0,0
"Pusl1",87,118,89,39,39,69,63,85,38
"AI506816",0,1,0,3,0,0,0,0,0
"Nom1",115,244,70,54,62,51,61,53,63
"3110082J24Rik",0,0,0,0,0,0,0,0,0
"Gm9903",0,0,0,0,1,0,0,0,0
"Gm5553",1,0,0,0,0,0,0,0,0
"Gm5554",0,0,0,0,0,0,0,0,0
"Grxcr1",0,0,0,0,0,0,0,0,0
"Ociad2",0,1,0,0,6,2,0,3,0
"Lrrc8b",0,0,4,2,0,1,5,10,1
"Pigg",3,2,2,2,2,5,3,7,4
"Mn1",0,0,0,0,0,3,1,0,0
"Fam222a",1,3,3,2,5,0,0,3,5
"Tbx3os2",0,0,0,0,0,0,0,0,0
"Gm5563",0,0,0,0,0,0,0,0,0
"Dnaaf5",12,21,5,9,14,24,22,12,17
"Gm5565",0,0,0,0,0,0,0,0,0
"Mm2pr",0,0,0,1,7,0,0,2,7
"Nme-ps1",4,10,17,4,8,3,5,8,10
"Tmem178b",0,0,0,0,0,0,0,0,0
"Vmn1r7",0,0,0,0,0,0,0,0,0
"Vmn1r20",0,0,0,0,0,0,0,0,0
"Gm5570",0,0,0,0,0,0,0,0,0
"Igkv1-122",0,0,0,0,0,0,0,0,0
"Igkv9-120",0,0,0,0,0,0,0,0,0
"Igkv1-99",0,0,0,0,0,0,0,0,0
"Igkv10-95",0,0,0,0,0,0,0,0,0
"Igkv4-91",0,0,0,0,0,0,0,0,0
"Igkv4-90",0,0,0,0,0,0,0,0,0
"Igkv13-85",0,0,0,0,0,0,0,0,0
"Igkv6-32",0,0,0,0,0,0,0,0,0
"Igkv8-28",0,0,0,0,0,0,0,0,0
"Igkv8-27",0,0,0,0,0,0,0,0,0
"Gm5576",99,110,63,56,23,34,18,49,33
"Gm5577",0,2,0,0,0,0,0,0,2
"Gm1965",0,0,0,0,0,0,0,0,0
"434094",0,1,0,0,0,0,0,0,0
"Vmn2r38",0,0,0,0,0,0,0,0,0
"Vmn2r44",0,0,0,0,0,0,0,0,0
"Vmn2r50",0,0,0,0,0,0,0,0,0
"Sult2a4",0,0,0,0,0,0,0,0,0
"Obox8",0,0,0,0,0,0,0,0,0
"Pnma8b",0,12,5,4,0,0,0,0,2
"Ccdc8",0,0,0,0,1,0,0,0,0
"D930028M14Rik",0,1,0,5,2,2,4,6,13
"Eid2b",25,59,28,12,22,29,32,20,36
"Gm5590",0,0,0,0,0,0,0,0,0
"Gm5591",0,0,0,0,0,0,0,0,0
"Gm5592",0,0,0,0,0,0,0,0,0
"Ccnb1-ps",0,0,0,0,0,0,0,0,0
"Zfp141",22,21,21,28,17,18,16,32,36
"Zfp975",5,4,6,2,8,3,7,13,10
"Fam169b",0,0,0,0,0,0,0,1,0
"B130024G19Rik",0,0,0,0,0,0,0,0,2
"Slc28a1",0,0,0,0,0,0,0,0,0
"Whamm",138,181,136,97,109,100,94,97,118
"Gm20744",0,0,0,0,0,0,0,0,0
"Lrrc32",0,0,0,0,0,0,3,1,0
"Trim34b",0,0,0,0,0,0,0,0,0
"Trim30c",1,0,0,13,0,0,3,7,2
"Gvin3",9,5,17,25,27,18,30,25,31
"Iqck",4,9,12,3,3,4,1,2,8
"Ppp1ccb",17,14,8,12,15,12,15,9,9
"Rexo5",19,29,12,24,28,41,26,32,46
"Trim72",6,3,4,1,0,0,1,0,0
"Gm5602",0,2,0,0,1,0,2,0,0
"Sult2a5",0,0,0,0,0,0,0,0,0
"Gm5606",0,0,0,0,0,0,0,0,0
"Sox1ot",0,0,1,0,0,0,0,0,0
"BB014433",0,0,0,0,0,0,0,0,0
"AY512931",0,0,0,0,0,0,0,0,0
"Tmem221",15,2,18,36,65,24,36,34,48
"Nlrc5",156,127,119,145,110,153,86,79,168
"9430091E24Rik",0,8,1,4,8,3,3,0,2
"Zfp560",21,30,9,15,20,14,20,29,18
"Gm5614",1,1,1,0,3,4,0,2,1
"Pate9",0,0,0,0,0,0,0,0,0
"Gm5616",2,1,0,0,0,1,0,1,1
"Gm5617",76,86,77,63,77,47,75,61,63
"Gm17749",1,20,0,0,0,0,0,0,1
"Gm20745",0,0,0,0,0,0,0,0,0
"Dppa5a",0,0,0,0,0,0,0,0,0
"Gm5620",23,24,11,35,23,58,28,49,22
"Gm5621",6,1,1,2,4,1,0,0,1
"Lsmem2",0,0,0,0,0,0,0,0,0
"Amt",0,0,0,0,0,0,0,0,0
"Iho1",2,6,6,4,0,2,1,5,2
"BC048562",0,0,0,0,0,0,0,0,0
"Fbxw20",0,0,0,0,0,0,0,0,0
"Gm5622",0,0,0,0,0,0,0,0,0
"Rps15a-ps2",0,0,1,0,0,0,0,0,0
"Sp140",38,62,20,34,27,36,17,18,43
"Gm5627",0,0,0,0,0,0,0,0,0
"Psg20",0,0,0,0,0,0,0,0,0
"Zscan4a",0,0,0,0,0,0,0,0,0
"Igkv4-71",0,0,0,0,0,0,0,0,0
"Ighv1-84",0,0,0,0,0,0,0,0,0
"Ftl1-ps2",0,3,0,1,0,0,0,1,1
"Slc22a28",0,0,0,0,0,0,0,0,0
"Scgb1b19",0,0,0,0,0,0,0,0,0
"Igkv8-23-1",0,0,0,0,0,0,0,0,0
"Gm10220",0,0,0,0,0,0,0,0,0
"Mrto4-ps2",0,0,1,0,0,0,0,0,0
"Vmn2r113",0,0,0,0,0,0,0,0,0
"Gm14367",0,0,0,0,0,0,0,0,0
"Btbd35f7",0,0,0,0,0,0,0,0,0
"Fthl17b",0,0,0,0,0,0,0,0,0
"Fthl17c",0,0,0,0,0,0,0,0,0
"Fthl17-ps1",0,0,0,0,0,0,0,0,0
"Fthl17f",0,0,0,0,0,0,0,0,0
"Akap14",0,0,0,0,0,0,0,1,0
"Rhox3h",0,0,0,0,0,0,0,0,0
"Rhox4c",0,0,0,0,0,0,0,0,0
"Rhox2d",0,0,0,0,0,0,0,0,0
"Rhox2f",0,0,0,0,0,0,0,0,0
"Rhox2g",0,0,0,0,0,0,0,0,0
"Rhox8",0,0,0,0,0,0,0,0,0
"Rhox10",0,0,0,0,0,0,0,0,0
"Gm5636",0,0,0,0,0,0,0,0,0
"Ccdc160",0,1,0,0,0,0,0,0,0
"Gm5637",3,14,7,7,4,4,3,5,5
"Ldoc1",0,0,0,0,0,0,0,0,0
"Xlr4a",10,0,4,2,11,6,8,0,11
"Pwwp4-ps",0,1,0,0,0,0,0,0,0
"Pwwp4c",0,0,0,0,0,0,0,0,0
"Smim9",0,0,0,0,0,0,0,0,0
"Gm14858",0,0,0,0,0,0,0,0,0
"Rps12-ps11",0,15,0,0,0,1,3,0,0
"Gm5643",0,1,1,0,1,0,0,0,2
"Gm15128",0,0,0,0,0,0,0,0,0
"Gm15107",0,0,0,0,0,0,0,0,0
"Luzp4",0,0,0,0,0,0,0,0,0
"Gm15127",0,0,0,0,0,0,0,0,0
"Gm15097",0,0,0,0,0,0,0,0,0
"Gm5645",0,0,0,0,0,0,0,0,0
"Gm5646",0,0,0,0,0,0,0,0,0
"Samt2",0,0,0,0,0,0,0,0,0
"Mageb4",0,0,0,0,0,0,0,0,0
"Gm21943",0,0,0,0,0,0,0,0,0
"Gm20747",0,0,0,0,0,0,0,0,0
"Shisa8",0,0,8,1,1,0,0,0,0
"Taar7d",0,0,0,0,0,0,0,0,0
"Taar7f",0,0,0,0,0,0,0,0,0
"Krtap1-3",0,0,0,0,0,0,0,0,0
"Krtap4-16",0,0,0,0,0,0,0,0,0
"Krtap9-5",0,0,0,0,0,0,0,0,0
"Ighv12-3",0,0,0,0,0,0,0,0,0
"Ighv1-67",0,0,0,0,0,0,0,0,0
"Ighv1-79",0,0,0,0,0,0,0,0,0
"Eif1ad7",0,0,0,0,0,0,0,0,0
"Serpinb6e",0,0,0,0,0,0,0,0,0
"Platr25",0,0,0,3,0,0,0,0,0
"Atp6ap1l",0,0,0,0,0,0,0,0,0
"Dusp29",0,0,0,0,1,0,0,0,0
"Pdxk-ps",4,0,1,0,0,1,0,0,0
"Glyatl3",0,0,0,0,0,0,0,0,0
"Adgrf2",1,2,0,0,0,5,0,0,0
"Rufy4",0,0,0,1,0,0,0,3,3
"Fcrlb",6,4,2,1,0,1,0,0,1
"Shf",4,4,4,10,9,6,4,3,11
"Gm5709",0,0,0,0,0,0,0,0,0
"Pou5f1-rs4",0,0,0,0,0,0,0,0,0
"Tnni3k",0,0,0,0,0,0,0,0,0
"Rps15a-ps8",0,3,0,0,1,0,0,0,0
"Gm13271",0,0,0,0,0,0,0,0,0
"Cyp4a30b",0,0,0,0,0,0,0,0,0
"Or10ak12",0,0,0,0,0,0,0,0,0
"Ldlrad2",0,0,0,0,0,0,0,0,0
"Aadacl4",0,0,0,0,0,0,0,0,0
"Slc2a7",0,0,0,0,0,0,0,0,0
"Tmprss11c",0,0,0,0,0,0,0,0,0
"Vmn2r9",0,0,0,0,0,0,0,0,0
"Igkv12-98",0,0,0,0,0,0,0,0,0
"Vmn2r23",0,0,0,0,0,0,0,0,0
"Slco1a7",0,0,0,0,0,0,0,0,0
"Vmn1r249",0,0,0,0,0,0,0,0,0
"Vmn1r245",0,0,0,0,0,0,0,0,0
"Vmn1r151",0,0,0,0,0,0,0,0,0
"Vmn1r244",0,0,0,0,0,0,0,0,0
"Vmn1r122",0,0,0,0,0,0,0,0,0
"Vmn1r120",0,0,0,0,0,0,0,0,0
"Lrp3",0,1,0,1,0,0,2,0,1
"Vmn2r63",0,0,0,0,0,0,0,0,0
"Or52a20",0,0,0,0,0,0,0,0,0
"Hbb-bh2",0,0,0,0,0,0,0,0,0
"Sdr42e2",0,0,0,0,0,0,0,0,0
"Dnaaf3",8,12,8,19,25,44,22,21,14
"436049",0,1,0,1,1,4,1,1,4
"Ces2h",0,0,0,0,0,0,0,0,0
"Cibar2",0,0,0,0,0,0,0,0,0
"Gm5745",0,0,0,0,1,0,0,1,0
"Gpr62",0,0,0,0,0,0,0,0,0
"Vmn1r113",0,0,0,0,0,0,0,0,0
"Ssxb16",0,0,0,0,0,0,0,0,0
"Gm5755",0,0,0,0,0,0,0,0,0
"Btg1b",0,0,0,0,0,0,0,0,0
"BC065397",6,5,2,22,24,28,21,11,11
"Foxr2",0,0,0,0,0,0,0,0,0
"Gm5766",0,0,0,1,0,0,0,0,1
"Litafd",0,2,1,0,0,0,0,0,0
"Gpr31b",0,0,0,0,0,0,0,0,0
"Trav14-1",0,0,0,0,0,0,0,0,0
"Trav15d-1-dv6d-1",0,0,0,0,0,0,0,0,0
"Trav9-2",0,0,0,0,0,0,0,0,0
"Try10",0,0,0,0,0,0,0,0,0
"Prss1l",0,0,0,0,0,0,0,0,0
"Trav6-2",0,0,0,0,0,0,0,0,0
"Trav15-2-dv6-2",0,0,0,0,0,0,0,0,0
"Snora74a",0,1,0,0,0,1,0,0,0
"E130018O15Rik",0,0,0,0,0,0,0,0,0
"A230052G05Rik",0,0,0,0,0,0,0,0,0
"9630041A04Rik",0,0,0,0,0,0,0,0,0
"9330154J02Rik",0,0,0,0,0,0,0,0,0
"Arhgef15",0,0,1,0,0,0,0,0,0
"442802",6,2,0,0,3,1,6,1,12
"A830005F24Rik",0,0,0,0,0,0,1,1,0
"Kirrel3os",1,0,0,0,0,0,0,0,0
"4932416K20Rik",0,0,0,0,0,0,0,0,0
"F830005K03Rik",0,0,0,0,0,0,0,0,0
"Trdnos",0,0,0,0,0,0,0,0,0
"9330175M20Rik",0,0,0,0,0,0,0,0,0
"A230083G16Rik",0,0,0,0,5,0,0,0,0
"Rab44",1,0,0,0,0,0,1,0,0
"Ccin",0,0,0,0,0,0,0,0,0
"442834",5,0,2,5,3,6,6,4,2
"Defb22",0,0,0,0,0,0,0,0,0
"C230029F24Rik",0,0,0,0,0,0,0,0,0
"A330017A19Rik",5,13,13,13,21,6,23,18,18
"A830035A12Rik",0,0,0,0,0,0,0,0,0
"F730035P03Rik",0,1,0,0,0,3,2,2,0
"Lncbate10",0,0,0,0,0,0,0,0,0
"Platr7",0,0,0,0,0,0,0,0,0
"Nup85",155,194,102,140,108,188,144,143,126
"Nphs1os",0,0,0,0,0,0,0,0,0
"Nlrp4e",0,0,0,0,0,0,0,0,0
"Xrra1",2,2,3,0,0,0,0,0,0
"AY702103",0,0,0,0,0,0,0,0,0
"AY702102",0,0,0,0,0,0,0,0,0
"Znhit3",63,49,30,27,34,41,28,37,38
"Fbxl7",0,3,4,5,4,3,5,8,4
"Zfp960",0,2,2,0,0,0,0,0,3
"Zfp213",28,75,59,32,35,44,37,42,46
"AF357426",0,0,0,0,0,0,0,0,0
"AF357425",0,0,0,0,0,0,0,0,0
"Snord15a",0,0,0,0,0,0,0,0,0
"Snord15b",1,6,0,0,0,0,0,0,0
"Gsdma3",0,0,0,0,0,0,0,0,0
"Clec4a4",12,22,3,2,6,5,4,9,3
"Zbtb9",35,52,26,20,36,34,37,21,24
"Smim40",0,0,0,0,0,1,1,0,0
"Dnm3os",0,0,0,0,0,0,0,0,0
"Taar3",0,0,0,0,0,0,0,0,0
"Calm5",0,0,0,0,0,0,0,0,0
"Cbx6",73,117,109,129,140,113,117,129,151
"Armcx5",20,41,14,8,15,12,24,21,20
"Apcdd1",0,0,0,0,0,0,0,0,0
"Scgb2b20",0,0,0,0,0,0,0,0,0
"Taar8c",0,0,0,0,0,0,0,0,0
"Rnase13",0,0,0,0,0,0,0,0,0
"Xkr4",0,0,0,0,0,0,0,0,0
"Rnase12",0,7,0,1,4,1,0,1,0
"Rnase11",0,0,0,0,0,0,0,0,0
"Defa23",0,0,0,0,0,0,0,0,0
"Acd",82,91,60,75,119,130,76,98,123
"Defa24",0,1,0,0,1,0,0,8,0
"Klri1",0,0,0,0,0,0,0,0,0
"503556",0,0,0,0,0,0,0,0,0
"Taar9",0,0,0,0,0,0,0,0,0
"Zdhhc18",48,56,48,43,43,66,72,54,54
"Aym1",0,0,0,0,1,0,0,0,0
"Ang5",0,0,0,0,0,0,0,0,0
"Ear14",0,0,0,0,0,0,0,0,0
"Chrna10",0,0,0,0,0,0,0,0,0
"Npcd",0,0,0,0,0,0,0,0,0
"Nox4",0,0,0,0,0,0,0,0,0
"Thop1",65,108,35,20,16,34,28,47,23
"Txnrd1",188,283,146,59,85,99,103,112,77
"E2f6",35,54,25,20,24,30,15,19,25
"Hspa14",125,228,97,76,90,106,136,111,113
"Ebi3",114,212,78,258,329,445,397,278,289
"Ttpa",0,1,0,0,0,1,0,1,0
"Prok2",0,0,0,0,1,0,0,0,0
"Ercc4",56,117,37,43,89,38,70,53,75
"a",0,0,0,0,0,0,0,0,1
"Lats2",37,56,41,37,92,56,62,69,69
"Sall2",7,17,10,14,25,8,13,9,10
"Spag6l",0,0,0,0,0,0,0,0,0
"Ero1a",44,90,50,24,33,25,27,19,23
"Tmprss2",0,0,0,0,0,0,0,0,0
"Mrps7",206,262,169,156,161,153,158,148,143
"Mfap5",0,0,0,0,0,0,0,0,0
"Igbp1b",0,0,0,0,0,0,0,0,0
"Elane",0,0,0,0,0,0,0,0,0
"Cfhr1",0,0,0,0,0,0,0,0,0
"Postn",243,182,116,45,272,67,251,114,171
"H1f2",112,223,163,164,378,428,529,333,451
"H1f4",28,51,22,101,107,68,116,160,205
"Sacs",0,1,0,0,0,0,0,0,0
"Sirt6",28,40,26,13,32,24,25,40,44
"Dkkl1",0,0,2,0,0,0,0,0,0
"Icosl",162,226,121,184,222,194,171,157,266
"Sap30l",147,309,165,89,122,106,105,104,125
"Fbxo8",81,48,44,54,76,41,56,58,72
"Fbxw7",78,98,64,65,92,54,75,104,106
"Fbh1",249,282,147,213,506,287,312,277,341
"Fbxw14",0,0,0,0,0,0,0,0,0
"Fbxl17",64,79,46,53,75,78,57,71,70
"Fbxo16",0,0,0,0,0,0,0,0,0
"Fbxo17",11,29,16,10,16,12,10,7,4
"Fbxo6",91,214,153,98,164,204,151,118,198
"Fbxo15",0,0,0,0,0,0,0,0,0
"Tfr2",0,0,0,0,0,0,0,0,3
"Crim1",11,18,7,14,28,18,35,23,22
"Pnpla6",49,67,28,44,121,66,107,61,105
"Dlc1",1,11,1,8,10,7,7,5,1
"Atp8a2",5,5,4,17,12,8,11,17,9
"Atp11a",90,146,53,41,95,68,61,45,66
"Atp9b",231,473,293,215,208,137,161,190,292
"Mapk6",38,65,20,13,20,28,30,23,50
"Nt5c",242,370,232,122,186,170,274,170,201
"Krtap5-1",0,0,0,0,0,0,0,0,0
"Krtap5-4",0,0,0,0,0,0,0,0,0
"Polg2",23,15,16,38,23,27,28,31,30
"Rgs1",326,547,479,75,187,139,100,178,275
"Rgs6",0,0,0,0,0,0,0,0,0
"Rgs3",2,1,4,4,6,5,5,1,8
"Dkk3",0,2,1,0,0,1,0,1,0
"Rgs11",2,1,6,4,3,3,2,3,0
"Lsm4",401,455,405,330,584,536,404,428,597
"Plpp2",40,103,62,41,90,69,57,34,84
"Hs6st1",479,744,259,166,361,308,440,282,405
"Hs6st2",0,2,0,0,0,0,0,1,0
"Hs6st3",0,0,0,0,0,0,0,0,0
"Fbxl8",10,31,14,11,24,10,14,16,17
"Fbxl3",179,294,165,111,104,138,150,122,131
"Acsl4",158,290,81,97,107,116,129,154,108
"Magi2",0,3,0,0,0,0,1,0,0
"Orc3",101,131,67,115,78,56,75,105,124
"Klf13",1307,1848,1548,504,1154,592,662,508,973
"Sh3bgr",0,1,1,1,0,0,2,0,0
"Dmrt1",0,0,0,0,0,0,0,0,0
"Copb2",214,277,93,130,148,154,166,144,183
"Gne",53,76,49,59,48,35,36,28,54
"Slc25a13",18,43,14,12,10,14,19,14,8
"Capn15",0,4,0,3,1,2,1,1,0
"Rnf10",135,261,121,124,156,211,225,138,206
"Spast",86,137,60,76,77,77,104,88,73
"Keap1",245,340,163,158,204,173,211,215,258
"Prkn",1,0,0,3,3,1,1,1,1
"Tmod4",2,0,0,1,5,16,4,3,8
"Tmod3",99,193,108,113,128,132,117,129,134
"Tmod2",3,3,0,1,0,2,2,3,2
"Neu3",5,7,5,2,3,3,12,1,6
"Stag3",21,81,25,57,54,62,25,26,42
"Scly",40,49,54,40,79,64,105,48,54
"Chek2",19,26,25,54,51,40,43,63,54
"Nckap1",3,6,0,0,0,0,0,1,0
"Hmgn5",17,8,2,7,5,4,2,4,7
"Il17rb",0,0,0,0,0,0,0,0,0
"Preb",407,584,423,330,499,485,508,349,483
"C1s1",0,0,0,0,0,0,0,0,0
"C1ra",3,4,2,5,10,4,6,2,10
"Exosc9",114,182,96,68,38,63,53,101,74
"Exosc10",154,292,152,127,134,178,188,119,198
"Olig2",0,0,0,1,0,0,0,0,0
"Olig1",0,6,2,1,1,0,0,2,0
"Grb14",0,0,0,0,0,0,0,0,0
"Irx4",0,0,0,0,0,0,0,0,0
"Galns",149,159,171,209,280,206,158,203,294
"Myadm",111,98,68,144,241,146,184,168,188
"Hnrnpdl",698,1096,550,441,463,562,416,598,518
"Nasp",54,76,40,120,69,129,96,105,81
"Klrg1",0,0,0,0,0,0,0,0,0
"Il22",0,0,0,0,0,0,0,0,0
"Tnfsf14",5,3,6,7,18,12,7,9,8
"Il27ra",5,3,5,2,1,4,1,2,1
"Mink1",79,141,123,104,129,113,135,114,120
"Uchl3",78,73,34,53,57,94,53,51,55
"Slc7a8",163,381,189,281,579,811,617,399,583
"St6galnac6",17,25,11,33,36,32,32,30,26
"Mtag2",0,0,0,0,0,0,0,0,1
"Uba2",205,266,148,139,155,144,153,186,166
"Pdcd7",34,67,33,28,33,48,40,45,45
"Mpp2",0,2,0,1,0,0,0,0,2
"Cpsf2",66,76,85,86,128,129,96,153,103
"H2az1",55,81,60,108,107,98,98,94,114
"Tnk2",7,10,4,6,8,5,10,9,12
"Rgs14",70,80,68,56,86,84,93,64,79
"Ppp2r1a",230,384,119,111,166,130,123,145,133
"Ddah2",35,31,62,99,98,106,53,78,132
"Srpx",0,0,0,0,0,0,0,0,0
"Srrm1",312,427,206,260,480,385,532,342,407
"Ctps1",79,120,37,20,17,33,49,33,31
"Ech1",195,221,137,215,343,321,227,223,317
"Rundc3a",15,26,6,8,1,13,3,6,5
"Bok",0,0,1,0,0,0,0,0,0
"Ramp1",24,19,18,57,33,45,19,34,56
"Hnrnpu",385,506,236,266,383,385,405,301,364
"Clec4f",0,0,0,0,0,0,0,0,0
"Mcrs1",50,113,59,27,48,57,33,32,37
"Ccnc",29,71,22,24,36,10,29,35,36
"Rif1",87,128,42,94,61,45,44,84,59
"Tmem141",103,114,56,143,249,172,183,167,229
"Tubgcp4",13,21,4,6,25,7,9,4,16
"Fubp1",237,312,107,98,109,132,139,106,125
"Atg13",55,82,87,46,93,89,87,52,77
"Rnf24",10,32,19,19,23,19,30,21,16
"Ccdc39",0,1,0,1,1,0,4,0,0
"Knstrn",5,2,2,12,11,11,3,7,9
"Kctd18",61,82,41,27,51,57,47,51,55
"Cdk2ap2",66,94,64,132,262,193,220,156,173
"Jpt2",27,36,12,35,37,44,37,39,41
"R3hcc1l",95,156,72,52,53,61,74,67,69
"Nus1",165,285,118,108,151,87,146,160,143
"Umodl1",0,1,0,0,0,0,0,0,0
"Pibf1",30,59,24,25,33,12,38,24,40
"Ankrd22",2,0,0,0,0,0,0,0,0
"D17Ertd648e",0,0,0,0,0,0,0,0,0
"Bbs1",6,19,5,3,10,17,11,10,3
"Pbk",0,1,0,26,13,8,2,4,16
"Ppp6r3",192,422,169,146,365,292,374,225,330
"Ppp1r10",53,51,18,26,47,39,51,27,44
"Rab11fip5",180,305,263,237,377,403,287,415,442
"Coq5",75,180,85,46,58,51,53,50,81
"Mfhas1",123,152,58,43,66,63,78,57,72
"Tmem38b",42,48,11,14,28,47,40,21,27
"Pvr",132,217,72,44,46,49,51,63,83
"Hgsnat",143,173,171,87,176,134,248,105,183
"Agpat5",229,275,149,74,117,137,219,166,126
"Ccdc97",121,271,132,140,150,137,144,165,137
"Kcnk6",508,711,497,871,857,882,751,854,973
"Camk1",209,265,345,702,906,942,726,690,1130
"Tmem222",314,537,306,200,304,300,210,267,297
"Odf2l",18,35,20,17,18,31,21,25,12
"Rragd",2,10,0,0,5,1,3,0,2
"Rbm34",149,214,103,87,91,66,75,87,73
"Anapc4",117,209,99,80,80,99,122,149,117
"Ankzf1",55,73,74,78,108,117,148,101,107
"Commd2",109,159,66,51,78,87,82,78,95
"Reep1",0,0,0,0,0,0,0,0,0
"Cdca8",8,11,1,25,23,55,23,21,26
"D6Ertd474e",0,0,0,0,0,0,0,0,0
"D1Ertd448e",18,31,25,31,22,18,19,19,23
"Klhl7",64,108,65,59,86,69,50,99,75
"Stbd1",2,5,3,3,12,5,10,11,18
"Atxn1l",72,139,57,49,54,86,71,70,83
"Vps37a",49,103,60,94,77,61,93,82,114
"Wwc2",73,85,43,93,138,112,83,136,95
"D6Ertd527e",0,0,0,0,0,0,0,0,0
"Rcn3",8,6,2,6,24,9,7,11,6
"Adgra1",0,0,0,0,0,0,0,0,0
"Macir",91,100,96,98,118,82,73,125,113
"Zfp644",73,101,64,66,59,39,63,72,86
"Septin11",17,32,16,17,4,12,16,7,5
"Rhpn2",0,0,0,1,0,0,0,0,0
"Echdc2",0,1,0,0,0,0,0,0,3
"Ppp2r2d",136,239,128,125,139,164,135,126,156
"Tax1bp1",297,354,200,189,217,166,184,224,192
"Mrpl48",93,68,99,73,90,84,74,95,67
"Tet1",0,0,0,5,0,1,1,3,4
"Slc46a1",41,48,58,283,318,377,309,307,367
"Ctdsp2",58,55,112,119,249,173,166,153,267
"Coa3",70,89,50,98,93,95,71,113,97
"Angel2",275,422,204,254,247,244,251,343,300
"Snhg14",0,0,0,0,0,0,0,0,0
"Carhsp1",64,77,42,26,68,64,68,38,62
"Cenpo",11,35,24,55,73,51,46,51,80
"Ddx56",142,237,109,45,57,100,117,83,59
"Zfp622",146,270,142,96,163,209,163,154,190
"Nhp2",519,691,405,145,162,240,279,211,238
"Mettl17",95,212,125,116,164,167,149,163,138
"Acaa2",53,96,72,42,72,66,81,86,51
"Sgta",322,508,217,237,264,239,287,274,242
"Parp8",33,25,28,53,77,46,41,60,68
"Cdc23",30,61,33,34,50,45,41,34,48
"Ccdc69",6,6,5,3,1,11,18,7,5
"Trmt10c",57,97,33,17,51,33,41,36,32
"Dhrs1",44,47,38,116,200,202,128,151,163
"Tspan14",311,317,307,452,790,851,822,650,671
"Ncald",0,6,1,0,0,3,2,0,0
"Brms1l",41,58,21,21,22,24,28,23,29
"Cbx7",51,98,52,41,77,52,72,41,96
"Adgre4",0,0,0,5,4,0,6,4,9
"Suz12",68,126,46,90,86,64,71,101,85
"Cdkn2aipnl",105,121,106,107,108,106,131,127,173
"Nit2",35,34,32,19,33,31,36,21,32
"Esyt2",21,24,19,22,33,22,52,28,19
"Cisd1",145,182,92,69,95,110,115,74,90
"Wipi1",44,58,36,23,36,41,30,42,59
"D16Ertd519e",0,0,0,0,0,0,0,0,0
"Nudcd2",87,95,49,27,34,38,42,48,35
"Ldlrad4",52,106,78,107,126,129,170,117,160
"Echdc1",19,20,10,23,13,9,14,19,22
"Arhgef25",17,10,10,7,22,7,13,9,2
"Ifi27",229,275,215,261,587,631,488,397,454
"Cpsf4l",0,0,0,0,0,0,0,0,2
"Tcstv6a",0,0,0,0,0,0,0,0,0
"E2f7",0,0,0,2,12,2,0,5,3
"Ncaph2",193,271,223,257,185,192,185,192,213
"Cd300lg",0,0,0,2,4,2,0,5,1
"Mettl2",195,276,155,105,104,141,155,177,191
"Setd3",149,266,158,204,267,352,250,299,305
"Zwint",45,81,37,38,12,14,18,31,15
"Txndc17",266,260,224,179,271,158,226,218,218
"Krr1",71,115,37,36,53,56,36,44,78
"Zfp410",45,70,31,33,40,49,29,32,40
"Slc52a2",122,118,83,55,31,58,65,67,54
"Zkscan6",84,124,51,41,48,91,64,59,49
"Ccdc59",54,139,80,41,56,66,111,65,91
"Ccdc43",23,60,15,8,12,4,17,23,16
"Anapc16",170,177,159,99,217,164,193,141,203
"Fam3b",0,0,0,0,0,0,0,0,3
"Tspyl2",107,255,128,69,101,73,89,91,77
"Ldhd",1,0,0,3,0,0,2,1,6
"Rufy3",17,38,17,11,2,10,5,17,8
"Lurap1l",1,0,0,0,0,0,0,0,0
"Pnrc2",179,221,225,128,256,174,203,223,248
"Tmx4",106,111,51,61,70,56,46,86,48
"Dnlz",149,166,116,93,109,109,135,122,133
"Dbndd2",36,38,29,73,77,95,61,103,115
"Cnot11",59,92,38,22,63,76,51,59,79
"Sgsm1",0,1,1,0,0,0,2,0,0
"Lair1",313,372,359,951,1026,1080,865,1155,1083
"Mtg2",79,119,75,96,65,52,61,78,94
"Gramd1a",958,2207,696,1013,1571,1251,1342,1081,1664
"Cdipt",334,468,239,266,506,558,502,300,485
"Slx4",121,296,109,54,51,67,97,39,54
"Pum3",163,207,105,49,59,86,75,67,60
"Rgs7bp",22,6,13,45,60,28,56,69,73
"Sco1",26,55,18,16,22,13,18,22,21
"Rbfox3",9,20,8,5,5,8,4,10,5
"Rnasek",791,1058,1015,823,1367,660,735,1126,1269
"Ahi1",17,27,31,16,21,20,22,27,15
"Zmiz2",236,433,242,174,179,262,225,211,257
"Dlg3",73,118,43,34,110,99,102,93,101
"Mybph",2,23,2,18,27,17,16,25,40
"Nub1",143,201,178,100,171,200,111,129,183
"Atp2a3",0,8,3,1,1,0,4,1,1
"Batf",90,151,82,66,118,126,92,91,123
"Sult1d1",0,0,0,0,0,0,0,0,0
"Plrg1",97,177,62,65,83,98,77,110,66
"Pdlim3",0,0,0,0,0,0,0,0,0
"Nxf1",441,606,406,359,400,468,390,493,498
"Folh1",0,0,0,0,0,0,0,0,0
"Cntnap1",0,4,0,1,3,6,5,0,1
"Nucb2",104,139,102,145,245,226,252,208,198
"Ube2k",235,379,184,169,168,148,201,202,185
"Nptx2",0,0,0,1,0,1,0,0,0
"Banp",43,65,50,144,176,136,153,138,185
"Pgrmc1",49,97,70,42,58,64,52,76,66
"Vamp4",19,27,12,15,18,12,10,18,13
"Stx7",339,505,410,368,430,479,328,426,546
"Mtmr1",42,92,25,23,49,31,37,40,59
"Tomm40",663,1059,452,244,285,369,364,313,330
"Gosr1",56,103,31,37,52,60,41,40,45
"Eif3g",674,896,572,345,421,554,462,457,493
"Pla2g6",45,43,26,43,41,26,17,42,28
"Chst3",0,0,0,0,0,0,0,0,0
"Mtx2",98,137,53,66,86,89,52,65,74
"Usp2",436,795,470,882,1185,1071,1174,1224,1246
"Sdcbp",310,339,269,345,369,358,291,382,454
"Hnrnpa2b1",824,847,536,940,1003,935,921,1037,1118
"Psmd10",57,70,54,44,37,49,56,35,43
"Prdx4",206,259,179,257,383,331,291,280,406
"Txnl1",224,299,143,109,188,229,179,173,181
"Atoh7",0,0,0,0,0,0,0,0,0
"Ppp1r3c",0,0,0,0,0,1,2,1,0
"Exoc7",103,104,103,77,118,76,84,85,157
"Bysl",161,275,111,26,57,46,97,69,34
"Htatip2",16,34,12,20,54,25,30,39,62
"Stk39",3,1,1,1,1,4,1,3,2
"Hif3a",50,132,66,1,48,2,7,7,24
"B4galt2",1,7,3,1,2,1,3,4,3
"Corin",0,0,0,0,0,0,0,0,0
"Syt5",0,0,0,2,0,2,5,1,0
"Sec61a1",655,838,530,339,480,593,666,459,497
"Ybx2",0,0,0,0,0,0,0,0,0
"Tsnax",108,159,64,68,64,96,69,95,85
"Dctn3",343,470,318,172,248,226,234,255,297
"Cd164",966,767,986,603,572,335,376,555,534
"Timm23",8,5,0,5,2,2,8,1,1
"Pcdh12",0,0,0,0,0,0,0,0,0
"Hpcal1",57,80,69,80,99,110,74,83,124
"Tslp",3,3,2,1,5,0,0,6,0
"Zpbp",3,3,2,3,2,3,0,5,8
"Nap1l1",261,264,144,159,145,188,129,153,173
"Snrpa",124,192,70,66,96,118,118,92,93
"Map3k6",341,740,507,16,42,27,51,22,54
"Clasrp",182,338,167,185,260,227,257,205,240
"Nono",65,93,30,55,45,70,44,40,50
"Vti1a",96,168,56,38,46,40,45,48,64
"Vti1b",92,116,82,82,94,74,59,73,94
"Reck",4,6,3,1,2,4,3,3,2
"Krt35",0,0,0,0,0,0,0,0,0
"Fut8",29,47,29,31,85,35,34,62,56
"Blcap",58,122,65,59,74,56,53,40,78
"Vamp5",21,34,20,41,79,66,58,78,83
"Cnot4",99,164,80,65,122,89,79,117,110
"Gria3",0,0,0,0,0,0,1,0,0
"Cldn7",1,1,1,0,0,1,2,0,1
"B3gnt2",154,251,132,88,121,102,91,76,107
"Insm1",0,0,0,0,0,0,0,0,0
"Porcn",32,29,40,27,47,57,46,30,40
"Prrc2a",597,742,442,607,781,765,853,662,796
"Tlr5",3,0,0,2,3,1,7,1,7
"Oaz3",0,0,0,0,0,0,0,0,0
"Ddx39b",799,1221,647,394,580,811,553,517,624
"Prg3",0,0,0,0,0,0,0,0,0
"Tuba8",5,0,2,0,0,0,0,0,0
"Rwdd2b",12,31,20,10,25,15,25,18,16
"Map3k14",60,99,84,90,131,166,188,93,116
"Septin9",3,4,3,5,3,4,13,22,8
"Zranb2",103,229,71,98,143,55,60,106,71
"Col5a3",0,0,0,0,0,0,0,0,0
"Rab25",7,10,0,1,10,0,0,0,4
"Rab11a",189,203,179,193,339,348,288,322,368
"Cntn6",0,0,0,0,0,0,1,0,0
"Pkd2l2",0,0,0,3,3,1,1,4,0
"Caprin1",142,262,102,81,133,107,120,116,125
"Ear4",0,0,0,0,0,0,0,0,0
"Semg1",0,0,0,0,0,0,0,0,0
"Slc5a3",5,15,0,5,10,8,6,8,8
"Celsr2",3,0,2,1,5,0,1,1,2
"Nphp1",20,24,26,19,20,12,7,15,22
"Cdkl2",1,5,2,1,0,0,0,0,0
"Sart3",102,166,89,146,158,226,199,149,188
"Ppm1d",33,33,26,28,28,48,29,41,39
"Nudt5",2,3,0,3,7,5,2,5,2
"Clpp",163,200,123,74,77,99,123,121,100
"Slc7a10",0,1,0,1,0,2,0,0,1
"Gal3st1",0,2,0,0,0,3,0,0,0
"Rcan2",6,3,0,1,0,0,0,0,1
"Rcan3",25,56,28,31,30,31,52,51,37
"Phgr1",2,1,1,0,0,0,1,3,1
"Slc40a1",25,31,77,103,74,75,54,181,132
"Gpatch11",61,99,37,31,64,35,60,32,41
"Gm49580",0,0,0,0,0,0,0,0,0
"Rfx5",22,44,39,22,73,59,41,40,57
"Ngef",0,7,5,2,1,1,1,2,0
"Cyp3a41a",0,0,0,0,0,0,0,0,0
"Ddx20",26,54,9,25,17,20,16,21,23
"Lpar2",11,66,33,11,14,4,4,6,3
"Nell2",1,0,3,0,0,0,0,0,0
"Diaph2",270,381,175,253,226,186,285,352,343
"Deaf1",74,43,44,56,55,53,33,46,49
"Gipc2",0,0,0,0,0,0,0,0,0
"Uevld",17,16,9,3,22,11,4,14,16
"Irf7",469,656,407,811,438,890,253,476,679
"Cks1b",44,47,19,36,40,71,38,42,44
"Polm",53,66,33,25,80,51,68,42,75
"Arhgef7",345,587,434,241,402,444,277,293,378
"Rps28",2305,2550,2119,2104,2959,1814,2374,2255,3161
"Pmm2",104,185,99,71,43,48,72,69,76
"Actr1a",195,359,182,141,203,178,225,202,258
"Ccl26",0,0,0,0,0,0,0,0,0
"Irf3",440,663,329,331,451,541,445,462,518
"Pdlim1",1,0,0,0,0,0,0,0,0
"Lsr",1,0,1,0,5,1,8,0,10
"Acrbp",22,28,40,93,156,111,85,120,136
"Atxn10",144,142,92,144,200,166,125,188,202
"Irf6",0,0,0,2,0,0,0,0,0
"Avpr1a",0,0,0,0,0,0,0,0,0
"Spag5",1,1,0,23,14,11,3,1,6
"Tex24",1,0,0,0,0,0,0,0,0
"Rdh7",0,0,0,0,0,0,0,0,0
"Zftraf1",98,166,114,80,134,139,93,99,175
"Dnal4",61,111,92,83,72,120,97,71,85
"Rasa4",420,1864,346,523,459,621,413,604,539
"Egfl6",0,0,0,0,0,0,0,0,0
"Rnase2b",0,0,0,0,0,0,0,0,0
"Copg2",46,62,39,38,64,46,34,48,38
"Copg1",147,164,134,105,152,156,148,136,133
"Trcg1",0,0,0,0,0,0,0,0,0
"Icos",6,1,8,12,20,6,19,22,22
"Kat6b",22,29,19,21,53,32,35,25,56
"Rragc",228,451,193,161,238,270,239,280,248
"Cpsf4",152,222,152,84,203,208,199,193,212
"Rabep1",71,135,65,47,98,53,54,73,87
"Pbsn",0,0,0,0,0,0,0,0,0
"Akap8l",676,590,681,1233,1196,665,826,1180,1246
"Gucy1b1",0,1,0,0,0,0,0,0,0
"Pabpn1",983,2725,1423,978,1176,1076,788,1375,935
"Rnf5",153,163,162,200,428,384,324,234,417
"Snx3",224,312,168,247,389,484,403,336,446
"Ccrl2",185,302,167,49,50,100,51,55,114
"Sult2b1",0,3,1,1,0,0,3,0,6
"Zfp316",32,65,22,36,26,25,23,20,35
"Septin1",1,0,1,0,1,1,0,0,0
"Arl6ip1",320,387,318,554,951,853,774,747,1004
"Golga4",110,168,50,72,123,104,160,113,102
"Cd160",0,0,0,0,0,0,0,0,0
"Pcdh7",0,0,0,0,0,0,0,0,0
"Rpl36",3995,4547,4180,2615,3795,2028,2732,3078,4165
"B3galt4",55,52,34,49,93,88,94,101,74
"Cd320",47,59,33,41,19,36,35,58,40
"Arhgef5",0,1,4,2,0,3,0,2,0
"Elovl1",974,1773,719,701,930,1019,885,817,968
"Elovl2",1,6,0,2,0,0,0,0,0
"Slc23a2",155,260,136,83,146,147,103,114,122
"Gnpnat1",20,21,12,6,10,15,17,15,5
"Atf7ip",70,128,63,63,75,50,73,71,90
"Elp5",208,267,142,82,113,117,130,107,153
"Irx5",0,0,0,0,0,0,0,0,0
"Skap2",300,531,287,223,288,303,256,300,284
"Rassf5",233,363,222,127,195,202,190,148,228
"Epb41l4b",2,7,0,0,0,1,0,0,2
"Rpp30",64,79,30,41,41,45,33,46,31
"Ctnnal1",42,71,25,80,53,59,44,61,77
"Zfp326",157,263,139,136,169,121,122,163,197
"Gp9",73,56,64,50,79,51,35,32,49
"Nme6",28,43,9,23,30,30,21,24,29
"Chst2",10,19,14,41,56,76,16,46,57
"Prss16",29,20,11,0,0,1,12,0,1
"Azin1",688,760,551,212,227,169,166,291,251
"Cacng3",0,1,0,0,0,0,0,0,0
"Cacng4",0,0,0,0,0,0,0,0,0
"Cacng6",0,0,0,0,0,0,0,0,0
"Smarcal1",98,144,95,99,111,113,121,100,100
"Cpq",26,21,12,27,44,22,35,12,60
"Tcstv1a",0,0,0,0,0,0,0,0,0
"Phc2",173,199,153,91,223,205,226,172,217
"Mtmr7",0,0,0,0,0,0,0,0,0
"Mcm3ap",74,152,60,59,86,89,99,62,95
"H1f9",0,0,0,0,0,0,0,0,0
"Sit1",0,0,0,0,0,0,3,3,0
"Rfk",49,82,52,37,64,57,82,50,64
"Ncapg",0,2,2,23,12,7,1,11,11
"Gabbr1",11,17,20,109,162,146,71,110,101
"Crlf3",268,371,225,197,256,270,201,308,288
"Irgm2",145,104,109,111,109,109,80,110,83
"Ppt2",423,667,431,452,598,614,498,400,522
"Bet1l",417,574,310,134,261,287,254,293,316
"Ywhab",835,1093,618,761,861,732,711,791,859
"Stk19",222,396,182,142,213,183,218,133,195
"Slc4a4",1,2,0,0,0,0,0,0,0
"Ndufa1",207,224,164,238,323,268,242,270,317
"Ramp2",10,10,1,3,9,1,1,8,2
"Atp6ap1",794,992,700,1130,1355,1267,1274,1295,1298
"Fmn2",0,0,2,0,0,0,0,0,0
"Cldn6",0,0,0,0,0,0,0,0,0
"Cldn8",0,0,0,0,0,0,0,0,0
"Barhl1",0,1,0,0,0,0,0,0,0
"Hgfac",1,0,0,0,0,0,0,0,0
"Dnmt3l",0,0,0,0,0,0,0,0,0
"Unc93b1",712,693,510,1122,1561,1907,1439,1176,1890
"Nfat5",70,108,63,151,228,115,136,151,204
"Asah2",5,7,4,4,6,10,1,5,11
"Il36a",0,0,0,0,0,0,0,0,0
"Il36rn",0,0,0,0,0,0,0,0,0
"Cpsf3",324,422,309,336,332,377,279,394,362
"Cfap74",1,4,3,13,23,11,9,15,18
"Tbc1d32",6,14,9,13,20,10,6,12,20
"Gm5779",0,0,1,0,0,0,0,0,0
"Krtap10-10",0,0,0,0,0,0,0,0,0
"Uqcc6",18,36,19,17,43,13,61,26,44
"Tollip",111,184,95,44,104,121,85,87,93
"Glipr1l3",0,0,2,0,0,0,0,0,0
"Gm5781",48,45,42,33,79,56,54,36,77
"Or6c8b",0,0,0,0,0,0,0,0,0
"Tug1",45,100,55,38,28,25,21,44,31
"Hbq1b",0,0,0,0,0,0,0,0,0
"Myh13",0,0,0,0,0,0,0,1,0
"Gsg1l2",0,0,0,0,0,0,0,0,0
"Tmem92",0,0,0,0,0,0,0,0,0
"Gm11546",0,0,0,0,0,0,0,0,0
"AA623943",0,0,0,0,0,0,0,0,0
"Gm9796",13,1,10,13,13,23,3,15,10
"Arhgap27",193,137,262,375,494,538,452,439,576
"Mefv",6,9,0,3,2,11,3,2,0
"Mkrn1",118,176,152,93,136,113,81,103,180
"Gm5784",0,4,0,0,0,0,0,0,0
"Dll4",7,18,8,0,3,0,2,1,5
"Hpgds",176,374,139,553,661,392,462,646,708
"Gm5785",104,115,72,49,89,62,78,77,104
"Eif1ad2",0,0,0,0,0,0,0,0,0
"Ighv5-9",0,0,0,0,0,0,0,0,0
"Zkscan4",4,3,18,4,7,18,19,11,15
"Serpinb9h",0,0,0,0,0,0,0,0,0
"Cbx3-ps5",0,0,0,0,0,0,0,0,0
"Iqgap2",3,2,2,0,2,0,7,3,1
"Bdp1",81,80,50,51,49,26,23,61,51
"Gm10257",0,0,0,0,1,2,0,0,0
"Gm5795",0,0,0,0,0,0,0,0,0
"Gm16440",0,0,0,0,0,0,0,0,0
"Gm5796",1,3,0,0,1,0,0,0,0
"Gm5797",0,0,0,0,0,0,1,0,0
"Wdfy4",83,144,129,96,204,175,168,139,198
"Gm5800",0,0,0,0,0,0,0,0,0
"Cma2",0,0,0,0,0,0,0,0,0
"Gm5801",0,0,0,0,0,0,1,1,0
"545062",0,0,0,0,0,0,0,0,0
"Wdr70",65,82,42,24,39,51,31,31,50
"Hnrnpa1l2-ps2",0,0,0,0,0,0,0,0,0
"Cyp2d11",0,0,0,0,0,0,0,0,0
"Tdg-ps",0,0,0,0,0,0,0,0,0
"Redic1",0,0,0,0,0,0,0,0,0
"Fam186b",0,0,0,0,0,0,0,0,0
"Or10ad1c",0,0,0,0,0,0,0,0,0
"Kalrn",0,29,0,3,0,5,6,0,1
"Apbb1ip",545,1029,574,729,1076,996,973,909,1026
"Baiap3",0,0,0,0,0,1,0,0,0
"Stk-ps1",0,0,0,0,0,0,0,0,0
"Or5v1b",0,0,0,0,0,0,0,0,0
"E130008D07Rik",0,0,0,0,0,0,0,0,0
"Syt6",0,0,2,2,4,5,0,3,3
"Syt7",1,13,4,0,0,0,0,0,3
"Gm5820",0,0,0,0,0,0,0,0,0
"Syt10",0,0,0,0,0,0,0,0,0
"Arsi",0,0,0,0,0,0,0,0,0
"Bvht",0,0,0,0,0,0,3,0,0
"Gal3st3",0,0,0,0,0,0,0,0,0
"Ms4a15",0,0,0,0,0,0,0,0,0
"A630010A05Rik",0,0,0,0,0,0,0,0,0
"Cyp2c67",0,0,0,0,0,0,0,0,0
"Hpse2",0,0,0,0,0,0,0,0,0
"Gm5833",0,0,0,0,0,0,0,0,0
"Cfhr2",4,1,2,18,3,4,6,2,10
"Hmcn1",0,0,0,0,0,0,0,0,0
"Sh2d1b2",0,0,0,0,0,0,0,0,0
"Ifi214",0,1,1,1,0,5,0,1,0
"Cep170",30,76,47,54,70,50,77,61,67
"Catspere2",0,3,0,3,0,1,0,3,3
"Or7c74",0,0,0,0,0,0,0,0,0
"545423",1,2,1,1,0,0,2,2,2
"Ccdc141",0,0,0,0,3,0,0,0,0
"Or4k39",0,0,0,0,0,0,0,0,0
"Zfp345",1,4,1,1,0,1,2,3,1
"Scrt2",0,0,0,0,0,0,0,0,0
"Defb28",0,0,0,0,0,0,0,0,0
"Bpifa6",0,0,0,0,0,0,0,0,0
"Arhgap40",0,0,0,0,0,0,0,0,0
"Tubb1",0,0,0,0,0,0,0,0,0
"545487",0,0,2,0,0,0,0,0,0
"Zfp973",1,0,0,0,0,0,0,0,0
"Gm10258",0,0,0,0,0,0,0,0,0
"Erich6",0,1,1,2,4,0,0,0,0
"Gm5848",0,0,1,0,0,0,0,0,0
"Gm15417",71,90,80,19,44,24,32,44,62
"Gm5849",0,0,0,0,0,0,0,0,0
"Lce3a",0,0,0,0,0,0,0,0,0
"BC021767",0,0,0,0,0,0,0,0,0
"Ankrd34a",0,0,2,0,0,0,0,0,0
"Gm5853",0,0,0,0,0,0,0,0,0
"Amy2b",0,0,0,0,0,0,0,0,0
"545572",2,1,5,1,4,0,1,7,9
"545578",0,0,0,0,0,1,0,0,0
"Nap1l3",0,0,0,0,0,1,0,0,0
"Spata31f1b",0,0,0,0,0,0,0,0,0
"Dnaaf11",0,0,0,0,0,0,0,0,0
"Ptpn3",0,0,1,0,0,0,0,1,0
"Nup210",26,55,23,35,25,35,32,30,31
"Msantd5f7",0,0,0,0,0,0,0,0,0
"Gm5860",0,0,0,0,0,0,0,0,0
"Gm13283",0,0,0,0,0,0,0,0,2
"Gm13290",0,0,0,0,0,0,0,0,0
"Gm13289",0,0,0,0,0,0,0,0,0
"Gm13272",0,0,0,0,0,0,0,0,0
"Gm13276",0,0,0,0,0,0,0,0,0
"Gm13277",0,0,0,0,0,0,2,0,0
"Gm13278",0,0,0,0,0,0,0,0,0
"Gm13275",0,0,0,0,0,0,0,0,0
"Gm13279",0,0,0,0,0,0,0,0,0
"Gm13285",0,0,0,0,0,0,0,0,0
"Gm13287",0,0,0,0,0,0,0,0,0
"I0C0044D17Rik",0,0,0,0,0,0,0,0,0
"Pramel17",0,0,0,0,0,0,0,0,0
"Shisal2a",1,0,0,0,0,0,0,0,0
"Gm12888",0,0,0,0,0,0,0,0,0
"Gm12992",0,0,0,0,0,0,0,0,0
"Gm13213",0,0,0,0,0,0,1,0,0
"Fhad1os1",0,0,0,0,0,0,0,0,0
"Gm13043",0,0,0,0,0,0,0,0,0
"Smarca5-ps",0,1,0,0,0,0,0,0,0
"545718",0,0,0,0,0,0,0,0,0
"Mterf1a",3,7,5,7,8,9,1,6,4
"Speer1e",0,0,0,0,0,0,0,0,0
"Speer1m",0,0,0,0,0,0,0,0,0
"Gm5862",0,0,0,0,0,0,0,0,0
"Gm5866",0,0,0,0,0,0,0,0,0
"Slc10a4-ps",0,0,0,0,0,0,0,0,0
"Gm16367",0,0,0,0,0,0,0,0,0
"LOC545763",0,0,0,0,0,0,0,0,0
"Tmem233",0,0,0,0,0,0,0,0,0
"Pilrb2",85,67,26,17,75,83,68,69,48
"Smok3a",0,0,0,0,0,0,0,0,0
"Cyp2w1",0,0,0,0,0,0,0,0,0
"Zar1l",0,0,0,0,0,0,0,0,0
"Igkv14-111",0,0,0,0,0,0,0,0,0
"Igkv4-80",0,0,0,0,0,0,0,0,0
"Igkv4-78",0,0,0,0,0,0,0,0,0
"Igkv5-45",0,0,0,0,0,0,0,0,0
"Igkv12-44",0,0,0,0,0,0,0,0,0
"545859",0,0,0,0,0,0,0,0,0
"Gm5878",0,0,0,0,0,0,0,0,0
"Gm5879",39,42,36,36,44,40,48,26,42
"Vmn2r25",0,0,0,0,0,0,0,0,0
"Gm5885",0,0,0,0,0,0,0,0,0
"Gm5886",0,0,0,0,0,0,0,0,0
"Mansc4",0,0,0,0,0,0,0,0,0
"Ptprh",0,0,0,0,1,0,0,0,0
"Vmn2r39",0,0,0,0,0,0,0,0,0
"Zscan4d",0,0,0,0,0,0,0,0,0
"Psg27",0,0,0,0,0,0,0,0,0
"Gm5890",0,0,0,0,0,0,0,0,0
"Gm5891",0,0,0,0,0,0,0,0,0
"Vmn1r173",0,0,0,0,0,0,0,0,0
"Zfp607a",16,36,13,22,6,3,9,21,10
"Scgb2b19",0,0,0,0,0,0,0,0,0
"Scgb1b20",0,0,0,0,0,0,0,0,0
"Gm5897",0,0,0,0,0,0,0,0,0
"Cers3",1,1,0,0,0,0,0,0,0
"Calcrl",7,15,19,13,13,5,10,7,9
"Or51aa2",0,0,0,0,0,0,0,0,0
"Foxo4",30,40,51,56,101,44,54,69,79
"Crxos",0,0,0,0,0,0,0,0,0
"Spag11b",0,0,0,0,0,0,0,0,0
"Pcnx1",20,65,45,23,64,47,35,41,40
"Rps23rg1",0,0,0,0,0,0,0,0,0
"Gm5908",6,2,7,4,11,5,5,9,3
"Adam39",0,0,0,0,0,0,0,0,0
"546061",0,0,0,0,0,0,0,0,0
"Socs6",44,67,21,63,29,63,44,34,52
"Mast3",384,597,472,299,531,426,402,438,591
"Abhd2",13,19,11,7,8,14,9,2,10
"Ubqln2",49,81,41,54,88,59,75,54,66
"Tbc1d8",131,151,57,85,210,194,185,171,188
"Gm5914",11,36,18,5,12,16,6,9,5
"Pde3a",0,0,0,0,0,0,0,0,0
"Ubtfl1",0,0,0,0,0,0,0,0,0
"Sfrp5",0,1,0,0,0,0,0,0,0
"Gm5916",0,0,0,0,0,0,0,0,0
"St3gal6",137,188,172,160,288,201,171,228,268
"Gramd2a",0,0,0,0,0,0,0,0,0
"Prpf40b",43,75,25,37,58,53,66,54,64
"Pierce2",0,0,0,2,17,13,6,3,10
"Wdr72",0,0,0,0,0,0,0,0,0
"Npff",28,53,29,25,35,16,25,31,40
"Prr23a4",0,0,0,0,0,0,0,0,0
"Extl3",473,633,454,374,677,696,694,490,639
"Fbxw25",0,0,0,0,0,0,0,0,0
"Fbxw18",0,0,0,0,0,0,0,0,0
"Gm5922",0,0,0,0,0,0,0,0,0
"Gm5925",0,0,0,0,0,0,0,0,0
"546212",0,0,0,0,0,0,0,0,0
"Igkv4-53",0,0,0,0,0,0,0,0,0
"Paf1",186,280,126,138,175,228,194,157,172
"Igkv4-61",0,0,0,0,0,0,0,0,0
"Ssxb15",0,0,0,0,0,0,0,0,0
"Gm5934",0,0,0,0,0,0,0,0,0
"Gm5935",0,0,0,0,0,0,0,0,0
"Rhox3g",0,0,0,0,0,0,0,0,0
"Rhox3d-ps",0,0,0,0,0,0,0,0,0
"Prickle3",48,95,37,39,35,28,32,37,30
"Nphs1",0,0,0,0,0,0,0,0,0
"Ftsj1",96,92,82,42,79,67,58,66,71
"Pwwp4d",0,0,0,0,0,0,0,0,0
"Pqbp1",87,109,112,56,126,111,96,69,97
"Gm5938",0,0,0,0,0,0,0,0,0
"Prrg1",0,0,1,0,1,0,0,1,0
"Magix",0,0,0,0,0,0,0,0,0
"Gm5941",0,0,0,0,0,0,0,0,0
"Pdgfc",0,0,0,0,0,0,0,0,0
"Wdr45",15,37,34,28,78,48,36,47,55
"Gm5942",0,0,0,0,0,0,0,0,0
"Cldn34c5",0,0,0,0,0,0,0,0,0
"Praf2",10,13,17,31,53,48,34,32,26
"Ccdc22",138,180,117,114,152,165,154,138,149
"Gm5946",0,1,0,0,1,0,0,0,0
"Gm5947",0,0,0,0,0,0,0,0,0
"Otud5",65,151,83,74,76,120,144,75,122
"Gripap1",138,227,127,125,145,180,165,123,154
"Ppp1r3f",12,30,8,12,13,27,11,18,31
"Ccdc120",0,0,0,1,6,0,0,0,0
"Or6c63-ps1",0,0,0,0,0,0,0,0,0
"Sfmbt1",53,116,59,64,67,48,42,57,68
"Usp27x",10,4,2,4,1,5,1,2,7
"Krtap4-24",0,0,0,0,0,0,0,0,0
"Tmem235",0,0,0,0,0,0,0,0,0
"Cacna1f",8,21,1,6,11,10,10,15,27
"Gm5953",0,0,0,0,0,0,0,0,0
"546543",0,0,0,0,0,0,0,0,0
"Serpina3h",0,0,0,0,0,0,0,1,0
"Klhl33",0,0,0,0,0,0,0,0,0
"Gm5958",0,0,0,0,0,0,0,0,0
"Ube2d4",0,0,0,0,0,0,0,0,0
"Ly6a2",11,0,8,0,0,0,0,0,0
"Ly6g",0,0,0,0,0,0,0,0,0
"Klhdc7b",0,0,0,0,0,0,0,0,0
"546663",57,55,52,43,98,52,46,44,69
"Atp8b2",26,21,10,33,21,40,21,41,27
"Krtap13-23",0,0,0,0,0,0,0,0,0
"Gm16519",1,3,0,0,2,1,4,7,1
"Atp8b1",9,0,16,14,6,5,5,4,12
"Adgrg3",12,6,0,0,0,3,2,0,0
"Ppp1r2-ps3",0,0,0,0,0,0,0,0,0
"Cyp26c1",0,0,0,0,0,0,0,0,0
"Calhm1",0,0,0,0,0,0,0,0,0
"Sh3glb1",386,613,367,517,683,511,505,588,743
"Or6y1",0,0,0,0,0,0,0,0,0
"Or5d44",0,0,0,0,0,0,0,0,0
"Or5d45",0,0,0,0,0,0,0,0,0
"Zfp108",1,3,5,2,7,4,2,6,9
"546797",0,0,0,0,0,0,0,0,0
"Etv3l",0,0,0,0,0,0,0,0,0
"Prdx5",1861,2519,964,892,1086,1040,1180,1237,1070
"Ldlrad1",0,0,0,0,0,0,0,0,0
"AAdacl4fm3",0,0,0,0,0,0,0,0,0
"Cfap73",0,0,0,0,0,0,0,0,0
"Or10ac1",0,0,0,0,0,0,0,0,0
"Vmn1r34",0,0,0,0,0,0,0,0,0
"Vmn1r39",0,0,0,0,0,0,0,0,0
"Vmn2r21",0,0,0,0,0,0,0,0,0
"Vmn2r22",0,0,0,0,0,0,0,0,0
"Vmn1r176",0,0,0,0,0,0,0,0,0
"Vmn1r170",0,0,0,0,0,0,0,0,0
"546954",0,0,0,0,0,0,0,0,0
"Gm20749",0,0,0,0,0,0,0,0,0
"Vmn2r62",0,0,0,0,0,0,0,0,0
"Crtam",14,178,33,0,4,4,1,2,7
"Vmn2r74",0,0,0,0,0,0,0,0,0
"Vmn2r75",0,0,0,0,0,0,0,0,0
"Vmn2r77",0,0,0,0,0,0,0,0,0
"Or52d13",0,0,0,0,0,0,0,0,0
"547023",4,10,11,2,3,4,2,6,7
"Eif3i",623,660,413,342,562,577,455,531,551
"Hs3st3b1",24,31,20,28,41,33,22,34,25
"Gm10674",0,0,0,0,0,0,0,0,0
"Trim43a",0,0,0,0,0,0,0,0,0
"Plagl2",141,395,56,87,119,141,147,131,136
"Plxnc1",2,6,0,0,0,0,4,0,8
"Tmem181b-ps",11,43,8,3,17,9,20,20,8
"Fezf2",0,1,1,0,0,0,0,0,0
"6820431F20Rik",9,21,8,5,8,2,7,4,9
"H2al1k",0,0,0,0,0,0,0,0,0
"H2al1e",0,0,0,0,0,0,0,0,0
"Gm6023",86,82,61,60,88,77,81,66,104
"Rhox7a",0,0,0,0,0,0,0,0,0
"Zc3h12b",0,3,0,0,0,1,1,1,0
"Rcan1",257,425,247,77,214,130,104,144,241
"Tyk2",112,287,116,127,271,250,217,186,290
"H2al2c",0,0,0,0,0,0,0,0,0
"Gsdme",5,4,6,1,13,5,1,5,3
"Tfip11",135,222,132,111,107,91,89,105,129
"Cadm1",102,172,128,204,261,231,122,246,306
"Parp14",469,969,343,352,265,292,244,333,258
"Gm6030",7,13,14,7,9,2,8,10,8
"Trav13n-3",0,0,0,0,0,0,0,0,0
"Trav16d-dv11",0,0,0,0,0,0,0,0,0
"Trav14-3",0,0,0,0,0,0,0,0,0
"Gm6034",0,0,0,0,0,0,0,0,0
"Trav7-3",0,0,0,0,0,0,0,0,0
"Trav15n-2",0,0,0,0,0,0,0,0,0
"Trav18",0,0,0,0,0,0,0,0,0
"Trav19",0,0,0,0,0,0,0,0,0
"Btnl2",1,3,0,0,0,3,1,3,0
"Arid3c",0,0,0,0,0,0,0,0,0
"Ugt2a2",0,0,0,0,0,0,0,0,0
"Gm14634",1,0,0,3,0,0,2,1,2
"Gm17750",0,0,0,0,0,0,0,0,0
"Rtl8b",15,18,24,17,25,24,32,18,18
"Methig1",0,0,0,0,0,0,0,0,0
"2610042L04Rik",0,0,1,2,2,0,0,1,0
"Syt8",3,4,7,7,5,12,3,11,11
"Hes6",126,279,128,73,165,139,111,119,159
"Gbp3",180,364,164,159,98,162,65,175,141
"Rp9",86,190,106,107,183,125,108,119,176
"Fnbp4",434,901,431,237,254,378,352,310,358
"Ctps2",113,152,118,89,163,95,110,96,133
"Apom",0,0,0,1,5,4,0,0,6
"Sertad1",119,141,102,26,38,57,49,55,58
"Stx8",81,97,65,53,78,57,33,50,48
"Eif3d",310,441,231,183,212,209,226,205,214
"Ap3m1",77,110,61,59,50,48,80,60,63
"Dclre1a",0,10,4,6,12,3,2,7,7
"Sfn",4,18,10,3,2,5,9,1,8
"Eef1b2",1488,1414,1084,871,1302,1291,1154,1066,1477
"Bri3",230,390,205,104,198,202,138,113,288
"Mpc1",7,12,7,8,14,12,12,20,11
"Ebag9",58,83,52,31,34,36,26,24,35
"Slc13a1",0,0,0,0,0,0,0,0,0
"Slc1a4",30,14,20,12,26,20,56,23,18
"Ift20",102,53,79,67,118,148,131,102,112
"Agpat1",36,15,6,23,34,31,30,34,43
"Impa1",71,123,44,38,39,61,95,45,74
"Pigb",4,5,0,3,6,3,8,6,6
"Paxip1",57,133,49,61,76,91,99,52,69
"Pdzrn3",0,0,0,0,0,0,0,0,0
"Camkk1",53,72,44,55,122,97,104,87,104
"Cxcl13",150,62,61,90,24,99,61,57,83
"Cpxm2",0,0,0,0,0,0,0,0,0
"Snx12",115,144,119,51,104,120,103,103,138
"Nop58",368,360,189,144,90,102,124,139,132
"Fmo2",0,0,0,0,0,0,0,0,0
"Panx1",64,52,59,45,57,67,54,44,63
"Trim3",52,67,104,42,51,56,65,63,68
"Msh4",0,0,0,0,0,0,0,0,0
"Smad9",0,1,0,0,0,1,0,0,0
"Alyref2",20,23,7,19,14,18,15,24,15
"Pgam2",0,2,0,0,0,0,0,0,0
"Srcin1",3,2,3,1,1,4,2,1,4
"Or13e8",0,0,0,0,0,0,0,0,0
"Or13j1",0,0,0,0,0,0,0,0,0
"Hebp2",0,1,0,0,0,1,0,0,0
"Slc2a8",72,121,83,162,199,174,156,170,252
"Stard10",11,21,12,3,0,3,4,1,5
"Tmem131",112,250,87,126,226,163,155,185,186
"Ppie",50,79,32,11,33,31,50,23,47
"Nprl2",45,57,45,57,51,63,48,47,58
"Ccnl2",462,926,431,371,637,757,677,450,628
"Rplp1",13213,12999,13529,9744,18816,11075,13566,10881,17654
"Uso1",197,236,121,139,173,175,251,191,138
"Akr1e1",9,13,12,33,52,29,36,56,51
"Rala",222,300,137,156,228,168,238,207,206
"Samhd1",538,626,673,384,425,464,345,442,462
"Uqcc1",88,129,68,42,117,78,71,63,52
"Msln",0,1,0,0,0,0,0,0,0
"Lgals8",166,190,134,125,162,165,150,194,173
"Cyp39a1",0,0,0,0,0,0,0,0,0
"Gtpbp2",95,199,107,117,313,237,269,152,252
"Btg4",0,0,0,0,0,0,0,0,0
"Cxcl11",4,12,0,4,1,5,0,3,0
"Ammecr1",0,7,0,0,0,1,0,3,3
"Il17b",0,0,0,0,0,0,0,0,0
"Tcerg1",188,267,98,126,143,119,117,123,151
"Lgals12",0,0,0,0,0,0,0,0,0
"Pdss1",45,132,47,21,19,23,29,22,32
"Dgke",17,22,8,3,20,8,8,19,4
"Car5b",2,1,2,1,3,2,0,0,0
"Astn2",0,1,0,0,0,0,0,4,0
"Ubqln1",154,253,123,133,193,204,230,158,169
"Set",218,232,91,142,137,107,147,195,151
"Dnah10",0,0,0,0,0,0,0,0,0
"Psmg1",59,77,40,47,50,53,74,50,76
"Ramp3",0,0,2,0,1,0,0,0,0
"Cts7",0,0,0,0,0,0,0,0,0
"Pfpl",0,0,0,0,0,0,0,0,0
"Cts8",0,0,0,0,0,0,0,0,0
"Ftsj3",474,705,261,128,135,235,212,199,146
"Plac1",0,0,0,0,0,0,0,0,0
"Tamalin",0,6,7,0,1,2,2,3,4
"Mad2l1",8,7,4,14,10,17,9,3,10
"Cldn14",0,0,0,0,0,0,0,0,0
"Nagk",103,135,100,160,254,173,159,229,259
"Bace2",0,0,0,0,1,0,0,0,0
"Pigp",35,52,33,49,70,71,47,54,56
"Olfm1",35,31,16,4,11,9,9,22,6
"Nmu",0,0,0,0,0,0,0,0,0
"Msgn1",0,0,0,0,0,0,0,0,0
"Hao2",1,0,0,0,0,0,0,0,0
"Rabggta",170,210,153,129,144,166,148,146,205
"Fxyd1",4,8,5,1,0,1,0,9,0
"Prodh2",0,0,0,0,0,0,0,0,0
"Rbm38",42,41,42,62,56,87,59,85,79
"Tro",0,0,1,0,0,0,0,0,0
"Plek",938,2524,470,475,407,294,375,531,534
"Prpf40a",221,411,89,93,63,41,129,151,97
"Ptbp2",86,130,87,39,78,58,43,71,69
"Tdp2",15,30,11,34,21,23,24,31,11
"Heyl",0,0,0,0,0,0,0,0,0
"Abcb10",60,107,35,35,54,37,40,42,75
"Ddx21",415,558,186,118,135,139,213,181,133
"Ensa",128,173,124,111,194,155,203,159,220
"Uchl5",129,192,96,112,83,148,140,121,105
"Becn1",202,447,144,154,243,276,232,240,196
"Gde1",315,550,312,274,356,419,357,345,433
"Rev1",43,59,40,41,19,32,38,58,33
"Rhog",1114,2099,694,880,1460,1336,1228,1090,1554
"Htra1",1,10,2,0,0,0,1,0,3
"Scamp4",136,176,136,123,176,193,160,118,206
"Acin1",218,317,214,224,353,344,341,322,341
"Stx1b",0,1,0,0,0,0,0,0,0
"Pals1",20,34,11,42,29,30,25,39,37
"Patz1",13,42,22,20,37,25,22,11,24
"Extl1",0,0,0,0,0,2,1,0,0
"Zfp386",57,79,55,19,39,38,42,34,33
"Ccl24",6,1,0,12,6,6,5,3,10
"Cited4",5,3,2,1,0,0,2,0,3
"Fscn3",0,1,0,0,0,0,0,0,0
"Tspan5",34,40,30,16,71,39,70,34,37
"Espn",1,0,0,1,5,1,2,1,0
"Ube2j1",187,354,176,193,258,302,254,204,253
"Thsd1",2,34,3,1,7,6,2,3,8
"Hdac7",3,9,0,4,5,5,6,4,2
"Ak3",72,114,95,26,118,76,90,60,73
"Actr8",82,165,80,72,117,99,122,101,93
"Hnrnph2",17,19,7,6,8,9,10,6,16
"Cpxm1",8,30,16,2,0,4,1,2,6
"Pex14",152,220,164,76,133,173,154,124,189
"Stk3",32,76,23,35,21,17,33,33,38
"Rbm14",65,118,55,32,52,87,62,37,58
"Tmem45a",0,0,0,0,0,0,0,0,0
"Gkap1",76,96,33,58,45,52,43,50,40
"Dipk1b",1,4,4,1,0,7,2,0,0
"Mrpl37",138,283,234,81,155,163,156,113,195
"Mrpl12",312,461,262,136,190,199,180,167,196
"Mrpl19",164,262,111,74,120,84,76,120,101
"Rassf1",192,259,181,119,197,238,210,155,240
"Styx",3,8,3,2,0,1,5,4,1
"Naa10",125,111,87,89,98,105,120,127,147
"Slc35g3",0,0,0,0,0,0,0,0,0
"Ptpn9",29,85,39,54,54,44,35,57,74
"Higd1a",105,131,106,53,78,72,100,96,62
"Dmrtb1",0,1,3,1,9,6,3,3,2
"Arl6",18,45,18,9,17,15,11,17,13
"Atl2",44,79,53,16,20,31,31,25,23
"Fkbpl",36,42,37,25,37,53,36,36,47
"Pitpnb",140,291,124,106,160,183,174,145,183
"Sinhcaf",3,2,0,1,2,5,1,0,1
"Metap2",263,340,141,155,191,166,202,240,238
"Mycbp",39,36,25,28,49,38,45,50,39
"Gps2",380,525,414,319,387,364,319,354,411
"Nupr1",171,184,180,265,277,292,316,339,322
"Zfp113",26,31,26,28,50,30,39,41,64
"Rhcg",0,0,0,0,0,0,0,0,0
"Ggcx",8,5,10,26,29,34,24,21,15
"Anapc7",119,207,155,115,88,114,91,102,120
"Acp3",0,0,0,0,0,0,0,0,0
"Dbn1",12,3,5,1,0,2,0,0,0
"Aatf",37,92,39,13,28,42,52,48,30
"Timm22",70,107,53,30,68,62,60,59,49
"Dnajb5",21,37,32,18,30,59,49,40,45
"Stam2",82,152,52,48,80,82,62,74,141
"Abcb9",5,9,12,5,19,11,13,2,7
"Arl2",89,96,84,93,118,111,89,111,95
"Pdcd5",259,336,160,132,131,149,179,171,188
"Amotl2",0,0,0,1,2,2,3,9,5
"Tmed2",51,122,41,43,78,95,97,93,68
"Mettl3",78,98,33,50,52,76,79,86,81
"B4galt5",92,152,82,84,137,179,145,149,150
"Txnip",578,360,665,326,547,544,591,638,586
"Eif3c",781,1033,468,439,513,521,654,543,561
"Hsd17b12",398,689,318,237,254,331,293,301,275
"Net1",5,13,4,7,3,2,1,5,6
"Arl3",52,19,30,71,72,99,61,83,83
"Ptges3",81,105,79,71,72,80,69,64,67
"Rybp",7,4,0,0,2,1,6,2,6
"Dnajc7",221,242,177,223,401,432,369,306,354
"Gltp",144,229,152,215,300,360,249,263,308
"Ivd",44,65,54,59,88,59,78,81,110
"Copz2",5,22,8,11,8,22,3,13,8
"Acot9",50,100,42,26,50,44,44,56,60
"Pus1",32,55,24,15,16,37,31,25,24
"Sult1b1",0,0,1,0,0,0,0,0,0
"Tmeff2",0,1,0,0,0,0,0,0,0
"Zmym3",66,90,47,99,158,170,115,116,207
"Clcnkb",0,4,0,0,0,0,0,0,0
"Scoc",74,83,72,292,239,131,220,234,221
"Cyb561d2",140,100,80,108,184,173,126,82,152
"Apip",32,55,16,57,93,72,54,73,96
"Tagln3",1,4,0,5,0,3,7,1,5
"Fzr1",107,188,89,87,132,150,140,82,121
"1110004F10Rik",133,164,91,67,109,125,140,89,96
"Cpb2",0,0,0,0,0,0,0,0,0
"Tmem59",499,562,529,775,1815,1338,1069,923,1478
"B4galt4",82,161,98,256,260,267,247,232,299
"Pdlim5",68,122,63,35,61,39,52,37,48
"Arpc3",457,624,405,373,554,585,499,444,559
"Kcnj1",0,0,0,0,0,0,0,0,0
"Arid3b",66,186,64,75,132,47,64,71,106
"Spen",295,489,216,162,354,247,303,253,228
"Rab9",46,69,60,37,58,68,38,58,56
"Letm1",201,348,157,147,148,213,202,154,189
"B4galt6",91,259,94,142,175,89,77,138,132
"Cyp3a25",0,0,0,0,0,0,0,0,0
"Stx5a",211,297,307,243,481,394,351,334,439
"Znrd2",107,127,102,50,116,88,81,71,79
"Shoc2",17,28,19,29,37,21,30,13,29
"Tmem115",103,179,117,78,99,96,89,109,76
"Morf4l2",64,83,42,38,44,61,26,33,58
"Chp1",94,159,94,89,118,90,73,101,139
"Akap8",337,487,251,274,314,407,360,353,303
"P3h1",58,66,44,16,61,35,52,51,41
"Syncrip",335,490,203,214,179,193,260,239,197
"Trip4",51,99,51,49,51,33,39,65,61
"Dusp14",1,0,2,0,0,0,0,0,0
"Ncoa6",97,146,63,62,104,65,70,84,78
"Trpc4ap",327,537,315,310,493,421,473,382,480
"Nudt3",122,148,85,90,128,153,119,96,117
"Cbln3",0,1,0,0,0,0,0,2,0
"Noa1",60,86,69,32,36,33,71,65,32
"Adar",273,313,217,256,300,405,212,253,313
"Ykt6",325,646,304,321,489,672,437,428,523
"Diaph3",1,0,0,2,6,3,1,0,1
"Ppp4c",53,99,58,75,113,125,142,103,153
"Pfkp",7,8,7,4,1,5,14,10,1
"Hbs1l",86,177,77,63,86,86,82,91,89
"Stub1",324,501,363,460,386,607,513,445,517
"Pdcd10",84,122,54,58,69,32,38,84,88
"Tubd1",11,4,2,16,32,24,23,15,17
"Mtch2",109,134,87,115,115,88,124,119,113
"Dpt",0,0,0,0,0,0,0,0,0
"Clip1",65,60,38,91,30,53,50,52,53
"Dstn",40,18,11,10,15,15,13,23,25
"Vps29",106,164,76,66,64,92,58,98,66
"Tspan3",331,499,244,367,507,640,416,471,484
"Adrm1",122,170,82,67,36,46,36,100,43
"Rrad",41,45,11,9,28,47,31,37,22
"Rbx1",186,282,128,136,173,212,180,147,155
"Snx1",345,374,385,360,538,612,486,508,508
"Naa80",87,134,61,66,69,76,64,68,102
"Serinc1",382,447,357,363,450,357,349,373,463
"Arpc1a",136,190,122,112,207,224,154,152,176
"Actr10",136,205,109,89,95,138,92,118,147
"Dnaja2",180,300,123,108,144,173,167,159,159
"Copz1",222,310,200,170,268,283,252,264,287
"Cyp2d22",0,1,1,3,2,0,2,2,1
"Ybx3",110,117,58,35,55,69,61,60,48
"Suclg1",133,177,133,122,124,164,135,153,146
"Orc6",21,34,19,43,38,33,19,34,28
"Mbtps1",105,127,95,132,247,250,178,145,189
"Aldh18a1",32,17,12,15,22,28,24,30,20
"Dynll1",61,29,26,134,238,256,246,144,168
"Actl6a",110,174,102,108,86,140,84,105,145
"Clptm1",756,937,633,929,801,767,787,955,972
"Foxo1",90,185,118,104,145,142,128,134,140
"Sae1",74,135,64,99,70,122,77,93,101
"Pkp3",1,0,0,1,0,0,0,0,0
"Kcnip3",53,70,133,45,128,45,55,31,99
"Mtch1",134,181,184,324,401,420,332,213,438
"Snd1",84,136,126,95,168,183,185,152,152
"Ctsf",176,209,236,474,635,469,464,413,827
"Socs5",13,19,8,18,27,16,23,27,21
"Pias1",159,234,164,184,342,275,205,197,328
"Rgs19",559,933,499,489,798,688,753,622,751
"Stmn4",6,8,3,1,1,3,0,0,0
"Fads2",0,0,0,0,0,0,0,1,1
"Tbk1",258,562,239,123,271,221,215,234,194
"Foxo3",10,7,8,3,6,5,2,2,2
"Slc2a5",35,23,48,486,587,379,240,409,537
"Gabarap",661,838,681,761,858,962,617,807,1033
"Nxt1",77,131,63,54,68,102,103,84,88
"Ikbke",360,776,61,36,126,134,204,95,129
"Zbtb20",26,45,52,46,114,50,45,52,95
"Vapb",212,233,142,221,251,298,291,204,258
"Cldn18",0,0,0,0,0,1,0,0,0
"Gosr2",67,149,57,45,37,63,58,55,59
"Get3",187,195,181,157,157,153,167,165,119
"Tspan6",0,0,1,0,0,0,0,0,0
"Elf4",286,583,324,181,320,281,280,271,304
"Ankrd49",51,89,47,39,31,23,43,64,50
"Srpk3",15,25,32,78,67,58,47,52,68
"Ruvbl1",91,149,68,27,38,59,62,60,56
"Cib2",17,50,31,45,67,74,58,49,103
"Rapgef4",1,0,4,0,1,0,0,0,3
"Pard6a",29,29,13,22,42,20,25,32,41
"Rnf138",65,138,64,52,58,43,83,61,80
"Rbms2",25,28,30,22,44,45,45,21,29
"Slc22a21",10,20,2,1,5,6,2,1,1
"Defb4",0,0,0,0,0,0,0,0,0
"Nme4",12,10,11,9,33,27,14,10,18
"Papolb",0,0,0,0,0,0,0,0,0
"Pmfbp1",0,0,0,0,0,0,0,0,0
"Pals2",86,122,55,32,60,42,84,85,84
"Zfp235",7,10,2,5,12,12,13,6,17
"Septin6",18,19,13,7,15,12,14,17,13
"Mast1",0,4,2,4,1,0,0,3,2
"Sec11a",347,415,290,264,298,368,304,253,259
"Cnpy2",177,170,213,292,536,563,437,421,498
"Ylpm1",102,148,93,53,83,65,85,100,78
"Ripk3",102,144,59,23,22,36,36,30,56
"Rgs17",0,2,4,0,0,0,0,0,0
"Hspb3",13,36,28,74,98,80,76,80,86
"Pex3",27,77,28,41,48,37,32,50,50
"Klk11",0,0,0,0,0,0,0,0,0
"Habp4",45,62,27,16,62,30,32,25,29
"Cilk1",20,12,16,20,48,42,44,45,49
"Kcnd3",0,2,0,0,3,0,0,0,0
"Vmn2r1",0,0,0,0,0,0,0,0,0
"Sec1",1,1,0,1,0,0,0,3,0
"Ube2d2a",199,279,139,158,185,190,152,159,191
"Txn2",301,245,199,160,299,286,276,230,275
"Vmn2r26",0,0,0,0,0,0,0,0,0
"Raet1d",0,0,0,0,0,0,0,0,0
"Pfdn5",813,907,740,699,921,736,731,706,933
"Rps6ka4",258,397,230,181,146,144,200,137,205
"Mgst1",7,0,4,0,0,1,4,0,1
"Clec4e",40,114,12,1,0,5,1,2,2
"Clec4n",8,15,2,2,3,4,0,3,0
"Adam21",0,1,0,0,0,0,0,0,0
"Poll",31,57,29,26,46,47,61,35,62
"Dnase2b",0,0,0,0,0,0,0,0,0
"Trim17",0,0,0,0,0,0,0,0,3
"Sphk2",258,349,209,162,271,286,275,219,287
"Prl2a1",0,0,0,0,0,0,0,0,0
"Fgf21",0,0,0,0,0,0,0,0,0
"Gsk3b",154,216,97,171,194,95,190,184,228
"Klk4",0,0,0,0,0,0,0,0,0
"Ankrd2",0,0,0,1,4,2,0,2,0
"Slc15a1",0,0,0,0,0,0,0,0,0
"Clec7a",18,49,4,15,22,27,29,56,43
"Mlycd",97,149,106,57,106,98,103,80,122
"Dnajb8",0,0,0,0,0,0,0,0,0
"Lamtor3",60,107,72,48,70,84,81,69,66
"Crtap",51,112,29,31,30,135,67,38,54
"Pnkd",19,31,23,37,40,15,33,43,42
"Gpr132",18,49,12,0,2,10,4,4,6
"Akap10",88,135,65,72,115,135,133,84,116
"Phax",111,214,153,100,156,108,101,145,161
"Cdc42ep4",22,25,34,51,44,47,50,45,65
"Glmp",439,552,420,682,1148,1034,806,672,1062
"H1f5",0,0,0,4,2,1,4,15,2
"Pigo",80,115,52,78,91,114,87,55,75
"Ranbp9",93,157,85,103,93,116,87,97,99
"Ccnl1",963,1692,760,711,906,633,722,1049,917
"Zfp111",35,43,11,24,37,24,31,26,21
"Clcf1",1,0,1,0,0,0,3,2,0
"Dnajb12",46,73,41,57,55,47,53,62,92
"Brinp1",0,3,0,0,0,1,0,0,0
"Plag1",0,3,0,0,0,1,0,0,0
"Rabgef1",83,157,38,42,50,71,61,45,36
"Mlst8",39,112,49,43,44,86,49,55,84
"Mtor",86,169,74,81,124,94,129,89,91
"Tdo2",0,0,0,0,0,0,0,0,0
"Litaf",200,437,227,215,361,339,215,274,351
"Cript",96,117,77,48,64,56,51,57,76
"Sh3bgrl",32,55,18,25,15,15,38,29,14
"Miox",0,0,0,0,0,0,0,0,0
"Tulp2",0,0,0,0,0,0,0,0,0
"Krt71",0,0,0,0,0,0,0,0,0
"Rnf14",66,156,88,59,70,64,65,84,99
"Alg2",37,18,7,18,21,36,45,20,26
"Mocs1",137,161,130,35,94,61,38,42,73
"Rec8",0,0,0,2,0,0,1,0,3
"Igdcc4",0,0,0,0,0,3,0,0,2
"Psrc1",1,2,0,8,8,3,7,4,17
"Lat2",286,314,361,535,760,994,608,569,760
"Pf4",14,6,9,5,8,26,10,6,5
"C1qtnf1",0,0,0,0,0,2,1,0,2
"Tex101",0,0,0,0,0,0,0,0,0
"Sez6l",0,0,0,3,0,4,2,0,3
"Nfu1",217,204,189,151,232,261,228,185,276
"Dhodh",60,53,28,34,48,55,56,39,37
"Aldh9a1",39,114,68,49,72,73,50,76,79
"Tacstd2",0,0,0,0,0,3,0,0,0
"Mbnl1",391,639,388,556,510,230,563,545,586
"Clec1b",7,2,0,0,0,3,1,0,2
"Med20",57,107,49,44,104,122,85,49,77
"Mllt11",44,83,33,32,46,25,29,43,41
"Chst5",0,0,0,0,0,0,0,0,0
"Slc6a14",0,0,0,0,0,0,0,0,0
"Ralgapa1",55,86,50,48,81,47,93,63,89
"Tmem9b",186,288,162,196,427,363,301,259,340
"Ascl3",1,0,0,0,0,0,0,0,2
"Scube2",0,0,0,0,0,0,0,0,0
"Supt20",11,21,15,17,24,35,28,23,30
"Ube2l6",41,145,123,165,23,200,56,147,73
"Stap1",0,0,0,0,0,0,0,0,2
"Hacl1",16,9,9,4,25,11,13,12,26
"Arl10",9,5,1,1,0,2,6,8,5
"Gnasas1",2,2,0,0,0,0,0,0,1
"Zbtb33",47,53,13,18,20,10,25,22,19
"Scamp5",273,438,228,498,707,631,612,578,669
"Cacna2d2",0,1,0,0,0,0,1,0,0
"Gmeb1",102,144,88,130,132,125,114,124,185
"Dkk2",3,0,0,0,0,0,0,0,0
"Dnajb2",24,52,12,13,30,37,34,16,19
"Ctsr",0,0,0,0,0,0,0,0,0
"Ccl28",0,0,4,0,0,0,0,0,0
"Lgi1",0,1,0,2,0,0,0,1,0
"Trpm5",0,0,0,0,0,0,0,0,0
"Tssc4",155,340,148,155,130,142,118,163,171
"Necab3",0,0,2,4,1,2,0,2,0
"Aldh1a3",0,0,0,0,0,0,0,0,0
"Insm2",0,0,0,0,0,0,0,0,0
"Slc37a2",108,127,147,264,312,323,311,280,369
"Or11h4",0,0,0,0,0,0,0,0,0
"Or52b1",0,0,0,0,0,0,0,0,0
"Or5p57",0,0,0,0,0,0,0,0,0
"Cldn9",0,0,0,0,0,0,0,0,0
"Psg23",0,0,0,0,0,0,0,0,0
"Zfp109",0,0,0,0,0,2,0,0,0
"Pate4",0,0,0,1,0,0,0,0,0
"Lmbr1",24,21,16,19,30,13,28,23,11
"Rnf32",0,0,0,0,0,0,0,0,0
"Nsmf",188,281,108,80,93,66,98,86,101
"Rbms1",324,694,231,130,150,121,119,195,132
"Htr3b",0,0,0,0,0,0,0,0,0
"Pdxp",10,2,2,11,14,19,9,6,15
"Gtf2ird1",29,77,44,35,40,35,12,43,36
"Slc12a5",0,5,4,1,0,1,2,2,5
"Dolpp1",70,82,45,103,175,195,168,119,140
"Sap30bp",52,107,29,16,30,21,19,20,33
"Tbx20",0,0,0,0,0,0,0,0,0
"Zfp276",152,233,136,107,187,156,176,131,184
"Ly6i",14,13,5,9,5,7,2,11,5
"Gabrq",0,0,0,0,0,0,0,0,0
"Or52d3",0,0,0,0,0,0,0,0,0
"Or8b12i",0,0,0,0,0,0,0,0,0
"Tas2r105",0,0,0,0,0,0,0,0,0
"Tas2r108",0,0,0,0,0,0,0,0,0
"Tas2r119",0,0,0,0,0,0,0,0,0
"Cldn13",0,0,0,0,0,0,0,0,0
"Prss21",0,0,0,0,0,0,0,0,0
"Vav3",0,1,0,0,0,0,0,0,2
"Xpo4",16,45,10,1,7,7,6,6,4
"Tob2",146,181,135,99,224,224,237,151,195
"Ltb4r2",0,0,0,0,2,2,0,1,1
"Brd4",283,442,220,253,358,261,289,278,391
"Retnla",0,0,0,0,0,4,0,0,0
"Retnlb",0,0,0,0,0,0,0,0,0
"Retn",0,2,3,0,0,0,0,0,0
"Fzd2",0,0,0,0,0,1,0,0,0
"Cxcl14",10,10,4,4,0,15,4,0,8
"Apba3",34,70,49,12,21,45,41,32,29
"Or4e5",0,0,0,0,0,0,0,0,0
"Or4e1",0,0,0,0,0,0,0,0,0
"Or4e2",0,0,0,0,0,0,0,0,0
"Or4c3d",0,0,0,0,0,0,0,0,0
"Slc16a8",0,0,0,0,0,0,0,0,0
"Lenep",39,120,61,38,57,61,63,47,29
"Vsig2",0,0,0,0,0,3,0,0,0
"Slurp1",0,0,0,0,0,0,0,0,0
"Bcam",0,1,0,0,0,0,0,0,0
"Slc25a20",54,66,33,27,31,34,39,55,54
"Rps27",1839,2142,1416,1213,1445,819,1163,1336,1446
"Icmt",65,89,63,70,59,92,84,73,71
"Psmd8",408,680,390,299,442,470,338,355,459
"Mrps31",47,85,49,30,28,53,40,43,36
"Nelfcd",84,105,56,58,72,107,84,91,96
"Wdr46",82,118,53,47,42,85,73,48,55
"C1d",29,62,55,32,31,19,21,31,33
"Srsf4",60,85,49,45,92,127,82,79,89
"Smpdl3a",31,56,24,25,38,18,44,23,40
"Park7",494,524,496,458,502,419,374,525,610
"Terf2ip",31,28,22,17,23,28,25,23,22
"Otor",1,0,0,0,0,0,0,0,0
"Gigyf1",169,290,236,174,281,166,194,258,259
"Jph1",0,0,0,0,0,0,1,0,0
"Jph3",4,13,9,2,16,9,7,13,10
"Parva",0,0,0,0,0,0,0,0,0
"As3mt",24,32,36,37,60,66,60,40,80
"Ppbp",0,0,0,0,0,0,0,0,0
"Cramp1",62,146,98,59,92,113,95,107,123
"BC051019",0,0,0,0,0,0,0,0,0
"Srd5a3",135,147,143,127,185,203,147,115,202
"B4galt3",154,115,231,205,422,310,296,276,322
"Akip1",77,76,85,111,124,103,68,113,120
"Smarce1",77,121,78,64,77,104,104,96,95
"Mogs",234,276,152,245,335,399,379,255,236
"P2ry4",0,0,0,0,0,0,0,0,0
"Psors1c2",2,0,0,0,0,0,0,0,0
"Cltrn",0,0,0,0,0,0,0,0,0
"Defb46",0,0,0,0,0,0,0,0,0
"574083",0,0,0,0,0,0,0,0,0
"Atp5mf",714,879,793,710,881,633,581,917,996
"U90926",0,0,0,0,0,0,0,0,0
"Scgb1b2",0,0,0,0,0,0,0,0,0
"Sult5a1",0,0,0,0,0,0,0,0,0
"Sult3a1",0,0,0,0,0,0,0,0,0
"Dnajc4",141,296,196,143,156,126,156,207,211
"Zc3h8",65,127,62,30,53,53,75,70,70
"Xrcc2",23,20,9,10,2,11,17,6,3
"Plin4",1,1,0,0,1,0,0,1,0
"Gabarapl1",53,117,50,44,55,114,59,63,67
"Golga7",56,90,43,46,73,59,58,63,79
"Marchf7",114,148,61,73,128,57,122,92,145
"Tmem183a",86,203,122,50,68,97,70,104,103
"Ehd3",2,2,0,0,0,0,2,2,0
"Gpr17",0,0,0,0,0,0,0,0,0
"Insyn2b",0,0,0,0,0,0,0,0,0
"Pwwp4a",0,0,0,0,0,0,0,0,0
"Pwwp4b",0,0,0,0,0,0,0,0,0
"Gmnn",7,14,8,54,30,55,21,30,32
"Gm6042",0,0,0,0,0,0,0,0,0
"Tas2r137",0,0,0,0,0,0,0,0,0
"Serinc4",0,1,1,1,3,0,0,0,2
"Kcne3",0,5,0,0,0,0,0,0,0
"Zmynd15",111,340,78,110,144,186,176,129,178
"Psg26",0,0,0,0,0,0,0,0,0
"Fbxo3",61,98,50,75,72,47,52,63,67
"Xlr3b",0,0,1,1,0,5,0,0,2
"Xlr5a",0,0,0,0,0,0,0,0,0
"Isg20",43,40,31,101,30,94,27,72,61
"Vax2os",0,0,0,0,0,0,0,0,0
"Rhox4b",0,0,0,0,0,0,0,0,0
"Slc15a2",4,29,6,8,19,11,12,1,10
"Stk32c",0,1,1,0,1,0,0,0,1
"Noc2l",396,649,238,166,261,257,310,261,292
"Abhd1",19,23,25,13,24,20,31,26,26
"Sec61a2",49,110,21,33,65,49,64,47,50
"Zfp112",9,23,7,0,6,1,2,3,10
"Piwil2",21,63,16,9,14,20,19,19,13
"Jmy",17,21,37,17,42,11,10,39,40
"Piwil1",0,0,0,0,0,0,0,0,0
"Wdr12",161,153,71,43,74,57,65,51,61
"Rnf25",98,116,101,61,75,88,101,91,100
"Tacc2",10,16,10,9,8,6,2,7,11
"Noc3l",55,78,26,9,23,31,38,35,15
"Cend1",0,5,1,2,3,5,1,0,0
"Dnajb7",0,0,0,0,0,0,0,0,0
"Fhl5",0,0,0,0,0,0,0,0,0
"Pglyrp2",0,0,0,2,0,0,3,0,0
"Ntn4",0,0,0,0,0,0,0,0,0
"Tbx21",0,0,0,0,0,0,0,0,0
"Wdr4",151,254,82,66,122,110,105,105,79
"Usp29",0,1,0,0,0,0,0,0,0
"Ttyh1",1,5,6,8,10,10,5,12,8
"Fmnl1",692,693,431,485,824,892,816,536,780
"Fxyd7",0,2,0,1,1,0,0,1,0
"Cd200r1",18,6,10,9,25,14,29,10,23
"Rbak",49,107,19,21,33,17,33,28,50
"Tnip1",197,461,68,116,130,136,154,127,132
"Bin3",74,103,68,32,71,82,78,55,101
"Rangrf",3,7,1,2,0,5,6,1,3
"Rpl35a",1431,1437,1311,976,1111,772,917,1179,1236
"Cdon",1,2,0,1,2,2,0,5,5
"Rgr",0,0,0,0,0,0,0,0,0
"Tk2",96,102,99,117,198,160,140,116,195
"Kcne4",0,0,2,0,0,0,0,0,0
"Afg2a",39,72,25,24,21,14,19,15,23
"Tesc",0,3,0,0,0,0,3,0,1
"Eral1",26,52,18,23,23,27,16,10,24
"AA545190",0,0,0,0,0,0,0,0,0
"Adck2",99,123,66,73,116,107,136,83,103
"Hacd3",110,134,91,123,214,181,190,237,184
"Angptl4",12,32,5,3,5,5,12,5,5
"Il17re",0,2,0,1,0,0,1,0,0
"Ccdc126",13,34,18,15,36,28,24,21,12
"Krcc1",139,121,82,113,110,118,138,127,112
"Isy1",73,109,49,41,55,67,77,52,49
"Zfp318",78,140,49,58,70,38,92,83,71
"Gsdma",0,0,0,1,0,0,0,0,0
"Cdc42se1",209,215,202,158,273,317,288,244,271
"Pidd1",2,2,0,2,0,1,0,2,3
"Crlf2",909,1102,654,452,846,666,657,576,777
"Tbc1d1",107,147,77,53,56,73,81,63,61
"Tnfrsf13b",12,7,9,20,35,6,11,22,25
"Asic5",0,0,0,0,0,0,0,0,0
"Sertad2",74,139,75,97,106,53,86,111,60
"Rgs20",0,0,0,0,0,0,0,0,0
"Rhbg",0,0,0,0,0,0,0,0,0
"Sorcs1",1,0,0,0,0,0,0,0,0
"Klrc3",0,0,0,0,0,0,0,0,0
"Hic2",47,102,55,40,56,41,69,54,48
"Il20",0,0,0,0,0,0,0,0,0
"Prokr1",0,0,0,0,1,0,1,2,0
"Cnot9",34,73,20,41,32,49,26,30,47
"Rsad2",438,2336,213,479,157,317,96,333,399
"Rad18",8,38,10,8,2,3,15,12,5
"Cldn10",0,0,0,0,0,0,0,0,0
"Vstm2b",0,0,0,0,0,0,0,0,0
"Extl2",49,57,41,25,39,21,27,52,26
"Sh3kbp1",65,65,55,101,144,107,145,107,151
"Sall1",378,910,276,595,795,795,915,627,774
"Ppp1r1a",1,2,0,0,0,1,1,0,0
"Nelfb",208,324,161,153,254,272,240,174,198
"Zbp1",505,297,289,254,180,242,105,229,272
"Pdcd1lg2",1,0,0,0,0,1,1,3,4
"Zbtb32",3,2,0,0,0,6,3,0,0
"Slc43a3",8,18,1,46,25,32,9,23,36
"Bcl11b",0,2,6,0,0,0,6,7,0
"Sectm1b",0,0,0,0,0,0,0,0,0
"Srrm3",0,4,0,5,0,0,0,6,1
"Cst5",0,0,0,0,0,0,0,0,0
"Trem1",562,416,368,13,50,23,50,18,42
"Trem3",52,63,40,3,5,5,9,6,6
"Pard6b",0,0,0,0,0,0,0,0,0
"Rab37",4,16,17,0,0,3,0,0,0
"Mmp19",63,49,48,24,40,38,29,27,26
"Cacna1h",0,1,0,1,0,3,0,0,0
"Fam184b",0,0,0,0,0,0,0,0,0
"Efcc1",1,0,0,1,0,0,0,0,0
"Rnf8",52,77,63,32,32,60,41,41,49
"Stk4",91,186,121,109,196,184,162,128,157
"Dnaja4",19,28,31,20,27,22,32,22,15
"Shank3",0,0,1,0,0,0,0,0,0
"Nectin1",1,3,0,1,4,1,3,0,2
"Nkain4",0,0,0,0,0,0,0,0,0
"Fam181b",0,0,0,0,0,2,0,0,0
"Dexi",42,67,57,52,95,73,105,74,125
"Hs1bp3",56,68,59,72,78,85,74,56,117
"Nudt11",0,0,1,0,0,0,0,0,0
"Nap1l5",4,11,10,0,2,5,4,4,3
"Stx6",47,73,43,41,54,75,57,50,94
"Gpr180",68,102,59,97,132,108,144,86,82
"Slc35b4",88,120,93,115,127,87,103,114,98
"1700123O20Rik",81,94,57,48,98,121,81,51,84
"Fibp",208,272,223,203,315,313,234,263,348
"Chst11",119,159,74,37,64,56,55,48,75
"Cep295nl",0,4,0,4,1,2,3,2,1
"Cts6",0,0,0,0,0,0,0,0,0
"Erg28",100,147,77,72,115,106,115,94,79
"Eid1",274,274,226,299,541,355,535,356,501
"Trim54",0,0,0,0,0,0,0,0,0
"Elp2",146,294,161,110,137,117,100,164,137
"Crbn",57,102,67,42,72,33,37,63,60
"Trpm7",137,217,122,115,228,133,135,113,182
"Pmaip1",10,22,10,11,14,10,10,8,14
"Kcnmb4",0,2,4,0,0,0,0,3,0
"Pga5",0,0,0,0,0,0,0,0,0
"Cdc42ep5",0,0,1,0,0,0,0,0,0
"Mlxipl",375,348,474,955,1384,1548,1344,1283,1416
"Slco1c1",0,0,0,0,0,0,0,3,0
"Rnase4",364,212,546,791,1743,1273,1082,869,1484
"Akr1a1",1403,1679,1223,1160,1526,1678,1317,1335,1727
"Efemp2",27,58,24,33,30,25,16,32,24
"Adamdec1",0,0,0,0,0,0,0,2,0
"Cysltr1",31,39,31,155,163,38,118,157,151
"Tssk3",0,0,0,0,0,0,0,0,0
"Tdh",0,0,0,0,0,0,0,0,0
"Treh",0,0,0,0,0,0,0,0,0
"Syngr4",0,0,0,1,0,0,0,5,0
"Pex5l",0,0,0,0,0,0,0,0,0
"Hibadh",68,76,37,62,107,78,90,81,97
"Repin1",15,28,15,13,12,19,12,13,14
"Zfp862-ps",36,31,42,80,135,125,96,83,124
"Fam13a",5,1,6,6,12,6,8,2,5
"Sumf1",136,199,131,150,221,209,163,176,172
"Myot",0,0,0,0,0,0,0,0,0
"Rps6kb2",97,116,81,95,115,108,128,109,118
"Ghrl",2,1,1,0,0,1,1,0,0
"F12",0,2,0,4,0,2,0,0,0
"Smpd3",0,0,0,4,3,2,1,1,4
"Arhgap23",2,11,6,6,20,8,5,8,6
"Nectin3",3,3,0,0,0,0,0,0,0
"Pole3",26,51,10,44,21,20,23,39,11
"Wrap73",58,119,69,42,64,58,50,53,60
"Maea",173,284,168,126,272,276,229,141,241
"Pias4",64,114,62,77,51,31,48,94,65
"Trappc2l",217,245,191,210,291,283,180,218,277
"Myoz2",0,0,0,0,0,0,0,0,0
"Ngly1",36,45,39,35,45,38,29,59,32
"Anapc5",345,428,437,385,414,451,322,376,526
"Sh3rf1",0,0,0,1,2,1,2,5,1
"Sqor",130,109,127,69,142,100,123,100,161
"Myoz1",0,0,0,0,1,1,0,0,3
"Moxd1",0,0,0,0,0,0,0,0,0
"Hnrnph1",171,184,132,236,206,243,199,236,254
"Rrs1",122,194,45,24,46,93,89,41,30
"Nup160",24,44,22,22,28,10,25,25,25
"Thap11",67,77,54,67,113,119,130,98,104
"Pdzk1",0,0,0,0,0,0,0,0,0
"Rab2a",300,508,280,208,406,347,319,260,411
"Edf1",531,569,368,521,565,472,484,545,620
"Med12",100,168,98,89,176,124,145,115,151
"Usp14",181,294,109,69,77,52,88,91,97
"Huwe1",203,305,188,200,331,180,210,243,251
"Nampt",158,166,92,144,58,59,75,115,86
"Rcl1",53,119,44,23,36,79,50,23,34
"Psmd14",343,569,273,132,177,218,154,195,136
"Mkks",95,97,59,50,48,49,63,86,57
"Chst12",56,78,104,107,106,189,140,87,129
"Ppp2r3c",27,43,13,25,18,19,21,20,27
"Slc4a8",30,45,60,14,25,10,20,13,18
"Carm1",161,157,172,52,67,85,107,77,76
"Dact1",0,0,0,0,5,1,1,1,3
"Pxmp4",24,34,40,28,56,37,47,48,65
"Rhot1",140,249,89,88,114,102,127,134,124
"Stk25",22,40,14,20,24,46,41,20,28
"Cope",603,629,535,457,791,856,826,618,698
"Wsb2",60,95,49,46,66,52,51,50,73
"Rnf130",580,617,622,735,1218,1159,1061,871,1180
"Stard3",504,771,568,787,1004,899,764,761,975
"Arpp19",505,701,482,368,363,360,379,490,381
"Pnkp",199,212,186,162,252,225,210,176,186
"C1galt1c1",94,79,68,96,93,85,89,124,82
"Slc22a17",245,246,279,253,601,479,427,413,616
"Nsa2",61,101,38,51,77,37,50,76,83
"Mettl9",59,93,42,63,87,70,41,79,101
"Hgh1",69,104,49,49,51,68,59,58,66
"Mrps30",129,253,114,85,113,94,106,67,105
"Evc",0,0,0,0,0,0,0,0,0
"Zfp24",128,216,55,83,81,34,63,86,63
"Bhlhe22",0,0,0,1,0,0,1,1,0
"Tpm3",903,1350,588,591,810,874,775,845,918
"Erbin",159,252,114,131,214,186,196,147,211
"Fetub",0,0,0,0,0,0,0,0,0
"Midn",170,194,213,130,118,119,178,181,194
"Jph2",0,0,1,0,0,0,0,0,0
"Pcbp4",3,15,17,6,6,13,8,6,11
"Pcbp3",5,11,5,3,2,3,9,6,5
"Fxyd6",2,6,4,1,0,1,0,0,1
"Nek7",53,68,60,94,165,102,107,145,112
"Nek6",352,624,263,163,185,256,225,182,196
"Ncstn",257,408,247,197,258,222,261,209,240
"Dctn5",209,405,258,331,449,350,404,390,342
"Ackr2",0,0,0,0,0,0,0,0,0
"Gpa33",0,1,2,0,0,0,1,1,0
"Emcn",0,0,0,0,0,0,0,0,0
"Myl10",0,0,0,0,0,0,0,0,0
"Has2os",0,0,0,0,0,0,0,0,0
"Tceal3",1,3,0,0,0,0,0,0,1
"Ndufs5",134,166,142,104,146,89,97,155,153
"E030024N20Rik",20,7,8,13,40,14,14,27,19
"Myg1",209,250,215,144,168,141,127,193,246
"Wbp11",193,302,106,140,183,195,193,167,224
"Chst7",71,137,49,193,194,317,308,242,275
"Fign",0,0,0,0,1,0,0,0,0
"Nrip2",0,0,0,1,0,0,0,0,0
"Ms4a4b",0,0,4,2,0,0,0,0,0
"Cldn15",0,6,2,0,0,0,0,0,1
"Donson",47,53,34,51,40,50,60,63,49
"Rbm8a",242,330,158,141,158,174,184,192,176
"Il1rapl2",0,0,0,0,0,0,0,0,0
"Sap30",71,85,50,27,77,86,90,72,100
"Trappc4",174,204,179,109,191,233,185,162,128
"Cenpk",2,4,1,13,4,12,4,9,2
"Doc2g",35,77,67,23,52,23,32,44,39
"Iigp1",34,27,36,53,12,17,10,39,35
"Mrpl38",86,158,83,81,76,116,96,47,81
"Pgap6",35,9,10,8,13,8,13,3,22
"Il21r",274,364,192,584,527,596,585,599,643
"Il21",0,0,0,0,0,0,0,0,0
"Qtrt1",157,289,141,82,131,151,99,117,173
"Syt9",0,1,1,0,0,0,0,0,1
"Acss2",5,4,3,5,3,8,2,4,7
"Fads3",31,27,29,11,31,55,16,26,36
"Fignl1",2,3,4,23,9,15,5,22,10
"Npvf",0,0,0,0,0,0,0,0,0
"Wtap",65,108,54,56,44,36,45,58,61
"Cd274",137,181,36,23,47,67,27,46,36
"Fancg",23,30,22,35,50,68,83,48,66
"Capn12",0,0,1,1,1,0,0,0,0
"Actn4",385,696,430,424,375,368,492,365,404
"Gucy1a1",0,0,0,0,0,0,0,0,0
"Mapk8ip2",0,0,0,0,1,22,0,0,1
"Trp53inp1",68,51,131,10,55,5,20,19,23
"Foxj2",36,61,30,27,57,40,47,37,47
"Kcnq4",0,0,0,0,0,0,0,0,0
"Gsk3a",147,236,155,138,154,138,196,160,170
"Otx2os1",0,0,0,0,0,0,0,0,0
"A330069E16Rik",6,16,5,3,1,0,0,1,8
"C920009B18Rik",11,15,3,0,6,3,7,1,3
"AA465934",7,0,0,0,0,0,0,2,0
"A730017L22Rik",5,2,6,6,9,19,9,3,18
"Mmp24os1",95,147,78,78,134,125,56,87,101
"613263",0,0,0,0,1,0,0,0,1
"Cfap92",0,0,0,0,0,0,0,0,0
"Rtl4",0,0,0,0,0,0,0,0,0
"Garin4",1,0,0,0,3,0,0,2,0
"Rfx8",3,1,1,0,0,0,0,0,0
"A230072I06Rik",0,0,0,0,0,0,0,0,0
"G430095P16Rik",7,23,39,7,41,2,10,21,30
"9230009I02Rik",0,0,0,0,0,0,0,0,0
"Cldn34b4",0,0,0,0,0,0,0,0,0
"Lrp8os2",0,0,0,0,0,0,0,0,0
"9230020A06Rik",0,0,0,0,0,0,0,0,0
"Tmem253",0,2,0,0,0,0,0,0,0
"619302",0,0,0,0,0,0,0,0,0
"4930567H17Rik",0,0,0,0,0,0,0,0,0
"I830134H01Rik",0,0,0,0,1,0,0,0,0
"4930588K23Rik",0,0,0,0,0,0,0,0,0
"F830208F22Rik",8,13,4,0,0,1,0,0,0
"Muc3a",0,0,0,0,0,0,0,0,0
"Zfp872",0,0,0,0,0,0,0,0,0
"G730013B05Rik",0,0,0,0,0,2,0,0,0
"I730030J21Rik",1,1,1,0,0,0,0,10,0
"B020014A21Rik",0,0,0,0,0,0,0,0,0
"4930432M17Rik",0,0,0,0,0,0,0,0,0
"9530052E02Rik",0,0,0,0,2,0,0,0,1
"Degs1l",0,0,0,0,0,0,0,0,0
"G630093K05Rik",0,0,0,0,0,0,0,0,0
"I730028E13Rik",0,0,0,0,0,0,0,0,0
"Zfp551",3,6,4,3,3,1,2,5,1
"Taf7l2",0,0,0,0,0,0,0,0,0
"Tnfsfm13",0,0,0,0,0,0,0,0,0
"Esp1",0,0,0,0,0,0,0,0,0
"Rpl34-ps1",26,25,19,9,27,23,19,31,21
"Defb42",0,0,0,0,0,0,0,0,0
"4932431L22Rik",0,0,0,0,0,0,0,0,0
"Gal3st2c",0,0,0,0,0,0,0,0,0
"Zcchc17",61,110,64,38,70,79,83,65,68
"Klf14",1,0,0,0,0,0,0,0,0
"4930529C04Rik",0,0,0,0,0,0,0,0,0
"Vmn2r116",0,0,0,0,0,0,0,0,0
"Vmn2r117",0,0,0,0,0,0,0,0,0
"619800",0,0,0,0,0,0,0,0,0
"Igkv4-51",0,0,0,0,0,0,0,0,0
"1700010L04Rik",0,0,0,0,0,0,0,0,0
"Ighv1-69",0,0,0,0,0,0,0,0,0
"Gm12633",0,0,0,0,0,0,0,0,0
"Igkv5-48",0,0,0,0,0,0,0,0,0
"Gm6109",5,19,7,2,4,9,7,11,11
"Ighv1-71",0,0,0,0,0,0,0,0,0
"Ighv1-72",0,0,0,0,0,0,0,0,0
"Hmgb1-ps10",0,0,0,0,0,0,0,0,0
"Gm13770",0,0,0,0,0,0,0,0,0
"Gm6116",0,0,0,1,1,3,4,0,1
"Igkv12-41",0,0,0,0,0,0,0,0,0
"Gm12538",0,0,0,0,0,0,0,0,0
"Gm6121",0,0,0,0,0,0,0,0,0
"Ighv1-77",0,0,0,0,0,0,0,0,0
"Gm12669",3,5,1,2,0,1,2,0,5
"Igkv5-39",0,0,0,0,0,0,0,0,0
"Gm6124",0,0,0,0,0,0,0,0,0
"Igkv12-38",0,0,0,0,0,0,0,0,0
"Sp140l2",8,7,7,2,0,10,4,2,2
"Gm17751",0,0,0,0,0,0,0,0,0
"Igkv18-36",0,0,0,0,0,0,0,0,0
"Igkv1-35",0,0,0,0,0,0,0,0,0
"Igkv8-34",0,0,0,0,0,0,0,0,0
"Mrgprb13",0,0,0,0,0,0,0,0,0
"Ighv1-83",0,0,0,0,0,0,0,0,0
"Igkv6-29",0,0,0,0,0,0,0,0,0
"Siglec15",0,0,0,0,0,0,0,0,0
"Igkv8-26",0,0,0,0,0,0,0,0,0
"Gpr52",0,1,0,0,0,0,0,0,0
"620248",2,4,2,5,4,9,2,6,0
"Dcpp3",0,0,0,0,0,0,0,0,0
"Cntnap5c",0,0,0,0,0,0,0,0,0
"Trav6n-6",0,0,0,0,0,0,0,0,0
"Alkal1",0,0,0,0,0,0,0,0,0
"Igkv8-21",0,0,0,0,0,0,0,0,0
"Vmn1r240",0,0,0,0,0,0,0,0,0
"Gm6150",0,0,0,0,0,0,0,0,0
"Zfp963",13,29,21,7,13,12,14,30,20
"Gm6153",2,2,0,0,0,1,0,0,1
"Gm6155",1,1,0,0,3,1,1,1,1
"Gm6158",1,1,0,0,0,1,2,0,0
"Vmn1r94",0,0,0,0,0,0,0,0,0
"LOC620551",0,0,0,0,0,0,0,0,0
"Vmn1r241",0,0,0,0,0,0,0,0,0
"Gm9804",0,0,0,0,0,0,0,0,0
"Nalf2",0,0,0,0,0,0,0,0,0
"Ift70a2",0,0,0,0,0,0,2,0,0
"LOC620639",0,0,0,0,0,0,0,0,0
"Vmn2r67",0,0,0,0,0,0,0,0,0
"Gm12174",68,73,57,51,51,52,46,88,79
"Gm13889",9,3,5,5,17,15,1,7,18
"Vmn2r68",0,0,0,0,0,0,0,0,0
"Lcn6",0,0,0,0,0,0,0,0,0
"Gm6176",0,0,0,0,0,0,0,0,0
"Gm6177",1,0,1,4,2,1,1,2,2
"Vmn1r160",0,0,0,0,0,0,0,0,0
"2900079G21Rik",0,0,0,1,0,0,0,0,2
"Gm12695",0,0,0,0,0,0,0,0,0
"Gm14443",0,0,0,0,0,0,0,0,0
"Mup6",0,0,0,0,0,0,0,0,0
"Gm13539",0,0,0,0,0,0,0,0,0
"Gm12696",3,1,1,1,3,0,2,2,0
"Gm12185",11,8,7,17,30,17,15,15,8
"Vmn2r73",0,0,0,0,0,0,0,0,0
"Gm6194",1,2,1,1,4,1,3,0,1
"620986",0,0,0,0,0,0,0,1,0
"AI429214",20,26,9,16,24,19,20,12,12
"Rps11-ps1",71,98,78,57,112,75,63,69,98
"Apoo-ps",2,5,5,3,1,3,2,2,2
"Pramel58",0,0,0,0,0,0,0,0,0
"Nhlrc4",0,0,0,0,0,0,0,0,0
"Gm6211",0,1,0,0,0,0,0,0,0
"Pramex2",0,0,0,0,0,0,0,0,0
"Gm6213",0,0,0,0,0,0,0,0,0
"Frg2f4",0,0,0,0,0,0,0,0,0
"Gm6222",0,0,3,1,0,1,1,2,2
"Gm10244",0,0,2,0,0,0,1,0,0
"Vmn2r79",0,0,0,0,0,0,0,0,0
"Frg2f9",0,0,0,0,0,0,0,0,0
"Frg2f10",0,0,0,0,0,0,0,0,0
"Vmn1r129",0,0,0,0,0,0,0,0,0
"621542",0,1,0,0,0,0,0,0,0
"Vmn1r127",0,0,0,0,0,0,0,0,0
"Gm21953",0,0,0,0,0,0,0,0,0
"Aldh3b2",0,0,0,0,0,0,0,0,0
"Cldn20",1,0,0,0,1,0,0,0,0
"Gm6249",0,0,0,0,0,0,0,0,0
"Rpl32l",7,13,5,9,7,4,12,9,6
"Gm6252",6,10,5,5,5,4,0,4,8
"Gemin6-ps",0,0,0,0,0,0,0,0,0
"Gm6260",0,0,0,0,0,0,0,0,0
"Nutf2-ps2",0,0,0,0,0,0,0,0,0
"621837",20,32,10,8,10,8,6,12,15
"Rhox3f",0,0,0,0,0,0,0,0,0
"A530040E14Rik",0,0,0,0,0,0,0,0,0
"H2ac21",4,0,1,4,0,0,2,4,11
"Ct47",0,0,0,0,0,0,0,0,0
"Anp32b-ps1",0,1,0,1,0,1,0,2,4
"621967",1,0,0,1,1,1,0,0,1
"Trbv1",0,0,0,0,0,0,0,0,0
"Tmem170b",231,660,152,134,224,155,135,196,216
"Gm6277",1,3,0,20,23,25,19,3,26
"Vmn1r167",0,0,0,0,0,0,0,0,0
"B930092H01Rik",0,0,0,0,0,0,0,0,0
"Frg2f8",0,0,0,0,0,0,0,0,0
"Gm15133",14,22,9,6,14,12,4,8,6
"Triml2",0,0,0,0,0,0,0,0,0
"Gm20750",0,0,0,0,0,0,0,0,0
"Cyp3a57",1,0,0,0,0,0,0,0,0
"Clca4c-ps",0,0,0,0,0,0,0,0,0
"Gm12718",0,0,0,0,0,0,0,0,0
"622178",1,4,0,0,0,1,0,0,1
"Gm6297",1,5,2,2,0,0,0,3,3
"Vmn1r175",0,0,0,0,0,0,0,0,0
"Gm6300",0,0,0,0,0,0,0,0,0
"Mir1a-1hg",0,0,0,0,0,0,0,0,0
"Rhox2h",0,0,0,0,0,0,0,0,0
"Gm6309",0,0,0,0,0,0,0,0,0
"Albfm1",0,0,0,0,0,0,0,0,0
"Rhox2-ps",0,0,0,0,0,0,0,0,0
"Gm6313",0,0,0,0,0,0,0,0,0
"Kctd21",2,6,0,20,47,50,44,23,52
"Gm12900",2,1,0,0,0,1,1,0,0
"Gm6314",0,0,0,0,1,0,0,0,0
"Akr1c12",0,0,0,0,0,0,0,0,0
"Ccdc107",297,490,168,345,523,530,475,445,496
"Mcidas",0,0,0,0,0,0,0,0,0
"Arhgef26",0,0,0,0,0,0,0,0,0
"Carinh",7,10,7,5,4,4,4,0,8
"Ripply1",0,0,0,0,0,0,0,0,0
"Smok3b",0,0,0,0,0,0,0,0,0
"Spocd1",0,0,0,0,0,0,0,0,0
"Smok3c",0,0,0,0,0,0,0,0,0
"Gm6327",0,0,0,0,0,0,0,0,0
"Gm6329",0,0,0,0,0,0,0,0,0
"622531",0,0,0,2,0,1,1,1,0
"Gm20751",0,0,1,0,0,0,0,0,0
"Majin",5,1,1,3,0,4,0,2,0
"Gm6334",0,0,0,0,0,0,0,0,0
"Krtap10-31",0,0,0,0,0,0,0,0,0
"Gm6337",0,0,0,0,0,0,0,0,0
"Tmem200c",0,0,0,0,0,0,0,0,0
"622657",0,0,0,0,0,0,0,0,0
"Ccdc17",5,21,13,11,40,23,24,18,30
"Zfp827",0,3,3,1,7,11,6,5,4
"Msantd5",0,0,0,0,0,0,0,0,0
"Gm6345",1,5,0,4,4,0,4,3,0
"Gm6346",0,0,0,0,0,0,0,0,0
"Ighv1-75",0,0,0,0,0,0,0,0,0
"Gm6348",0,0,0,0,0,0,0,0,0
"Or6c200-ps1",0,0,0,0,0,0,0,0,0
"Pramel53",0,0,0,0,0,0,0,0,0
"Gm6362",0,0,0,0,0,0,0,0,0
"Pramel59",0,0,0,0,0,0,0,0,0
"Gm6369",0,0,0,0,0,0,0,0,0
"Gm6370",0,0,0,0,0,0,0,0,0
"Gm10021",0,1,0,0,0,0,0,0,0
"Krtap20-2",0,0,0,0,0,0,0,0,0
"Gm6377",1,13,0,2,0,0,1,0,0
"Fscb",0,0,0,0,0,0,0,0,0
"Gm8108",0,0,0,0,0,0,0,0,0
"Ifi213",19,5,9,9,2,6,0,2,10
"Prr19",0,0,0,1,0,0,0,0,0
"Prr23a1",0,0,0,0,0,0,0,0,0
"Gm6402",17,15,7,25,30,23,12,13,14
"Rpl34-ps2",0,1,0,0,0,6,1,0,1
"623180",0,0,0,0,0,0,0,0,0
"Prr23a2",0,0,0,0,0,0,0,0,0
"Msantd5f5",0,0,0,0,0,0,0,0,0
"Gm6408",0,0,0,0,0,0,0,0,0
"Tmem200b",0,0,0,0,0,0,0,0,0
"623270",0,0,0,0,0,0,0,0,0
"Msantd5f8",0,0,0,0,0,0,0,0,0
"Alms1-ps2",0,0,0,0,0,0,0,0,0
"Dok6",0,0,0,0,0,0,0,0,0
"Msantd5f9",0,0,0,0,0,0,0,0,0
"Ndufs6b",35,51,27,28,35,32,28,25,28
"Gm6416",0,0,0,0,0,0,0,0,0
"Gm13669",0,0,0,0,0,0,0,0,0
"Faiml",0,0,0,1,0,0,0,0,0
"Rad54b",2,1,1,15,4,14,3,11,15
"Prlh",0,0,0,3,1,0,0,1,0
"Gm6436",1,0,0,0,1,0,0,0,0
"Nme9",0,0,0,0,0,0,0,0,0
"Lipt1",7,5,2,0,5,0,10,4,2
"Gm6444",15,7,4,5,18,9,11,17,13
"Gm6445",0,0,0,1,0,0,0,0,1
"Vmn2r85",0,0,0,0,0,0,0,0,0
"Gm14137",2,0,0,0,0,0,1,0,0
"623796",0,2,1,1,1,3,0,0,0
"Gm6455",0,0,0,0,0,0,0,0,0
"Speer1h",0,0,0,0,0,0,0,0,0
"Gm6462",0,0,0,0,0,0,0,0,0
"Gm10493",0,0,0,0,0,2,0,0,0
"Gm6465",0,0,0,0,0,0,0,0,0
"Gm6468",0,0,0,0,0,0,0,0,0
"Sp110-ps2",3,6,5,6,7,1,7,6,5
"A230045G11Rik",29,63,19,25,42,78,33,43,47
"Gm6471",0,0,0,0,0,0,0,0,0
"H2ab2",0,0,0,0,0,0,0,0,0
"Angptl8",1,0,0,0,0,0,0,0,0
"Clrn2",0,0,0,0,0,0,0,0,0
"Speer4e1",0,0,0,0,0,0,0,0,0
"Gm6485",7,29,10,3,8,4,23,8,19
"Alyreffm2",0,0,0,0,0,0,0,0,0
"Cfhr3",0,0,0,0,0,0,0,0,0
"Or7d12-ps1",0,0,0,0,0,0,0,0,0
"Gm6498",0,0,2,0,2,1,0,1,0
"Pramel40",0,0,0,0,0,0,0,0,0
"Scgb2b15",0,0,0,0,0,0,0,0,0
"624507",0,0,0,0,0,0,0,0,0
"Vmn2r33",0,0,0,0,0,0,0,0,0
"Morf4l1-ps1",0,1,1,0,0,2,3,1,1
"Scgb2b10",0,0,0,0,0,0,0,0,0
"Gm6517",2,1,3,1,0,2,1,0,2
"Btnl6",0,0,0,0,0,0,0,0,0
"Gm6523",0,0,0,0,0,0,0,0,0
"Gm6524",0,0,0,0,0,0,0,0,0
"Gm6525",0,0,1,1,0,1,0,0,1
"Gm20752",0,0,0,0,0,0,0,0,0
"Vmn2r80",0,0,0,0,0,0,0,0,0
"Tdg-ps2",0,0,0,0,0,0,1,1,0
"Vmn2r82",0,0,0,0,0,0,0,0,0
"Cks1brt",0,0,0,0,0,0,0,0,0
"Gm12253",0,0,0,0,0,0,0,0,0
"Lekr1",0,2,0,3,1,0,0,2,2
"Rgs21",0,0,0,0,0,0,0,0,0
"624918",0,0,0,0,0,0,0,0,0
"LOC624931",0,0,0,0,0,0,0,0,0
"H2ab3",0,0,0,0,0,0,0,0,0
"C4a",1,6,6,16,5,8,12,7,5
"Vmn2r83",0,0,0,0,0,0,0,0,0
"Gm6548",100,231,87,118,168,164,121,185,147
"Gm6551",0,0,0,0,0,0,0,0,0
"Vmn2r84",0,0,0,0,0,0,0,0,0
"Slc38a6",123,199,93,137,183,141,172,155,194
"Vmn2r86",0,0,0,0,0,0,0,0,0
"Gm6557",0,0,0,0,0,0,0,0,0
"Vmn2r87",0,0,0,0,1,0,0,0,0
"1700028E10Rik",4,2,1,0,4,4,4,2,3
"Gm14625",0,0,0,0,0,0,0,0,0
"625240",0,0,0,0,0,0,0,0,0
"Gm6567",0,0,0,0,0,0,0,0,0
"Gpx4",103,105,175,112,126,42,63,123,137
"Gm6568",0,0,0,1,1,0,2,1,1
"Gm6570",0,5,2,1,4,1,2,1,6
"Tmem236",0,0,0,1,0,0,0,0,0
"Trim30e-ps1",0,1,0,0,0,0,0,2,0
"H3f3c",0,0,0,0,1,2,1,0,0
"Gm13315",0,0,0,0,0,0,0,0,0
"Gm6578",0,0,0,0,0,0,0,0,0
"Gm6579",1,0,0,0,0,0,0,1,0
"Vmn2r35",0,0,0,0,0,0,0,0,0
"Tcstv4",9,8,2,13,2,5,7,7,4
"Gm6581",9,4,4,7,12,2,4,9,18
"C230062I16Rik",0,4,0,4,15,3,2,4,0
"Ccdc121rt3",26,40,33,9,41,25,32,10,38
"Ccdc121rt2",0,0,0,0,0,0,0,0,0
"Ssxb14",0,0,0,0,0,0,0,0,0
"Gm14596",0,0,0,0,0,0,0,0,0
"Gm6594",0,0,0,0,0,0,0,0,0
"Usp17le",0,0,0,0,0,0,0,0,0
"Gm6600",0,0,0,0,0,0,0,0,0
"Vmn2r48",0,0,0,0,0,0,0,0,0
"Gm6602",0,0,0,0,0,0,0,0,0
"Cldn34c2",0,0,0,0,0,0,0,0,0
"625594",0,0,0,0,0,0,0,0,0
"Gml",0,0,0,0,0,0,0,0,0
"Gm6607",0,0,0,0,0,1,0,0,0
"Vmn2r49",0,0,0,0,0,0,0,0,0
"Bloc1s2-ps",0,0,0,0,0,0,0,0,1
"Fam43b",0,0,0,0,1,0,0,0,0
"Samt1c",0,0,0,0,0,0,0,0,0
"Gm6613",0,0,0,0,0,0,0,0,0
"Samt1d",0,0,0,0,0,0,0,0,0
"Slco1a8",0,0,0,0,0,0,0,0,0
"Gm11893",0,0,0,0,0,0,0,0,0
"Gm6623",1,3,0,0,1,0,3,1,1
"Gm6625",0,0,0,0,0,0,0,0,0
"Vmn1r1",0,0,0,0,0,0,0,0,0
"Gm11166",0,1,0,0,0,0,0,0,0
"Or8k31",0,0,0,0,0,0,0,0,0
"Gm6634",0,0,0,0,0,0,0,0,0
"Rpl31-ps20",0,0,1,0,0,0,0,0,1
"Gm6637",0,0,0,0,0,0,0,0,0
"Gm6639",0,0,0,0,0,0,0,0,0
"Gm6642",0,0,0,0,0,0,0,0,0
"Gm6644",6,6,2,7,11,7,6,3,4
"Rps12-ps16",0,0,0,1,0,0,0,0,0
"Gm20753",0,0,0,0,0,0,0,0,0
"Gm15645",0,0,0,0,0,0,0,0,0
"E330020D12Rik",0,0,3,14,20,19,7,13,22
"Gm6650",0,0,0,0,0,0,0,0,0
"Gm20754",0,0,0,0,0,0,0,0,0
"Gm6653",0,0,0,0,0,0,0,0,0
"Gm12271",0,0,0,0,0,0,1,0,0
"Gm6654",2,9,5,1,4,8,6,8,9
"Ccdc196",0,0,0,0,0,0,0,0,0
"Gm6660",0,0,0,0,0,0,0,0,0
"A930012L18Rik",0,0,0,0,0,0,0,0,0
"Vmn1r194",0,0,0,0,0,0,0,0,0
"Scgb1b7",0,0,0,0,0,0,0,0,0
"Gm6664",0,0,0,0,0,0,0,0,0
"Zfp987",0,0,0,0,0,0,0,0,0
"Igkv3-4",0,0,0,0,0,0,0,0,0
"Wdr93",0,0,0,0,0,0,0,0,0
"Zfp951",12,7,15,19,11,3,17,17,13
"Vmn1r12",0,0,0,0,0,0,0,0,0
"Gm20755",0,0,0,0,0,0,0,0,0
"Potefam3e",0,0,0,0,0,0,0,0,0
"Gm11981",0,0,0,0,0,0,0,0,0
"626456",0,0,0,0,0,0,0,0,0
"Gm6682",0,1,0,0,0,1,1,0,1
"Trdv5",0,0,0,0,0,0,0,0,0
"Gbp10",0,0,0,0,0,0,0,0,0
"Igkv3-2",0,0,0,0,0,0,0,0,0
"Rgs22",0,0,0,0,0,0,0,0,0
"Apol11a",0,0,0,0,0,0,0,0,0
"Or5p5c-ps1",0,0,0,0,0,0,0,0,0
"Defa28",0,0,0,0,0,0,0,0,0
"Gm15713",0,0,0,0,0,0,0,0,0
"Defa26",0,0,0,0,0,0,0,0,0
"Gm14322",4,1,0,1,0,0,0,0,0
"Vmn1r31",0,0,0,0,0,0,0,0,0
"Gm6710",0,0,0,0,0,0,0,0,0
"Klk13",0,0,0,0,0,0,0,0,0
"Zfp971",3,1,1,1,1,0,1,8,0
"Gm38396",13,18,16,9,12,6,8,17,6
"Gm6713",0,0,0,0,0,0,0,0,0
"Gm11992",0,0,0,0,0,2,0,0,1
"Gm14405",0,0,0,0,0,0,0,0,0
"Rpl31-ps21",0,0,0,0,0,0,0,0,0
"Gm20756",0,0,0,0,0,0,0,0,0
"Gm6721",0,0,0,0,0,0,0,0,0
"Vmn2r90",0,0,0,0,0,0,0,0,0
"Pramel14",0,0,0,0,0,0,0,0,0
"Scgb2b21",0,0,0,0,0,0,0,0,0
"Pramel30",0,0,0,0,0,0,0,0,0
"Pramel15",0,0,0,0,0,0,0,0,0
"Gm6729",0,0,0,0,0,0,0,0,0
"Zfp800",86,146,44,54,57,29,54,69,52
"Xlr5b",0,0,0,0,0,0,0,0,0
"Aadacl4fm2",0,0,0,0,0,0,0,0,0
"Tubb2a-ps2",0,0,0,0,0,0,0,0,0
"Vmn2r92",0,0,0,0,0,0,0,0,0
"Vmn2r93",0,0,0,0,0,0,0,0,0
"Trav1",0,0,0,0,0,0,0,0,0
"Syndig1l",0,2,1,0,0,1,0,3,6
"Insyn2a",0,0,0,0,0,0,0,0,0
"Btbd35f28",0,0,0,0,0,0,0,0,0
"Trav7d-5",0,0,0,0,0,0,0,0,0
"Vmn1r90",0,0,0,0,0,0,0,0,0
"Gm14092",0,0,0,0,0,0,0,0,0
"Gm6744",0,0,0,0,0,0,0,0,0
"Gm6745",7,2,3,0,1,5,3,1,2
"Trav9-1",0,0,0,0,0,0,0,0,0
"Morf4l1b",1,3,1,0,2,0,0,0,0
"Vmn2r97",0,0,0,0,0,0,0,0,0
"627371",0,1,0,0,0,0,0,2,1
"Gm6750",0,0,0,0,0,0,0,0,0
"Trav6d-3",0,0,0,0,0,0,0,0,0
"Gm6760",0,0,0,0,0,0,0,0,0
"Vmn2r8",0,0,0,0,0,0,0,0,0
"Vmn2r100",0,0,0,0,0,0,0,0,0
"Vmn2r12",0,0,0,0,0,0,0,0,0
"Vmn2r101",0,0,0,0,0,0,0,0,0
"Gm13034",0,0,0,0,0,0,0,1,0
"Lrrc74a",0,1,0,0,0,0,0,1,0
"Ptchd4",0,1,1,0,0,1,0,1,0
"Vmn2r103",0,0,0,0,0,0,0,0,0
"Vmn2r105",0,0,0,0,0,0,0,0,0
"Trav17",0,0,0,0,0,0,0,0,0
"Gm6787",0,2,0,0,0,0,0,0,1
"Gm20757",0,0,0,0,0,0,0,0,0
"Vmn2r108",0,0,0,0,0,0,0,0,0
"Trdv1",0,0,0,0,0,0,0,0,0
"Vmn2r109",0,0,0,0,0,0,0,0,0
"Eddm13",0,0,0,0,0,0,0,0,0
"Gm6793",0,0,0,0,0,0,0,0,0
"Cyp2d37-ps",0,0,0,0,0,0,0,0,0
"Dnah7a",0,0,0,0,0,0,0,0,0
"Gm14419",0,0,0,0,0,0,0,0,0
"Gm6811",0,0,0,0,0,0,0,0,0
"Gm6812",0,0,0,0,0,0,0,0,0
"Rps4l-ps",0,0,0,0,0,0,0,0,0
"Gm6818",0,0,0,0,0,0,0,0,0
"Nlrp1c-ps",3,3,2,1,12,4,2,12,4
"Gm6820",0,0,0,0,0,0,0,0,0
"628007",0,0,0,0,0,0,0,0,0
"Gm16441",0,0,0,0,0,0,0,0,0
"Igkv1-133",0,0,0,0,0,0,0,0,0
"Gm14725",0,0,0,0,0,0,0,0,0
"Igkv1-131",0,0,0,0,0,0,0,0,0
"Gm6833",0,0,0,0,0,0,0,0,0
"Rps13-ps4",12,8,8,4,11,11,12,7,10
"Igkv14-130",0,0,0,0,0,0,0,0,0
"Ighv5-12-4",0,0,0,0,0,0,0,0,0
"Fbxo39",0,0,0,0,0,0,0,0,0
"Igkv9-123",0,0,0,0,0,0,0,0,0
"Gm2004",0,0,0,0,0,0,0,0,0
"628161",0,3,3,4,5,0,4,5,2
"Vmn2r112",0,0,0,0,0,0,0,0,0
"Lipo4",0,0,0,0,0,0,0,0,0
"Igkv2-109",0,0,0,0,0,0,0,0,0
"Gm6866",0,0,0,0,0,0,0,0,0
"Zfp970",12,29,7,10,14,6,10,10,4
"S100a2",0,0,1,0,0,0,0,0,0
"Gm6867",1,14,0,2,20,1,29,28,30
"628359",0,0,0,0,0,0,0,0,0
"Ighv6-4",0,0,0,0,0,0,0,0,0
"Gm6878",0,0,0,0,0,0,0,0,0
"Vmn2r58",0,0,0,0,0,0,0,0,0
"Hmgb1-rs17",0,1,0,0,0,0,0,0,0
"Vmn2r59",0,0,0,0,0,0,0,0,0
"Ctag2l1",0,0,0,0,0,0,0,0,0
"Gm6882",0,0,0,0,0,0,0,0,0
"Vmn2r-ps60",0,0,0,0,0,0,0,0,0
"Igkv4-73",0,0,0,0,0,0,0,0,0
"Ctag2l2",0,0,0,0,0,0,0,0,0
"Igkv4-69",0,0,0,0,0,0,0,0,0
"Igkv4-63",0,0,0,0,0,0,0,0,0
"Gm6897",0,0,0,0,0,0,0,0,0
"Vmn1r68",0,0,0,0,0,0,0,0,0
"Ighv1-34",0,0,0,0,0,0,0,0,0
"628648",0,0,0,0,0,0,0,0,0
"Gm6902",0,0,0,0,0,0,0,0,0
"D030068K23Rik",0,0,0,0,0,0,0,0,0
"Phf11",0,0,3,0,0,0,0,0,0
"Phf11c",11,42,1,14,19,28,11,22,23
"Zfp997",0,0,0,0,0,0,0,0,0
"Gm6909",0,0,0,0,0,0,0,0,0
"Rybp-ps",1,0,0,0,0,0,0,0,0
"Hs3st4",0,1,0,0,0,0,0,0,0
"628794",0,0,0,0,1,0,0,0,0
"Gm11437",0,0,0,0,0,0,0,0,0
"Gm6921",0,1,0,0,0,0,0,0,0
"6030426L16Rik",0,0,0,0,0,0,0,0,0
"Otogl",0,0,0,0,0,0,0,0,0
"Cldn34-ps",0,0,0,0,0,0,0,0,0
"Gm6929",3,7,12,4,5,6,10,8,1
"Serpina3i",0,0,0,0,0,0,0,0,0
"Gm6934",0,0,0,0,0,0,0,0,0
"Gm14744",0,0,0,0,0,0,0,0,0
"Vmn1r77",0,0,0,0,0,0,0,0,0
"Gm6936",0,2,0,0,0,0,0,1,0
"Obp1b",0,0,0,0,0,0,0,0,0
"Zfp953",20,13,8,9,16,15,17,19,15
"Gm6938",0,0,0,0,0,0,0,0,0
"629055",0,0,0,0,0,0,0,0,0
"Fam124a",0,0,0,0,0,0,0,0,0
"Vmn2r56",0,0,0,0,0,0,0,0,0
"Defb23",0,0,0,0,0,0,0,0,0
"Misfa",0,0,4,3,0,1,0,0,0
"Ctxn3",0,0,0,0,0,0,0,0,0
"1700008J07Rik",3,12,4,9,22,8,14,13,19
"Sult2a3",0,0,0,0,0,0,0,0,0
"Gm20758",0,0,0,0,0,0,0,0,0
"Sult2a6",0,0,0,0,0,0,0,0,0
"Gm6958",0,0,0,0,0,0,0,0,0
"Heatr9",1,1,0,0,0,0,0,0,0
"Dact3",2,7,1,0,3,6,7,2,2
"Gm20759",0,0,0,0,0,0,0,0,0
"629461",0,0,0,0,0,0,0,0,0
"Gm6978",0,7,3,0,0,2,2,2,0
"Mroh8",3,5,4,0,0,2,0,1,0
"Or10ad1b",0,0,0,0,0,0,0,0,0
"Mageb5b",0,0,0,0,0,0,0,0,0
"Gm6981",0,3,1,0,0,0,0,0,0
"Gm6987",0,0,0,0,0,0,0,0,0
"Gm6988",90,64,56,20,69,61,67,60,55
"629667",0,0,0,0,0,0,0,0,0
"Gm6994",0,0,0,0,0,0,0,0,0
"629689",0,0,0,0,0,0,0,0,0
"Spint3",0,0,0,0,0,0,0,0,0
"Gm11517",7,39,7,0,0,0,0,5,0
"Wfdc9",0,0,0,0,0,0,0,0,0
"Wfdc10",0,0,0,0,0,0,0,0,0
"Wfdc11",0,0,0,0,0,0,0,0,0
"Zfp335os",5,11,6,2,5,0,1,3,0
"Gm7003",0,0,0,0,0,0,0,0,0
"Ighv16-1",0,0,0,0,0,0,0,0,0
"Ighv9-2",0,0,0,0,0,0,0,0,0
"Gm7008",0,0,3,1,2,0,0,0,1
"Ighv14-4",0,0,0,0,0,0,0,0,0
"Ighv3-4",0,0,0,0,0,0,0,0,0
"Ighv13-2",0,0,0,0,0,0,0,0,0
"Ighv6-3",0,0,0,0,0,0,0,0,0
"Ighv8-2",0,0,0,0,0,0,0,0,0
"Ighv1-11",0,0,0,0,0,0,0,0,0
"Ighv1-12",0,0,0,0,0,0,0,0,0
"Ighv1-14",0,0,0,0,0,0,0,0,0
"Ighv1-15",0,0,0,0,0,0,0,0,0
"Ighv1-16",0,0,0,0,0,0,0,0,0
"Ighv1-18",0,0,0,0,0,0,0,0,0
"Krtap1-4",0,0,0,0,0,0,0,0,0
"Ighv1-26",0,0,0,0,0,0,0,0,0
"Ighv1-31",0,0,0,0,0,0,0,0,0
"Ighv1-36",0,0,0,0,0,0,0,0,0
"Ighv1-42",0,0,0,0,0,0,0,0,0
"Ighv1-43",0,0,0,0,0,0,0,0,0
"Ighv1-47",0,0,0,0,0,0,0,0,0
"Ighv8-4",0,0,0,0,0,0,0,0,0
"Ighv1-49",0,0,0,0,0,0,0,0,0
"Ighv8-6",0,0,0,0,0,0,0,0,0
"Lin52-ps",0,0,0,0,0,0,0,0,0
"Gm11677",0,0,0,0,0,0,0,0,0
"Cd300ld2",0,1,0,0,0,0,0,0,0
"Btbd35f18",0,0,0,0,0,0,0,0,0
"Trav7-5",0,0,0,0,0,0,0,0,0
"Trav12-1",0,0,0,0,0,0,0,0,0
"Cd101",143,131,62,42,139,73,144,62,95
"H2-T25",0,0,0,0,0,0,0,0,0
"Trav14d-1",0,0,0,0,0,0,0,0,0
"Trav9-4",0,0,0,0,0,0,0,0,0
"Ighv2-6",0,0,0,0,0,0,0,0,0
"H2-K2",16,41,34,27,29,38,17,34,46
"Dcpp2",0,0,0,0,0,0,0,0,0
"Zfp808",2,2,2,8,3,3,7,5,6
"Gm7040",0,3,0,0,0,1,0,0,0
"2010315B03Rik",25,41,47,45,114,50,58,44,67
"Tas2r122",0,0,0,0,0,0,0,0,0
"Gm12814",0,0,0,0,0,0,0,0,0
"Ang6",0,0,0,0,0,0,0,0,0
"Lce3d",0,0,0,0,0,0,0,0,0
"Ssxb8",0,0,0,0,0,0,0,0,0
"Gm7052",0,0,0,0,0,0,0,0,0
"Cyp4b1-ps2",0,0,0,0,0,0,0,0,0
"Lce1k",0,0,0,0,0,0,0,0,0
"Gm7056",0,0,0,0,0,0,0,0,0
"Fam90a1b",0,0,0,0,0,0,0,0,0
"Cyp4f40",0,0,0,0,0,0,0,0,0
"Gm12250",107,115,97,63,48,74,40,66,61
"631331",3,3,1,2,1,4,4,3,4
"Catspere1",0,0,0,0,0,0,0,0,0
"Gm7072",67,139,34,39,44,21,38,80,69
"Gm7073",0,0,0,0,0,0,0,0,0
"Fer1l6",0,0,0,0,0,0,0,0,0
"Cdr1",0,0,0,0,0,0,0,0,0
"Gm7081",0,0,0,0,0,0,0,0,0
"Btnl4",0,0,0,0,0,0,0,0,0
"Gm7085",0,0,0,0,0,0,1,0,0
"Vmn1r191",0,0,0,0,0,0,0,0,0
"Ighv7-4",0,0,0,0,0,0,0,0,0
"Vmn2r18",0,0,0,0,0,0,0,0,0
"Marchf10",0,1,0,0,0,0,0,0,0
"Dmrtc1b",0,0,0,0,0,0,0,0,0
"Erich4",0,0,0,0,0,0,0,0,0
"Vmn1r204",0,0,0,0,0,0,0,0,0
"632883",0,0,0,0,0,0,0,0,0
"Rergl",0,0,0,0,0,0,0,0,0
"Mplkipl1",0,0,0,0,0,0,0,2,1
"Gm7104",0,0,0,0,0,0,0,0,0
"Gm20762",17,47,39,10,13,15,19,48,35
"Rbm46",0,0,0,0,0,0,0,0,0
"Gm10548",1,0,0,2,0,2,2,1,3
"Ighv3-5",0,0,0,0,0,0,0,0,0
"Ighv5-16",0,0,0,0,0,0,0,0,0
"Tmem267",11,20,19,14,4,4,7,8,6
"Trav5-1",0,0,0,0,0,0,0,0,0
"Gm6225",0,0,0,0,0,0,1,0,0
"Ak9",0,1,0,0,0,0,0,0,0
"Or10ad1",0,0,0,0,0,0,0,0,0
"Trav7-2",0,0,0,0,0,0,0,0,0
"Trav14d-3-dv8",0,0,0,0,0,0,0,0,0
"Gm7133",0,0,0,0,0,0,0,0,0
"Gm7134",0,0,0,0,0,0,0,0,0
"Gm7135",0,0,0,0,0,0,0,0,0
"Krtap10-25",0,0,0,0,0,0,0,0,0
"634517",0,0,0,0,0,0,0,0,0
"Gbp11",0,0,0,0,0,0,0,0,0
"Gm11735",0,0,0,0,0,0,0,0,0
"Susd1",0,14,3,0,6,5,1,4,2
"634745",0,0,0,0,0,0,0,0,0
"Zfp658",0,0,0,0,0,0,0,0,0
"Defa38",0,0,0,0,0,0,0,2,0
"Gm11821",0,0,0,1,0,0,0,0,0
"Itih6",0,0,0,0,0,0,0,0,0
"CK137956",0,0,0,0,0,0,0,0,0
"Usp51",0,0,0,0,0,0,0,0,0
"Cldn34a",0,0,0,0,0,0,0,0,0
"Gm12026",0,0,0,0,0,1,0,0,0
"635470",2,0,0,0,0,0,0,0,0
"Gm7160",0,4,7,0,3,4,2,2,2
"Gm16445",0,0,0,0,0,0,0,0,0
"Fbxw23",0,0,0,0,0,0,0,0,0
"Naaladl2",0,0,0,0,0,0,0,0,0
"Gm7166",0,0,0,0,0,0,0,0,0
"Gm7167",0,0,0,0,0,0,0,0,0
"Gm7168",0,0,0,0,0,0,0,0,0
"Cfap47",0,0,0,0,0,0,0,0,0
"Trav7n-4",0,0,0,0,0,0,0,0,0
"Rhox4f",0,0,0,0,0,0,0,0,0
"Gm20764",0,0,0,0,1,0,0,0,0
"Ighv9-4",0,0,0,0,0,0,0,0,0
"Ighv8-11",0,0,0,0,0,0,0,0,0
"Vmn1r60",0,0,0,0,0,0,0,0,0
"Vmn1r61",0,0,0,0,0,0,0,0,0
"Zfp964",0,0,0,0,3,0,3,0,0
"Igkv4-62",0,0,0,0,0,0,0,0,0
"Silc1",0,0,0,0,0,0,0,0,0
"Cntnap5a",0,0,0,0,0,0,0,0,0
"Trim71",0,1,0,0,0,0,0,0,0
"Vmn2r3",0,0,0,0,0,0,0,0,0
"Gm11793",1,0,1,0,2,1,2,0,0
"Vmn2r4",0,0,0,0,0,0,0,0,0
"Iqcn",0,0,4,0,0,0,0,0,0
"Igkv6-23",0,0,0,0,0,0,0,0,0
"Sycp2l",0,0,0,0,0,0,0,1,0
"Nlrp1b",14,8,3,50,48,70,29,44,52
"Alyreffm15",0,0,0,0,0,0,0,0,0
"Zfp977",1,0,0,0,0,1,0,1,6
"Vmn2r61",0,0,0,0,0,0,0,0,0
"Vmn2r78",0,0,0,0,0,0,0,0,0
"Vmn2r60",0,0,0,0,0,0,0,0,0
"Gm12618",4,4,1,1,1,1,2,0,3
"Vmn2r53",0,0,0,0,0,0,0,0,0
"637939",0,0,0,0,0,0,0,0,0
"637957",2,0,0,0,0,1,0,0,0
"Vmn2r115",0,0,0,0,0,0,0,0,0
"638189",0,0,0,0,0,0,0,0,0
"9530082P21Rik",13,20,5,7,12,11,10,12,14
"Sult2a7",0,0,0,0,0,0,0,0,0
"Fn3k",0,5,4,9,5,2,1,0,3
"Kcnq1ot1",182,201,97,167,102,98,123,172,90
"Sbpl",0,0,0,0,0,0,0,0,0
"Taf8",84,182,69,54,104,95,83,92,105
"Trav13-2",0,0,0,0,0,0,0,0,0
"Bco1",0,0,0,0,0,0,0,0,0
"Gm7244",0,0,0,0,0,0,0,0,0
"Impg1",0,0,0,0,0,0,0,0,0
"Ighv2-5",0,0,0,0,0,0,0,0,0
"Ighv1-70",0,0,0,0,0,0,0,0,0
"Gm7247",0,0,0,0,0,0,0,0,0
"Zfp296",1,9,3,1,5,1,0,1,5
"Trpv4",32,27,59,39,61,23,23,37,86
"Cyp2c53-ps",0,0,0,0,0,0,0,0,0
"Pate12",0,0,0,0,0,0,0,0,0
"Niban1",21,32,27,29,30,25,39,20,38
"Rps15a-ps1",0,0,0,0,0,0,0,0,0
"639396",0,0,0,0,0,0,0,0,0
"Ighv6-5",0,0,0,0,0,0,0,0,0
"Dusp10",1,13,3,1,6,13,0,1,2
"Rbp7",1,0,0,0,0,0,0,0,0
"Exoc1l",0,0,0,0,0,0,0,0,0
"Cables1",89,120,182,156,264,249,177,149,336
"Ube4b",94,116,74,57,132,129,114,68,124
"Slc29a1",130,207,75,160,224,249,178,99,195
"639606",1,5,2,1,2,3,4,3,5
"Aadacl2",0,0,0,0,0,0,0,0,0
"Gm7275",0,0,0,0,0,0,0,0,0
"Trav13d-4",0,0,0,0,0,0,0,0,0
"Gm13807",0,0,0,0,0,0,0,0,0
"Adh6-ps1",0,0,0,0,0,0,0,0,0
"Skint8",0,0,0,0,0,0,0,1,0
"Skint1",0,0,0,0,0,0,0,0,0
"Gmfb",155,295,138,77,122,43,84,112,123
"Gmfg",135,145,87,121,166,173,163,140,128
"Tcstv2c",0,0,0,0,0,0,0,0,0
"Slc5a7",0,0,0,0,0,0,0,0,0
"Ighv2-9",0,0,0,0,0,0,0,0,0
"Gm7285",2,3,3,3,3,2,6,5,4
"Aqp9",0,0,0,0,0,0,0,1,1
"Syne1",4,0,4,2,7,3,1,4,1
"Sav1",49,106,28,47,26,43,48,59,46
"Nrgn",9,59,13,7,14,13,10,9,2
"Trav11d",0,0,0,0,0,0,0,0,0
"Igkv8-16",0,0,0,0,0,0,0,0,0
"Yeats4",148,263,100,126,252,239,214,190,257
"Ighv8-5",0,0,0,0,0,0,0,0,0
"Sv2a",16,29,14,41,57,51,51,53,51
"Sptbn5",0,1,2,0,0,0,0,4,3
"Tgm7",0,0,0,0,0,0,0,0,0
"Perp",4,38,21,13,17,8,8,7,13
"Oxct2a",1,2,0,0,0,0,0,0,0
"Smoc2",7,23,3,0,0,0,4,2,0
"Smoc1",2,3,2,0,0,0,1,2,1
"Popdc2",0,0,0,1,0,0,0,0,3
"Clstn2",2,0,0,0,0,0,0,0,0
"Trav13d-1",0,0,0,0,0,0,0,0,0
"Gpr35",48,88,42,126,152,124,152,151,164
"Parvg",149,137,260,272,643,683,596,373,533
"Tnmd",0,0,0,0,0,0,0,0,0
"Moap1",0,0,0,0,0,0,9,0,0
"Ighv5-9-1",0,0,0,0,0,0,0,0,0
"641254",2,1,1,0,0,0,0,0,0
"Nrbf2",2,4,1,1,0,4,5,1,5
"Sdf2l1",45,66,63,259,263,369,222,211,155
"Pinlyp",0,0,0,0,0,0,0,0,0
"Spint5",0,0,0,0,0,0,0,0,0
"Tomm40l",45,68,16,50,78,99,100,76,110
"Ctsz",4910,5926,3441,7272,5743,5932,5522,6564,7708
"1700120B22Rik",0,1,0,0,0,0,0,0,0
"Ctsm",0,0,0,0,0,0,0,0,0
"Ralb",92,96,54,80,205,137,190,122,149
"Mllt1",93,133,92,55,90,132,111,51,108
"5830444B04Rik",2,2,8,11,16,24,19,13,13
"Sv2b",0,3,0,0,0,0,0,0,0
"Trpv6",0,0,0,0,0,0,1,0,0
"Herpud1",891,2034,601,680,1234,1535,1591,826,1054
"St7",52,64,21,19,27,29,24,29,45
"Rgs18",0,0,0,0,0,0,0,0,1
"Ngb",4,7,4,0,0,3,2,1,0
"Gm26504",0,0,0,0,0,0,0,0,0
"Snord116l1",0,0,0,0,0,0,0,0,0
"Snord116l2",0,0,0,0,0,0,0,0,0
"Foxb1",0,0,0,0,0,0,0,0,0
"Osbpl1a",42,34,33,64,68,56,36,74,72
"Ptges",29,56,0,0,5,13,0,6,2
"Stk32b",0,0,0,0,0,0,0,0,0
"Itm2c",2515,3486,2744,3970,7350,6892,6087,4193,6876
"Tmub1",38,24,40,46,59,65,62,58,53
"Abhd8",21,51,32,46,33,46,41,24,51
"Gprc5b",16,65,9,11,5,7,0,6,5
"Svs3a",0,0,0,0,0,0,0,0,0
"Gng13",0,0,0,0,0,0,1,0,0
"Fndc4",5,3,3,4,4,4,0,3,1
"Dhx38",164,172,132,94,110,126,126,99,135
"Gpr88",0,2,0,1,0,0,0,1,0
"Irx6",0,0,0,0,0,0,0,0,0
"Ms4a4c",127,37,56,153,81,129,68,102,124
"Ms4a8a",8,3,7,0,0,0,3,5,0
"Sirt2",266,377,302,333,460,494,485,373,548
"Sirt3",20,27,31,34,54,43,42,34,60
"Cyp4f14",0,0,0,0,0,0,0,2,1
"Sp5",0,0,0,0,0,0,0,0,0
"Polr1e",44,107,43,7,23,29,30,16,16
"Fcamr",0,0,0,0,0,0,0,0,0
"Inpp5e",39,62,47,37,51,48,55,42,69
"Gpr85",6,4,0,0,0,0,1,2,1
"Dip2a",8,18,3,11,20,21,18,15,13
"Slc5a4a",0,0,0,0,0,0,0,0,0
"Zfp280b",15,65,10,15,13,23,17,8,17
"Slc5a4b",0,0,0,0,0,0,0,0,0
"Tspan4",813,840,782,511,377,416,337,448,600
"Ndst4",0,0,0,0,0,0,0,0,0
"Ireb2",105,232,109,89,59,50,51,118,63
"Nisch",416,615,446,403,680,636,706,462,550
"Fgf23",0,0,0,0,0,0,0,0,0
"Mrps22",71,148,52,44,87,60,52,68,79
"Mrps23",147,244,145,69,97,102,97,90,120
"Mrps10",132,176,88,47,80,77,56,71,93
"Mrps25",81,72,48,69,77,110,109,97,100
"Mrps14",137,161,98,84,86,72,87,109,106
"Mrps24",314,473,279,232,359,273,304,253,340
"Krtdap",0,0,0,0,0,0,0,0,0
"Nmi",140,188,115,78,85,101,114,102,103
"Keg1",0,0,0,0,0,0,0,0,0
"Htra2",291,342,184,387,439,425,369,346,418
"Dpys",0,0,0,0,0,0,0,0,0
"Scube1",5,4,0,8,11,5,11,8,7
"Suv39h2",15,23,19,5,3,14,7,3,10
"Svep1",0,0,0,0,0,0,0,0,0
"Krt81",0,0,0,0,0,0,0,0,0
"Acot10",0,0,0,1,0,2,0,0,1
"Lpin2",163,303,189,316,523,397,367,492,470
"Lpin3",0,0,0,0,0,0,0,0,0
"Bhmt2",0,0,0,0,0,0,0,0,0
"Scel",0,3,0,0,0,0,0,1,1
"Tsc1",81,186,80,55,76,80,103,71,86
"Izumo1r",0,0,0,0,0,0,14,7,1
"Ap3m2",49,102,58,45,84,49,37,58,56
"Pes1",204,336,165,125,136,201,196,136,164
"Cldn12",27,25,22,4,2,4,17,8,9
"Rpl23",1971,2012,1558,1306,1806,1101,1261,1498,1822
"Zfp110",53,68,24,37,53,38,26,35,41
"Rtn4r",1,1,0,0,0,0,0,3,1
"Lpar3",0,0,0,0,0,0,0,0,0
"Zfand6",99,141,73,168,238,145,224,147,177
"Irak1bp1",5,7,2,6,3,4,1,1,5
"Zic5",0,0,0,0,0,0,0,0,0
"Nif3l1",71,138,42,34,74,46,60,47,43
"Arl6ip6",55,88,26,82,29,73,62,74,61
"Arl6ip4",157,302,207,166,248,191,214,194,290
"Arl6ip5",192,307,224,190,263,331,286,238,280
"Lrp10",567,861,642,496,869,691,824,606,830
"Dap3",199,280,139,112,194,171,184,147,197
"Pmepa1",1365,1999,1094,1575,2028,2211,2072,2085,2342
"Ndfip1",133,146,140,79,204,110,146,91,189
"Vps35",153,212,109,155,109,76,141,174,150
"Bean1",0,1,0,0,0,0,0,0,0
"Prrg2",71,168,76,59,148,96,102,67,123
"Slc15a3",2203,3801,1307,444,577,598,723,537,621
"Xpo7",56,77,46,56,86,94,85,79,59
"Asb1",42,57,17,12,27,20,28,20,18
"Dpysl5",0,2,0,0,0,0,0,2,0
"Asb4",3,2,7,5,8,1,1,11,1
"Asb2",115,110,19,181,128,201,113,183,162
"Asb3",35,26,43,26,24,31,21,35,41
"Tmem243",93,192,131,78,128,191,81,87,139
"Mymx",0,0,0,0,0,0,0,0,0
"Arhgap27os3",9,12,14,30,42,30,34,23,39
"Nrp",235,381,194,100,149,87,90,129,206
"C530005A16Rik",0,0,0,0,0,4,0,5,4
"Fbxw7as1",0,0,0,0,0,0,0,0,0
"Stk35os1",1,8,3,8,9,6,2,3,12
"Mccc1os",0,0,0,0,0,0,0,0,0
"Gm7334",4,9,6,3,1,4,3,3,0
"Klra14-ps",0,0,0,0,0,0,0,0,0
"Defa-ps12",0,0,0,0,0,0,0,0,0
"Defb33",0,0,0,0,0,0,0,0,0
"Defb44-ps",0,0,0,0,0,0,0,0,0
"Gm21944",0,0,0,0,0,0,0,0,0
"Defa-ps13",0,0,0,0,0,0,0,0,0
"Defb26",0,0,0,0,0,0,0,0,0
"Defb43",0,0,0,0,0,0,0,0,0
"Defb25",0,0,0,0,0,0,0,0,0
"Defb18",0,0,0,0,0,0,0,0,0
"Kncn",2,2,0,0,0,0,0,0,0
"654464",0,0,0,0,0,0,0,0,0
"Defb47",4,9,0,0,0,0,0,0,0
"Gm10052",0,0,0,0,1,0,3,1,0
"Gm17753",0,0,0,0,0,0,0,0,0
"Tctn1",9,6,7,16,9,10,15,8,14
"Gm12070",3,0,2,0,1,1,1,2,1
"Gm7337",0,0,0,0,0,0,0,0,0
"Hhla1",0,0,0,0,0,0,0,0,0
"654793",0,0,0,0,0,0,0,0,0
"Sdr39u1",1,3,8,2,8,2,4,2,2
"9530036O11Rik",0,0,0,0,0,0,0,0,0
"654799",0,2,1,1,0,0,0,0,0
"A730085K08Rik",0,0,0,0,0,0,0,0,0
"Zfp784",9,13,4,3,8,5,4,9,12
"1700105P06Rik",0,0,0,0,0,0,6,0,0
"B130055M24Rik",15,19,11,7,6,5,2,14,8
"4732471J01Rik",7,0,0,0,2,2,1,2,2
"F930015N05Rik",0,0,0,0,0,0,0,0,0
"4930428O21Rik",0,0,0,0,0,0,0,0,0
"Appbp2os",0,0,0,0,0,0,0,1,0
"Angptl7",1,0,0,9,4,10,10,8,13
"Smco3",0,0,0,0,0,0,0,0,0
"G530011O06Rik",103,76,148,206,100,33,77,45,89
"Gcnt7",0,0,0,0,0,0,0,0,0
"D330041H03Rik",1,5,8,7,11,0,0,3,3
"Ankrd37",9,10,5,5,6,7,4,1,5
"Trav12-3",0,0,0,0,0,0,0,0,0
"Traj2",0,0,0,0,0,0,0,0,0
"Traj5",0,0,0,0,0,0,0,0,0
"Clstn1",10,4,17,4,7,1,8,10,3
"65956",0,0,0,0,0,0,0,0,0
"Twsg1",18,35,15,13,11,7,11,9,19
"Utp3",184,261,154,161,136,151,148,156,162
"Nherf2",4,3,4,4,4,0,4,3,2
"Tmem176b",638,716,609,2586,2712,3765,1930,2544,3467
"Map3k20",24,37,24,13,7,7,6,10,16
"Eefsec",99,210,51,79,67,72,91,79,78
"Cubn",0,1,0,0,0,0,0,0,0
"Lima1",66,75,31,49,90,87,89,57,65
"Tbata",0,3,1,2,1,0,0,0,3
"Ifi30",1865,1525,1814,3573,6299,5809,4516,4318,5779
"Asph",135,240,153,406,419,341,244,458,529
"Ranbp17",0,0,0,0,0,0,0,0,0
"Tmem254",0,0,0,0,0,0,0,0,0
"Sostdc1",0,0,0,0,0,0,0,1,0
"Atp5f1d",865,933,849,883,1056,949,923,1025,1212
"Dtd1",43,32,17,10,22,30,8,20,15
"Ndufb5",252,295,203,223,273,244,235,252,281
"Mrpl54",330,318,209,175,201,161,129,212,198
"Emc6",389,527,322,190,322,296,410,298,351
"Rogdi",415,312,627,764,888,763,615,868,1014
"Trappc2b",52,85,44,47,64,71,49,88,72
"Sdhc",248,373,213,262,352,446,375,306,383
"Ppil2",129,181,143,149,242,206,174,159,278
"Cndp2",795,1455,685,318,415,446,360,355,498
"Sf3b6",183,239,124,90,112,85,91,125,95
"Zfp524",42,57,49,70,129,87,62,56,95
"Tmem176a",269,261,327,1290,1628,1709,745,1036,2031
"Krtcap2",461,446,404,488,969,478,915,530,609
"Cystm1",1,3,2,0,0,1,0,0,0
"Dynlt2b",17,33,21,21,26,28,28,42,27
"Hsd17b14",0,0,0,0,0,0,0,0,0
"Gng11",2,0,0,0,0,0,0,0,0
"Gtpbp8",16,18,9,5,31,20,25,15,24
"Snupn",31,68,51,30,33,48,36,32,39
"Cwc15",381,551,325,202,232,262,203,234,204
"Ethe1",30,14,23,81,96,100,83,76,88
"Sdhaf2",80,80,80,44,66,68,64,72,61
"Txndc12",142,101,100,139,279,267,230,151,273
"Tmem167",244,344,135,91,169,94,118,130,121
"Chchd3",114,155,88,95,109,176,127,109,180
"Aurkaip1",271,361,279,187,287,302,200,244,327
"Tsen34",78,115,96,125,193,250,203,133,187
"Tmem42",51,75,57,30,27,27,37,26,22
"Abhd6",36,88,53,86,152,112,116,111,118
"Setd6",52,73,27,18,23,33,45,27,22
"Rmnd1",62,69,74,79,133,113,114,125,122
"Eif3f",737,1249,663,460,1084,710,851,608,1014
"Cep20",50,49,44,50,64,57,47,75,60
"Emc3",247,330,152,214,330,382,284,239,327
"Rmnd5b",102,133,112,59,137,105,77,105,149
"Ypel3",112,150,276,445,861,600,621,431,913
"Ndufa3",370,326,248,433,483,438,473,473,495
"Ghitm",201,285,167,198,270,300,216,261,287
"Lsm7",77,62,50,39,32,17,34,38,38
"Lamtor4",463,323,408,600,921,639,523,618,872
"Chchd6",9,24,19,19,17,37,15,18,16
"Ppih",9,47,15,21,16,18,25,16,11
"Cxcl16",1144,2765,515,650,772,1211,1221,917,923
"Tceal6",0,1,0,0,0,0,0,0,0
"Ube2d3",463,753,328,239,322,326,301,309,347
"Smpx",0,0,0,0,0,0,0,0,0
"Wfdc21",18,33,7,0,3,1,3,16,4
"Ndufa9",286,321,195,293,255,293,247,332,311
"Tspan13",137,138,189,413,684,431,238,401,618
"Tmed3",261,340,201,481,582,640,522,508,577
"Mtarc1",0,1,0,0,0,1,0,0,0
"Apoa5",0,0,0,0,0,0,0,0,0
"Dnajc30",46,51,30,35,78,73,61,55,46
"Nat8f1",5,10,5,3,20,11,12,6,9
"Fmc1",32,33,39,50,74,67,95,59,74
"Sarnp",38,49,18,18,34,20,22,28,25
"Tomm6",242,342,271,206,280,260,218,237,262
"Fkbp11",9,12,3,5,10,7,16,7,13
"Chchd1",92,170,85,80,97,119,83,111,88
"1110006O24Rik",4,15,10,7,15,12,15,9,6
"Josd2",171,144,119,155,258,137,198,166,199
"Sf3b5",190,278,157,132,167,172,170,169,150
"Elof1",180,261,165,103,193,196,161,145,172
"Mrps36",48,32,34,22,13,23,40,30,24
"Prxl2c",2,4,0,5,16,22,5,6,8
"Tipin",28,37,31,35,17,60,20,51,40
"Prorp",38,41,22,16,38,33,43,27,37
"Polr1h",73,98,56,50,75,118,73,55,108
"Bud23",199,265,168,127,207,228,300,146,215
"Mymk",43,60,47,88,138,97,38,96,163
"Ska2",1,3,3,4,3,1,1,0,0
"Ifitm3",476,243,268,291,155,346,113,230,269
"Cox7b",536,518,344,508,475,402,411,541,493
"Eef1e1",69,117,51,23,17,45,25,27,22
"Atp6v1f",450,490,357,301,592,620,412,419,518
"Maco1",84,118,68,63,95,95,119,63,78
"Necap2",288,340,287,433,599,783,531,519,662
"Dnajc15",61,88,51,58,77,87,85,90,86
"Prr13",129,227,229,250,377,361,293,224,393
"Uqcr10",531,694,504,377,577,421,540,556,603
"Fbxo36",3,4,8,4,3,2,0,1,9
"Tmem14c",353,401,375,522,951,930,719,615,826
"Ufc1",240,294,250,172,196,198,193,227,208
"Anapc11",145,189,191,254,365,376,295,232,350
"Rtl8a",1,0,4,1,0,1,3,2,2
"Pop4",112,170,90,50,105,100,81,82,95
"Bola2",1014,1056,708,551,911,652,906,715,981
"Mrpl4",124,222,143,106,178,189,153,142,193
"Nip7",120,204,88,54,39,50,65,70,41
"Bccip",86,90,70,41,47,68,70,53,62
"S100a14",0,0,1,0,0,1,0,1,1
"Tma7",77,73,48,74,84,71,66,69,107
"Grina",955,1447,1077,1349,1235,1181,888,1044,1574
"Tomm7",376,319,215,268,300,297,293,274,353
"Chchd5",58,57,58,35,94,94,46,61,91
"Pgls",342,324,353,303,364,334,316,319,398
"Med11",93,120,91,118,140,154,126,120,160
"Nudt14",58,52,44,83,138,94,101,99,157
"Mustn1",2,3,4,3,5,9,9,1,2
"Nat9",86,95,69,48,125,85,119,100,122
"Ubl5",303,341,257,232,333,178,180,340,291
"Ogfod3",50,44,39,66,115,120,72,85,96
"P3h4",10,4,10,10,8,3,11,9,10
"Nop10",29,27,28,19,34,10,35,26,32
"Sptssb",0,0,0,0,0,0,0,0,0
"Rps4l",121,176,125,86,78,104,73,91,138
"Virma",112,138,71,106,116,125,85,76,124
"Acer3",245,289,260,254,365,356,270,327,364
"Ier3ip1",406,520,297,371,530,351,458,448,471
"Lage3",27,28,30,48,49,103,63,35,65
"Pithd1",97,150,98,62,138,138,107,102,98
"Pycr3",63,63,35,106,94,125,66,89,89
"Lce1g",1,0,0,0,0,0,0,0,0
"Myo19",49,47,16,20,17,30,22,11,14
"Cks2",2,7,2,5,0,4,1,4,2
"Them5",0,0,0,0,1,0,0,1,0
"Commd4",240,422,256,270,531,442,501,331,534
"Commd6",91,133,51,69,77,73,96,83,60
"Vta1",143,206,84,93,126,124,150,71,119
"1110059G10Rik",57,80,70,49,68,89,43,74,60
"Lce1m",0,0,0,0,0,0,0,0,0
"Acyp1",10,3,6,23,40,30,40,25,46
"Cd302",484,677,281,277,510,445,538,454,503
"1110059E24Rik",59,77,43,30,44,52,45,56,42
"Nenf",119,131,101,150,367,273,330,188,345
"Inip",102,157,51,76,125,89,99,71,83
"Rpl3l",0,0,3,0,0,0,0,0,0
"Sec61b",260,248,203,253,448,389,399,376,447
"Med7",222,321,148,98,194,203,196,159,238
"Rgcc",26,32,8,1,0,0,4,0,0
"Ndufb9",527,708,439,407,548,502,550,577,614
"Zdhhc12",184,214,206,132,181,185,172,182,196
"Serpinb1a",2,0,0,0,0,0,0,0,0
"Mrpl35",108,151,75,49,35,58,41,47,37
"Llph",74,111,55,24,38,46,70,39,39
"Trappc2",0,1,0,3,0,0,1,4,2
"Rpl7l1",221,333,174,128,164,232,218,216,226
"Mrps28",168,179,62,70,82,129,105,96,77
"Thoc7",80,89,72,67,50,81,70,88,65
"Dmap1",81,174,84,84,82,84,109,97,86
"Msmo1",73,79,49,46,76,91,57,68,79
"Eif1ax",141,175,74,40,126,124,106,88,84
"1500011B03Rik",21,36,31,14,52,38,33,28,27
"Atp6v1g2",8,7,6,16,22,15,17,13,21
"Kcne5",0,0,0,0,0,0,0,0,0
"Tmem9",29,50,33,40,86,103,82,52,87
"Mrps16",98,145,64,80,133,157,123,66,112
"Nemf",198,277,162,102,102,89,133,159,148
"Hspbp1",160,239,130,78,99,86,91,101,87
"Osgep",71,83,90,159,241,219,162,203,171
"Alg5",500,650,595,243,564,536,440,337,505
"Pno1",206,380,105,84,85,87,116,105,48
"Arfgap3",42,57,33,28,56,72,104,40,61
"Aig1",16,39,11,11,9,9,21,16,40
"Dimt1",38,50,13,14,20,31,21,23,26
"Hsbp1l1",0,0,0,0,0,0,0,2,0
"Ssr2",644,792,568,427,517,462,571,488,438
"Nicn1",5,2,11,9,40,15,19,17,14
"Mrps17",202,296,146,120,187,151,162,166,151
"Camk2n1",177,200,158,205,250,384,252,331,324
"Tmem54",0,0,0,0,0,1,0,0,2
"Tm4sf20",0,0,0,0,0,0,0,0,0
"Ing5",52,114,35,21,30,32,47,29,39
"1810014B01Rik",7,3,3,11,12,16,14,11,11
"Ccdc28b",101,137,146,125,167,222,201,181,218
"Eapp",59,81,47,43,55,67,60,65,66
"Pigyl",75,135,119,95,123,97,85,91,119
"Tmed6",0,5,0,0,0,0,0,0,1
"Retreg1",282,325,294,328,795,414,593,573,619
"Tmem126a",82,119,64,52,123,79,136,83,99
"Cox16",118,161,95,58,106,98,123,71,95
"Aamdc",33,38,18,30,35,43,38,34,59
"Lyrm9",23,22,21,32,45,42,38,35,24
"1810009A15Rik",146,128,82,115,156,185,159,152,143
"Klf15",2,3,3,1,5,2,1,3,1
"Smim20",80,185,94,52,84,72,62,73,75
"Tmem218",24,22,18,11,29,15,25,17,15
"Tma16",17,30,9,2,9,3,7,6,7
"Gkn1",0,0,0,0,0,0,0,0,0
"Gkn2",0,0,0,0,0,0,0,0,0
"Sec11c",319,459,319,488,840,764,845,775,670
"Mptx1",0,0,2,0,0,0,0,0,0
"Atp6v1g1",278,488,331,135,279,248,241,210,325
"Smim8",21,21,18,33,38,37,26,45,43
"Mrps21",89,95,97,130,119,81,89,146,148
"Snhg16",206,367,161,51,93,78,85,84,113
"Fam3a",63,42,54,114,196,150,161,104,172
"Haus2",14,19,9,6,9,7,10,8,18
"Pantr1",0,0,0,0,0,0,0,0,0
"Defa21",0,1,0,0,0,0,0,15,0
"Inafm1",288,567,257,129,234,172,189,143,234
"Rmdn1",45,58,77,74,92,59,60,72,64
"Fam53c",31,69,32,39,56,48,88,51,61
"Isoc1",45,84,43,42,62,54,80,86,58
"Mplkip",18,24,27,39,62,42,79,60,58
"Tmem128",168,255,130,89,88,101,82,78,75
"Dpy30",35,74,36,30,57,82,47,49,74
"Cenpw",15,22,8,5,8,10,5,14,14
"Smurf2",307,420,209,144,332,180,258,225,345
"Tpd52l2",191,261,156,106,135,205,191,149,156
"Senp7",27,23,26,29,75,33,41,49,50
"Skic8",64,76,52,31,77,91,97,61,59
"Tmem208",400,423,412,345,584,546,443,391,528
"Krt88",0,0,0,0,0,0,0,0,0
"1700001K19Rik",0,0,0,0,0,0,0,0,0
"Dnajc5b",0,0,0,0,0,0,0,0,0
"Scp2d1",0,0,0,0,0,0,0,0,0
"Susd3",83,95,135,418,690,609,473,490,619
"1700020L24Rik",2,7,4,0,1,1,0,0,7
"1700018B24Rik",0,0,0,0,0,0,0,0,0
"Aqp11",0,1,0,0,0,3,1,2,3
"Atp6v1c1",251,328,263,322,521,477,341,478,468
"Cenpp",2,0,0,5,6,6,0,2,3
"Fam229b",1,1,2,0,2,1,1,0,0
"Cdrt4",0,0,0,0,0,0,0,0,0
"Psenen",86,95,96,105,98,36,76,97,94
"Eid3",4,7,6,1,2,0,1,2,2
"Tmem177",30,61,17,26,41,47,29,44,30
"Lce3b",0,0,0,0,0,0,0,0,0
"Ndufb11b",0,0,0,0,0,0,0,0,0
"Dmac2",95,135,123,95,137,158,126,113,122
"Pla2g12a",90,119,56,48,43,81,77,55,43
"Blzf1",18,50,33,27,31,19,33,28,21
"Riiad1",8,22,1,1,8,8,1,7,8
"Snw1",335,547,309,260,329,251,293,327,328
"Gmpr",44,74,88,108,96,103,89,110,82
"Knop1",177,258,200,150,231,179,168,184,179
"Ostc",217,221,186,219,373,339,332,318,284
"Adprm",30,76,30,31,58,62,42,47,39
"Cox20",143,139,91,122,123,118,122,134,133
"Zfand1",5,3,9,10,5,15,12,6,5
"Exosc3",82,159,52,46,73,83,68,66,80
"Pigbos1",27,28,24,48,77,56,53,93,62
"Ccdc90b",24,30,28,33,60,69,39,37,56
"Ergic3",305,319,212,324,336,415,264,411,485
"2310022A10Rik",35,69,39,28,45,74,36,27,31
"Rtca",163,274,140,97,103,109,147,129,131
"Dus2",45,51,46,48,59,65,55,38,43
"Chmp4c",0,0,0,0,0,0,0,0,0
"Lsm5",2,2,3,2,1,3,1,2,3
"2310011J03Rik",175,307,135,84,166,111,138,103,174
"Dhrs7",144,154,156,150,229,216,257,219,220
"Ndufc1",150,146,93,120,117,123,121,137,97
"Cox14",171,230,125,169,371,281,335,235,286
"Krtap3-3",0,0,0,0,0,0,0,0,0
"Rnf113a2",60,72,52,30,77,74,58,46,88
"Iscu",108,131,92,109,97,73,57,131,130
"Srp19",229,270,158,129,185,151,183,176,150
"Ppp1r7",102,145,111,72,110,128,103,93,135
"Nudt8",45,71,32,39,80,45,28,31,72
"Cutc",29,38,21,13,34,19,9,25,17
"Prelid3b",147,343,114,118,168,186,136,139,160
"Zbtb11os1",42,32,50,13,13,20,26,16,53
"Prl2b1",0,0,0,0,0,0,0,0,0
"Nosip",219,224,278,165,237,206,172,224,213
"Ahnak",0,6,0,2,0,0,0,0,2
"Ccdc82",104,118,128,114,103,98,83,123,106
"Sar1b",242,281,214,141,235,260,169,205,223
"Commd5",128,145,79,103,144,114,127,112,133
"Tsfm",42,47,30,25,21,56,45,30,41
"Alkbh7",51,43,64,76,89,85,66,55,79
"Nudt2",15,15,9,12,30,37,32,25,13
"Sln",0,0,0,0,0,0,0,0,0
"Asf1a",58,66,51,69,66,49,40,53,72
"Rtf2",397,660,374,215,305,288,254,309,311
"Mcts2",44,65,41,21,38,51,33,45,43
"Sac3d1",114,150,88,61,62,107,133,77,96
"Mrps15",116,164,109,228,292,241,249,206,310
"Aptx",47,95,56,25,40,36,36,65,58
"Rsl1d1",349,536,205,116,121,164,251,157,152
"Mterf3",94,176,68,61,84,77,95,68,63
"Tbcb",373,486,275,309,389,367,373,325,366
"Arrdc4",80,146,95,36,65,49,79,75,62
"Psmd6",329,440,178,131,159,275,217,178,187
"Ndufa12",149,160,110,73,73,131,110,136,84
"Ndufa7",396,391,318,421,413,351,350,399,477
"Mrpl11",125,219,89,80,89,124,107,94,102
"Polr2e",244,252,276,265,232,270,229,307,301
"2410004B18Rik",104,164,79,54,95,126,109,106,71
"Dctpp1",147,138,185,252,271,250,150,231,284
"Coprs",27,36,22,28,51,102,51,33,58
"Pcp4l1",7,4,2,0,2,2,1,2,1
"Cyb5b",128,289,71,73,122,140,153,113,86
"Oxld1",36,46,28,28,124,50,48,46,88
"Slc7a6os",59,93,36,52,32,63,38,50,35
"Chchd7",55,106,82,74,83,87,95,82,106
"Uggt2",12,15,1,7,7,2,1,1,4
"Fis1",264,255,254,217,254,238,203,197,330
"Hamp2",0,0,0,0,0,0,0,0,0
"Borcs7",91,92,103,97,94,100,82,96,115
"Cdc26",20,12,19,9,13,5,14,23,16
"Magohb",67,66,62,15,17,32,16,28,22
"Spc25",11,2,0,8,8,9,3,7,21
"Tnfaip8l1",0,2,1,2,0,3,0,3,13
"Cyc1",536,749,413,322,438,514,533,407,461
"Exosc7",48,73,36,40,56,71,57,45,49
"Mgst3",5,9,17,14,26,30,32,23,17
"Mrpl20",227,301,186,148,171,221,206,216,211
"Pam16",156,213,105,76,165,141,110,108,156
"2610528J11Rik",0,0,0,0,0,0,0,0,0
"Nmnat1",14,22,11,7,6,14,18,16,17
"Cnpy4",46,42,28,67,87,73,80,78,52
"2810001G20Rik",3,8,8,4,9,1,6,3,4
"2810002D19Rik",5,9,7,9,18,13,19,1,21
"Pyurf",27,33,19,15,29,30,14,23,32
"Sys1",351,517,344,352,438,396,397,350,520
"Rhox4g",0,0,0,0,0,0,0,0,0
"Rhox4a",0,0,0,0,0,0,0,0,0
"Ptpmt1",311,491,281,128,213,286,227,197,284
"Rhox4d",0,0,0,0,0,0,0,0,0
"4921533I20Rik",0,0,0,0,0,0,0,0,0
"Rex1bd",361,465,329,301,339,187,238,374,346
"Taf12",45,75,40,52,41,79,90,53,58
"Gtf2h5",159,149,118,103,98,92,133,111,98
"Ska1",0,1,0,13,2,14,0,5,1
"Prxl2b",47,33,41,119,130,143,137,88,163
"A530088E08Rik",23,21,23,32,61,31,28,26,56
"Anp32e",177,240,106,65,71,79,71,101,72
"Ctrb1",0,0,0,0,0,0,0,0,0
"Rps23",1828,1969,1396,994,1209,793,1028,1194,1324
"Atp5mk",167,154,101,109,101,86,88,139,119
"Gm44505",0,0,0,0,0,0,0,0,0
"LOC664787",0,0,0,0,0,0,0,0,0
"1700029F12Rik",0,0,0,0,0,0,0,0,0
"Gm7340",0,0,0,0,0,0,0,0,0
"Zp4-ps",0,0,0,0,0,0,0,0,0
"Ctcfl",0,0,0,0,0,0,0,0,0
"Rpl15",84,68,77,63,81,67,47,85,78
"Gm7347",0,0,0,0,0,0,0,0,0
"Skor2",0,0,0,0,0,0,0,0,0
"Rps21",3633,3700,3572,3040,4298,2685,3429,3557,4561
"Exoc2",97,182,100,39,76,86,65,60,66
"Gm7356",0,0,0,0,0,0,0,0,0
"Slx",0,0,0,0,0,0,0,0,0
"Rpl36al",212,234,166,179,160,153,167,186,163
"Gm7358",0,0,0,0,0,0,0,0,0
"Gm7361",0,0,0,0,0,0,0,0,0
"664844",0,0,0,0,0,0,0,0,0
"Gm7367",2,6,2,1,9,6,3,2,6
"Gm7375",0,0,0,0,0,0,0,0,0
"Gpr137b-ps",38,89,72,81,69,88,64,103,96
"Uqcc5",90,99,116,74,112,74,118,98,95
"Gm7385",0,0,0,0,0,0,0,0,0
"Gm7386",0,0,0,0,0,0,0,0,0
"Fam136a",22,34,13,18,18,11,13,22,14
"Nova1",13,30,26,36,63,40,58,39,68
"Rpl35",2134,2363,2165,1416,2299,1326,1667,1669,2292
"Gm7391",0,0,0,0,0,0,0,0,0
"Gm13215",10,7,5,2,13,4,7,5,6
"Rps15a-ps4",1,4,3,2,0,1,7,3,3
"Polr2l",152,92,84,73,54,49,55,86,53
"Zmat2",138,123,103,81,123,96,80,100,106
"Gm7408",0,0,0,0,0,0,0,0,0
"664924",0,0,0,0,0,0,0,0,0
"Mrpl51",87,79,64,47,120,84,93,93,97
"Prelid1",296,293,277,221,301,439,300,280,347
"Gm7415",0,0,0,0,0,0,0,0,0
"Ndufb3",114,138,101,135,179,135,175,173,212
"Ppdpf",29,69,67,53,106,67,83,73,87
"Tmem238",13,8,3,16,27,16,16,8,14
"Gm7429",3,3,0,0,1,2,1,2,0
"Cmss1",12,19,20,8,9,14,16,9,6
"Dda1",274,368,183,173,160,212,219,179,189
"Gm14393",0,0,0,0,0,0,1,0,0
"Gm7438",0,0,0,0,0,0,0,0,0
"Isoc2a",20,21,5,12,38,31,19,19,32
"Slc30a7",131,223,102,138,200,178,136,110,157
"Gm14391",0,0,0,0,0,0,0,0,0
"Gm53176",0,0,0,0,0,0,0,0,0
"Gm7444",0,0,0,0,0,0,0,0,0
"1700029H14Rik",0,0,0,0,0,0,0,0,0
"Gm12704",3,5,2,1,3,1,1,1,3
"1810034E14Rik",1,14,3,1,1,6,3,3,1
"Col6a5",0,0,0,0,0,0,0,0,0
"Gm7457",0,0,0,0,0,0,0,0,0
"Zmynd11",118,183,100,144,226,195,193,193,237
"Gm7467",0,0,0,2,1,3,1,1,0
"Psmg3",99,198,118,52,108,117,160,98,103
"Lamtor1",243,349,238,253,358,536,404,388,493
"Cyp2j8",0,0,0,0,0,0,0,0,0
"Gm7489",0,0,0,0,0,0,0,0,0
"Rnf181",150,205,176,173,261,249,287,194,267
"Chtop",256,382,194,163,251,204,191,192,249
"Tnik",0,5,0,0,0,0,0,0,3
"Sec14l5",0,0,0,0,0,0,0,0,0
"Tab1",54,75,100,66,106,92,63,73,74
"665137",1,2,0,2,1,2,3,3,5
"Asrgl1",15,27,13,3,12,19,16,9,12
"Cul7",30,45,20,21,40,41,38,30,27
"Vmn1r57",0,0,0,0,0,0,0,0,0
"Srp54b",1,0,2,1,0,0,2,2,4
"Btf3-ps11",0,0,0,0,0,0,0,0,0
"Gm11543",0,0,0,0,0,0,0,0,0
"Clec2l",8,5,1,2,1,2,0,4,7
"Gm11964",1,5,10,6,3,5,5,9,5
"Zpld2",0,0,0,0,0,0,0,0,0
"Gm7538",0,0,0,0,0,0,0,0,0
"Smim30",131,142,109,83,111,96,117,96,101
"Zfp1003",0,0,0,0,0,0,0,0,0
"Rwdd1",32,37,28,15,20,13,18,23,28
"Vmn2r91",0,0,0,0,0,0,0,0,0
"Gm14326",4,9,0,10,4,2,1,6,2
"Pgpep1",40,44,38,19,46,54,25,45,79
"Vmn2r94",0,0,0,0,0,0,0,0,0
"Fsaf1",14,16,20,43,16,40,28,24,29
"Gm7546",0,0,0,0,0,0,0,0,0
"Gm7550",0,0,0,0,0,0,0,0,0
"Timm50",195,250,136,121,88,82,106,118,97
"Vmn2r28",0,0,0,0,0,0,0,0,0
"Tceanc2",87,160,92,89,128,150,135,100,140
"1600029O15Rik",0,0,0,0,0,0,0,1,0
"Plb1",0,0,0,0,0,0,0,0,0
"Gm7562",0,0,0,0,0,0,0,0,0
"Gm20772",0,0,0,0,0,0,0,0,0
"Smim5",0,1,0,0,0,0,0,1,0
"LOC665290",0,0,0,0,0,0,0,0,0
"Ubxn6",232,285,215,124,188,218,177,161,215
"Gm20773",0,0,0,0,0,0,0,0,0
"3930402G23Rik",4,25,8,2,3,2,0,2,4
"Cmc2",17,19,38,50,67,58,49,96,85
"Rep15",0,3,0,0,0,2,1,0,1
"Kplce",0,0,0,0,0,0,0,0,0
"Gm7589",3,4,2,4,5,2,3,4,7
"Gm7591",0,0,0,0,0,0,0,0,0
"665338",0,0,0,0,0,0,0,0,0
"665343",0,0,0,0,1,0,0,2,2
"Nipsnap3b",100,156,78,63,59,98,65,76,62
"Pomp",545,530,429,484,484,667,521,562,575
"Vmn2r99",0,0,0,0,0,0,0,0,0
"Gm7609",0,0,0,0,0,0,0,0,0
"Rps19bp1",71,96,50,57,65,74,98,62,64
"Gm7614",0,0,0,0,0,0,0,0,0
"Gm7616",0,0,0,0,0,0,0,0,0
"Fam107b",27,48,19,28,38,27,26,32,42
"665402",0,2,0,0,0,0,0,0,0
"Immp1l",37,33,22,32,30,20,35,17,31
"665413",0,0,0,0,0,0,0,0,0
"H2ac23",4,1,3,8,7,5,10,10,4
"Gm7634",0,0,0,0,0,0,0,0,0
"Rps12-ps12",0,0,0,0,0,0,0,0,0
"Adamtsl5",2,1,0,0,0,0,0,0,0
"Aggf1",92,167,82,50,91,61,59,79,77
"Gm7664",0,0,0,0,0,0,0,0,0
"Sppl2a",759,1130,396,903,885,797,925,1054,921
"BC080696",0,0,0,0,0,0,0,0,0
"Rps12-ps15",0,1,0,0,0,0,0,0,0
"Vmn1r224",0,0,0,0,0,0,0,0,0
"665551",0,0,0,0,0,0,0,0,0
"665556",0,0,1,1,1,1,1,0,1
"Drap1",555,745,500,374,501,451,431,461,578
"Rpl31-ps12",1,1,0,1,0,0,2,1,3
"Mthfd2l",4,1,1,0,1,1,3,4,2
"Bpifb2",0,0,0,0,0,0,0,0,0
"Gm7694",6,11,6,11,19,28,21,7,22
"Potefam3d",0,0,0,0,0,0,0,0,0
"Rps12-ps13",1,0,0,0,0,1,0,0,0
"Metap1d",223,251,170,167,210,238,213,243,252
"H2bc23",1,0,0,0,0,0,0,0,0
"Teddm3",0,0,0,0,0,0,0,0,0
"Gm7710",119,174,166,83,91,70,84,114,178
"Rps12-ps14",0,0,0,0,0,0,0,0,0
"Smr2l",0,0,0,0,0,0,0,0,0
"H2bc24",0,0,0,0,0,0,0,0,0
"Gm14486",0,2,3,0,0,2,2,3,0
"665649",15,19,8,11,17,4,3,11,8
"Gm7732",0,0,0,0,0,0,0,0,0
"Ntpcr",194,132,301,848,1619,1504,1210,997,1691
"Gm7736",0,0,0,0,0,0,0,0,0
"Gm7742",0,0,0,0,0,0,0,0,0
"Rwdd3",8,30,8,8,6,5,3,14,7
"Ppp1r2-ps2",0,0,0,0,0,0,0,0,0
"Gm20777",0,0,0,0,0,0,0,0,0
"665689",3,11,3,5,0,3,1,4,3
"Gdpd1",33,65,24,10,46,23,61,26,20
"Cenpm",2,0,0,13,2,14,5,5,14
"Hmcn2",1,3,2,0,0,0,0,0,0
"665729",0,0,0,0,0,0,0,0,0
"Dzip1",0,0,0,0,4,0,0,1,1
"Gm7762",0,0,0,0,0,0,0,0,0
"LOC665755",0,0,0,0,0,0,0,0,0
"Uqcrh",334,390,267,301,459,437,280,362,390
"Gsdmcl2",0,0,0,0,0,0,0,0,0
"Bod1l",180,285,128,188,179,131,163,193,213
"Mis18a",38,44,44,31,34,48,29,36,23
"Zscan4b",0,0,0,0,0,0,0,0,0
"665783",0,1,1,1,0,0,0,0,0
"Gm7789",0,0,0,0,0,0,0,0,0
"Esf1",114,174,56,45,37,43,41,58,67
"Pramel35",0,0,0,0,0,0,0,0,0
"665820",0,0,0,0,0,0,0,0,0
"665825",0,0,0,0,0,0,0,0,0
"Gm10654",1,28,1,1,3,1,7,4,0
"Exosc1",199,354,125,57,56,114,120,105,74
"Gm7819",0,0,0,0,0,0,0,0,0
"Zscan4e",0,0,0,0,0,0,0,0,0
"Snrnp40",54,84,32,39,41,73,59,56,45
"Crls1",77,160,49,41,40,52,61,41,41
"Fastk",124,241,101,74,91,101,97,114,105
"Cmpk1",162,176,110,104,93,141,143,165,159
"Ube2v1",0,32,4,1,0,0,0,1,4
"Krtap4-1",0,0,0,0,0,0,0,0,0
"665892",0,0,0,0,0,0,0,1,0
"Farsa",259,429,161,134,155,225,156,169,140
"Zscan4f",0,0,0,0,0,0,0,0,0
"Gm7846",1,2,0,1,0,0,0,1,0
"Mad2l1bp",43,92,65,39,79,77,59,62,50
"Stoml2",47,44,40,36,52,63,58,31,69
"Defa42",0,0,0,0,0,0,0,2,0
"665928",0,0,0,0,0,0,0,0,0
"Diablo",119,187,130,92,111,142,135,106,93
"Rplp2-ps1",0,0,0,0,0,0,0,0,0
"Gm7854",0,1,0,0,3,3,0,1,6
"Uqcr11",415,413,419,571,595,480,537,530,655
"Pramel55",0,0,0,0,0,0,0,0,0
"Aste1",26,60,24,11,12,8,11,16,7
"Defa43",0,0,0,0,0,0,0,0,0
"Gtf3a",130,199,153,104,127,113,134,180,156
"Uba52-ps1",5,4,6,4,3,0,0,2,2
"Trim13",13,37,21,7,10,7,10,15,7
"Vmn2r-ps129",0,1,0,0,0,0,0,0,0
"Pphln1-ps1",19,32,16,8,12,13,12,16,2
"665981",0,0,0,0,0,0,0,0,0
"Rdm1",26,34,45,60,51,32,41,35,57
"Krtap4-8",0,0,0,0,0,0,0,0,0
"Krtap4-9",0,0,0,0,0,0,0,0,0
"Vmn2r114",0,0,0,0,0,0,0,0,0
"Gm7889",0,0,0,0,0,0,0,0,0
"Tmigd1",0,0,0,0,0,0,0,3,0
"Oip5os1",11,13,2,13,13,12,28,18,14
"Gm7897",0,0,0,0,0,0,0,0,0
"Gemin2",15,30,13,15,8,15,11,25,6
"Gm7902",0,0,0,1,0,0,0,0,0
"Pramel3b",0,0,0,0,0,0,0,0,0
"Gm7904",0,1,1,0,0,0,0,0,0
"Trabd2b",0,0,0,0,0,1,0,0,0
"Gm13058",0,0,0,0,0,0,0,0,0
"1700017N19Rik",0,0,0,0,0,0,0,0,0
"Lrrc57",37,75,34,24,40,42,27,42,36
"Frmpd1",0,2,0,0,0,0,0,0,0
"Ms4a4d",0,1,0,0,1,0,0,0,0
"666077",0,0,0,0,0,0,0,0,0
"Vmn2r54",0,0,0,0,0,0,0,0,0
"Cryzl1",52,44,43,40,36,46,47,36,42
"Gm14594",0,0,0,0,0,0,0,0,0
"Abi3",848,842,1184,1812,2296,2509,1567,2127,2426
"Gm7932",0,0,0,0,0,0,0,0,0
"Gm14623",0,0,0,0,0,0,0,0,0
"Ribc1",7,3,2,3,4,6,3,1,11
"Ormdl3",53,109,63,80,143,127,120,67,102
"Gm14595",0,0,0,0,0,0,0,0,0
"666133",0,0,0,0,0,0,0,0,0
"Gm14590",0,0,0,0,0,0,0,0,0
"Gpatch4",176,242,87,47,67,71,99,80,37
"Armh2",0,0,0,0,0,0,0,0,0
"Atg4b",75,193,115,83,129,136,141,99,104
"Gm7950",0,0,0,0,0,0,0,0,0
"Snx9",2,10,5,7,8,3,9,3,7
"Gm7958",0,0,0,0,0,0,0,0,0
"Cyp4a31",0,0,0,0,0,0,0,0,0
"666169",0,0,0,0,0,0,0,0,0
"Ntmt1",162,214,126,55,72,65,82,51,58
"Gm7964",4,2,0,1,2,0,0,2,1
"Vps13b",55,77,57,46,77,47,68,63,65
"Snrnp27",114,162,80,45,105,105,70,70,100
"Gm15080",0,0,0,0,0,0,0,0,0
"Gm7969",0,0,0,0,0,0,0,0,0
"Gm7970",0,0,0,0,0,0,0,0,0
"Pramel49",0,0,0,0,0,0,0,0,0
"Gm7972",0,0,0,0,0,0,0,0,0
"Gm7977",0,0,0,0,0,0,0,0,0
"Pramel50",0,0,0,0,0,0,0,0,0
"Gm7980",0,0,0,0,0,0,0,0,0
"Pramel54",0,0,0,0,0,0,0,0,0
"Gm7984",1,8,2,2,1,5,4,2,1
"1700049E17Rik1",0,0,0,0,0,0,0,0,0
"Ubr7",71,112,60,75,47,86,71,85,76
"Gm7995",0,0,0,0,0,0,0,0,0
"Spcs2",360,404,275,337,695,758,796,542,581
"Tmsb15b1",1,0,1,0,0,0,1,3,2
"Pnisr",164,269,106,222,330,208,290,271,297
"Gm8005",0,0,0,0,0,0,0,0,0
"Zfp660",0,0,0,1,0,0,0,0,0
"666259",0,0,0,0,0,0,0,0,0
"Cdip1",97,179,120,76,99,125,83,100,115
"Ogfod2",57,75,67,68,59,69,70,66,66
"Gm8016",0,0,0,0,0,0,0,0,0
"Dspp",0,0,0,0,0,0,0,0,0
"Thg1l",0,0,0,1,0,1,1,2,1
"Golph3",58,80,52,24,53,50,38,36,43
"666295",21,62,22,15,37,28,36,31,45
"666298",0,0,0,0,0,0,0,0,0
"Mfsd14b",79,118,51,77,124,131,101,84,91
"Zscan25",0,1,0,2,0,0,0,0,0
"Prl2c1",0,0,0,0,0,0,0,0,0
"Dph6",45,77,46,43,39,33,25,53,52
"Gm3317",0,0,0,0,0,0,0,0,0
"LOC666331",0,0,0,0,0,0,0,0,0
"Muc17",0,0,0,0,0,0,0,0,0
"Mcm8",8,4,1,12,21,22,7,22,15
"Apol7e",0,0,0,0,0,0,0,0,0
"Gm13232",0,0,0,0,0,0,0,0,0
"Tsen15",30,67,39,62,54,70,48,70,66
"Gm8066",1,0,0,0,1,0,1,0,0
"Gm8068",0,0,0,0,0,0,0,0,0
"Gm8069",1,2,0,0,0,0,0,0,0
"Gm8075",0,0,0,0,0,0,0,0,0
"Gm13237",0,0,0,0,0,3,1,0,1
"Sike1",32,60,36,17,23,35,30,61,53
"Ctnnbl1",102,190,91,49,80,90,79,50,100
"Gm8094",0,0,0,0,0,0,0,0,0
"Gm8096",0,0,0,0,0,0,0,0,0
"Lix1",7,3,0,2,2,1,2,3,3
"666445",0,0,0,0,0,0,0,0,0
"666448",3,12,13,2,4,3,3,8,13
"Pspc1",42,90,55,47,56,50,35,51,29
"Rpe",32,45,30,39,26,27,17,27,39
"Atg4a",15,36,14,5,23,17,12,11,26
"Nsmce3",89,124,84,90,99,140,116,111,105
"Gm13167",0,0,0,0,0,0,0,0,0
"Tpgs2",23,49,42,28,30,32,28,39,49
"Gm8127",0,0,0,0,0,0,0,0,0
"666498",0,0,0,0,0,0,0,0,0
"Nepn",0,0,0,0,0,0,0,0,0
"Gm8137",0,0,0,0,0,1,0,1,1
"666502",0,0,0,0,0,0,0,0,0
"Tmem249",0,0,0,1,0,0,0,0,4
"Gm11787",0,0,1,1,0,0,0,0,0
"Gm13160",0,0,0,0,0,0,0,0,0
"Zfp541",0,0,0,0,0,0,0,2,5
"Brf2",21,65,22,24,14,9,14,13,26
"Zfp991",38,66,31,48,55,48,44,57,54
"Tex12",0,0,0,0,0,0,0,0,0
"Gm15197",2,1,4,3,1,5,4,3,4
"Gm8158",3,3,0,0,0,2,3,2,1
"Gm8159",0,0,0,0,0,2,0,0,0
"Eef1d",533,571,330,356,415,311,332,361,475
"Gm8165",0,0,0,0,0,0,0,0,0
"Gm13144",0,0,0,0,0,0,0,0,0
"Ccdc51",20,34,25,34,50,42,44,39,46
"Gm8179",0,0,0,0,0,0,0,0,0
"Acp6",76,96,41,75,132,179,193,114,120
"Sltm",334,472,154,170,191,198,286,260,207
"Srp72",236,356,195,156,235,191,196,224,216
"Fbxl12os",1,1,1,0,5,0,3,4,3
"Uba5",172,209,111,171,244,232,315,262,250
"Gm8203",11,10,7,20,11,13,21,22,15
"Tmem41a",57,75,52,35,66,62,78,49,91
"Gm8210",0,3,0,0,2,1,0,1,0
"Gm12115",30,39,16,19,32,40,18,14,29
"Gm8212",0,0,0,0,0,0,0,0,0
"Gm8213",0,1,0,0,4,1,1,2,1
"Msantd3",0,0,0,0,0,0,0,0,0
"Gm8220",0,0,0,0,0,0,0,0,0
"Gm8221",0,0,0,0,0,0,0,1,0
"Gm8225",2,5,0,0,0,0,0,2,0
"Hspbap1",19,24,26,26,42,36,26,28,47
"Gm8229",0,0,0,0,0,0,0,0,0
"Gm8232",0,0,0,0,0,0,0,0,0
"Gm8234",0,2,0,0,0,0,0,0,0
"666693",13,7,11,9,9,8,13,9,2
"Samd1",62,42,80,129,131,125,94,92,122
"Gm8246",0,0,0,0,0,0,0,0,0
"Ccnh",83,128,74,44,90,76,101,72,66
"Gm8256",0,0,0,0,0,0,0,0,0
"Sorcs3",0,2,0,0,0,0,0,0,0
"Trim43c",0,0,0,0,0,0,0,0,0
"4632427E13Rik",5,0,2,0,1,3,4,7,2
"Gm8264",0,0,0,1,0,0,0,0,0
"Spryd7",53,167,62,15,27,6,30,34,37
"Gm8267",0,0,0,0,0,0,0,0,0
"Trim43b",0,0,0,0,0,0,0,0,0
"Gm8271",0,0,0,0,1,0,0,0,0
"Gm8273",8,21,10,8,15,6,6,13,9
"Tmed7",301,413,262,319,370,222,362,296,278
"Gm8279",0,0,0,0,0,0,0,0,0
"Gm8281",0,0,0,0,0,0,0,0,0
"Gm8282",0,0,0,0,0,0,0,0,0
"Rae1",177,275,142,111,150,119,139,129,132
"Gm8290",0,0,0,0,6,0,0,0,0
"Rbm24",0,0,0,0,0,0,0,0,0
"Oser1",5,4,4,3,1,5,4,4,5
"Gm8297",0,0,0,0,0,0,0,0,0
"Aadacl2fm3",0,0,0,0,0,0,0,0,0
"Eif1ad8",0,0,0,0,0,0,0,0,0
"Pgm2",25,33,20,30,21,47,28,30,26
"Trappc5",341,538,283,144,125,149,160,142,198
"Gm8317",0,0,1,1,1,0,1,0,1
"Tceal8",48,72,43,22,72,54,48,54,66
"Gm14692",0,0,0,0,0,0,0,0,0
"Dcbld1",1,4,0,1,0,1,0,0,0
"Eif1ad10",0,0,0,0,0,0,0,0,0
"Tbc1d15",81,101,108,47,71,28,61,74,72
"Klhl28",11,27,8,24,32,15,20,18,18
"666890",0,0,0,0,0,0,0,0,0
"Gm12191",8,7,4,5,6,4,2,6,16
"Tmem186",62,101,32,28,36,41,40,38,39
"Ms4a4a",13,12,3,3,0,5,7,6,3
"Gapvd1",177,302,156,204,267,247,365,358,272
"Gm8359",0,0,0,0,0,0,0,0,0
"Gm8362",0,0,0,0,0,0,0,0,0
"Gm8363",0,0,0,0,0,0,0,0,0
"Gm12886",0,0,0,0,0,0,0,0,0
"Gm8369",15,79,24,4,5,7,13,4,3
"Gm12887",0,0,0,0,0,0,0,0,0
"Gm10573",0,0,0,0,0,0,0,0,0
"Bend4",0,1,0,0,0,3,0,0,0
"Uqcrfs1",335,463,223,189,314,291,306,324,319
"Gm10638",2,5,0,4,4,3,1,2,0
"Aspn",0,0,0,0,0,0,0,0,0
"666955",0,0,0,0,0,0,0,1,0
"Snx31",0,0,0,0,0,0,0,0,0
"Chmp3",133,234,142,144,161,150,191,186,172
"Spryd4",25,48,29,13,54,39,23,25,26
"Gm14730",0,0,0,0,0,0,0,0,0
"Pnp2",9,1,16,5,12,10,5,5,6
"Rps27a-ps3",120,148,74,58,83,63,77,78,80
"Rbm4b",8,11,2,12,13,14,7,15,15
"Dnase1l2",10,32,23,28,36,28,48,42,23
"Unc93a2",0,0,0,0,0,0,0,0,0
"Ndufaf3",99,67,76,74,148,96,93,115,107
"Vmn2r5",0,0,0,0,0,0,0,0,0
"667062",0,0,0,0,0,0,0,1,1
"Gm8439",0,0,0,0,0,0,0,0,0
"Vmn1r91",0,0,0,0,0,0,0,0,0
"Vmn2r6",0,0,0,0,0,0,0,0,0
"Nkapl",16,15,17,7,15,4,8,15,9
"Krtap3-2",0,0,0,0,0,0,0,0,0
"4921507G05Rik",0,0,0,0,0,0,1,0,0
"Gm8451",34,13,17,14,18,13,9,28,30
"Vmn1r252",0,0,0,0,0,0,0,0,0
"667102",0,0,0,0,0,0,0,0,0
"Gm13570",2,0,2,3,1,1,0,1,2
"Sbds",142,289,137,61,89,141,96,130,87
"Gm8465",0,0,0,0,4,0,0,0,0
"Zbed6",27,58,13,20,30,6,30,38,8
"Spesp1",0,0,0,0,0,0,0,0,0
"667127",0,0,0,0,0,0,0,0,0
"Vmn1r103",0,0,0,0,0,0,0,0,0
"Actr2",631,801,413,461,483,410,460,510,490
"Vmn1r104",0,0,0,0,0,0,0,0,0
"4921524J17Rik",34,59,49,13,27,26,23,34,18
"667148",0,0,1,0,0,0,1,0,1
"Henmt1",0,1,0,0,3,0,0,0,0
"Ccer1",0,0,0,0,0,0,0,0,0
"Ccdc96",1,0,1,0,2,0,0,0,0
"Vmn2r20",0,0,0,0,0,0,0,0,0
"4921522P10Rik",0,0,0,0,0,0,0,0,1
"Vmn1r128",0,0,0,0,0,0,0,0,0
"Klhl10",0,1,0,0,2,0,0,0,0
"Gm8512",1,0,0,0,0,0,0,0,0
"Gm10416",0,0,1,0,0,1,0,0,0
"9930111J21Rik1",6,3,2,4,5,1,1,2,0
"Vmn1r125",0,0,0,0,0,0,0,0,0
"Spag16",0,0,0,0,0,0,0,0,0
"Gm8526",2,0,0,1,0,0,0,1,3
"Tab3",23,43,12,20,9,4,8,14,24
"Vmn1r121",0,0,0,0,0,0,0,0,0
"Lrrk2",0,0,0,0,0,1,0,1,0
"H3f5",1,0,0,1,1,2,1,1,2
"667253",0,1,0,0,0,0,0,0,2
"Samt1b",0,0,0,0,0,0,0,0,0
"Vmn1r118",0,0,0,0,0,0,0,0,0
"Vmn1r117",0,0,0,0,0,0,0,0,0
"Vmn1r116",0,0,0,0,0,0,0,0,0
"Plaat5",1,1,0,0,0,0,0,0,0
"Or5b105",0,0,0,0,0,0,0,0,0
"Vmn1r115",0,0,0,0,0,0,0,0,0
"Gm8550",0,0,0,0,0,0,0,0,0
"C1rb",0,0,0,0,0,0,0,0,0
"H60b",0,2,0,0,0,0,0,0,0
"Gm8556",0,0,0,0,0,0,0,0,0
"Ankrd61",0,2,0,0,0,0,0,0,0
"Vmn1r111",0,0,0,0,0,0,0,0,0
"Gm12947",0,0,0,0,0,0,0,0,0
"4921531C22Rik",8,4,1,4,8,4,3,5,4
"667307",0,0,0,0,0,0,0,0,0
"Ccdc202",0,0,0,0,0,0,0,0,0
"Kcng4",1,0,0,0,0,0,0,0,0
"Gm8577",0,0,0,0,0,0,3,0,0
"Gm8579",0,0,0,0,0,0,0,0,0
"Gm8580",0,1,0,0,0,0,0,0,0
"Map1lc3a",49,114,119,80,83,66,47,75,109
"Gm8587",0,0,0,0,0,0,0,0,1
"Emc2",95,96,76,69,102,51,77,89,96
"Ifit3b",12,44,4,52,12,58,9,41,30
"Ifit1bl1",0,11,4,33,8,17,7,13,43
"Spin2-ps2",0,0,0,0,0,0,0,0,0
"Gm8603",0,0,0,0,0,0,0,0,0
"Xlr4d-ps",0,0,0,0,0,0,0,0,0
"Jkampl",0,0,0,0,0,0,0,0,0
"Vmn1r135",0,0,0,0,0,0,0,0,0
"Gm8615",2,2,1,2,9,4,1,9,4
"Gm8618",4,7,0,0,6,1,3,1,2
"Cypt1",0,0,0,0,0,0,0,0,0
"Gm16443",0,0,0,0,0,0,0,0,0
"Gm8623",22,26,19,15,18,13,15,12,16
"Rnf220",292,596,353,207,215,294,216,221,318
"Igkv17-121",0,0,0,0,0,0,0,0,0
"Gm8633",0,0,0,0,0,0,0,0,0
"Trav3-1",0,0,0,0,0,0,0,0,0
"Vmn1r139",0,0,0,0,0,0,0,0,0
"Trav6-1",0,0,0,0,0,0,0,0,0
"Trpd52l3",0,0,0,0,0,0,0,0,0
"Vmn1r142",0,0,0,0,0,0,0,0,0
"Vmn1r143",0,0,0,0,0,0,0,0,0
"Capza1b",0,0,0,0,0,0,0,0,0
"Vmn1r251",0,0,0,0,0,0,0,0,0
"Trav8d-1",0,0,0,0,0,0,0,0,0
"Erich2",0,8,0,0,1,0,0,0,0
"Trav6d-5",0,0,0,0,0,0,0,0,0
"Vmn1r254",0,0,0,0,0,0,0,0,0
"Gm270",0,0,0,0,0,0,0,0,0
"Gm8672",0,0,0,0,0,0,0,0,0
"Vmn1r152",0,0,0,0,0,0,0,0,0
"Gm8674",0,0,0,0,0,0,0,0,0
"Gm8675",0,0,0,0,0,0,0,0,0
"Vmn1r255",0,0,0,0,0,0,0,0,0
"Gm8680",15,20,11,9,16,5,14,10,13
"4933404O12Rik",1,7,2,4,11,9,1,3,1
"Erlec1",171,229,137,162,183,163,182,211,236
"Vmn1r155",0,0,0,0,0,0,0,0,0
"Gm8692",4,6,2,2,2,2,4,1,5
"Trav12d-3",0,0,0,0,0,0,0,0,0
"Vmn1r257",0,0,0,0,0,0,0,0,0
"Trav13d-2",0,0,0,0,0,0,0,0,0
"Ppp1r14bl",0,0,0,0,0,0,0,0,0
"Igkv10-94",0,0,0,0,0,0,0,0,0
"Vmn1r157",0,0,0,0,0,0,0,0,0
"Gm8700",0,0,0,0,0,0,0,0,0
"Gm8702",0,0,0,1,0,0,0,1,0
"Cfap97",24,48,28,37,64,31,23,53,36
"Trav14-2",0,0,0,0,0,0,0,0,0
"Adat2",21,29,19,9,16,6,7,14,19
"Gm8709",0,0,0,0,0,0,0,0,0
"Trav9d-4",0,0,0,0,0,0,0,0,0
"Zfp474",0,0,0,0,0,0,0,0,0
"Trav5d-4",0,0,0,0,0,0,0,0,0
"Vmn1r163",0,0,0,0,0,0,0,0,0
"Trav13d-3",0,0,0,0,0,0,0,0,0
"BC023105",0,0,0,0,0,0,0,0,0
"Vmn1r260",0,0,0,0,0,0,0,0,0
"Sox5os3",0,0,0,0,0,0,0,0,0
"Trav8d-2",0,0,0,0,0,0,0,0,0
"Tex56",0,0,0,0,0,0,0,0,0
"Gm8724",0,0,0,0,0,1,0,0,0
"Trav10n",0,0,0,0,0,0,0,0,0
"Nt5el",0,0,0,0,0,0,0,0,0
"667631",25,26,26,33,37,20,12,31,19
"Trav7n-5",0,0,0,0,0,0,0,0,0
"4933411K16Rik",0,0,0,0,0,0,0,0,0
"Tmem239",0,0,0,0,0,0,0,0,0
"Trav9n-2",0,0,0,0,0,0,0,0,0
"Myo3a",0,0,0,0,0,0,0,0,0
"Zfp600",0,0,0,0,0,0,0,0,0
"Pacrgl",25,31,7,19,17,20,14,18,2
"Trav12n-3",0,0,0,0,0,0,0,0,0
"Igkv4-59",0,0,0,0,0,0,0,0,0
"Gm8762",0,2,0,1,0,0,0,0,0
"4933427E11Rik",0,0,0,0,0,0,0,0,0
"Spata31e4",0,0,0,0,0,0,0,0,0
"4933429O19Rik",0,0,0,0,0,0,0,0,0
"Fam237b",0,0,0,0,0,0,0,0,0
"Gid4",32,18,15,11,23,28,37,23,30
"Gm8777",0,0,0,0,0,0,0,0,0
"Gm11789",0,0,0,0,0,0,0,0,0
"Asb17",0,0,0,0,0,0,0,0,0
"H2af-ps2",1,1,0,0,0,0,1,0,0
"Gm17019",0,0,0,0,0,0,0,0,0
"667736",0,0,0,0,0,0,0,0,0
"667739",54,46,34,29,27,27,21,24,19
"Piezo2",0,0,0,0,0,0,0,0,0
"Hacd4",1,12,8,108,151,101,82,71,150
"Ces2d-ps",0,0,0,0,0,0,0,0,0
"Pisd-ps3",0,0,0,0,0,0,0,0,0
"Gm15854",0,0,0,0,0,0,0,0,0
"Trav10",0,0,0,0,0,0,0,0,0
"Gm8801",0,0,0,0,0,0,0,0,0
"Gm11240",0,1,0,0,0,0,0,0,0
"667769",0,0,0,0,0,0,0,0,0
"Myh15",0,0,0,0,0,0,0,0,0
"Msantd5f10",0,0,0,0,0,0,0,0,0
"4933432I09Rik",0,0,0,0,0,0,0,0,0
"Gm8815",0,0,0,0,0,0,0,0,0
"Gm8817",0,0,0,0,2,5,0,1,0
"4933436I01Rik",0,0,0,0,0,0,0,0,0
"Trim5",26,26,13,27,12,19,14,30,29
"Aknaos",0,3,4,0,0,0,0,0,0
"Fam187a",0,0,0,0,0,0,0,0,0
"667846",0,4,3,0,3,1,1,4,2
"667847",14,44,13,21,39,8,18,38,9
"4933433G08Rik",0,0,0,0,0,0,0,0,0
"Igkv8-18",0,0,0,0,0,0,0,0,0
"Or2ag2b",0,0,0,0,0,0,0,0,0
"Igkv6-17",0,0,0,0,0,0,0,0,0
"Gskip",35,54,29,31,42,36,28,33,22
"Igkv6-14",0,0,0,0,0,0,0,0,0
"Usp17le-ps",0,0,1,0,0,0,1,0,1
"Alg14",14,6,20,14,26,37,19,21,16
"Igkv6-13",0,0,0,0,0,0,0,0,0
"Grtp1",2,0,0,0,0,0,0,1,0
"Igkv3-12",0,0,0,0,0,0,0,0,0
"Igkv3-10",0,0,0,0,0,0,0,0,0
"Igkv3-9",0,0,0,0,0,0,0,0,0
"Prb1c",0,0,0,0,0,0,0,0,0
"Clxn",0,0,0,0,0,0,0,0,0
"Gm8883",0,0,0,0,0,0,0,0,0
"Gm8884",0,0,0,0,0,0,0,0,0
"Igkv3-5",0,0,0,0,0,0,0,0,0
"Igkv3-3",0,0,0,0,0,0,0,0,0
"Gm12247",0,0,0,0,0,0,0,0,0
"Speer1d",0,0,0,0,0,0,0,0,0
"Atg10",20,8,9,9,36,12,29,41,46
"Gm8894",0,0,0,0,3,0,2,2,0
"Zfp966",0,0,0,0,0,0,0,0,0
"Cntnap2",1,2,0,2,0,0,0,0,0
"H2-T26",0,0,0,0,0,0,0,0,0
"Mageb6b2",0,0,0,0,0,0,0,0,0
"Ube2w",55,62,28,35,17,14,23,27,38
"Tas2r103",0,0,0,0,0,0,0,0,0
"Prkrip1",110,212,92,53,73,93,88,88,82
"Speer1b",0,0,0,0,0,0,0,0,0
"Or56b6",0,0,0,0,0,0,0,0,0
"Gm14434",0,1,0,0,0,0,0,0,0
"Gm8942",1,1,2,1,0,0,4,3,1
"Tspan1",0,0,0,0,0,0,0,0,1
"668061",0,0,0,0,0,0,0,0,1
"9030624G23Rik",0,0,0,0,0,0,0,0,0
"Krt20",0,0,2,1,0,0,0,0,0
"Gm8971",5,2,9,4,6,0,6,2,2
"Rbm22",61,106,72,34,54,61,69,56,59
"Sirpb1b",0,0,1,0,0,0,0,0,0
"Gm8978",0,0,0,0,0,0,0,0,0
"Gvin-ps3",0,0,0,0,0,0,0,2,0
"Duoxa2",0,0,0,0,0,0,0,0,0
"Syce1l",0,1,0,1,0,0,0,0,0
"668114",0,0,0,0,0,0,0,0,1
"Ppcdc",281,483,504,592,879,827,554,840,960
"Gvin-ps5",2,0,0,0,0,0,0,0,0
"Bcl2l14",1,2,0,0,0,0,0,0,0
"Eif4a3l1",1,2,0,0,0,0,0,0,0
"Gvin4",444,559,393,392,260,263,313,342,321
"Mcub",6,21,9,5,47,31,19,13,26
"Ccdc85c",0,0,0,0,0,0,0,0,0
"Thap2",39,23,13,35,41,33,27,32,10
"Zxdb",10,21,8,16,14,13,19,17,14
"Tmem170",0,0,0,0,1,2,1,0,2
"Zxda",17,35,7,16,8,7,16,9,19
"Pex10",28,52,18,24,17,44,41,38,33
"Tmt1a3",0,0,0,0,0,0,0,0,0
"Smim7",199,349,158,150,176,149,166,162,193
"Cdc5lrt5",0,0,0,0,0,0,0,0,0
"Esp15",0,0,0,0,0,0,0,0,0
"Cdc5lrt6",0,0,0,0,0,0,0,0,0
"Cdc5lrt7",0,0,0,0,0,0,0,0,0
"Gm13288",0,0,0,0,0,0,0,0,1
"Cdc5lrt8",0,0,0,0,0,0,0,0,0
"Bcs1l",47,40,10,46,37,66,29,58,50
"Spmip1",0,0,4,0,0,0,0,0,1
"Efr3b",0,5,3,2,1,5,2,2,0
"Cdc5lrt9",0,0,0,0,0,0,0,0,0
"Hectd2os",0,0,0,0,0,0,0,0,0
"Cdc5lrt10",0,0,0,0,0,0,0,0,0
"Gm9050",0,0,0,0,0,0,0,0,0
"Fbxo25",41,69,14,28,37,44,38,31,60
"Gm9054",1,2,0,1,1,5,7,2,3
"Fignl2",5,24,9,30,21,40,40,41,48
"Gm9059",0,0,0,0,0,0,0,0,0
"Pycard",730,521,509,1084,1298,1514,1159,1207,1441
"Rnf186",0,0,0,0,0,0,0,0,0
"Dleu2",75,71,65,107,158,53,94,88,145
"Dgat2l6",0,4,0,0,0,0,0,0,0
"Tafazzin",87,161,79,144,251,238,203,187,222
"Ttc1",91,146,92,69,134,98,93,90,98
"Gm9079",2,1,1,0,0,4,2,2,3
"Nacc1",80,161,63,83,38,50,53,54,70
"Kif26a",0,0,0,0,0,0,0,0,0
"Cc2d2b",0,0,0,0,0,0,0,0,0
"Rsph3a",2,3,1,1,0,2,3,1,1
"Fam236f",0,0,0,0,0,0,0,0,0
"Acot13",49,64,46,108,128,91,79,82,128
"668349",0,0,0,0,0,0,0,0,0
"Snord123",0,0,0,0,0,0,0,0,0
"Dmrtc1c2",0,0,0,0,0,0,0,0,0
"Tdpoz9",0,0,0,0,0,0,0,0,0
"Tmem223",41,69,70,51,64,35,23,46,61
"Scgb2b12",0,0,0,0,0,0,0,0,0
"0610009L18Rik",6,38,33,20,25,13,18,12,17
"Scgb1b12",0,0,0,0,0,0,0,0,0
"Pabpc1l2b",0,0,0,0,0,0,0,0,0
"Ighv2-4",0,0,0,0,0,0,0,0,0
"Dele1",37,76,55,49,63,55,56,49,54
"Ighv5-12",0,0,0,0,0,0,0,0,0
"Wdr45b",158,215,96,120,237,213,194,180,206
"Rpl31-ps11",2,0,1,1,0,0,0,2,1
"Etfdh",55,71,34,48,59,66,56,56,47
"Gm9156",0,0,0,0,0,0,0,0,0
"Gm9158",0,0,0,0,0,0,0,0,0
"Gm53177",0,0,7,0,0,0,0,1,3
"Ighv14-2",0,0,0,0,0,0,0,0,0
"4930544D05Rik",0,4,0,0,0,0,0,0,0
"Gm9169",0,0,1,0,0,0,0,1,0
"Ighv3-3",0,0,0,0,0,0,0,0,0
"Ormdl2",99,100,96,120,164,142,133,72,119
"668448",0,0,1,0,0,0,0,0,0
"Mrpl33",285,315,240,177,195,181,246,229,204
"Mrto4-ps1",1,1,0,0,0,0,1,2,0
"Gm9182",0,0,0,0,0,0,3,1,1
"Ighv1-5",0,0,0,0,0,0,0,0,0
"Hint3",29,32,23,21,20,21,44,34,22
"Ighv1-7",0,0,0,0,0,0,0,0,0
"Ighv1-9",0,0,0,0,0,0,0,0,0
"Fuca2",224,252,206,316,453,282,317,280,483
"Gm9199",0,0,0,0,0,0,0,0,0
"Ppp1r2",86,167,61,74,59,60,73,74,84
"Ighv1-19-1",0,0,0,0,0,0,0,0,0
"Ighv1-20",0,0,0,0,0,0,0,0,0
"Zfp507",0,0,0,0,0,0,0,1,0
"Gm9209",0,0,0,0,2,0,1,0,2
"Ighv1-37",0,0,0,0,0,0,0,0,0
"Gm9222",2,0,3,1,1,1,7,2,1
"Scgb2b17",0,0,0,0,0,0,0,0,0
"Pnpla2",253,325,450,133,372,243,199,237,292
"668539",0,0,0,0,0,0,0,0,0
"Trim35",112,179,93,56,127,99,73,60,131
"Ighv1-62-1",0,0,0,0,0,0,0,0,0
"Gm9234",2,4,0,5,1,1,0,0,2
"Ighv1-62-3",0,0,0,0,0,0,0,0,0
"Tcf25",771,1272,952,788,902,725,854,973,1000
"668558",0,0,0,0,0,0,0,0,0
"Plbd1",17,30,7,7,3,19,8,13,8
"2610021A01Rik",9,16,20,9,19,8,15,23,20
"Ighv1-73",0,0,0,0,0,0,0,0,0
"Ighv8-14",0,0,0,0,0,0,0,0,0
"Ighv1-80",0,0,0,0,0,0,0,0,0
"Slc16a9",10,26,4,3,18,8,4,8,16
"Ighv1-81",0,0,0,0,0,0,0,0,0
"Gm9258",0,1,0,0,0,0,0,0,0
"Ighv1-85",0,0,0,0,0,0,0,0,0
"Ighv1-86",0,0,0,0,0,0,0,0,0
"Tanc1",35,46,23,10,12,4,13,0,8
"Gm9265",0,0,0,0,0,0,0,0,0
"Dnajc10",55,83,55,70,82,95,99,72,98
"Vmn2r-ps158",0,0,0,0,0,0,0,0,0
"Gm9271",0,0,0,0,0,0,0,0,0
"Zfp936",0,0,0,0,0,0,0,0,0
"Lztr1",100,140,103,67,114,114,132,105,135
"Clec14a",0,0,0,0,0,0,0,0,0
"Pmpca",175,228,125,109,153,187,172,170,177
"Nhlrc2",141,276,100,66,78,58,71,66,61
"2410002F23Rik",164,238,134,60,88,97,91,107,78
"Gm9292",0,0,0,0,0,0,0,0,0
"Hmg20a",38,35,54,48,75,108,74,58,59
"Mfsd1",373,736,395,365,523,451,433,466,613
"Zfp869",108,183,149,62,103,48,85,105,123
"Serbp1",1169,1461,1031,834,894,966,947,953,1032
"668706",21,38,26,12,12,5,4,8,8
"Cpne8",3,1,0,0,2,0,1,0,3
"Gm9315",0,0,0,0,0,0,0,0,0
"Gm9320",4,4,5,2,5,3,6,5,6
"Mrgpra9",0,0,0,0,0,0,0,0,0
"Mrgpra2a",0,0,0,0,0,0,0,1,0
"Tril",0,2,0,1,0,0,0,0,0
"Gm13884",0,0,0,0,0,0,0,0,0
"Frg2f5",0,0,0,0,0,0,0,0,0
"Frg2f6",0,0,0,0,0,0,0,0,0
"Frg2f7",0,0,0,0,0,0,0,0,0
"Ncbp3",54,132,84,68,90,76,58,68,90
"Frg2f3",0,0,0,0,0,0,0,0,0
"Frg2f2",0,0,0,0,0,0,0,0,0
"668745",0,0,0,0,1,0,0,0,1
"Swt1",86,113,53,52,66,49,69,82,55
"Fbxw28",0,0,0,0,0,0,0,0,0
"Gm9340",0,0,0,0,0,0,0,0,0
"Crnkl1",31,46,37,29,23,21,21,38,23
"Gm9349",2,1,2,2,4,3,1,2,0
"Gm9354",8,8,12,6,2,1,4,4,4
"Riok3",246,411,209,114,175,127,169,172,151
"Rsrc1",47,110,82,40,103,68,55,78,91
"668802",0,0,0,0,0,0,0,0,0
"Gm9372",0,0,0,0,0,0,0,0,0
"Pcyox1",153,213,196,154,277,197,277,205,215
"Gm9376",0,0,0,0,0,0,0,0,0
"Bzw1",138,195,77,50,81,49,62,72,54
"Or4f7d-ps1",0,0,0,0,0,0,0,0,0
"Gm9385",52,36,45,40,50,35,45,44,43
"668830",0,0,0,0,0,0,0,0,0
"Appbp2",64,114,39,52,66,54,45,60,62
"Acadsb",42,50,41,44,78,66,60,80,55
"Gm9405",0,0,0,0,0,0,0,0,0
"Lonp2",76,145,43,83,81,68,100,91,96
"Rnf128",156,231,190,143,198,133,172,135,228
"Vinac1",0,0,0,0,0,0,0,0,0
"Spcs2-ps",13,11,13,7,18,7,9,12,10
"Lman2",494,723,478,586,807,714,773,532,701
"Zfp133-ps",0,0,1,1,0,0,0,0,2
"Eif4e3",36,68,47,24,32,48,41,55,50
"Zfp442",2,2,0,5,1,3,1,2,3
"Rad21l",0,0,0,0,0,0,0,0,0
"Rpl5-ps2",4,3,0,1,2,0,1,1,4
"Wwp2",203,329,144,101,148,146,104,145,150
"Myh7b",0,0,1,0,0,0,0,0,0
"Pxdc1",6,7,16,32,72,83,58,58,32
"Btbd35f11",0,0,0,0,0,0,0,0,0
"Btbd35f10",0,0,0,0,0,0,0,0,0
"Btbd35f20",0,0,0,0,0,0,0,0,0
"Btbd35f17",0,0,0,0,0,0,0,0,0
"Naa16",57,82,50,56,66,34,77,44,60
"668975",0,0,0,0,0,0,1,0,0
"Ssxb6",0,0,0,0,0,0,0,0,0
"Baiap2l1",0,1,0,0,0,0,0,1,0
"Fip1l1",73,98,82,35,91,67,104,60,61
"Proz",0,0,0,0,0,0,0,0,0
"Mtap",118,180,64,40,48,76,58,51,61
"Pccb",67,71,45,89,122,98,94,74,140
"Plin3",31,45,33,33,93,91,127,106,89
"Tmem107",0,3,7,9,11,16,12,11,11
"Nudt16l1",192,200,209,127,349,279,230,250,322
"Bzw2",86,124,51,41,50,61,59,82,32
"Kdelr2",170,176,155,185,209,262,239,187,253
"Gm9442",4,4,8,0,5,5,4,2,5
"Vps28",853,947,809,891,1220,1114,819,943,1382
"Vmn2r88",0,0,0,0,0,0,0,0,0
"Cops9",275,281,209,228,298,287,282,295,317
"Ndufb7",576,813,521,486,517,436,497,563,641
"Chordc1",86,71,55,105,48,39,77,109,67
"Prpf38b",513,767,394,403,544,407,526,520,501
"Rras2",19,35,21,45,61,40,30,43,39
"Pbrm1",413,503,318,363,395,298,377,410,449
"Sdhd",229,349,207,154,346,311,272,275,302
"Trmt6",183,273,96,61,74,96,81,81,77
"Dmac1",109,114,63,93,135,125,122,158,128
"Asf1b",12,33,9,39,18,45,4,21,16
"Gm15363",0,0,0,0,0,0,0,0,0
"Fank1",0,0,0,0,0,0,0,0,0
"1700010I14Rik",3,3,8,6,16,5,19,5,2
"Rexo1",264,456,166,125,179,201,206,169,209
"Dsn1",12,19,14,14,20,16,4,19,16
"Cir1",24,42,28,21,25,13,20,32,11
"Sh3d21",11,3,2,11,0,4,1,1,7
"Aagab",103,134,103,142,199,219,182,196,193
"Gm9457",2,3,4,2,5,2,3,3,5
"Shisa5",975,1097,844,980,1489,1447,1296,1050,1508
"Ddx18",99,130,55,47,41,39,58,77,61
"Slc66a2",59,85,65,31,36,45,76,34,45
"Sdha",238,293,143,260,348,328,301,284,320
"Acad8",59,84,41,49,71,58,56,44,42
"Trim59",1,3,1,11,13,5,0,4,4
"Pacc1",112,129,109,133,171,207,158,165,157
"2310030G06Rik",0,0,0,0,0,0,0,0,0
"Cdca7",19,16,8,35,15,32,25,41,49
"Serpinb11",0,0,0,0,0,0,0,0,0
"Tmx2",75,90,32,63,73,109,57,82,67
"Dusp26",3,5,0,0,1,0,2,0,2
"Mindy3",69,80,44,45,58,40,54,49,38
"Neat1",416,693,447,237,526,421,521,448,581
"Swsap1",24,13,16,17,12,13,11,16,26
"Golt1b",65,126,112,113,123,132,112,128,107
"Ctu2",179,342,138,64,113,149,128,138,123
"Trit1",102,170,112,72,165,120,135,119,156
"Edem3",40,51,38,25,29,23,56,46,38
"Plin5",0,0,0,0,0,0,0,0,0
"Ssbp2",21,23,19,53,64,52,51,34,86
"Cdk5rap1",53,53,44,25,39,39,21,55,33
"Slc25a23",10,15,21,25,87,48,41,41,66
"Mrps18b",1,5,1,4,0,1,5,1,1
"Trappc13",79,116,70,55,44,88,120,69,49
"Gm17756",0,0,0,0,0,0,0,0,0
"Nuf2",0,0,1,5,4,1,2,1,3
"Luc7l",139,255,114,111,151,176,151,169,127
"Gm16527",0,0,0,0,0,0,0,0,0
"Pole4",178,233,79,71,90,94,92,98,75
"Zdhhc6",119,237,50,51,69,83,66,67,81
"Zfp830",98,136,55,44,82,75,78,71,108
"Rassf7",5,17,9,3,2,5,13,9,6
"Lap3",282,295,185,394,389,584,365,410,426
"Kctd20",39,60,31,24,29,31,12,35,33
"Tmem134",209,416,214,263,368,342,322,231,348
"Khdc3",6,5,15,2,16,10,11,9,9
"Smarcd3",6,4,5,22,28,15,24,23,57
"Cep19",16,9,3,1,19,22,19,13,4
"Zcchc18",2,1,0,0,0,0,2,2,2
"Ceacam11",0,0,0,0,0,0,0,0,0
"Psmd12",455,724,269,134,220,226,209,261,216
"Psmd5",51,80,41,30,47,39,35,41,57
"Med28",241,289,192,178,340,324,268,265,329
"Prl3a1",0,0,0,0,0,0,0,0,0
"Uqcrc2",273,350,198,190,231,229,173,239,189
"Polr3k",103,126,89,44,59,62,62,61,65
"Vmn2r125",0,0,0,0,0,0,0,0,0
"Cisd2",206,312,138,172,164,206,169,195,200
"Yae1d1",6,5,3,19,5,5,12,18,6
"Ttc23",1,8,2,6,4,6,1,7,16
"Rbm7",125,196,117,87,87,100,82,108,90
"Mettl6",74,106,58,61,44,50,47,54,45
"Oma1",69,102,70,147,136,133,108,140,145
"Riox2",49,81,50,29,55,49,37,43,59
"Ccdc91",6,3,3,28,38,27,23,23,25
"Tbc1d2b",80,84,98,87,151,144,119,80,145
"Fam210b",33,66,48,16,57,30,45,32,63
"Actr6",21,28,27,16,9,12,14,12,7
"Gm10734",2,3,0,0,0,0,1,0,2
"Tmem88",8,26,11,1,2,0,1,4,8
"Gm12508",1,2,0,1,2,0,0,0,0
"Use1",466,577,414,346,579,524,428,447,574
"Rpl11",1311,1615,1159,981,1805,1706,1528,1198,1821
"Thap4",31,56,16,31,17,27,13,20,39
"Mkrn2",42,41,37,30,26,37,27,24,34
"Chmp1b2",11,18,11,19,26,9,15,15,19
"Fancl",22,17,28,28,30,26,22,45,23
"Upf3a",49,100,52,63,61,56,56,58,80
"Dnajb4",31,48,21,22,41,20,14,25,20
"Mrpl45",75,168,59,70,67,69,94,71,83
"Pmf1",45,49,41,66,54,68,38,60,72
"Ly6m",1,2,12,9,19,22,13,15,14
"Rbm25",810,1043,462,444,355,312,363,569,548
"Ddx17",317,499,294,488,817,623,579,611,582
"Oxct1",160,113,146,397,484,386,307,441,429
"Ift27",68,107,94,55,86,65,76,47,85
"Syap1",119,135,108,99,137,95,119,131,82
"Higd2a",114,148,163,203,489,365,357,254,414
"Riok2",105,131,59,36,49,73,61,69,59
"Tbc1d7",21,52,30,25,36,23,38,45,40
"Krtap4-23",0,0,0,0,0,0,0,0,0
"Krtap4-21",0,0,0,0,0,0,0,0,0
"Vma21",50,61,65,49,67,56,59,48,45
"Krtap4-20",0,0,0,0,0,0,0,0,0
"Pus3",50,83,29,40,32,19,42,33,30
"Krtap4-26",0,0,0,0,0,0,0,0,0
"Nkap",68,58,58,73,72,65,112,138,102
"Ndc80",8,18,4,47,18,22,5,19,20
"Rpp14",67,112,65,52,61,63,60,64,75
"Krtap9-22",0,0,0,0,0,0,0,0,0
"Paics",154,142,127,130,136,153,119,119,148
"Krtap31-3",0,0,0,0,0,0,0,0,0
"H60c",0,0,0,0,0,0,0,0,0
"Yaf2",49,84,32,41,82,73,43,52,80
"Ola1",151,192,87,52,82,81,113,119,104
"Potefam3c",0,0,0,0,0,0,0,0,0
"Slc25a53",1,1,4,0,1,1,0,0,2
"Pgap4",0,0,0,0,0,0,0,0,0
"Chmp1b",117,132,102,79,93,76,83,117,106
"Polr3d",132,259,55,41,52,34,61,43,57
"Romo1",456,500,392,406,599,515,502,532,514
"Dynlrb1",182,193,170,157,209,165,171,183,206
"Lsm14a",140,184,105,97,129,183,164,171,168
"Rps6ka6",0,0,0,0,0,0,0,0,0
"Cdc37l1",74,142,67,34,63,47,68,43,62
"Gm15412",0,0,0,0,0,0,0,0,0
"Pi4k2b",2,24,7,0,3,3,5,6,5
"Mon2",141,194,150,195,351,250,259,239,350
"Magt1",196,135,151,314,359,269,346,410,341
"Vmn1r124",0,0,0,0,0,0,0,0,0
"Catsperz",0,0,0,0,1,0,2,0,0
"Gm11468",0,0,0,0,0,0,0,0,0
"Pgp",123,199,90,114,134,146,165,183,147
"1700019D03Rik",0,0,0,1,3,1,0,2,0
"1700025F24Rik",0,0,0,0,0,0,0,0,0
"Ccdc198",0,0,0,0,0,0,0,0,0
"Rps12-ps10",29,34,26,19,30,27,31,28,35
"Tex53",0,0,0,0,0,0,0,0,0
"Ceacam14",0,0,0,0,0,0,0,0,0
"1700024G13Rik",0,0,0,0,0,0,0,0,0
"Vmn1r159",0,0,0,0,0,0,0,0,0
"1700020N18Rik",0,0,0,0,0,0,0,0,0
"Ctnnbip1",166,183,227,80,168,177,230,173,230
"Cand2",10,26,16,21,17,20,24,21,22
"Krtap10-27",0,0,0,0,0,0,0,0,0
"Psmc6",270,445,179,147,128,65,120,136,143
"Krtap10-28",0,0,0,0,0,0,0,0,0
"Trappc6a",36,55,37,79,137,157,88,123,155
"Gatm",135,119,140,160,165,182,156,153,167
"Vmn2r70",0,0,0,0,0,0,0,0,0
"Trak1",105,219,117,136,173,136,123,130,197
"Mmachc",25,33,18,12,11,16,17,17,16
"Rps10",4760,5350,4291,3267,6273,3776,4624,3783,6389
"Mettl21a",21,42,31,35,59,49,53,33,58
"Gm9512",12,15,16,16,11,5,6,9,4
"Pate11",0,0,0,0,0,0,0,0,0
"Pex39",111,126,93,25,70,51,74,44,55
"D16Ertd472e",71,101,61,21,27,44,29,19,46
"Ptgr1",27,40,26,49,53,43,41,51,49
"Timm21",26,31,34,47,40,51,62,36,38
"Zbtb8os",46,56,33,36,53,49,36,44,48
"Zfp787",101,152,83,78,146,114,119,104,199
"Naaa",158,119,127,483,531,657,559,586,530
"Fgf22",0,0,0,0,0,0,0,0,0
"Gm9519",0,0,0,0,0,0,0,0,0
"Rpl14",3953,3839,3778,2225,3459,2214,2824,2710,3449
"Cuedc2",407,491,406,337,613,495,417,385,603
"Dynlt3",69,70,26,41,47,35,34,62,41
"Bfar",201,266,191,194,299,273,316,302,272
"Ccdc159",0,0,1,1,0,0,0,0,0
"Ttc14",202,415,150,208,213,87,209,230,196
"Mastl",0,1,1,19,3,1,0,0,9
"Nrarp",0,0,1,4,0,1,0,0,2
"Ubap1",77,123,71,65,75,93,102,83,116
"Topaz1",0,0,0,0,0,0,0,0,0
"671242",0,0,0,0,0,0,0,0,0
"Tspan31",182,181,211,281,469,432,362,275,471
"Atp5f1e",547,511,447,583,544,509,420,618,587
"Lce1a1",0,0,0,0,0,0,0,0,0
"Ube2g1",39,58,25,31,44,46,39,50,44
"Ndufa6",435,446,434,537,870,512,587,598,846
"Acbd4",55,103,46,32,47,43,36,64,65
"Gp2",0,0,0,0,0,0,0,0,0
"Nop56",280,294,112,82,72,87,113,92,72
"Bpifa5",0,0,0,0,0,0,0,0,0
"Kbtbd4",33,72,43,38,35,61,57,47,60
"Herc6",101,165,67,149,80,77,45,138,87
"Mis12",36,49,17,32,27,19,36,42,38
"Fbxo5",20,20,12,38,36,39,19,31,29
"Ikzf5",54,76,51,44,65,49,67,83,65
"Lrrc40",46,48,29,27,44,41,21,39,35
"Tomm34",122,343,112,82,98,110,111,92,123
"Ramac",8,29,30,20,34,23,24,27,24
"Nkain1",0,0,0,0,0,0,1,0,1
"Rnf141",0,0,0,2,1,2,1,0,1
"Psmd9",90,159,93,37,34,74,42,58,45
"Rnaseh2b",93,176,53,62,54,109,55,91,81
"Parp10",337,629,371,357,338,320,212,244,256
"Mtdh",1540,3319,880,618,980,609,1028,937,980
"Smarca2",90,171,162,139,213,173,209,178,139
"Rnf212",0,0,0,0,0,0,0,0,0
"Cfap418",29,44,25,13,31,22,28,29,23
"Sft2d3",134,235,109,36,90,56,87,67,81
"Eef1g",1161,1098,618,616,912,1237,816,910,960
"Sclt1",28,40,13,21,21,30,13,42,29
"Ccdc47",157,129,121,141,278,158,248,237,165
"Lipt2",24,36,21,8,13,9,19,14,12
"Rps12-ps24",2,3,0,3,7,3,2,5,0
"Gm20783",0,1,0,1,0,0,2,0,0
"Trav7-1",0,0,0,0,0,0,0,0,0
"Arl8b",126,208,111,141,157,61,95,152,164
"Lpar6",198,325,229,290,344,256,269,236,269
"Nradd",28,58,25,25,42,53,48,48,36
"2610306M01Rik",9,9,4,10,5,7,12,6,11
"Dram2",785,1116,705,413,479,304,321,493,469
"Cdt1",95,290,52,148,95,219,110,85,115
"Zmat5",89,99,69,72,87,60,38,71,88
"Ccdc25",23,37,15,8,13,10,7,21,15
"Yipf5",155,287,163,178,253,213,255,227,170
"Ctdnep1",172,274,213,112,172,243,199,159,226
"Pdzk1ip1",1,1,0,5,5,5,0,2,2
"Ndufa13",561,574,542,952,1235,968,916,1016,1226
"Rplp2",6351,6334,5947,4196,6830,4028,4365,5065,6840
"Zmynd19",25,51,10,21,14,25,33,20,31
"Sms-ps",1,7,0,0,0,1,4,0,2
"Sgms1os1",10,13,3,9,40,36,40,13,46
"LOC671917",0,0,0,0,0,0,0,0,0
"Trav9d-1",0,0,0,0,0,0,0,0,0
"2700038G22Rik",17,32,7,1,6,7,16,7,4
"Ube2t",9,14,1,9,13,21,5,9,15
"Zcrb1",303,501,236,282,290,300,312,299,323
"Spats2l",0,1,0,1,0,0,0,0,1
"Pfdn1",255,373,254,135,243,198,158,188,225
"Ccdc77",16,15,25,23,20,34,28,45,27
"Glod4",51,36,61,73,124,95,94,121,127
"Nde1",109,160,80,75,137,100,101,94,136
"Eif2s2",437,516,232,159,186,123,205,298,185
"Utp11",177,190,142,107,100,121,162,177,127
"Lsm1",87,102,68,30,55,68,57,57,57
"Gm9548",0,0,0,0,0,0,0,0,0
"Gatad1",74,132,81,45,47,83,73,67,72
"Armc10",80,150,83,29,78,72,41,46,51
"Mrpl55",211,388,198,145,203,219,199,203,207
"Gm14496",0,0,0,0,0,0,0,0,0
"Cmtm6",414,577,394,713,991,979,770,847,849
"Mboat2",0,2,0,0,0,0,0,0,0
"L3hypdh",2,1,1,1,1,3,10,5,7
"Med18",11,20,10,2,5,17,10,8,11
"Plekho1",867,1137,898,884,1140,1296,1048,1105,1160
"Srfbp1",46,117,49,26,26,35,49,36,50
"Rrp15",113,181,80,20,40,43,44,43,49
"Med29",41,62,46,28,40,34,29,23,33
"Rnpc3",46,141,48,15,31,18,39,35,31
"Tmem19",127,193,138,80,170,142,186,142,144
"Dph7",6,11,8,1,9,11,3,13,6
"Nkx1-1",0,0,0,0,0,0,0,0,0
"Prpf18",61,95,72,37,76,70,60,84,54
"Zfp329",49,113,40,36,47,30,27,54,54
"Tbc1d20",16,43,18,20,38,18,52,36,39
"Zkscan14",15,38,42,15,34,30,27,25,36
"Cinp",79,101,42,29,35,49,60,39,41
"Fam220a",40,76,24,24,29,63,70,46,42
"Rpf2",90,170,59,33,34,31,37,50,49
"Smc6",102,144,72,110,115,82,89,116,97
"Gemin6",27,38,13,16,25,39,25,31,17
"Peli1",535,1017,414,307,434,344,427,477,426
"Resf1",187,267,146,167,147,112,160,173,180
"Mtarc2",253,253,243,276,497,446,393,317,331
"Rpl39",1299,1303,916,942,1222,527,939,983,1244
"Tbc1d19",23,58,33,40,68,45,29,45,37
"Rnf213",294,412,178,327,406,586,276,338,366
"Cap2",0,1,0,0,2,0,5,0,0
"Bmerb1",3,2,0,0,0,0,2,0,1
"Zfp422",58,75,36,28,40,40,29,32,46
"Cers4",4,8,6,2,0,4,1,6,3
"2900005J15Rik",8,32,16,4,20,10,18,15,18
"Zswim6",171,163,120,136,170,127,231,169,184
"Ndufb8",367,511,299,367,574,691,424,485,618
"Dipk1a",15,6,13,25,25,13,17,18,21
"Uqcc2",411,257,309,437,476,295,345,508,514
"Myl12a",359,359,276,265,430,623,483,358,472
"Muc21",0,0,0,0,0,0,0,0,0
"Agtpbp1",41,50,32,32,51,36,63,41,51
"Mrpl42",116,133,80,124,110,98,103,136,89
"Cmtm5",0,5,0,0,0,0,0,0,0
"Ndufa10",150,213,154,145,155,132,136,146,190
"Eri1",42,107,29,44,74,67,46,50,67
"Gm13710",3,4,1,1,2,1,0,2,1
"Pagr1a",90,135,78,155,208,227,188,174,219
"Med31",30,61,44,16,28,25,33,35,28
"3110009F21Rik",0,0,0,0,0,0,0,0,0
"Rpl37",2421,2697,1961,2063,2804,2006,2410,2507,2963
"Washc3",109,76,113,86,131,114,110,123,140
"Slc25a19",38,78,47,61,74,112,57,95,76
"Cwc27",89,167,78,29,29,41,52,40,42
"Ift22",25,59,35,37,26,33,45,36,26
"Parp6",57,81,50,52,49,52,50,51,34
"Srek1ip1",96,144,72,91,108,81,102,141,85
"3110021A11Rik",0,1,0,0,0,0,0,0,0
"3110040N11Rik",11,15,11,12,37,19,25,19,13
"Ccdc137",72,84,39,56,62,59,85,48,66
"Pigc",58,74,82,90,95,102,86,102,93
"3110039M20Rik",0,0,0,0,0,0,0,0,0
"Rab3c",0,4,0,1,1,0,0,0,0
"Socs4",13,43,10,13,20,14,13,23,23
"Gprasp1",24,13,13,29,32,28,21,34,13
"Dock7",34,52,19,44,50,25,20,40,41
"Cltc",308,418,269,486,574,541,425,488,548
"Zc3h13",97,94,58,51,87,55,75,75,91
"3110045C21Rik",0,0,0,1,0,0,0,2,0
"3110070M22Rik",0,5,2,3,6,1,6,2,4
"Gpx7",2,7,0,2,6,3,1,2,1
"Zc2hc1a",8,10,13,1,5,4,8,2,4
"Pbld2",1,0,0,0,5,1,0,0,4
"Mrpl46",109,143,77,48,92,102,75,89,100
"Prl8a9",0,0,0,0,0,0,0,0,0
"Nanp",0,0,2,0,0,1,0,0,1
"Inava",0,0,0,1,0,0,0,0,0
"Ceacam12",0,0,0,0,0,0,0,0,0
"Gm20784",0,0,0,0,0,0,0,0,0
"Spata31g1",0,0,0,0,0,0,0,0,0
"1700041C23Rik",0,0,0,0,0,0,0,0,0
"Iqcf4",0,0,0,0,0,0,0,0,0
"1700044K03Rik",0,0,0,0,0,0,0,0,0
"P3r3urf",0,0,0,0,0,0,0,0,0
"1700034G24Rik",0,0,0,0,0,0,0,0,0
"Adissp",80,88,73,46,57,70,34,41,83
"1700031L13Rik",0,0,0,0,0,0,0,0,0
"Lyzl1",0,0,0,0,0,0,0,0,0
"1700018L02Rik",1,4,2,0,3,0,0,3,0
"1700047M11Rik",0,0,0,0,0,0,0,0,0
"Atp8b3",0,0,0,0,0,0,0,0,0
"Snrpd3",154,156,110,87,115,143,129,130,150
"Stk35",6,28,10,6,21,16,16,11,13
"H2ap",0,0,0,0,0,0,0,0,0
"1700060O08Rik",0,0,0,0,0,0,0,0,0
"1700054K19Rik",0,0,0,0,0,0,0,0,0
"Cstf1",138,243,74,64,69,64,83,70,80
"Rffl",114,153,93,35,101,40,93,90,90
"1700052I22Rik",0,0,0,0,0,0,0,0,0
"Ascl4",0,2,0,0,0,0,0,0,0
"Kcnmb4os1",0,0,0,0,0,0,0,0,0
"Spmip10",0,0,0,0,0,0,0,0,0
"673430",0,0,0,0,0,0,0,0,0
"Dynlt5",0,0,0,0,0,0,0,0,0
"Herc4",101,105,95,67,74,59,76,78,69
"1700083H02Rik",0,0,0,0,0,0,0,0,0
"1700086P04Rik",0,2,0,4,5,1,2,1,12
"1700084E18Rik",5,10,3,5,4,2,2,4,5
"Tmem132cos",0,0,0,0,0,0,0,0,0
"1700109G14Rik",0,0,0,0,0,0,0,0,0
"Tmco5",0,0,0,0,0,0,0,0,0
"1700092C02Rik",0,0,0,0,0,0,0,0,0
"1700093K21Rik",8,22,4,0,0,0,0,0,0
"1700095B10Rik",0,0,0,0,0,0,0,0,0
"Pudp",0,0,0,0,0,0,0,0,0
"LOC673652",0,0,0,0,0,0,0,0,0
"Tmed11",0,0,0,0,0,0,0,0,0
"Paxbp1",168,183,136,207,219,236,225,217,186
"Gm9602",0,0,0,0,0,0,0,0,0
"Qpctl",41,90,31,31,27,66,73,31,40
"Zfp606",13,73,45,19,36,26,19,38,35
"Gtf3c6",71,89,50,73,65,69,73,80,61
"Prss3b",0,0,0,0,0,0,0,0,0
"Jam2",15,13,33,153,205,147,115,155,170
"Qprt",0,0,0,1,4,4,0,3,5
"Bbs2",25,21,18,15,22,13,20,10,34
"Dedd2",19,37,53,24,48,12,28,25,37
"Med4",77,163,80,57,84,91,87,88,94
"Brd3",185,186,165,155,143,152,187,229,152
"Carnmt1",7,19,2,3,3,10,2,3,5
"Bag4",40,35,27,22,31,9,16,16,27
"Unc50",213,382,217,198,429,372,364,273,382
"Rab5if",513,806,463,430,562,585,527,424,653
"C1qtnf12",6,13,12,9,12,11,21,4,11
"Mrm3",65,105,49,21,16,29,37,39,28
"Fundc2",72,78,46,79,102,33,49,87,98
"4833420G17Rik",122,165,151,109,215,125,127,174,201
"Cxxc5",163,194,302,444,698,606,619,595,743
"4930404I05Rik",0,5,0,1,0,1,0,0,0
"Ppp1r2-ps9",0,0,0,0,0,0,0,0,0
"Erp29",879,884,998,2179,2086,2452,1616,2067,2241
"Vmn1r107",0,0,0,0,0,0,0,0,0
"Srpra",108,206,125,84,156,117,164,148,168
"Pdlim7",31,28,13,2,0,3,1,4,3
"Ighv1-61",0,0,0,0,0,0,0,0,0
"Txndc8",0,0,0,0,0,0,0,0,0
"Nts",0,0,0,0,0,0,0,0,0
"Cylc1",0,0,0,0,0,0,0,0,0
"Trav8-1",0,0,0,0,0,0,0,0,0
"4930449I24Rik",0,0,0,0,0,0,0,0,0
"Mtcl3",2,6,0,1,2,1,1,0,2
"Mfn1",55,77,43,46,66,43,55,39,71
"Armcx2",7,6,7,12,18,28,10,22,30
"Ears2",42,56,40,22,29,45,45,27,34
"Ppil4",92,145,64,85,104,110,105,104,114
"Armh4",0,0,0,0,0,0,0,0,0
"Far1",45,63,35,49,55,25,59,43,46
"Gm9615",0,0,0,0,0,0,0,0,0
"Dhdds",84,69,68,37,91,85,62,62,107
"Eps8l1",3,4,3,36,52,31,36,30,52
"Coq8a",5,15,8,17,24,7,9,17,26
"Rps20",1632,1451,1328,1230,1764,1372,1331,1534,1898
"Nudcd1",14,22,7,7,11,14,6,5,11
"4921536K21Rik",0,5,0,0,0,0,2,3,0
"Hoga1",7,14,1,9,8,10,16,9,22
"Ccdc127",55,84,58,40,22,56,40,54,64
"Ankrd33b",6,16,3,0,0,0,1,0,1
"Ssr3",433,850,444,224,354,263,367,305,270
"Xab2",215,360,168,102,112,78,92,134,114
"Mtpap",93,160,96,91,101,109,114,94,124
"Isoc2b",1,7,4,24,43,37,17,27,30
"Retsat",43,26,21,63,119,135,89,100,165
"Map1lc3b",150,226,243,187,305,291,216,236,321
"Ilkap",52,128,67,67,69,85,84,63,84
"C1qtnf4",1,7,1,2,0,1,0,4,4
"Dusp28",10,23,12,9,10,18,15,8,13
"Plxdc2",330,400,236,1003,1200,1004,932,1017,1171
"Pkp2",0,0,0,0,0,0,0,1,1
"Pnpla8",60,88,59,88,81,56,65,84,73
"Slc25a46",83,106,69,57,57,19,43,51,51
"Ikbip",31,16,32,49,78,49,65,52,37
"Klhl13",0,0,0,3,1,2,0,3,5
"Ergic2",123,172,139,101,137,93,110,113,106
"Frmd8",86,136,99,89,132,125,116,114,158
"Ergic1",206,268,166,133,142,232,153,144,171
"Nvl",32,67,20,16,31,15,31,20,37
"Decr1",19,20,37,44,40,28,24,20,32
"Poc5",26,61,37,16,32,29,40,26,38
"Entpd4",0,0,0,0,0,0,0,0,0
"Sf3a1",126,215,111,148,158,158,174,157,181
"Pdcl",47,57,44,34,47,17,44,49,30
"Gpalpp1",81,201,76,46,93,70,78,73,58
"Mmd",11,41,22,27,41,20,24,34,46
"Abhd5",42,71,50,36,39,23,33,43,27
"Abcg8",0,0,0,0,0,0,0,0,0
"Gpatch1",49,93,23,30,29,28,41,50,26
"Mtfr1",26,18,15,13,15,13,13,21,14
"Slc47a1",0,0,0,0,0,0,0,0,0
"Snap29",61,119,55,64,60,53,90,74,75
"Ero1b",40,54,61,44,68,54,70,62,61
"Abhd15",436,670,556,210,432,234,225,292,383
"Cwc25",54,65,31,18,52,40,52,44,41
"Cfap95",0,0,0,0,0,0,0,0,0
"Eepd1",47,121,70,13,18,24,11,33,30
"Gm9631",0,0,0,0,0,0,0,0,0
"Polr3g",14,33,9,0,1,8,6,5,3
"Dhx40",10,93,31,37,51,23,33,42,30
"Calcoco1",8,19,17,15,31,8,26,27,23
"Ap4b1",45,93,51,31,66,68,68,50,74
"Nek10",0,0,0,0,0,0,0,0,0
"Ufl1",83,131,94,73,106,92,119,98,67
"Zfand4",1,0,10,2,2,3,0,5,0
"Gm13623",0,4,3,5,4,4,4,4,2
"Mettl16",73,86,18,22,43,54,86,45,34
"Tmem167b",29,47,12,19,4,33,20,17,25
"Kcnv1",0,0,0,0,0,0,0,0,0
"Ccar1",289,409,230,172,168,142,187,232,186
"Ccdc50",272,379,175,240,412,348,318,337,343
"1700001G17Rik",0,0,0,0,3,1,1,0,0
"Rnf151",0,1,0,2,0,0,0,0,1
"Prl7c1",0,0,0,0,0,0,0,0,0
"Spmip5",0,0,0,0,0,0,0,0,0
"Saysd1",102,115,80,96,146,177,128,144,136
"Tvp23b",51,33,26,52,63,67,48,56,51
"Tmed9",640,882,490,543,825,1015,984,844,708
"Agpat2",2,1,3,0,1,1,2,1,0
"Faap20",82,157,63,86,101,110,127,78,148
"Ttc33",20,26,28,21,33,33,33,29,22
"Kctd4",0,0,0,1,0,0,1,0,0
"1700039M10Rik",0,0,0,0,0,0,0,0,0
"1700097N02Rik",0,0,0,0,0,0,1,0,0
"1700094J05Rik",0,0,0,0,0,0,0,0,0
"1700095A21Rik",0,0,0,0,0,0,0,0,0
"Trim62",3,18,5,12,5,10,5,16,11
"Atg12",79,116,77,76,72,46,90,107,87
"Nudt7",24,28,29,52,77,107,71,59,73
"Fgfr1op2",181,277,116,175,235,149,221,216,207
"Krtap10-29",0,0,0,0,0,0,0,0,0
"Uqcrb",329,324,175,226,194,121,163,285,185
"5730408K05Rik",13,22,7,8,12,7,9,6,18
"Mfap1a",42,43,21,26,14,15,34,29,28
"2410017I17Rik",0,0,0,0,0,0,0,0,0
"Ppfibp1",25,51,13,14,23,10,26,23,17
"Ttll4",35,100,22,6,10,9,18,14,16
"Gm9640",0,0,0,0,0,0,0,0,0
"Glipr1l2",0,0,0,0,0,0,0,0,0
"Zswim3",6,16,11,3,15,26,25,19,20
"Cog6",24,34,30,20,21,16,21,17,15
"Pabpc6",0,0,0,0,0,0,0,0,0
"Fam120b",108,158,86,108,168,131,169,152,199
"675440",1,0,0,0,0,2,0,0,0
"Slc39a8",59,92,52,88,124,61,63,67,112
"Gpr89",33,44,29,43,51,78,63,31,64
"4933416O17Rik",0,0,0,0,0,0,0,0,0
"Macroh2a3",0,0,0,1,0,0,0,0,0
"Gstcd",26,19,11,9,10,6,11,7,7
"Slc25a30",4,0,1,0,1,3,4,2,9
"Mgat4d",0,0,0,0,0,0,0,0,0
"Pigm",100,191,102,65,91,50,61,82,86
"Larp6",0,0,0,0,1,0,0,0,0
"Wdr48",47,98,92,68,126,101,104,83,114
"Ciao3",129,162,86,94,125,147,134,138,146
"Tmem35a",0,0,0,0,0,0,0,0,0
"Mrfap1",157,182,125,159,170,173,212,198,193
"Gm12171",0,0,0,0,0,0,0,0,0
"Mgat4c",0,0,0,0,0,0,0,0,0
"Gm17758",0,0,0,0,0,0,0,0,0
"Loxl4",1,0,0,0,0,0,0,0,0
"Alg13",18,34,12,25,28,47,34,32,45
"Gm10693",0,0,0,0,0,0,0,0,0
"Potefam1",0,0,0,0,0,0,0,0,0
"4930429B21Rik",0,0,0,0,0,0,0,0,0
"Patl2",6,8,24,0,7,0,1,0,2
"675782",0,0,0,0,0,0,0,0,0
"Cpeb4",8,3,0,5,3,0,3,3,6
"Lrrc18",0,0,0,0,0,0,0,0,0
"Tbc1d23",115,146,117,115,150,88,101,124,194
"Zfp605",18,10,16,6,15,7,11,12,1
"Slc25a26",30,54,28,25,32,58,32,40,59
"4930442L01Rik",0,0,0,0,0,0,0,0,0
"4930455J16Rik",0,0,0,0,0,0,0,0,0
"Ubxn11",19,21,7,16,13,10,14,25,18
"Rnf41",40,58,22,13,46,59,58,36,70
"Tctn3",9,36,22,31,36,36,45,23,33
"Ubl4b",0,0,0,0,0,0,0,0,0
"4930524B15Rik",0,0,0,0,0,0,0,0,0
"Tnk2os",0,0,0,0,0,0,0,0,0
"4930519G04Rik",0,0,0,0,0,0,0,0,0
"Gm9195",0,0,0,0,0,0,0,0,0
"Tespa1",0,0,0,0,0,0,0,0,0
"Vmn2r76",0,0,0,0,0,0,0,0,0
"Necap1",82,201,79,74,111,106,77,105,97
"Dusp6",453,445,485,359,633,564,652,482,573
"Get4",107,204,129,36,46,19,48,60,52
"Akt1s1",156,186,164,90,154,168,208,130,173
"Fibin",0,0,0,0,0,0,0,1,0
"Zfp788",37,107,29,24,17,7,29,40,35
"Narf",8,11,8,27,65,27,43,45,29
"4930453N24Rik",65,151,45,40,40,47,73,67,51
"Rspry1",67,76,29,50,96,45,72,91,62
"Ube2r2",223,339,214,214,303,295,255,258,373
"Aasdhppt",35,91,29,29,31,33,48,44,30
"Nob1",142,224,122,31,69,95,119,66,75
"Lrp2bp",0,0,0,0,0,0,0,0,0
"Bend5",1,9,10,13,8,11,15,15,2
"Mxra7",0,7,0,4,5,10,2,1,17
"Tm7sf3",57,128,80,54,95,97,82,82,106
"Gm9670",11,17,3,17,7,11,22,15,18
"Anp32b",192,208,151,121,98,127,113,87,119
"Spc24",3,0,0,42,23,30,5,13,44
"Samd8",98,135,105,76,129,63,83,118,109
"Ftmt",0,0,0,0,0,0,0,0,0
"Etfrf1",19,44,24,26,13,18,26,32,13
"Gm14340",0,0,0,0,0,0,0,0,0
"4930470P17Rik",0,0,0,0,0,0,0,0,0
"4930483J18Rik",0,0,0,0,2,0,0,0,0
"4930474N09Rik",5,1,0,0,5,0,0,0,0
"4930465K10Rik",0,1,0,0,0,0,0,0,1
"4930505M18Rik",0,0,0,0,0,0,0,0,0
"4930515G01Rik",1,3,0,3,12,14,5,8,3
"Armc12",0,1,0,0,0,0,0,0,0
"4930522H14Rik",0,0,0,0,0,0,0,0,0
"4930523C07Rik",2,1,1,7,2,2,2,15,3
"4930527F14Rik",0,0,0,0,0,0,0,0,0
"Spaca1",2,1,2,4,2,0,2,0,4
"Faxdc2",0,0,0,0,0,0,0,0,0
"4930544G11Rik",0,0,0,0,0,0,0,0,0
"Ctxnd2",0,0,0,0,0,0,0,0,0
"Ctdp1",89,87,86,64,110,54,72,58,53
"Ccdc121",0,0,0,0,0,0,0,0,0
"Rabl3",19,41,15,12,14,13,20,13,21
"Ift172",25,29,35,42,88,69,107,38,70
"Tex46",0,0,0,0,0,0,0,0,0
"Rnf125",0,0,0,0,0,0,0,0,0
"Dctn4",62,89,38,52,49,53,38,63,54
"Hapln3",0,0,0,0,0,0,0,0,0
"Alkbh8",7,29,10,11,11,4,5,9,6
"F530104D19Rik",0,0,0,0,0,0,0,0,0
"Hikeshi",14,3,4,68,66,48,62,47,86
"Rpl38",2191,2309,1589,1329,1484,1027,1351,1490,1301
"0610040B10Rik",2,6,0,8,2,8,0,4,9
"Elob",669,751,645,508,791,469,588,554,707
"Trmt112",23,19,27,36,22,22,24,20,21
"Cuta",324,244,264,423,652,537,445,511,540
"Rpp21",145,207,119,67,128,82,114,93,122
"Lsm3",50,84,73,27,35,40,34,42,43
"Sdhb",711,1125,799,676,1019,1082,960,1014,1248
"Mrpl18",81,112,101,134,107,120,95,97,98
"Pbdc1",64,58,44,38,50,73,60,34,66
"Luc7l3",432,629,309,410,389,276,348,448,390
"Dnaaf4",0,1,0,1,0,1,2,0,8
"1700011L22Rik",1,4,3,0,1,0,0,0,0
"Aldh3b1",101,85,95,116,290,264,233,176,234
"Prss37",0,0,0,0,0,0,0,0,0
"Gm9696",0,0,0,0,0,0,0,0,0
"1700020N01Rik",3,3,1,1,2,3,1,0,0
"Hypk",168,167,73,130,159,167,172,141,162
"Ift74",31,45,24,34,28,14,12,25,15
"Ost4",103,105,99,120,140,162,111,134,128
"Fam174a",130,145,153,167,203,196,159,163,177
"Wfdc2",0,0,0,1,5,0,0,0,3
"Gm9703",35,52,31,32,39,28,44,31,38
"Rnf149",2016,3522,1280,718,893,995,1071,987,1078
"Kirrel3",0,0,0,0,0,0,0,0,0
"Arln",115,120,103,103,211,223,164,135,151
"Gm10653",0,0,0,0,1,0,0,0,1
"Stmp1",169,239,174,101,148,96,132,152,149
"Tmem179b",197,160,142,296,435,436,404,239,438
"Mrpl24",166,144,137,237,291,311,214,239,282
"Pcnx4",28,40,30,18,23,22,22,15,22
"Reg4",0,0,1,0,0,0,0,0,0
"Polr2g",214,245,171,140,111,193,124,183,120
"Nsmce1",86,66,56,124,144,175,99,118,191
"Slc25a37",138,210,101,195,233,205,216,249,234
"Dnajc19",121,124,111,50,61,65,90,76,104
"2010106E10Rik",0,0,0,0,0,0,0,0,0
"Cyp4f37",0,0,0,0,0,0,0,0,0
"Lipf",0,0,0,0,0,0,0,0,0
"Lce1h",0,0,0,0,0,0,0,0,0
"2310057J18Rik",0,0,0,0,0,0,0,0,0
"Actl11",0,0,0,0,0,0,0,0,0
"Cep83os",17,29,14,6,20,17,11,29,21
"Pop1",74,159,60,18,35,45,55,32,32
"Nudt13",47,71,41,72,94,96,87,77,97
"Fam114a2",232,299,213,256,407,333,339,338,383
"Stx17",63,80,51,42,63,62,50,49,29
"Dph2",108,205,70,26,62,77,84,51,61
"Prr33",0,0,0,0,0,0,0,0,0
"Mansc1",2,0,1,0,3,4,4,4,0
"Fcrl6",0,0,0,0,0,0,0,0,0
"Fbxo32",7,7,13,5,13,10,2,9,13
"Iah1",134,171,112,96,195,192,194,163,146
"Itgb3bp",3,3,4,15,8,5,6,28,25
"4930528A17Rik",0,2,1,0,0,1,0,1,5
"Yju2b",55,65,22,34,79,63,54,47,88
"Ttc39d",0,0,0,0,0,0,0,0,0
"Ppid",113,179,98,120,106,131,135,162,158
"Slc48a1",93,211,72,85,119,96,77,91,91
"4930588J15Rik",0,0,0,0,0,0,0,0,0
"4930579F01Rik",0,0,0,0,0,0,0,0,0
"Samsn1",520,597,240,181,156,180,203,179,172
"4930583K01Rik",0,0,0,0,0,0,0,0,0
"Ribc2",0,0,0,0,0,0,0,0,0
"4930589P08Rik",0,0,0,0,0,0,0,0,0
"Mgarp",0,0,0,0,0,0,1,0,0
"4930578I06Rik",0,0,0,0,0,0,0,0,0
"Saxo4",3,8,5,0,2,0,2,2,0
"LOC677525",0,0,0,0,0,0,0,0,0
"Eqtn",5,16,4,0,0,0,0,6,0
"Ddx47",216,350,144,116,142,152,141,163,168
"Aadac",0,0,0,0,0,0,0,0,0
"Plgrkt",146,182,143,296,390,343,216,301,383
"Slc38a2",845,633,618,452,788,733,811,652,699
"Prpsap1",174,207,150,135,149,190,195,195,138
"5830432E09Rik",7,21,4,1,15,15,14,0,4
"Jagn1",211,351,179,149,318,252,347,181,218
"N6amt1",78,160,32,28,34,49,38,60,53
"Gpatch2",66,116,37,45,40,18,31,31,48
"Caap1",36,25,28,25,42,41,34,27,43
"Arpc5",430,742,415,291,588,493,422,410,584
"Chd8",343,567,251,345,340,247,356,400,375
"Kat8",77,162,71,72,106,72,103,58,80
"Borcs5",58,81,24,56,79,67,63,60,37
"Rtp4",686,1134,470,414,282,393,160,393,391
"Vwa5a",55,90,84,119,147,142,133,110,160
"Zfp639",127,126,89,45,98,85,111,135,78
"Ilf2",51,123,17,22,23,44,41,32,41
"Plxnd1",17,112,22,0,3,6,10,4,1
"Zmym4",55,62,39,61,57,39,47,88,70
"Igkv8-24",0,0,0,0,0,0,0,0,0
"Sfr1",202,209,147,124,146,186,178,176,132
"Dalrd3",116,176,143,251,439,418,367,291,355
"Rab39b",2,0,0,0,0,0,0,0,0
"6530411M01Rik",0,0,0,0,0,0,0,0,0
"Rgs8",0,1,0,0,0,0,3,0,1
"Rnls",1,2,7,9,4,1,3,6,3
"Snrnp48",182,317,123,123,125,139,173,177,150
"Dgat2",14,10,18,5,11,5,9,4,7
"Pllp",0,0,0,4,0,0,0,2,3
"Limd2",1168,1796,734,996,1219,1340,853,1305,1465
"Snx2",213,299,255,342,364,315,269,369,425
"Tprg1l",125,153,155,116,170,152,115,159,187
"Rmdn3",84,103,75,50,86,105,82,67,62
"Poldip2",177,223,138,82,161,148,166,119,170
"Ubxn4",355,501,270,213,338,235,346,318,327
"Sec14l2",20,33,20,42,56,60,39,38,41
"Derl1",404,553,422,563,910,861,840,611,693
"Atp1b4",0,0,2,0,2,0,0,0,0
"Nmral1",28,37,17,96,101,132,68,71,102
"Snap47",20,19,19,35,53,69,34,63,74
"Lce1f",0,0,0,0,0,0,0,0,0
"Rer1",458,661,392,432,600,543,476,503,515
"Brix1",148,206,94,47,50,71,78,82,73
"Idh3a",209,204,102,58,72,85,109,77,64
"Wdr83",76,69,64,85,88,124,85,141,154
"Dnajb11",234,364,166,312,398,546,525,336,385
"Gpsm1",30,93,36,58,57,61,92,48,59
"Mrpl57",362,579,358,188,253,279,277,231,239
"Atg3",161,209,139,107,191,196,180,179,172
"Nop9",93,178,82,55,55,97,86,56,69
"Slc35a4",187,320,134,133,159,165,144,113,152
"Rab32",318,266,241,458,689,640,609,539,624
"Rnf115",77,78,64,52,65,51,40,68,47
"Tmem39a",71,105,73,92,103,99,113,128,123
"Sncaip",1,5,3,5,15,21,16,33,17
"Ddx55",81,104,54,49,42,56,62,61,53
"Cdca5",18,22,4,23,11,18,5,12,8
"1700007F19Rik",0,0,0,0,0,0,0,0,0
"Mtres1",60,112,62,47,59,75,45,80,66
"Slco6b1",0,0,0,0,0,0,0,0,0
"Asprv1",3,5,7,0,0,0,0,5,0
"Echdc3",0,1,0,0,1,0,0,3,1
"Ppp6c",49,62,50,23,45,42,49,37,46
"Cysrt1",0,0,0,0,0,0,0,0,0
"S100a16",3,4,1,0,0,0,0,1,0
"Akr1b10",145,335,219,262,449,424,327,256,387
"2310033P09Rik",220,235,141,147,170,171,236,165,196
"Slc25a11",373,470,239,359,526,595,414,410,428
"Yipf4",89,152,98,93,144,151,124,126,175
"Rgs10",740,637,976,1916,2383,2233,1681,1631,2241
"Wfdc1",0,0,0,0,0,0,0,0,0
"Lrrc28",9,22,18,10,22,11,10,21,14
"Cela3b",0,0,0,0,0,0,0,0,0
"Paip2",126,132,162,148,180,149,171,201,233
"Enoph1",65,86,42,52,82,107,100,106,91
"Mrrf",9,13,29,13,12,11,14,18,11
"Nsmce4a",130,142,109,128,118,174,145,147,169
"Mri1",81,73,94,44,37,64,57,62,76
"Rprm",0,0,0,0,0,0,0,0,0
"Coq10b",36,58,31,23,24,26,17,18,16
"Naa20",77,173,89,74,76,93,91,63,71
"Tmem33",250,301,231,253,374,367,329,277,339
"Dcxr",250,320,335,321,605,281,413,530,633
"Mdp1",85,97,75,134,150,182,169,138,200
"Uxs1",4,2,2,4,3,1,2,9,5
"Cfap410",60,76,52,111,95,89,105,84,106
"Mtln",181,111,121,171,175,157,180,174,165
"Camsap2",43,63,32,31,32,33,37,33,34
"Saraf",392,561,416,384,444,403,417,418,469
"Tmem100",94,112,101,122,140,192,160,152,159
"Rbm18",100,160,78,71,103,78,73,97,89
"Ufm1",142,234,121,65,83,61,103,90,94
"Rpl4",3915,4779,2571,2422,3368,3939,3286,3009,3334
"Coa6",67,72,39,56,92,77,111,78,62
"Tmem86a",1181,1473,1319,1273,1993,1968,1698,1574,2333
"Dennd10",51,49,37,48,37,48,53,59,58
"Ppa1",111,104,60,55,55,87,89,73,42
"Ccdc80",22,16,22,15,40,17,20,16,18
"Rnmt",117,208,89,35,74,68,62,72,92
"Pef1",86,128,104,41,110,116,42,97,112
"Cmc1",88,78,36,60,83,40,56,78,83
"Mtfp1",20,12,31,24,36,58,24,41,35
"Sumf2",31,48,45,46,46,65,71,56,36
"Gipc1",103,145,93,79,129,178,101,67,94
"Ppm1m",154,188,108,126,181,189,177,137,191
"Galntl5",0,0,0,0,0,0,0,0,0
"Zfp169",3,5,1,0,2,2,0,3,3
"1600012H06Rik",122,216,94,69,106,100,153,138,115
"Coq9",76,70,78,72,114,116,95,101,85
"Plpp3",2,6,6,6,17,5,5,15,12
"Zcchc3",20,43,19,25,50,45,32,28,55
"Mak16",138,273,77,30,51,47,54,84,53
"Ube2f",151,314,90,130,133,143,152,139,145
"Fam32a",256,432,179,93,127,137,155,154,177
"Eloc",112,112,86,75,103,78,106,111,99
"Cby2",0,0,0,0,0,0,0,0,0
"1700096J18Rik",0,0,0,0,0,0,0,0,0
"Abca14",0,0,0,0,1,0,0,0,1
"Ccdc70",0,0,0,0,0,0,0,0,0
"Serpini2",0,0,0,0,0,0,0,0,0
"1700129C05Rik",0,0,0,0,0,0,0,0,0
"Hcfc2",6,15,0,1,4,7,3,3,10
"1700124L16Rik",2,20,1,0,2,2,4,1,1
"Ces5a",0,0,0,0,0,0,0,0,0
"Wdr55",136,225,73,58,48,86,88,69,85
"Tmem59l",3,1,1,1,1,1,0,1,4
"Myl12b",223,283,234,243,477,481,379,346,483
"Prorsd1",89,72,69,87,91,75,77,105,106
"Rps27l",271,291,229,168,151,134,195,187,197
"Atp5mc2",200,219,187,209,119,149,114,199,192
"Mesd",199,275,144,111,183,198,207,177,147
"Tex13a",0,0,0,0,0,0,0,0,0
"Rpl41",5362,5035,4012,4033,6910,4010,4637,4965,6850
"Spata6",42,90,50,24,40,21,24,26,33
"Fbxo28",94,136,76,46,84,52,89,115,72
"Nifk",142,184,89,48,64,76,69,80,54
"Tubb6",53,92,25,30,20,39,31,29,42
"Tomm20",102,107,79,37,84,94,56,80,76
"Sugt1",143,144,95,104,147,142,125,131,163
"Kmt5a",239,407,125,97,191,143,185,160,170
"U2surp",152,160,79,162,143,143,145,149,151
"Puf60",246,427,243,207,372,419,356,318,352
"Npc2",1734,2353,1797,2122,3242,4235,2662,2093,3353
"Zcchc10",43,59,21,25,20,34,23,27,20
"Pold3",92,85,65,67,99,128,67,81,83
"Ooep",0,0,0,0,0,0,0,0,0
"Tppp3",6,9,13,4,7,5,6,2,4
"Atp2b1",261,292,253,246,317,271,317,293,430
"Mphosph10",119,130,52,38,54,97,70,89,49
"Ccny",74,119,75,67,61,36,64,60,39
"Trabd",50,81,68,37,61,67,67,50,70
"Tctn2",0,8,2,5,11,3,1,7,7
"Atad1",147,239,90,73,89,40,64,91,58
"Gnpda2",32,58,49,32,52,37,42,42,55
"Hormad1",0,2,0,2,0,0,0,0,0
"Pdzd9",0,0,0,0,0,0,0,0,0
"Ssxb1",0,0,0,0,0,0,0,0,0
"Tmx3",114,173,93,143,121,76,117,129,122
"Nacc2",81,108,92,138,184,139,130,136,178
"Nudt12",0,0,0,0,0,0,0,6,0
"Mrps11",190,186,132,80,85,84,95,111,107
"Srsf6",405,601,302,367,450,424,411,493,455
"Ddx59",15,11,16,11,20,31,19,28,40
"Retreg3",99,91,89,101,119,83,57,124,103
"Cfap298",30,40,20,14,33,27,23,32,18
"Sdhaf4",36,22,21,23,45,32,22,34,43
"Defa20",0,0,0,0,0,0,0,0,0
"Bambi",5,7,5,10,4,7,7,2,7
"Snrpg",192,151,136,155,147,133,161,151,172
"Zwilch",9,21,5,32,18,23,5,17,26
"Trap1",202,190,181,138,170,175,202,226,187
"Cavin4",0,0,0,0,0,0,0,0,0
"Mrm2",15,38,7,17,10,16,22,14,15
"Cert1",150,233,128,95,95,96,118,147,97
"Coa8",59,65,72,65,53,65,77,89,83
"Bphl",1,5,2,26,45,45,56,26,43
"Pdf",130,139,78,75,117,131,132,126,112
"H2bc4",105,132,149,141,312,178,244,162,386
"Pclaf",0,1,0,57,14,36,6,15,10
"Tmem178",0,5,0,0,0,0,0,0,0
"Rpl22l1",161,213,164,228,231,128,174,276,265
"Rnf146",69,114,68,47,66,58,27,48,45
"Emc4",27,58,38,32,21,44,46,41,27
"Cox19",66,93,54,26,93,57,71,54,56
"Pabir1",134,228,153,123,148,138,106,153,139
"Rbm42",572,682,426,287,423,386,389,282,407
"Zfp706",233,314,253,313,478,410,354,394,425
"Chid1",35,11,20,121,174,137,110,126,151
"Nmb",14,33,26,11,22,13,21,9,37
"Zfp593",171,247,106,44,69,40,118,67,57
"Mid1ip1",119,123,153,110,197,219,241,138,138
"Eef1akmt1",50,53,51,36,69,76,69,63,42
"Chac2",7,7,8,1,14,2,12,3,4
"Rtraf",176,177,134,140,153,126,133,156,130
"2700062C07Rik",168,336,131,74,127,138,96,130,144
"Mpnd",51,51,47,95,107,104,77,129,144
"Aen",9,10,0,11,3,2,7,7,8
"Akirin1",220,425,142,109,149,139,214,185,187
"Nutf2",7,13,12,24,28,59,14,32,48
"Rps13",1945,1853,1498,1185,2211,1783,1789,1371,2496
"Ubxn2b",32,37,24,27,60,33,41,35,42
"Serpina12",0,0,0,0,0,0,0,0,0
"Dmac2l",20,19,16,18,24,35,31,26,18
"Chd1l",38,63,44,23,44,52,47,38,35
"Tm9sf2",375,552,262,512,724,407,549,627,564
"Slc25a39",187,207,187,209,252,270,201,218,292
"Mrnip",8,12,14,28,46,43,25,18,19
"Pdzd2",0,1,0,2,0,1,1,0,0
"Atpsckmt",56,55,27,53,84,76,119,55,110
"A930013F10Rik",92,193,74,130,104,74,74,143,151
"Lurap1",0,0,0,0,0,0,0,0,0
"Nop53",330,577,298,179,271,216,213,206,357
"Pdcd2l",105,136,116,101,200,228,143,153,198
"Gpn3",41,51,32,18,28,50,31,25,16
"Dusp19",5,9,14,6,18,7,10,11,28
"Pak1ip1",207,285,147,134,175,179,117,166,161
"Dcakd",120,218,215,262,358,402,291,233,234
"Arpc4",149,165,129,177,264,266,225,254,273
"Yif1a",163,200,134,113,187,229,171,185,204
"Ncbp2",29,58,26,48,58,66,70,59,40
"Smarcc2",98,186,107,103,215,251,266,145,216
"Ociad1",376,528,290,324,372,408,464,339,396
"Dynll2",144,174,140,149,151,220,173,198,191
"Rchy1",55,84,44,45,59,56,47,73,47
"Cibar1",9,22,10,7,8,6,4,10,4
"Nt5c3b",36,46,52,39,31,73,56,30,33
"Cntd1",2,3,0,5,4,0,1,3,5
"Snhg17",156,281,115,58,82,108,93,89,114
"Entr1",35,45,18,27,27,49,44,18,32
"Pwwp3a",60,48,46,32,64,47,57,52,29
"Maip1",55,76,54,23,54,40,41,37,45
"Apool",29,44,17,21,17,9,12,11,25
"Atg101",88,159,100,65,133,128,101,83,123
"Cmtm3",356,430,244,296,515,626,413,391,530
"Cep70",20,35,8,32,20,28,24,11,26
"Fahd2a",11,34,23,28,40,33,17,28,39
"B230217C12Rik",1,4,1,0,3,1,0,0,1
"Fam120aos",5,12,9,8,20,9,11,16,22
"Gcsh",71,73,47,17,40,42,48,44,40
"Upf3b",96,181,77,54,79,57,71,76,64
"Eif3h",460,670,289,313,550,502,461,365,631
"Kdelr1",270,352,245,234,505,560,515,309,447
"Tigd2",410,538,339,117,416,128,268,224,315
"Ino80",86,172,93,43,139,132,164,87,162
"5031426D15Rik",0,0,0,0,0,0,1,2,0
"Etaa1",55,61,34,58,41,37,27,60,46
"Arl13b",37,39,13,29,36,32,34,32,44
"Gar1",199,284,116,47,64,113,87,85,123
"Otub2",10,9,0,8,39,24,13,15,22
"Wls",79,96,58,131,189,90,108,103,122
"Fam133b",181,287,115,138,127,86,145,110,118
"Gtf2e2",39,54,38,47,38,28,35,72,32
"Stx19",0,0,0,0,0,0,0,0,0
"A930005H10Rik",23,46,29,27,53,34,37,46,46
"A930003A15Rik",0,0,0,0,0,0,0,0,0
"A930006D01Rik",0,0,0,0,0,0,0,0,0
"Fdx2",364,620,244,129,194,200,192,177,218
"Spire1",81,146,93,141,191,135,128,141,172
"Ndnf",1,0,0,0,0,0,0,0,0
"Iftap",20,20,15,28,32,28,20,36,33
"Pate6",0,0,0,0,0,0,0,0,0
"Rpl39l",2,6,6,3,5,9,7,8,4
"Ppifos",0,0,0,0,0,0,0,0,0
"4930591A17Rik",0,0,0,0,0,0,0,0,0
"Inka1",125,193,140,156,195,247,175,158,245
"Ebpl",30,17,17,58,140,86,79,44,142
"Cgnl1",0,0,0,0,1,0,0,1,0
"Hyi",206,503,175,78,111,64,131,150,148
"Bcas2",78,145,99,110,138,175,156,130,116
"Denr",162,211,129,146,139,199,188,195,152
"Coa4",25,40,18,29,49,46,42,49,75
"Fam135a",31,34,28,13,65,24,16,30,30
"Sympk",164,327,182,132,122,116,175,121,132
"Dubr",7,15,19,7,7,4,7,6,2
"Leprotl1",196,283,184,169,303,189,253,234,294
"Rpl24",1513,1736,1157,873,1241,963,1034,1101,1204
"Ndufb4",169,189,126,149,168,193,196,198,172
"Rnaset2b",135,123,174,184,523,479,311,224,495
"Hsbp1",519,486,382,412,572,468,381,446,494
"Ndufc2",328,442,308,309,471,386,391,444,406
"Ndufb2",148,147,142,141,249,188,217,198,212
"Ccdc34",67,123,68,67,79,67,74,95,89
"Ndufa5",208,207,146,169,126,106,116,198,149
"Diras2",0,1,0,0,5,0,0,0,1
"2900060B14Rik",42,30,21,17,20,6,15,23,19
"Urm1",226,391,170,131,82,148,110,116,119
"Rnaseh2c",108,86,164,263,316,240,327,271,341
"Tmbim4",344,454,331,248,513,359,387,359,441
"Gsto2",0,2,0,0,0,1,0,0,2
"Fam98b",68,112,56,39,32,22,34,39,35
"Nudt21",28,49,18,19,43,27,34,33,34
"Wfdc15a",0,0,0,0,0,0,0,0,0
"Cimip2a",0,0,0,0,0,1,0,0,0
"Fam24a",0,0,0,0,0,0,0,0,0
"1700067P10Rik",0,0,0,0,0,0,0,0,0
"Efcab2",11,18,22,4,7,8,17,22,8
"Spindoc",40,71,40,7,39,45,28,36,24
"1700102H20Rik",2,2,1,1,1,0,1,1,4
"H2al2a",0,0,0,0,0,0,0,0,0
"1700120K04Rik",0,0,0,0,0,0,0,0,0
"Fam229a",0,4,0,0,0,0,0,0,1
"Mturn",0,0,1,0,0,0,0,0,0
"Gtsf1l",0,0,0,0,0,0,0,0,0
"1700123O21Rik",0,0,0,0,0,0,0,0,0
"Krt42",0,0,0,0,0,0,0,0,0
"Rpa3",15,22,9,29,23,26,17,32,14
"Mcrip2",139,229,105,80,118,135,93,117,115
"A930018P22Rik",0,0,0,0,0,0,0,0,0
"1700108J01Rik",0,0,0,0,0,0,0,0,0
"Ciao2a",184,261,153,181,235,249,193,266,275
"Babam1",108,215,178,122,212,242,240,174,181
"Tmem86b",3,2,3,7,19,17,15,18,5
"Ift80",13,12,5,16,8,6,7,4,8
"Trmt12",17,29,18,33,79,53,45,58,60
"Agpat4",55,20,42,12,40,27,37,27,11
"Pdhb",213,333,146,116,115,127,120,142,147
"Iqcf3",0,0,0,0,0,0,0,0,0
"Slc25a22",129,152,151,81,113,197,151,96,156
"Zdhhc21",134,260,69,56,73,63,64,73,70
"Dnaaf1",0,0,0,0,0,0,0,0,2
"Zfp85os",0,0,0,0,0,1,0,0,0
"Rbm28",141,326,124,202,200,151,234,203,155
"Pomgnt1",147,218,69,73,121,105,168,75,115
"Toporsl",0,0,0,0,0,0,0,0,0
"Rpa1",44,81,43,85,77,128,110,77,90
"Toe1",64,121,44,32,60,67,72,42,55
"2310057M21Rik",29,60,19,6,19,20,33,33,33
"Ddx39a",326,425,247,169,215,254,239,211,220
"Mcoln2",0,0,0,0,0,0,0,0,0
"Rlig1",27,38,19,11,16,8,15,12,3
"Matcap2",0,0,0,2,4,0,0,0,0
"C630043F03Rik",0,1,2,0,0,2,0,0,0
"Mto1",62,126,71,67,84,94,72,95,94
"Stt3b",227,335,132,205,302,247,248,288,266
"Mfsd10",220,411,279,145,299,324,260,180,205
"Aar2",81,89,56,31,39,77,62,43,43
"Ncapd2",10,9,3,43,31,46,15,31,38
"Vps53",129,247,106,72,129,88,128,111,147
"Fam114a1",42,67,43,15,50,51,43,35,60
"Poglut3",24,41,21,32,62,73,53,60,53
"4930565N06Rik",0,0,0,0,0,0,0,0,0
"Lrriq4",0,0,0,0,0,0,0,0,0
"4933406F09Rik",0,0,0,0,0,0,0,0,0
"Zmym1",30,46,18,43,27,31,39,30,18
"Lypd2",0,0,0,0,0,0,0,0,0
"Gstm7",0,0,1,0,1,0,1,0,0
"Hnf4aos",0,0,0,0,0,0,0,0,0
"Apoo",8,3,3,5,6,4,2,5,1
"Aph1c",2,4,4,11,22,13,5,33,18
"Nudt22",94,130,83,105,127,113,99,131,116
"Tsr3",144,248,101,51,70,85,71,81,77
"Rab13",4,2,2,13,5,14,1,4,2
"Sdhaf1",97,175,130,63,116,119,102,76,86
"Crip2",2,1,0,0,0,1,2,2,0
"Golt1a",0,0,0,0,0,0,0,0,0
"Ccdc88c",0,0,0,0,0,0,2,0,4
"Ndufb10",471,498,353,383,509,465,461,477,475
"Tmem174",0,0,0,0,0,0,0,0,0
"Sirt5",1,13,6,6,18,4,7,9,11
"Mettl26",17,6,14,24,34,30,22,27,24
"Serpina1f",0,0,0,0,0,0,0,0,0
"Ndufs3",106,110,83,57,38,62,58,63,69
"Mul1",165,258,88,63,79,87,86,122,83
"Aspdh",0,0,0,0,0,0,0,0,0
"Plekhd1os",0,0,0,0,0,0,0,0,0
"2010204K13Rik",19,23,12,7,6,4,13,17,2
"0610030E20Rik",98,127,86,136,130,94,102,129,109
"Rab14",1349,2155,1283,1035,1601,1166,1560,1589,2013
"Tmem129",56,71,57,76,109,104,94,67,74
"0610031O16Rik",0,0,0,0,0,0,0,0,0
"Pbld1",0,0,0,0,0,0,0,0,0
"Ndufa8",132,233,155,145,218,292,240,173,176
"Ciz1",141,248,143,109,188,150,172,157,167
"Tlcd1",27,16,10,16,16,20,11,4,7
"0610039K10Rik",0,4,0,1,0,3,0,3,4
"Mogat1",0,0,0,0,0,0,0,0,0
"Ccdc163",24,24,24,50,61,75,44,45,94
"H2-Q8",4,0,0,0,0,1,0,0,0
"Nat8",0,0,0,0,0,0,0,0,0
"0610043K17Rik",0,0,0,0,0,0,0,0,0
"G6pc3",126,229,160,174,138,179,131,156,182
"Nrn1",1,1,3,0,0,2,2,0,1
"Sycn",0,0,0,0,0,0,1,0,2
"Ankrd13a",167,246,146,206,307,278,295,225,257
"Lmbrd1",142,247,143,164,196,159,128,186,213
"Ankrd13d",52,48,30,43,89,72,92,38,83
"Slc39a13",32,95,41,79,139,141,150,91,133
"Steap3",5,2,1,14,24,17,17,18,26
"Fbxl15",51,81,46,18,25,27,31,41,35
"Rpl34",2237,2438,1953,1652,2527,1623,1925,2001,2679
"Dusp23",60,53,17,15,55,36,45,48,47
"Rraga",57,105,48,48,37,48,67,39,50
"Cyp2d13",0,0,0,0,0,0,0,0,0
"Tbc1d10b",128,183,106,93,188,168,179,129,179
"Gpihbp1",0,0,0,0,0,0,0,0,0
"Ppp1r14a",0,5,0,0,0,1,0,1,2
"Dhrs7c",0,0,0,0,0,0,0,0,0
"Mrpl14",120,35,91,206,245,252,209,211,216
"Adipor2",156,165,165,189,317,196,226,204,282
"Ly6g6c",0,0,0,0,0,0,0,0,0
"Tmem126b",14,21,21,13,14,11,13,15,10
"Mob1b",21,36,9,18,12,8,25,21,21
"Ssna1",143,227,132,135,131,132,122,139,148
"Rmnd5a",26,49,55,44,64,49,45,69,63
"Phf5a",171,286,166,114,185,190,151,184,161
"Card19",171,271,377,125,312,253,260,191,283
"Mpzl1",2,0,5,0,0,0,1,1,4
"Krtap6-5",0,0,0,0,0,0,0,0,0
"Tmem140",68,125,130,131,147,126,88,120,137
"Zfp579",109,129,109,188,311,252,271,193,323
"Ndufaf4",232,322,136,83,98,77,110,149,79
"Arel1",61,60,52,112,117,148,109,115,147
"Tspan11",0,0,0,0,0,0,0,0,0
"Mrpl53",121,179,107,101,219,201,194,131,209
"1110008E08Rik",0,0,0,0,0,0,0,0,0
"Nsmce2",77,141,100,49,37,86,58,56,48
"Vps51",145,182,137,170,150,138,152,143,169
"Ppfia4",308,366,283,1242,1658,1560,1091,1211,1948
"Ptx4",0,0,0,0,0,0,0,0,0
"Ints1",133,209,83,102,104,131,114,89,127
"Dcdc2c",0,0,0,0,0,0,0,0,0
"Tomm5",72,74,36,29,37,76,74,37,59
"Micu2",132,206,79,121,121,73,86,103,148
"Myadml2",10,7,30,15,55,42,13,25,30
"Eml1",0,0,0,0,0,0,0,0,0
"Zfyve21",35,17,34,16,51,52,31,31,39
"Entrep3",0,13,14,6,20,4,14,16,8
"Ciao2b",149,213,146,118,271,302,215,183,304
"Wipf2",129,277,91,150,201,167,185,158,187
"Evc2",0,1,0,0,0,0,0,0,0
"Gpr155",119,222,108,213,280,242,259,239,181
"Ucma",0,0,0,0,0,0,0,0,0
"Erln",0,0,0,0,0,0,0,0,0
"1110020A21Rik",2,2,0,7,10,1,0,1,1
"Mphosph6",77,87,35,14,31,23,27,34,51
"Mrpl13",141,148,107,127,93,77,78,110,100
"Tmem109",343,356,327,374,531,719,627,428,514
"Trir",337,532,271,275,482,510,484,371,477
"Ecscr",414,751,271,448,668,765,423,617,810
"Sgo2a",0,6,0,5,1,0,0,4,13
"Tefm",54,83,34,37,70,63,55,55,69
"Smim14",54,98,66,77,208,167,166,102,138
"Col6a4",0,0,0,0,0,0,0,0,0
"Cebpzos",41,64,48,137,169,145,154,140,214
"Uckl1",154,168,121,190,329,263,194,227,267
"Ankra2",99,207,101,96,142,70,112,129,142
"Pdrg1",132,206,103,83,155,124,150,111,143
"Dpm3",264,286,292,311,481,257,350,357,323
"Nufip2",352,577,186,191,189,85,152,262,178
"Mrps18a",283,394,307,149,185,166,143,190,212
"Caly",2,7,5,1,2,0,7,3,0
"Cgref1",1,0,0,0,1,3,0,0,0
"Mrpl58",93,167,89,77,112,125,122,110,133
"Lamtor5",121,127,70,103,105,140,129,99,103
"Tmed10",499,684,416,455,601,430,531,546,548
"1110020C17Rik",0,0,0,0,0,0,0,0,0
"Rtn4",526,736,482,616,822,705,729,799,924
"Cthrc1",0,0,0,0,0,0,0,0,0
"Mocos",8,11,2,8,1,7,4,7,1
"Syf2",179,212,209,107,162,150,150,157,204
"Ccdc167",14,11,12,37,29,44,34,32,41
"Dnajc8",172,220,208,138,298,256,194,199,283
"Pmvk",300,253,331,55,97,112,82,115,139
"Ppm1f",53,97,69,81,76,100,104,85,124
"Serhl",67,120,62,89,78,121,92,106,167
"Mrpl28",92,141,121,114,148,139,118,111,124
"Ube2c",1,0,0,31,20,14,14,13,48
"Letmd1",156,270,148,113,197,226,175,106,152
"Gdpd3",32,31,27,69,125,129,88,96,155
"Mtcl1",0,0,0,0,0,0,0,1,0
"Eola1",26,54,42,13,15,16,21,21,24
"Cfap57",0,0,0,0,0,0,0,0,0
"Elac2",33,68,24,15,33,32,15,32,24
"Fbxw9",33,76,25,17,35,65,43,45,85
"Cryl1",42,35,50,70,89,171,67,116,125
"Myct1",0,0,0,0,0,0,0,0,0
"Tm2d3",239,444,274,298,374,363,357,297,383
"Fahd1",8,16,9,5,13,13,13,15,10
"Tmem216",18,17,13,9,9,18,7,17,5
"Abhd14a",21,17,11,21,68,65,44,48,58
"Nadk2",9,32,16,16,22,21,16,14,22
"Tab2",266,417,224,231,300,236,275,302,410
"Samm50",451,510,282,235,332,359,299,270,360
"Fndc1",5,3,0,0,2,0,3,0,0
"Gask1b",0,3,0,1,2,0,1,1,2
"Scgb3a1",0,0,0,0,0,0,0,0,0
"Svop",0,5,0,0,0,1,1,0,0
"Trpm4",49,52,33,52,71,89,66,46,83
"Klk5",0,0,0,0,0,0,0,0,0
"Pcyt2",79,88,79,67,85,57,82,78,111
"Krtap4-2",0,0,0,0,0,0,0,0,0
"Arb2a",107,172,86,58,88,58,97,73,71
"Smtnl1",0,0,0,0,0,0,0,0,0
"Fitm1",0,0,1,2,1,0,0,0,0
"Slc44a2",90,87,98,96,119,120,70,64,117
"1110028F11Rik",0,0,0,0,0,0,0,0,0
"Kansl1l",33,25,8,26,33,24,29,34,44
"1110028F18Rik",9,19,0,0,0,0,0,0,0
"Hnrnpul2",202,240,163,185,219,205,250,233,241
"Lce1e",0,0,0,0,0,0,0,0,0
"Hddc3",4,12,5,9,13,6,7,8,2
"1110036E04Rik",0,0,0,0,0,0,0,0,0
"Ppp1r27",0,0,0,0,0,0,0,0,0
"Rere",58,132,112,208,381,393,359,270,373
"Gtf2f2",118,216,78,46,39,73,105,74,86
"Rabl2",23,34,10,15,32,20,30,20,19
"Cilp2",3,1,0,0,1,0,0,1,1
"Ifitm1",25,5,31,10,25,19,9,45,28
"Rnf166",190,213,273,220,467,316,395,351,441
"Lce1b",0,0,0,0,0,0,0,0,0
"Cfap68",30,52,33,34,45,36,35,15,48
"Hrnr",0,0,0,0,0,0,0,0,0
"Arl8a",209,307,177,89,206,276,189,148,186
"1110032F04Rik",0,0,0,0,0,0,0,1,1
"Trp53inp2",77,227,75,45,39,52,57,33,39
"Trim37",11,8,9,13,8,24,10,20,5
"Dus1l",92,157,80,54,107,147,187,84,131
"Rbfa",326,457,310,266,378,310,318,278,343
"Carmil1",30,28,23,26,22,25,32,48,41
"Ppp4r3a",125,132,85,121,144,125,135,145,137
"Mrps18c",94,110,82,57,44,45,49,75,65
"Tyw5",35,53,34,39,24,29,25,33,29
"Angel1",11,19,5,38,57,54,63,37,39
"Acss1",156,299,194,205,278,316,196,236,323
"Krtap22-2",0,0,0,0,0,0,0,0,0
"Tmem219",486,644,409,304,426,523,422,358,533
"Anln",0,16,8,17,13,1,5,6,15
"Zfp740",141,181,192,207,444,420,307,281,425
"Rreb1",372,415,283,320,622,321,553,453,511
"Mybphl",0,4,0,1,0,2,0,1,0
"Cgrrf1",121,216,151,149,253,222,189,213,240
"Abhd11",307,540,306,143,200,332,164,247,301
"Synpo2l",0,0,0,0,0,0,0,0,0
"1110038B12Rik",454,317,227,96,180,152,171,146,176
"Cdhr3",0,0,0,0,0,0,0,0,0
"Washc1",163,329,228,136,169,193,129,160,180
"Krtap4-6",0,0,0,0,0,0,0,0,0
"Phtf2",24,26,17,18,14,7,13,25,18
"Ms4a6d",2452,868,1846,648,749,621,704,813,769
"Atp6v1c2",0,0,0,0,0,0,0,0,0
"Taf11",47,84,38,34,31,36,38,27,49
"Tmem53",1,1,0,8,5,2,7,5,10
"Gucd1",66,100,82,65,60,82,94,63,108
"Trmt61b",24,36,9,8,9,19,30,18,18
"Fendrr",0,0,0,0,0,0,0,0,0
"Srpx2",0,0,0,0,0,0,0,0,0
"Flnc",0,0,0,0,0,0,0,0,0
"Ubr3",126,241,117,86,115,108,126,125,108
"Tmem214",158,199,139,163,243,215,216,134,198
"Pdgfrl",2,0,0,3,3,1,5,0,3
"Rgmb",77,172,34,58,81,121,102,70,74
"Prr32",0,0,0,0,0,0,0,0,0
"Elovl5",163,190,173,99,120,83,84,108,116
"Mypn",0,0,0,0,0,0,0,0,0
"1110046J04Rik",0,0,1,0,0,0,0,1,0
"Nexn",3,1,2,0,3,2,0,5,1
"Dock5",1,0,0,0,2,0,0,2,0
"Btbd10",30,50,18,14,18,21,5,18,15
"Ppil1",35,54,29,28,17,23,22,23,24
"Ddi2",5,4,9,3,2,0,6,3,0
"Zfand2b",75,74,40,87,95,110,112,105,128
"Sync",0,0,0,0,0,0,0,0,0
"Ldah",80,116,79,62,104,116,97,102,95
"Pdcl3",141,198,129,127,163,203,144,192,187
"Mrpl52",1167,1117,976,809,1091,885,907,885,1197
"Foxk2",67,87,39,68,83,86,115,93,89
"Ankrd46",48,68,56,58,99,95,69,72,54
"Lppos",12,10,4,22,50,44,39,31,35
"Tulp4",15,9,7,38,45,8,23,12,22
"Pih1d1",97,143,106,159,202,185,161,146,234
"Rnf208",0,10,5,8,2,7,4,3,6
"Lrrn4cl",0,0,1,0,0,0,0,0,0
"Asb11",0,0,0,0,0,0,0,0,0
"Dtwd2",3,21,7,2,11,3,3,15,8
"Smim1",19,18,16,48,66,25,43,55,46
"Dipk2a",46,72,45,56,40,35,57,45,55
"Arv1",47,31,14,29,47,34,33,29,30
"Rnf122",10,13,9,18,10,14,12,19,15
"Ak8",0,0,0,0,0,2,0,0,1
"Klhdc9",0,0,0,0,0,1,0,4,2
"Tmcc2",17,34,38,7,8,11,21,13,28
"Atp23",35,34,34,21,26,15,26,20,15
"Maf1",107,197,126,127,203,216,166,200,242
"Prpf6",101,146,103,82,105,96,90,91,106
"Fam240b",0,0,0,0,0,0,0,0,0
"Gkn3",0,0,0,0,0,0,0,0,0
"Ubac2",224,362,184,205,313,287,348,259,302
"Cd177",12,0,4,0,0,0,1,1,0
"Rasl11a",3,0,0,0,0,1,0,0,0
"Disp1",25,69,18,24,42,38,52,18,46
"Abhd13",90,129,75,56,95,50,58,63,58
"Zfp467",36,32,43,257,362,333,320,269,348
"Pygo2",133,169,115,139,240,275,253,218,291
"Vars2",61,112,43,69,50,74,65,59,40
"Cdkal1",24,39,10,21,18,22,20,41,21
"Hint2",181,120,119,117,206,127,144,149,180
"1190005I06Rik",6,2,3,0,10,1,1,0,1
"1110065P20Rik",101,156,80,58,73,55,79,64,71
"Dnai1",0,2,0,0,1,3,0,0,0
"Rpap1",60,94,46,51,73,83,69,45,67
"Ubap2",45,87,42,51,95,91,81,65,62
"Ptcd2",105,143,127,84,108,140,121,125,130
"Mospd3",20,37,37,34,77,34,34,32,40
"Smim11",38,42,27,52,18,38,50,47,23
"Aspscr1",109,242,145,106,124,89,109,112,139
"Rasl11b",7,5,6,0,0,0,1,3,0
"Chmp2b",53,153,56,33,44,44,50,41,53
"Pink1",49,68,73,45,191,97,130,86,137
"Tmco1",196,184,134,348,464,438,426,340,423
"Chst8",11,10,12,23,25,28,20,35,43
"Fam216a",15,49,16,9,13,18,14,21,14
"Zfas1",835,798,419,320,377,357,347,316,364
"Tlcd3b",0,2,0,2,4,2,1,6,3
"Chmp2a",593,800,500,400,413,427,453,560,511
"1500012K07Rik",0,0,0,0,0,0,0,0,0
"Srrm4",0,4,0,1,0,0,0,0,0
"Paqr6",0,0,0,0,0,0,0,0,0
"Phkg2",107,238,140,102,129,159,175,123,187
"Ctc1",233,219,347,493,733,650,650,684,741
"Ngdn",223,444,229,120,220,198,224,202,171
"Cdan1",53,85,36,25,15,69,29,45,56
"Eif1b",158,215,137,155,196,190,178,148,177
"Dcaf12",125,140,109,72,133,149,124,127,132
"Tamm41",81,90,54,36,43,45,51,69,54
"Tatdn3",18,51,37,62,93,88,73,95,128
"Med27",80,164,70,42,105,57,49,56,51
"Haghl",120,75,103,140,223,184,123,155,182
"Nol11",108,165,66,68,56,82,78,78,67
"Wdr53",65,76,74,64,86,78,83,70,92
"Snrpa1",275,322,196,115,147,236,198,196,150
"1500015A07Rik",15,6,6,4,8,11,6,10,0
"Gad1os",0,0,0,0,0,0,0,0,0
"Prpf31",164,196,91,80,84,101,73,100,103
"Ssu72",265,297,154,174,218,250,203,206,254
"Zfp580",131,219,145,64,110,121,59,105,136
"1500015L24Rik",0,0,0,0,0,0,0,0,0
"Mcts1",113,171,65,146,126,105,138,193,156
"Anapc10",48,58,33,38,33,20,21,29,34
"6330418K02Rik",58,38,19,21,55,49,37,41,33
"Cab39l",61,69,34,54,47,48,49,41,35
"Thap7",87,149,93,60,138,123,77,65,80
"Anapc13",139,97,131,250,327,284,213,266,342
"Prrt2",2,3,2,0,3,0,5,4,3
"Spcs1",279,409,248,237,286,211,211,265,227
"Zfp707",37,105,56,39,41,45,47,58,33
"Snx15",43,31,27,36,25,55,75,38,42
"Mitd1",56,76,56,33,26,49,37,48,39
"Smdt1",388,408,358,365,626,587,521,455,620
"1810006J02Rik",0,0,0,0,0,0,0,0,0
"Lyzl4",1,1,2,9,11,11,13,3,11
"Nupr2",0,1,9,2,4,0,4,0,8
"Zdhhc3",99,177,94,64,99,55,77,83,78
"Zg16",1,1,0,0,0,1,0,1,0
"Tmem258",42,57,60,69,68,50,49,66,64
"Isca1",23,29,22,8,14,20,15,27,27
"Atp2c2",0,0,0,0,0,0,0,4,0
"Slc30a5",67,138,60,59,63,99,97,92,87
"Nat8f5",0,0,0,0,0,0,0,0,0
"1810013A23Rik",1,0,0,0,0,0,0,0,0
"Pycr2",172,257,172,186,153,306,222,190,218
"Hapstr1",57,98,79,39,97,45,54,71,67
"1810007C17Rik",0,0,0,0,0,0,0,0,0
"1810007D17Rik",0,0,0,0,0,0,0,0,0
"Pnlip",0,0,0,0,0,0,0,0,0
"1810008B01Rik",0,0,0,0,0,0,0,0,0
"Fuom",17,45,16,12,27,36,26,19,26
"Chac1",5,13,1,5,14,11,7,3,3
"1810010H24Rik",3,17,15,3,5,5,6,1,9
"Tcim",13,7,11,21,29,40,42,23,53
"Tmem273",45,37,52,124,226,240,209,135,206
"Tmem97",56,75,45,31,45,51,21,35,28
"Ebna1bp2",263,563,177,122,120,144,187,116,118
"Kdf1",0,1,0,0,0,0,0,0,1
"Triap1",82,99,91,60,116,145,112,54,88
"Psmd11",91,200,73,82,92,65,69,91,82
"Gmppa",161,277,208,158,282,240,274,157,258
"Zc3h15",101,145,70,73,105,76,95,82,66
"Sult1c2",0,1,0,0,0,0,0,2,0
"Zcchc9",108,141,47,53,47,38,54,64,59
"Oxa1l",132,229,163,135,249,239,257,187,295
"Ascc1",63,61,43,51,68,45,50,44,96
"Vps26b",75,91,58,44,113,58,71,71,81
"Tmem160",437,446,415,356,383,297,281,475,407
"Trim15",0,0,0,0,0,0,0,0,0
"Ydjc",23,54,29,17,25,21,34,16,24
"Marchf5",333,543,200,298,296,332,262,264,320
"Stoml1",69,154,76,82,70,75,55,86,91
"1810012K16Rik",0,0,0,0,1,1,0,1,0
"Ccnq",89,213,114,67,92,116,101,76,117
"Alkbh3",123,202,159,107,115,168,98,90,179
"Ubr4",127,234,139,130,260,152,152,129,183
"Adh6a",0,0,0,0,0,0,0,0,0
"1810021B22Rik",11,14,14,16,34,21,15,21,20
"Chrdl2",3,5,1,0,0,0,0,0,0
"Eci3",0,0,0,1,0,0,0,0,0
"Cnot8",191,261,168,219,234,245,227,239,301
"Rbis",93,110,78,52,79,24,66,80,48
"Pex11g",8,9,9,22,22,22,17,8,30
"Cdk12",55,74,32,32,63,26,51,49,53
"Fam25a",0,0,0,0,0,0,0,0,0
"Tusc1",24,45,36,3,16,16,20,15,22
"Vstm5",0,4,0,0,0,0,0,1,0
"Ctrcos",0,0,0,0,0,0,0,0,0
"Cd209f",0,0,0,0,0,3,0,1,3
"Gsdmd",569,468,392,639,1054,906,752,791,1020
"2200002J24Rik",0,0,0,0,0,0,0,0,0
"Kbtbd3",16,25,18,19,28,8,12,25,33
"Snx4",90,134,86,29,70,59,82,74,61
"Lzic",44,60,28,32,33,25,32,44,30
"1810030O07Rik",93,167,67,56,127,88,97,71,57
"Comtd1",33,87,54,96,164,170,182,105,187
"Rhebl1",11,16,30,6,8,17,6,11,8
"Manbal",141,264,112,99,125,136,85,121,127
"Sec31a",131,179,99,141,159,243,217,162,200
"Mrpl44",47,86,33,46,91,86,56,70,56
"Cd209b",0,0,0,0,0,0,0,0,0
"1810018F18Rik",0,0,0,0,0,0,0,0,0
"Bola1",141,148,172,124,225,86,133,143,143
"Fcmr",0,0,0,0,0,0,1,0,0
"Chaserr",340,440,282,295,345,289,334,352,444
"Cnppd1",506,723,494,266,485,501,381,386,509
"Snx5",756,846,834,927,1290,836,985,1069,1312
"Stimate",105,177,66,85,150,134,153,129,125
"Dyrk2",36,131,47,18,36,38,41,26,36
"C1qtnf2",0,0,0,0,0,0,0,0,0
"Dtwd1",17,55,25,6,24,36,32,20,20
"Tmem256",241,285,223,328,321,410,318,337,388
"Erp27",13,32,15,8,14,5,6,6,5
"Kmt2e",249,319,222,308,411,350,442,395,487
"Mcemp1",238,136,99,6,58,52,91,40,45
"Dym",72,60,59,63,99,87,100,63,91
"Pdia2",0,0,0,0,0,0,0,0,0
"Dhx16",56,147,79,81,114,124,128,52,112
"Platr10",0,0,0,0,0,0,0,0,0
"Tmem121",0,0,0,0,0,0,0,0,0
"Ptms",261,275,352,452,404,445,311,390,483
"2010016I18Rik",0,8,0,0,0,0,0,0,0
"Srsf11",468,652,365,344,456,442,379,431,537
"2310081J21Rik",0,0,0,0,0,0,0,0,0
"Trappc3l",0,0,0,0,0,0,0,0,0
"Igkv13-71-1",0,0,0,0,0,0,0,0,0
"Sat2",33,34,26,7,22,17,12,13,18
"Igkv13-84",0,0,0,0,0,0,0,0,0
"Igkv1-88",0,0,0,0,0,0,0,0,0
"Svbp",237,269,181,212,314,298,331,271,316
"Igkv19-93",0,0,0,0,0,0,0,0,0
"Igkv10-96",0,0,0,0,0,0,0,0,0
"Igkv15-103",0,0,0,0,0,0,0,0,0
"Plekha4",0,2,1,26,24,34,10,16,18
"Igkv9-129",0,0,0,0,0,0,0,0,0
"Igkv2-137",0,0,0,0,0,0,0,0,0
"Ddah1",1,6,2,0,1,0,0,0,0
"2410006H16Rik",625,555,556,255,429,327,315,354,607
"Igkv12-46",0,0,0,0,0,0,0,0,0
"Naxd",96,192,127,128,266,295,164,153,268
"Snx24",112,231,166,78,155,149,75,131,162
"Selenot",188,282,113,199,172,146,173,183,145
"Zfp746",91,190,95,57,82,83,56,67,83
"Qrich1",28,68,32,33,60,83,47,41,49
"Zfp688",33,75,53,41,76,59,58,37,71
"Gtpbp4",195,264,111,77,46,61,86,85,53
"Pdzph1",0,0,0,0,0,0,0,0,0
"Polr2d",30,43,34,24,31,47,49,17,31
"2610035F20Rik",0,0,0,0,0,0,0,0,0
"Hspb2",0,0,0,0,0,0,0,0,1
"Zfp397",32,57,34,30,26,10,32,25,24
"Elf2",84,101,54,48,40,19,33,51,55
"Kctd5",66,101,59,29,56,85,79,59,40
"Ing2",120,172,105,87,129,112,136,154,97
"Rfc3",68,123,36,98,45,102,39,75,66
"Scnm1",118,241,264,101,115,127,67,145,126
"Gins1",41,57,31,84,51,88,39,101,69
"Ctdspl",5,12,9,48,22,34,18,24,29
"Sec62",443,467,316,573,488,470,524,632,550
"3300002I08Rik",0,5,1,0,1,4,1,0,4
"1700001D01Rik",0,0,0,0,0,0,0,0,0
"Spata4",0,1,0,0,0,0,0,0,0
"1700001J03Rik",4,50,6,0,1,0,1,1,4
"Glipr1l1",0,0,0,0,0,0,0,0,0
"Cimap1a",0,0,0,0,0,0,0,0,0
"Rhobtb1",24,46,37,46,106,118,94,67,134
"1700001L05Rik",7,12,1,4,12,4,1,2,7
"Cst13",0,0,0,0,0,0,0,0,0
"Lrrc46",0,0,0,1,0,0,2,0,0
"Asb9",0,0,0,0,0,0,0,0,0
"Tescl",1,1,0,0,1,0,0,1,0
"1700001G11Rik",0,0,0,0,0,0,0,1,0
"Dcps",35,40,31,45,43,42,37,38,52
"Efcab9",0,2,0,2,0,0,4,3,0
"Pxt1",0,0,0,0,0,2,0,1,0
"1700007P06Rik",0,0,0,0,0,0,0,0,0
"Slc16a13",61,96,29,39,69,83,82,46,58
"Pacrg",1,2,2,0,0,4,1,2,2
"1700008K24Rik",0,0,0,0,0,0,0,0,0
"Ppp1r42",0,2,0,0,0,2,0,0,1
"Izumo3",0,0,0,0,0,0,0,0,0
"Cfap90",0,0,0,0,0,1,0,0,0
"Hmgb4",0,0,0,0,0,0,0,0,0
"Fam24b",2,10,0,0,0,0,0,0,0
"1700001K23Rik",0,1,0,1,0,0,0,0,0
"1700007J10Rik",0,0,0,0,0,0,0,0,0
"1700012B07Rik",0,0,0,0,0,0,0,0,0
"1700012B09Rik",0,0,0,0,3,0,0,0,0
"Pierce1",0,0,0,0,0,0,0,0,0
"Cfap206",0,0,0,0,0,0,0,0,0
"Lelp1",0,0,0,0,0,0,0,0,0
"1700012I11Rik",0,0,0,0,0,0,0,0,0
"1700003D09Rik",0,5,0,0,0,0,0,0,0
"Ccdc54",0,0,0,0,0,0,0,0,0
"1700003C15Rik",0,0,0,0,0,0,0,0,0
"1700008P02Rik",0,0,0,0,0,0,0,0,0
"1700008O03Rik",2,3,1,4,3,7,2,1,5
"1700003G18Rik",0,0,0,0,0,0,0,0,0
"Smim23",0,0,0,0,0,0,0,0,0
"Necab1",0,0,0,0,0,0,0,0,0
"Slc38a4",0,0,0,0,0,0,0,0,0
"1700010J16Rik",0,0,0,0,0,0,0,0,0
"BC061195",0,0,0,0,0,0,0,0,0
"Lrrc51",1,1,3,3,13,12,9,5,4
"Cypt3",0,0,0,0,0,0,0,0,0
"Cst12",0,0,0,0,0,0,0,0,0
"Spaca4",0,0,0,0,0,0,0,0,0
"Cfap107",0,0,0,0,0,0,0,0,0
"Glrx2",93,98,72,67,84,93,126,105,85
"Wdfy1",448,945,507,195,230,251,194,347,294
"Ms4a20",0,2,0,0,0,0,0,0,0
"Smco2",0,0,0,0,0,0,0,0,0
"Mocs3",25,50,20,20,18,13,15,14,18
"Zpbp2",0,0,0,2,0,0,0,0,1
"C8g",1,3,0,2,15,2,5,1,9
"1700013G24Rik",0,0,0,0,0,0,0,0,0
"H2bl1",0,0,0,0,0,0,0,0,0
"Tmem89",0,4,0,3,0,0,0,0,0
"H4c8",1,0,1,9,15,6,13,20,16
"Dnajb13",0,1,0,0,4,1,1,2,6
"Fam236c",0,0,0,0,0,0,0,0,0
"H2bw2",0,0,0,0,0,0,0,0,0
"1700018A14Rik",0,0,0,0,5,0,4,0,1
"1700024B18Rik",0,0,0,0,0,0,0,0,0
"1700018F24Rik",0,0,0,0,0,0,0,0,0
"1700019A02Rik",1,0,0,0,0,0,4,0,0
"Cdhr4",7,32,12,7,11,9,6,11,3
"1700025G04Rik",4,4,2,34,9,15,16,16,15
"Plac8l1",0,0,0,0,0,0,0,0,0
"1700019E08Rik",0,0,0,0,0,0,0,0,0
"Dnajc17",42,46,45,38,37,42,45,46,47
"1700021N21Rik",0,0,0,0,0,5,0,0,0
"1700016L04Rik",0,0,0,0,0,0,0,0,0
"1700016P04Rik",0,0,0,0,0,0,0,0,0
"Ms4a19",0,0,0,0,0,0,0,0,0
"1700025K24Rik",0,0,0,0,0,0,0,0,0
"1700026F02Rik",0,0,0,0,0,0,0,0,0
"1700022H16Rik",0,0,0,0,0,0,0,0,0
"1700019M22Rik",0,0,0,0,0,0,0,0,0
"Spmip3",0,0,0,0,0,0,0,0,0
"1700048O20Rik",1,2,0,4,0,0,0,5,1
"1700022N22Rik",2,0,0,1,2,0,0,1,0
"1700023F02Rik",0,0,0,0,0,0,0,0,0
"Snhg10",0,10,4,1,1,1,0,6,7
"Mroh4",0,0,0,0,0,0,0,0,0
"Dennd6b",22,35,44,22,49,54,32,27,41
"Efcab15",0,0,0,2,4,0,0,0,0
"1700027J07Rik",0,0,0,0,0,0,0,0,0
"Lyzl6",0,0,0,0,0,0,0,0,0
"Teshl",0,0,0,0,0,0,0,0,0
"Prss56",0,0,0,0,0,0,0,0,0
"Clic3",0,0,0,0,0,0,0,0,0
"Commd10",79,124,45,39,77,109,87,92,130
"Tmem45a2",0,0,0,0,0,0,0,0,0
"Ubl7",14,19,13,9,14,14,13,12,19
"1700028M03Rik",0,0,0,0,0,0,0,0,0
"Slurp2",0,0,0,0,0,0,0,0,0
"Krtap4-13",0,0,0,0,0,0,0,0,0
"Tmco2",3,0,0,0,0,0,0,0,0
"Tmem127",133,281,123,100,111,139,76,103,143
"Krtap3-1",0,0,0,0,0,0,0,0,0
"1700029M03Rik",0,0,0,0,0,0,0,0,0
"2300009A05Rik",116,266,106,53,100,94,125,93,80
"Cfap96",6,7,5,4,8,11,4,12,18
"Ttc9",9,10,8,13,9,15,15,32,24
"Actl9",0,0,0,0,0,0,0,0,2
"Nup35",19,26,18,17,12,20,20,20,17
"Ndufaf5",62,65,25,19,34,30,40,42,46
"1700029N11Rik",0,0,0,0,0,0,0,0,0
"1700029B22Rik",0,0,0,0,0,0,0,0,0
"Dydc1",0,0,0,0,0,0,0,0,0
"Tsr2",39,79,31,13,15,26,20,20,27
"Etd",0,0,0,0,0,0,0,0,0
"Zfp932",10,12,2,5,4,2,13,0,2
"Klk12",0,0,0,0,0,0,0,0,0
"1700030C10Rik",17,47,14,10,4,8,13,14,8
"Lce3e",0,0,0,0,0,0,0,0,0
"2310001K24Rik",0,0,0,0,0,0,0,0,0
"Rwdd2a",8,20,15,8,13,27,12,8,8
"Lce3f",0,0,0,0,0,0,0,0,0
"2310002D06Rik",0,0,0,0,0,0,0,0,0
"Esam",2,0,0,0,0,0,0,1,0
"Mrps9",135,254,149,87,142,121,128,112,144
"1700030J22Rik",1,3,5,0,5,8,2,1,0
"Krtap26-1",0,0,0,0,0,0,0,0,0
"Avpi1",11,20,14,8,20,20,29,20,21
"Ten1",147,273,168,127,157,225,158,135,157
"Hemk1",36,17,14,41,56,66,76,62,61
"Dnase1l1",14,20,31,19,37,32,40,34,54
"Antxr1",1,1,0,0,0,0,0,0,0
"Trnp1",0,6,0,0,0,1,1,1,0
"Klk10",0,0,0,0,0,0,0,0,0
"Lyg1",0,0,0,0,0,0,0,0,0
"2300002M23Rik",0,0,0,0,0,0,0,0,0
"Capns2",23,55,5,25,35,43,28,27,16
"Wdr5b",5,24,9,10,29,16,29,19,12
"Mapk1ip1",111,122,104,124,168,150,161,141,141
"Nkpd1",0,0,0,0,0,0,0,0,0
"2310015A10Rik",47,163,28,19,37,28,54,14,50
"2310009B15Rik",76,82,60,41,70,59,66,67,94
"Bst2",954,690,761,1840,1675,2553,1101,1177,1668
"2310022B05Rik",24,37,10,26,34,41,29,31,34
"Ripor3",0,0,0,0,0,0,0,0,0
"Klhdc2",68,138,77,50,99,111,87,75,83
"Bod1",47,89,51,43,56,71,48,45,31
"Cdk13",113,150,71,60,92,45,59,75,80
"Mrln",0,0,0,0,0,0,0,0,0
"Nmrk2",0,0,0,0,0,0,0,0,0
"2310016D03Rik",0,0,0,0,0,0,0,0,0
"Vkorc1l1",4,2,2,0,2,0,1,1,6
"2310034O05Rik",0,0,0,1,0,0,0,0,0
"Mfsd3",71,93,63,44,98,116,94,77,99
"Hilpda",64,114,45,9,38,46,61,26,23
"Cmbl",0,0,0,0,0,0,0,0,0
"Smco1",0,0,0,0,0,0,0,0,0
"Fastkd3",57,90,33,35,48,39,39,43,42
"2310016G11Rik",0,0,0,0,0,0,0,0,0
"Rhou",2,8,9,0,3,0,0,0,0
"Plekhm2",124,246,144,122,212,254,169,128,153
"Tnfsf13",0,0,0,0,0,0,0,0,0
"Hjv",0,0,0,0,0,0,0,0,0
"Pcgf3",46,69,31,26,25,15,22,29,16
"Gpx8",0,0,0,0,0,0,0,0,0
"Mdrl",2,13,2,0,0,0,0,0,0
"Odam",0,0,0,0,0,0,0,0,0
"2310026I22Rik",0,0,0,0,0,0,0,0,0
"Frmd8os",0,1,0,5,0,0,3,0,3
"Ap5s1",120,172,201,96,209,172,136,132,188
"Afg3l2",166,205,98,98,157,171,205,121,168
"Dab2ip",5,1,5,0,1,7,3,2,3
"Otop3",0,0,0,0,0,0,0,0,0
"2310020H05Rik",0,0,0,0,0,0,0,0,0
"Lnpk",42,97,24,37,24,33,31,43,67
"Mtfmt",83,173,67,59,54,82,73,72,52
"Sec24d",11,31,10,13,19,29,37,19,35
"Lce1d",0,0,0,0,0,0,0,0,0
"Kansl2",13,15,5,4,3,2,5,3,12
"Pitrm1",92,136,63,81,76,117,95,84,94
"Zfp33b",6,13,2,0,10,0,2,5,1
"2310014F06Rik",0,0,0,0,0,0,0,0,0
"Fam89a",10,10,12,23,9,48,14,30,20
"2310039L15Rik",0,0,0,0,0,0,0,0,0
"Plet1os",8,2,14,4,23,5,7,5,9
"Arhgef12",96,128,83,53,107,68,90,86,91
"Clybl",6,3,0,19,14,9,16,13,11
"Dapk1",7,17,6,26,56,51,53,31,59
"Enho",6,12,15,13,28,23,9,7,18
"Exosc8",486,591,489,312,296,248,241,341,288
"Fam83g",1,0,5,11,5,4,7,12,4
"Wdr20",15,19,5,10,18,26,20,18,9
"Mlip",0,1,0,0,0,0,0,0,0
"2310069B03Rik",0,0,0,0,0,0,0,0,0
"Dctn2",264,411,323,230,342,295,322,223,413
"Cd164l2",1,4,1,0,0,0,0,0,0
"Pir",0,0,0,0,0,0,0,0,0
"2310047D07Rik",0,2,0,0,1,3,7,1,4
"2310069G16Rik",0,0,0,0,0,0,0,0,0
"Tmbim1",275,405,206,120,178,249,256,120,149
"Krtap13-22",0,0,0,0,0,0,0,0,0
"2310061I04Rik",172,269,138,93,114,143,141,117,138
"Ddx51",60,132,24,25,43,58,37,49,40
"Krtap1-5",0,0,0,0,0,0,0,0,0
"Upk3bl",6,0,0,0,0,0,0,0,0
"Psmg4",168,186,85,75,116,137,136,109,91
"Ccdc115",174,291,120,81,101,147,124,143,141
"Tmem52",6,29,12,95,46,40,35,70,50
"Txndc15",138,182,147,255,475,371,337,312,373
"Mif4gd",189,316,225,189,307,388,290,274,338
"Pxdn",0,0,0,0,0,2,0,0,0
"Il36b",0,0,0,0,0,0,0,0,0
"Atcayos",0,0,0,0,0,0,0,0,0
"2310043O21Rik",0,1,0,0,0,0,0,0,0
"Cdk3",11,33,0,2,2,2,1,2,13
"Emc10",446,435,457,595,734,713,657,463,709
"Aarsd1",168,230,117,164,90,131,156,139,138
"Hddc2",68,120,63,21,40,27,52,44,46
"Pof1b",0,0,0,0,0,0,0,0,0
"Tatdn1",17,19,21,14,13,19,19,25,9
"Krtap13-21",0,0,0,0,0,0,0,0,0
"Camsap3",0,0,0,0,0,0,0,0,0
"Slc52a3",0,0,0,0,0,0,0,0,0
"2310079G19Rik",0,0,0,0,0,0,0,0,0
"Col22a1",0,0,0,0,0,0,0,0,0
"Ndufaf1",50,49,31,25,36,15,24,29,40
"Lrr1",0,2,0,12,6,6,0,9,6
"Iqcg",0,1,0,0,0,1,2,2,1
"Ptrhd1",85,191,89,91,112,76,97,108,128
"Arap1",587,1660,503,517,840,641,666,695,803
"Pin4",41,31,24,31,46,43,25,41,39
"Tfpt",31,63,36,20,37,25,31,19,24
"Trip13",1,18,2,8,5,5,3,6,5
"Gm10499",0,0,1,0,0,0,0,0,0
"Ipmk",54,74,85,74,104,54,55,85,125
"Cad",135,96,59,52,55,113,148,87,47
"Nkiras1",15,27,17,26,32,42,25,36,20
"Rpain",68,68,114,97,188,169,158,224,187
"Rnaseh2a",81,85,87,62,85,43,56,111,81
"Smyd3",31,40,54,29,52,24,54,27,43
"Usp46",9,38,15,15,14,15,19,19,9
"2410003L11Rik",1,9,0,4,2,6,4,1,5
"Gemin7",111,182,144,62,120,123,109,103,110
"2410018L13Rik",0,0,0,0,0,0,0,0,0
"Nup37",8,9,16,15,14,15,11,13,12
"Ttl",21,31,14,22,16,16,13,28,9
"2410004I01Rik",0,0,0,0,0,0,0,0,0
"Dph5",112,158,84,32,31,65,49,63,47
"Tm2d2",226,312,300,328,681,597,549,382,592
"Casz1",54,106,25,6,22,19,20,19,22
"Pold4",298,501,302,265,519,382,399,327,500
"Zswim7",53,147,42,15,21,19,9,14,12
"Aldh16a1",112,192,136,164,202,263,144,131,278
"Epb41l4aos",239,318,175,92,159,157,145,118,185
"2410021H03Rik",0,0,0,0,0,0,0,0,0
"Zfp511",65,73,29,45,83,101,59,59,71
"Fbxo7",100,194,72,73,111,171,107,105,144
"Leng1",94,185,120,38,69,64,60,82,75
"Aoc1l2",0,0,0,0,0,0,0,0,0
"1600019K03Rik",0,0,0,0,0,0,0,0,0
"Tnfaip8l2",478,312,538,663,1119,833,814,901,1132
"Fam174c",42,57,36,54,64,41,49,51,111
"1810019D21Rik",5,2,10,1,0,1,2,1,3
"Bdh2",0,0,1,0,0,0,0,0,3
"Timm29",116,139,111,35,83,43,43,59,111
"Ms4a6b",891,533,703,417,817,498,698,537,616
"1600002D24Rik",0,0,0,0,0,0,0,0,0
"Smap2",212,322,409,494,853,608,664,641,861
"1600010M07Rik",12,11,7,19,33,16,15,23,35
"1500009L16Rik",0,0,0,0,0,0,0,0,0
"Ceacam13",0,0,0,0,0,0,0,0,0
"Tprkb",243,422,183,92,154,104,126,183,124
"Anxa13",0,0,0,0,0,0,0,0,0
"Med30",75,100,84,45,54,60,79,70,86
"Med6",78,167,87,73,69,38,66,114,70
"1600029I14Rik",0,0,0,0,0,0,0,0,0
"1810044D09Rik",9,12,5,4,10,13,13,2,6
"Cox11",36,92,52,45,58,34,38,45,65
"Tmem147",228,260,324,231,488,452,356,320,411
"Slc39a11",38,53,21,58,90,79,87,77,81
"Trim32",31,56,47,47,42,49,69,73,37
"Pou2af2",0,0,0,0,0,0,0,0,0
"Clec4b1",12,37,5,2,0,7,1,2,0
"Abhd11os",1,1,0,6,3,7,6,5,3
"Prss32",0,1,1,0,0,0,1,0,1
"Krtcap3",15,32,22,17,29,13,23,23,11
"Mzb1",0,1,0,0,0,2,0,0,4
"1810059H22Rik",0,0,0,0,0,0,0,0,0
"Mterf4",47,48,51,28,33,26,26,46,19
"Fyttd1",113,163,72,87,94,56,80,88,89
"Glod5",0,0,0,0,0,0,0,0,0
"Ms4a10",0,0,0,0,0,0,0,0,0
"Polr2f",597,744,506,243,331,248,347,362,374
"Rab43",201,348,214,123,193,181,165,168,204
"Pla2g12b",0,0,0,0,0,0,0,0,0
"Pcgf1",13,16,16,8,20,11,16,8,12
"Wnk4",0,0,1,0,0,0,0,0,0
"Tcf23",0,0,0,0,0,0,0,0,0
"1810053B23Rik",0,0,0,0,0,0,0,0,0
"Eif1ad",273,399,165,130,139,205,136,164,187
"2010003K11Rik",0,0,0,0,0,0,0,0,0
"1810064F22Rik",0,1,0,0,0,0,0,0,0
"Ttc39b",118,167,126,47,77,71,78,92,98
"1810065E05Rik",0,0,0,0,0,0,0,0,0
"A1cf",0,0,0,0,0,0,0,0,0
"Polr3gl",41,31,55,47,89,103,97,66,111
"Ppp1r35",26,42,58,11,51,33,32,35,38
"Ndufa11",414,501,445,280,373,318,392,384,384
"Thap3",66,66,99,78,184,113,171,103,129
"Snrpf",132,153,92,80,156,135,179,99,144
"Ints14",55,116,49,64,56,63,62,60,65
"2010300F17Rik",0,0,0,0,0,0,0,0,0
"Aunip",0,0,1,11,9,15,1,6,1
"Cyp2c66",0,0,0,0,0,0,0,0,0
"Zfp219",76,121,54,95,109,92,89,98,59
"Coa7",91,125,81,31,33,41,67,48,47
"Fam241b",0,2,0,0,0,0,0,0,4
"Snhg8",437,440,356,210,342,214,246,308,433
"Mfsd11",106,96,71,116,168,206,135,161,188
"Mrto4",148,202,100,42,49,75,67,59,60
"Rasip1",6,11,9,0,1,1,0,0,6
"Slc25a32",25,52,19,8,17,4,15,11,13
"Rab3b",1,2,4,0,1,3,0,0,0
"2610027K06Rik",0,0,0,0,0,0,0,0,0
"Nup43",36,38,22,29,16,22,10,19,17
"Nabp2",83,182,95,67,82,82,82,92,83
"2610020C07Rik",1,6,2,6,0,2,0,1,2
"Polr2i",281,382,280,162,239,191,204,239,268
"Vrk2",40,73,50,40,76,56,81,55,70
"Agk",24,51,23,14,19,30,14,11,20
"Dnah17",1,0,0,0,0,0,0,1,0
"Cenps",4,6,6,22,7,16,10,16,20
"Zfp715",67,80,62,86,101,43,96,120,104
"Trmt10b",32,27,25,23,25,14,37,32,12
"Scrn1",0,0,0,0,0,0,0,0,0
"Exoc1",69,218,67,81,148,79,82,110,102
"2810408I11Rik",3,1,2,9,4,12,8,7,4
"Rnf113a1",12,29,10,8,9,5,15,13,9
"2810021J22Rik",13,42,29,17,17,14,12,19,14
"Tunar",0,0,1,0,0,0,0,0,0
"2810025M15Rik",80,107,62,130,180,194,187,154,190
"Fars2",42,109,58,33,42,58,43,32,76
"Ptcd3",11,18,18,8,6,7,8,23,9
"Cdc16",89,187,103,85,140,101,61,85,108
"Rpp25l",142,156,123,95,184,138,147,157,167
"Mettl18",23,23,23,23,24,29,22,38,11
"2810403D21Rik",5,4,8,0,1,0,0,1,0
"2810404M03Rik",0,0,0,0,0,0,0,0,0
"2810405F15Rik",0,0,0,0,0,0,0,0,0
"Galk2",61,132,48,71,128,159,107,109,119
"Tmem30a",267,243,208,288,298,253,278,323,280
"Spink2",0,0,1,0,0,0,0,0,0
"Sis",0,0,0,0,0,0,0,1,0
"1700025N23Rik",5,1,9,0,0,0,2,0,0
"Spaca9",0,0,0,0,0,0,0,0,0
"Chn2",63,88,96,115,156,120,95,108,125
"Rsc1a1",0,0,0,0,0,0,0,0,0
"1700027F09Rik",0,0,0,0,0,0,0,0,0
"1700028B04Rik",0,0,0,0,0,0,0,0,0
"1700028I16Rik",0,0,0,0,0,0,0,0,0
"1700028J19Rik",6,19,1,0,3,1,0,2,0
"Znf41-ps",40,111,43,37,51,34,35,43,45
"Ace2",0,0,0,0,0,0,0,0,0
"Ssty2",0,0,0,0,0,0,0,0,0
"1700030N03Rik",0,0,0,0,0,0,0,0,0
"Cep85",15,21,36,14,59,14,52,25,22
"Ino80b",77,129,87,59,80,41,66,74,83
"Nt5dc2",44,55,82,81,56,69,44,46,68
"Mcm10",3,4,0,34,9,33,1,17,38
"Acot7",14,21,19,33,38,27,32,24,26
"Tspo2",0,0,3,0,0,0,0,0,0
"Dop1b",166,305,187,326,204,373,134,188,342
"Cmtm8",5,2,15,47,108,31,22,71,60
"Dancr",62,113,36,13,21,17,36,26,28
"2610037D02Rik",0,0,0,0,0,0,0,0,0
"Tut1",127,162,122,97,82,81,95,103,133
"Gpr15lg",10,23,27,43,71,54,40,53,84
"Trnt1",61,98,38,12,22,21,33,29,27
"Prpf4",75,167,63,43,57,58,60,75,63
"Ccdc89",0,0,0,0,1,2,0,0,2
"1700030L20Rik",0,0,0,0,0,0,0,0,0
"2210008F06Rik",0,3,2,0,0,0,0,0,0
"Degs2",1,0,3,3,2,0,0,0,1
"Spata3",0,0,0,0,0,0,0,0,0
"Sdr9c7",0,0,0,0,1,0,0,0,0
"Ctag2",0,0,0,0,0,0,0,0,0
"Ankrd60",0,0,0,0,0,0,0,0,0
"H1f7",0,0,0,0,0,0,0,0,0
"Zdhhc25",0,0,0,0,0,0,0,0,0
"Nol7",221,266,196,179,216,187,212,212,247
"Igsf23",0,0,0,0,0,0,2,0,0
"Zfp995",6,28,7,13,6,8,6,11,5
"Lysmd2",0,8,0,2,3,6,0,2,0
"Metrn",89,96,73,86,50,99,47,69,84
"Cysltr2",0,0,0,0,0,0,0,0,0
"Meaf6",45,35,25,74,58,94,87,68,84
"2310005E17Rik",0,0,0,0,0,0,0,0,0
"Ube2q1",286,378,263,220,381,389,322,273,331
"Sash1",18,72,6,4,12,5,12,12,0
"Smc4",44,48,23,96,43,20,41,53,51
"2310015D24Rik",0,0,0,0,0,0,0,0,0
"Cyp4f16",78,44,70,60,171,134,141,93,156
"Znhit1",113,88,70,69,123,119,103,118,119
"Ifi35",564,713,502,399,403,351,304,470,415
"Cimap1b",0,0,0,0,0,0,0,0,0
"Srrd",291,419,289,265,305,324,245,361,380
"Yars2",100,191,75,72,77,124,89,80,87
"Mllt3",6,5,4,22,18,5,4,8,20
"Nbdy",39,44,29,37,79,41,46,25,61
"Dpf3",0,0,0,0,1,0,0,0,0
"Slc44a4",0,0,1,0,0,0,1,0,0
"Misp3",1,0,0,3,0,0,0,2,0
"2210417A02Rik",0,0,0,4,1,6,0,0,3
"2210414B05Rik",0,0,0,0,0,0,0,0,0
"Lrch3",120,245,100,132,170,203,138,178,147
"Plut",0,0,0,0,0,0,0,0,0
"Tmt1a",15,26,59,82,109,118,97,78,121
"Qng1",210,253,127,116,188,143,181,143,125
"Ogfrl1",1046,1538,1270,970,1734,1001,1174,1066,1385
"2210409D07Rik",0,0,0,0,0,0,0,0,0
"Vps36",64,54,42,37,70,50,86,43,44
"Hk1os",0,0,1,0,5,0,0,2,0
"Lypd8",1,0,2,0,1,1,5,5,2
"Lipn",0,0,0,0,0,0,0,0,0
"Abhd17c",28,84,32,35,52,93,55,42,80
"Fam162a",52,23,52,88,92,93,118,131,121
"Cd209g",0,0,0,0,4,0,0,0,0
"Ctsll3",0,0,0,0,0,0,0,0,0
"Taco1",1,4,7,6,11,12,8,5,5
"Med23",60,76,33,31,97,63,41,71,49
"Tmem143",22,22,27,70,68,50,65,55,70
"Kif18b",0,1,0,8,5,10,2,0,1
"Nars1",438,486,323,296,466,376,446,466,453
"Ppil3",13,34,12,16,18,17,18,22,17
"Rbm3os",3,4,1,1,0,0,0,3,2
"Zfp619",10,17,10,20,14,13,9,13,11
"Gorasp2",338,509,318,143,369,313,487,270,320
"Cd2bp2",156,302,106,99,112,171,109,119,191
"Poc1a",20,19,19,19,17,30,16,16,18
"Bhlhb9",1,22,3,27,19,20,12,18,17
"Rnf168",56,127,44,78,46,65,54,72,96
"Gtf3c5",59,83,24,40,47,50,69,41,44
"Ufsp1",36,54,37,16,30,30,29,25,12
"Psmd1",390,701,268,304,270,306,305,292,310
"Dazap1",254,446,264,203,204,233,281,212,237
"Jpx",15,7,6,11,7,9,6,3,12
"Atp5mj",324,336,204,208,268,109,246,284,297
"1500035N22Rik",0,0,0,0,0,0,0,0,0
"Chp2",0,0,0,0,0,0,0,1,0
"Kyat1",25,18,35,30,37,43,40,38,25
"Ly6g6e",0,0,4,48,78,64,32,52,71
"2310068J16Rik",10,10,11,3,4,9,6,8,6
"2310040G07Rik",0,1,0,0,0,0,0,0,0
"Rpf1",149,209,104,79,124,138,113,112,175
"Mkrn2os",0,0,0,0,0,0,0,0,0
"Afap1",16,23,5,12,9,17,21,18,16
"Rnf126",143,189,83,47,68,127,84,97,92
"Tbc1d13",173,346,122,166,309,191,236,222,292
"Gcc2",76,68,39,84,48,46,64,78,66
"Fuz",18,12,17,25,24,36,31,36,38
"Plscr3",135,161,127,120,163,234,158,109,154
"Cactin",69,121,83,60,61,110,76,86,90
"Rabep2",69,104,71,111,144,113,105,126,159
"Hdac8",10,25,33,11,39,34,20,13,20
"Ndufab1",157,222,142,117,142,130,147,190,169
"Arl16",43,88,61,49,50,55,60,54,40
"2600006K01Rik",0,0,0,0,0,0,0,0,0
"Pigw",10,27,17,7,7,9,10,10,10
"Polr1g",215,257,187,140,142,193,135,169,147
"Reep6",5,1,1,5,1,4,0,4,4
"Iyd",0,0,0,0,0,0,0,0,0
"0610038B21Rik",0,0,0,0,0,0,0,0,0
"Ube3d",8,4,4,2,1,0,2,0,2
"Copb1",165,270,126,120,144,101,139,141,138
"Basp1",892,1680,629,1349,1515,1586,1688,1413,1623
"Ppp4r1",230,310,187,94,221,153,181,157,191
"Secisbp2l",98,145,79,90,134,68,140,117,110
"Gprc5c",0,4,1,0,0,0,0,0,0
"St13",36,59,25,84,73,136,89,112,121
"Kcnip1",0,1,0,0,0,0,0,0,0
"Steap1",0,0,0,0,0,0,0,0,0
"Gtpbp3",29,28,25,27,23,38,45,31,30
"Lman1",276,379,189,219,306,353,327,256,335
"Actl10",0,0,0,0,0,0,0,0,0
"Fam135b",0,0,0,0,0,0,0,0,0
"Speer5-ps1",0,0,0,0,0,0,0,0,0
"Bag5",86,164,79,57,70,93,69,89,52
"Fbln7",0,0,0,0,0,0,0,0,0
"1700026D11Rik",0,0,0,0,0,0,0,0,0
"Gpatch2l",42,85,25,30,53,48,36,31,39
"Ica1l",1,1,5,1,3,0,0,0,1
"Derl3",1,0,7,15,35,54,12,12,14
"Mospd1",1,5,0,3,2,1,5,3,2
"Tecpr1",65,115,72,66,110,67,80,62,85
"Kctd2",59,119,65,68,122,159,152,92,98
"Cox10",244,478,183,88,127,155,151,149,125
"Spdl1",2,10,2,20,6,18,7,1,5
"Ttc9c",49,104,28,39,48,43,43,43,52
"Asb12",0,0,0,0,0,0,0,0,0
"2210416O15Rik",0,0,0,0,0,0,0,0,0
"Kptn",30,32,28,32,51,66,33,60,67
"Asnsd1",167,226,153,117,134,107,133,154,143
"Tmem70",117,148,121,74,125,112,99,89,130
"Calml3",0,0,0,0,0,0,0,0,0
"Polr3f",43,81,24,37,49,29,22,42,48
"Stk26",5,0,0,0,1,0,1,3,2
"Megf10",2,0,0,0,0,0,0,0,0
"2810408A11Rik",0,2,0,3,0,7,1,0,1
"Arpin",0,0,0,0,5,0,0,0,6
"Ints2",46,65,38,38,52,36,50,43,41
"Tspan15",0,0,1,0,0,1,0,0,0
"Csnk1g3",70,132,42,37,35,53,51,74,61
"Tekt5",0,0,0,0,0,0,0,0,0
"Mier2",149,199,148,178,157,254,214,182,196
"Polr3b",49,84,38,40,33,52,47,61,57
"Tbce",75,157,72,81,72,76,73,102,83
"Rufy2",67,96,46,39,32,32,41,39,37
"Draxin",0,1,0,0,0,0,0,0,0
"Inf2",181,177,378,121,220,132,164,107,208
"Taf15",38,64,19,53,73,66,38,54,61
"Mir124-2hg",0,0,0,0,0,0,0,0,0
"Cd248",0,0,0,0,0,0,0,2,0
"Atad3aos",0,4,0,3,0,3,2,5,2
"Unc13d",57,68,50,42,71,60,64,56,76
"Dhrs13",12,8,8,7,2,1,5,8,5
"Cenpl",13,22,10,10,5,15,4,21,13
"Mpc2",137,179,122,240,370,341,299,256,352
"2610318N02Rik",30,62,34,5,0,10,17,7,18
"Crtc3",66,106,69,28,48,52,81,43,89
"Wdr77",119,192,89,63,75,102,67,104,53
"Ckap2l",4,20,3,28,16,36,13,21,20
"Rprd1b",48,127,42,40,80,71,82,71,55
"Atad2",18,26,11,111,72,69,40,87,60
"Mipep",63,60,36,30,39,32,32,38,35
"Pnma1",2,3,7,2,1,0,2,3,2
"Slc35d2",28,83,38,37,56,53,44,41,57
"5730403I07Rik",0,0,0,0,0,0,0,0,0
"5730405O15Rik",1,1,0,0,0,2,3,3,2
"5730412P04Rik",0,0,0,0,0,0,0,0,0
"5730409K12Rik",0,0,0,2,4,3,10,4,1
"Atp6ap2",661,1082,530,449,658,756,605,682,636
"Arhgap17",209,564,178,274,457,457,472,376,445
"Ddo",0,0,0,0,0,0,0,0,0
"Bbx",64,116,46,53,55,44,38,70,57
"Rnf167",65,87,99,144,253,212,175,120,269
"Eef2kmt",113,119,107,153,194,234,199,203,209
"5730420D15Rik",0,0,0,0,0,0,0,0,0
"Stambp",69,106,57,41,71,58,47,51,64
"Lrfn2",0,0,0,0,0,1,0,0,0
"Btf3l4",25,68,42,22,9,17,11,36,34
"Qpct",5,6,2,7,4,5,0,7,1
"5730435O14Rik",2,0,0,0,0,0,0,0,0
"Tmem242",43,127,65,74,73,78,75,53,67
"Zdhhc2",0,0,0,0,0,0,0,4,0
"Tln2",17,27,29,75,134,129,139,82,110
"5730416F02Rik",0,0,0,0,0,0,0,0,0
"Tmtc4",5,2,3,25,4,19,12,33,21
"Lrrc56",6,15,8,9,53,38,45,20,31
"Slc25a33",70,82,36,19,47,61,52,49,49
"Wars2",25,13,22,18,10,24,36,15,16
"Txndc16",26,36,47,33,58,61,34,45,48
"Prxl2a",6,4,4,13,19,10,7,12,25
"Fra10ac1",63,100,40,40,57,51,54,45,62
"Cpne3",88,91,88,137,203,95,131,140,157
"Tcerg1l",0,0,0,0,0,0,0,0,0
"Ipo5",243,310,153,129,120,173,164,174,181
"Tbccd1",31,72,37,54,79,77,66,52,56
"Cpm",0,1,0,0,1,0,0,0,0
"Gfod2",7,2,7,6,0,5,8,4,0
"Zc3h11a",1012,1532,823,699,965,790,791,898,894
"Pak4",21,27,20,24,25,50,39,37,30
"5730455P16Rik",42,103,26,36,62,38,45,45,63
"5730480H06Rik",16,59,22,6,16,7,9,13,16
"Evx1os",0,0,0,0,0,0,0,0,0
"5730460C07Rik",0,0,0,0,0,0,0,0,0
"Filip1",0,0,0,0,0,0,0,0,0
"Itprid2",97,239,104,125,145,181,130,154,175
"Ecd",153,308,132,68,78,86,105,107,103
"Mutyh",11,12,10,23,25,46,31,16,13
"Dnajb14",19,78,37,52,77,32,83,63,60
"Zdhhc24",28,40,13,17,27,72,68,34,37
"Fbxo33",109,215,85,145,165,97,129,246,193
"Tmem230",63,86,51,77,180,125,94,70,115
"Ankrd24",13,16,23,31,61,55,41,35,39
"Sugp1",94,144,97,83,98,91,91,102,115
"Fam241a",53,127,38,5,19,42,20,24,29
"Ube2v2",25,29,7,11,10,7,11,17,24
"Med26",33,40,22,13,21,39,36,42,21
"5730522E02Rik",0,0,0,0,0,0,0,0,0
"Entrep2",0,0,0,0,0,0,0,2,0
"Dcp2",103,189,76,116,141,119,128,121,161
"Oip5",0,3,0,8,5,7,1,4,2
"Naa30",39,75,11,29,19,15,21,30,27
"Zcchc8",116,171,94,129,174,166,176,181,142
"Tmem144",10,21,7,23,26,15,32,15,26
"Sik3",43,42,73,64,76,86,59,77,90
"Prdm16",18,52,22,6,22,24,18,40,18
"Vcpip1",66,110,62,58,60,31,63,72,90
"Gulp1",0,0,0,0,0,0,0,0,0
"Abraxas1",40,39,28,29,52,35,35,29,31
"Utp20",117,257,52,49,39,64,68,67,32
"Dusp16",200,358,120,57,90,85,96,70,83
"3830403N18Rik",8,4,11,5,5,11,13,13,8
"Adgra3",8,18,11,14,31,35,28,25,24
"Magea9",0,0,0,0,0,0,0,0,0
"Nup205",63,170,56,40,51,67,65,59,67
"Nipal1",0,2,1,1,0,0,3,0,0
"Gpr137c",1,1,0,2,5,1,1,0,0
"Medag",0,1,0,0,0,0,0,0,0
"Arhgap45",1022,1173,1583,1439,1867,1348,1446,1835,1878
"6330407A03Rik",68,328,49,53,94,27,47,56,90
"6330411D24Rik",0,0,0,0,0,0,0,0,0
"Angptl6",4,8,2,14,7,9,8,4,7
"Rasgef1a",0,4,0,1,1,5,4,1,0
"Nos1ap",16,10,7,7,26,18,16,17,36
"6330409D20Rik",0,0,0,0,0,0,0,0,0
"Cgn",0,0,0,0,0,0,0,0,0
"Tspan2",1,2,2,1,0,0,3,1,0
"Kdsr",98,105,92,59,124,92,66,78,76
"6330415B21Rik",0,0,0,0,1,0,0,0,0
"Hacd2",602,475,475,271,487,410,449,284,407
"Dclk2",3,10,0,0,5,4,2,0,0
"Prpf3",103,163,71,54,90,58,59,45,66
"Nolc1",249,362,132,85,119,135,150,111,76
"Gpr173",0,0,0,0,0,0,0,0,0
"Ggnbp1",39,19,31,60,49,43,40,51,62
"Prdm5",8,9,5,0,3,2,0,2,3
"Rasl12",0,0,0,0,0,0,0,0,0
"Dennd1c",145,127,175,210,356,335,287,302,394
"Klhl30",0,0,0,0,0,0,0,0,0
"Kynu",0,7,0,0,0,2,1,0,2
"Ubr5",117,171,94,175,205,150,187,163,152
"Hars2",71,143,52,74,82,85,72,71,85
"Zdhhc1",13,17,5,14,23,16,12,9,6
"Ankib1",51,83,39,46,61,48,62,46,46
"Cep192",71,72,37,56,69,57,59,71,63
"Pwwp2a",118,153,85,191,203,200,208,234,220
"Pgrmc2",158,246,146,126,236,230,191,117,165
"Arrdc2",48,68,53,26,57,56,71,34,60
"4632415L05Rik",77,165,37,54,64,53,126,69,59
"Clec2g",0,0,0,0,0,0,0,0,0
"Krt25",0,0,0,0,0,0,0,0,0
"Spmip4",0,0,0,3,1,0,1,0,2
"Hmgxb4",23,21,14,61,61,58,49,37,70
"Trak2",65,147,49,42,48,49,31,52,49
"Ccdc93",85,97,81,122,147,138,119,163,153
"Krtap31-1",0,0,0,0,0,0,0,0,0
"4921504A21Rik",0,0,0,0,0,0,0,0,0
"Spag9",160,224,132,207,255,119,202,201,220
"Prss22",2,0,0,0,0,0,0,0,0
"P2ry12",807,757,1037,2843,2592,2214,1275,2154,2719
"Slc22a16",0,0,0,0,0,0,0,0,0
"Krt28",0,0,0,0,0,0,0,0,0
"4921508D12Rik",0,0,0,0,0,0,0,0,0
"Ttc6",0,0,0,0,0,0,0,0,0
"Alkbh3os1",0,0,0,0,0,0,0,0,0
"Vwa3b",0,0,0,0,0,0,0,2,2
"4921511I17Rik",0,0,0,0,0,0,0,0,0
"Lrrc63",0,4,0,0,0,0,0,0,0
"Akr1cl",0,0,0,0,0,0,0,0,0
"Spata16",0,0,0,0,0,0,0,0,0
"Fam47c",0,0,0,0,0,0,0,0,0
"Slco6d1",0,0,0,0,0,0,0,0,0
"Cnbd2",4,9,3,4,8,9,7,3,9
"4921513I03Rik",0,0,0,0,0,0,0,0,0
"Nt5c1b",0,0,0,0,0,0,0,0,0
"Armc3",7,9,10,22,32,22,12,25,50
"Ccdc81",0,0,0,0,0,0,0,0,0
"Ints10",49,61,32,25,30,42,55,43,38
"4921515E04Rik",0,0,0,0,0,0,0,0,0
"Dmrtc1a",0,0,0,0,0,0,0,0,0
"Spdya",0,0,0,0,1,3,0,1,2
"Ttll7",0,0,0,1,0,0,4,4,0
"Glb1l3",0,0,0,0,0,0,0,0,0
"Efcab3",0,0,0,0,0,0,0,0,0
"Speer1a",0,0,0,0,0,0,0,0,0
"Garin2",0,0,0,1,0,0,0,0,0
"Slain1os",0,0,0,0,0,0,0,0,0
"4921517D22Rik",0,0,0,0,0,0,0,0,0
"4921524L21Rik",0,0,0,0,0,0,0,0,0
"Lpcat2b",0,0,0,0,0,0,0,0,0
"4921504E06Rik",0,0,0,0,0,0,0,0,0
"Phyhipl",2,1,0,0,0,0,1,0,0
"4921509O07Rik",0,11,1,0,0,0,0,0,0
"Nsun7",0,0,0,0,0,0,0,0,0
"Tex47",0,0,0,0,0,0,0,0,0
"4921511C10Rik",0,0,0,0,0,0,0,0,0
"Cdkn2aip",15,38,26,14,34,27,26,14,24
"Trim69",0,2,1,1,0,0,0,0,0
"Nol8",80,96,29,39,41,26,49,43,52
"4931402G19Rik",0,0,0,6,4,0,2,1,8
"4931403G20Rik",0,0,0,0,0,0,0,0,0
"Speer4f1",0,0,0,0,0,0,0,0,0
"4931400O07Rik",0,0,0,0,0,0,0,0,0
"4921539E11Rik",0,0,0,0,0,0,0,0,0
"4931403E22Rik",0,0,0,0,0,0,0,0,0
"Mmrn1",0,0,0,0,0,0,0,0,0
"Wdr20rt",0,0,0,0,0,0,0,0,0
"Ccdc178",0,0,0,0,0,0,0,0,0
"Spata1",13,9,9,19,23,13,26,12,35
"Ankrd69",0,0,0,0,0,0,0,0,0
"4931403M11Rik",0,0,0,0,0,0,0,0,0
"Tex19.2",0,0,0,0,0,0,0,0,0
"Stamos",4,5,0,3,1,2,10,1,10
"4921531P14Rik",0,0,0,0,0,0,0,0,0
"4922502N22Rik",0,0,0,0,0,0,0,0,0
"Eva1c",0,0,5,0,0,0,0,0,0
"4930500F04Rik",0,0,0,0,0,0,0,0,0
"4931419H13Rik",0,0,0,0,0,0,0,0,0
"4931429P17Rik",0,0,0,0,0,0,0,0,0
"4931420L22Rik",0,0,0,0,0,0,0,0,0
"4931431B13Rik",0,0,0,0,0,0,0,0,0
"Pgm2l1",17,24,23,18,18,6,33,24,15
"Tektl1",0,0,0,0,0,0,0,0,0
"Cabs1",0,0,0,0,0,0,0,0,0
"Fancd2os",0,0,0,0,0,0,0,0,0
"Ubqln5",0,0,0,0,0,0,0,0,0
"Ankrd68",0,2,2,0,0,0,0,0,0
"4931406C07Rik",44,93,53,103,155,85,103,109,110
"4931422A03Rik",0,1,0,0,0,0,0,0,0
"Alyreffm1",0,0,0,0,0,0,0,0,0
"Jhy",0,3,0,0,0,0,0,0,0
"Prss54",0,0,0,0,0,0,0,0,0
"Spef1",0,8,3,6,7,30,4,13,22
"Phf6",24,40,4,13,15,6,18,17,7
"Naa40",29,55,33,25,37,30,38,23,33
"4931440J10Rik",0,1,0,2,0,1,0,0,2
"Mgat4e",0,0,0,0,0,0,0,0,0
"Prss41",0,0,0,0,0,0,0,0,0
"4931440P22Rik",7,42,13,10,20,11,4,16,30
"D7Ertd443e",0,0,0,0,0,0,0,0,0
"4933401D09Rik",0,0,0,0,0,0,0,0,0
"4933401B06Rik",0,0,0,0,0,0,0,0,0
"Spats1",0,0,0,0,0,0,0,0,0
"Speer3",0,0,0,0,0,0,0,0,0
"Tmem30c",0,0,0,0,0,0,0,0,0
"4933402C06Rik",0,0,0,0,0,0,0,0,0
"71030",0,0,0,0,0,0,0,0,0
"4933406K04Rik",0,0,0,0,0,0,0,0,0
"Prss55",0,0,0,0,0,0,0,0,0
"4933401H06Rik",0,0,0,0,0,0,0,0,0
"Pcgf6",18,14,11,26,11,21,11,15,7
"4933406I18Rik",8,4,4,2,10,8,13,7,9
"4933405L10Rik",0,0,0,0,0,0,0,0,0
"4933400B14Rik",0,0,0,0,0,0,0,0,0
"Ppp2r2cos",0,0,0,0,0,0,0,0,0
"4933405E24Rik",0,0,0,0,0,0,0,0,0
"4933402J10Rik",0,0,0,0,0,0,0,0,0
"4933400L20Rik",0,0,0,0,0,0,0,0,0
"Hexim2",12,29,13,11,7,12,16,14,18
"Tekt3",0,2,0,0,1,0,0,1,0
"Zfp597",48,61,26,39,36,43,25,36,40
"Hsfy2",0,0,0,0,0,0,0,0,0
"4933411E08Rik",0,0,0,0,0,0,0,0,0
"Stox2",3,4,0,2,12,0,1,1,0
"4933412O06Rik",0,0,0,0,0,0,0,0,0
"Adam30",0,0,0,0,0,0,0,0,0
"4933416E03Rik",0,0,0,0,0,0,0,0,0
"4933416M07Rik",0,0,0,0,0,0,0,0,0
"Dmrtc1c1",0,0,0,0,0,0,0,0,0
"4933409D19Rik",0,1,0,0,0,0,0,0,0
"Arhgap19",16,14,6,19,34,35,23,23,28
"4933412E12Rik",27,32,25,37,50,62,11,32,39
"4933412E24Rik",0,0,0,0,0,0,0,0,0
"Septin12",0,0,0,0,0,0,0,0,0
"4933411G06Rik",0,0,0,0,0,0,0,0,0
"Cdkl1",0,0,0,0,0,0,0,0,0
"4930452A19Rik",0,0,0,0,0,0,0,0,0
"Atoh8",1,6,0,0,0,0,0,0,0
"Sntg1",0,0,0,0,0,0,0,0,0
"Tssk4",1,2,2,5,9,3,2,3,3
"4933413L06Rik",0,0,0,0,0,0,0,0,0
"Uvssa",150,325,123,70,88,51,75,85,69
"Glt6d1",0,0,0,0,0,0,0,0,0
"4933413J09Rik",0,0,0,0,0,0,0,0,0
"Gpr39",0,0,0,0,0,0,0,0,0
"Stx18",88,68,69,45,84,82,72,62,77
"1700022A22Rik",0,0,0,0,0,0,0,0,0
"4933407I18Rik",0,0,0,0,0,0,0,0,0
"4933408N05Rik",0,0,0,0,0,0,0,0,0
"4933407G14Rik",0,0,0,0,0,0,0,0,0
"Sh2d6",17,98,43,31,36,69,9,34,22
"Zfp689",19,22,13,14,12,16,28,22,14
"Cabyr",7,19,10,2,4,2,1,4,10
"4933422A05Rik",1,0,0,0,0,0,0,0,0
"4933417E11Rik",0,0,0,0,0,0,0,0,0
"Rfx4",0,0,0,0,0,0,0,0,0
"Tmem217",0,0,0,0,0,0,0,0,0
"4933407L21Rik",0,0,0,0,0,0,0,0,0
"Scara5",0,0,0,0,0,0,0,0,0
"Golga7b",0,3,0,2,1,1,1,1,0
"Oxsm",26,58,25,25,39,42,45,23,41
"Mier1",111,170,112,143,130,107,100,143,158
"Tex52",0,0,0,0,0,0,0,0,0
"Eri2",14,20,12,25,4,10,5,21,7
"4933417O13Rik",0,0,0,0,0,0,0,0,0
"4933426K07Rik",0,0,0,0,0,0,0,0,0
"Lrrc72",0,0,0,0,0,0,0,0,0
"4933416I08Rik",0,0,0,0,0,0,0,0,0
"Prkag2os1",0,0,0,0,0,0,0,0,0
"4933421I07Rik",0,0,0,0,0,0,0,0,0
"Zfp626",8,12,2,10,6,3,5,17,7
"Zdhhc11",0,0,0,0,0,0,0,0,0
"4933424G06Rik",0,0,7,0,0,0,0,1,0
"Nbas",61,65,41,67,52,103,85,61,58
"4933416M06Rik",0,0,0,0,0,0,0,0,0
"Nipbl",186,296,175,262,298,119,250,270,331
"Fbxo24",0,0,0,0,0,1,0,0,0
"Ints13",50,100,21,25,34,54,35,23,43
"71180",0,0,0,0,0,0,0,0,0
"4933417G07Rik",0,0,0,0,0,0,0,0,0
"Clec12b",0,0,0,0,0,0,0,0,0
"71184",0,0,0,0,0,0,0,0,0
"4933417D19Rik",0,2,2,0,4,5,0,0,2
"4933432G23Rik",0,0,0,0,0,0,0,0,0
"Otud1",13,37,31,26,33,34,27,26,45
"Dydc2",0,0,0,0,0,0,0,0,0
"4933434M16Rik",0,0,0,0,0,0,0,0,0
"Katnal2",0,0,0,0,0,0,0,0,0
"Nudt4",47,63,48,53,68,61,97,100,83
"4933440M02Rik",0,0,0,0,0,0,0,0,0
"4933436E23Rik",1,0,0,0,0,0,0,0,0
"Cage1",0,0,0,0,0,0,0,3,0
"Gpr15",0,0,0,0,0,0,0,0,0
"4933433G19Rik",0,0,0,0,0,0,0,0,0
"Daw1",0,0,0,0,0,0,0,0,0
"Dlg5",4,13,3,12,9,6,10,6,4
"4933429K18Rik",0,0,0,0,0,0,0,0,0
"Enkur",0,0,0,0,0,0,0,0,2
"4933427E13Rik",0,0,0,0,0,0,0,0,0
"4933427I22Rik",0,0,0,0,0,0,0,0,0
"Rsph14",0,0,0,0,0,0,0,0,0
"Sdhaf3",12,8,2,1,11,3,9,9,0
"Osbpl7",96,173,91,65,110,129,142,109,90
"Dmrtc2",0,0,0,0,0,0,0,0,0
"Spata24",32,59,13,25,41,33,12,23,29
"4933436H12Rik",0,0,0,0,0,0,0,0,0
"4933438B17Rik",0,0,0,0,0,0,0,0,0
"4933428M09Rik",0,0,0,0,0,0,0,0,0
"4933430N04Rik",0,0,0,0,0,0,0,0,0
"Naif1",3,0,1,2,0,2,0,0,3
"Mro",0,0,0,0,0,0,0,0,0
"4933432I03Rik",1,27,2,3,1,9,1,3,7
"4933431G14Rik",0,0,0,0,0,0,0,0,0
"Lrrfip2",106,165,67,57,51,82,66,87,68
"4933438K21Rik",0,0,0,0,0,0,0,0,0
"4933433G15Rik",1,10,6,2,7,2,3,1,11
"Noxred1",0,0,0,7,12,5,1,3,2
"Ccdc57",28,37,11,15,5,7,12,5,6
"Slc29a3",548,629,468,1206,1487,1378,1338,1407,1359
"Apobec4",0,0,0,0,0,0,0,0,0
"4933430H16Rik",0,0,0,0,0,0,0,0,0
"Cpvl",1,4,0,0,0,0,0,0,0
"4933428C19Rik",0,0,0,0,0,0,0,0,0
"Crnde",5,35,8,9,3,6,8,13,5
"Rnf148",0,0,0,0,0,0,0,0,0
"4930593A02Rik",1,0,0,0,0,2,0,0,2
"Arhgap26",12,4,1,4,11,3,4,0,6
"Wbscr25",0,0,0,0,0,0,0,0,0
"Mfap3l",1,0,0,7,5,4,1,12,3
"1700018A04Rik",0,0,0,0,0,0,0,0,0
"Tbc1d9",141,187,132,180,385,197,173,180,317
"Fsip1",0,0,0,0,0,0,0,0,0
"4933433F19Rik",0,0,0,0,0,0,0,0,0
"4933430M04Rik",0,0,0,0,0,0,0,0,0
"4933439K11Rik",0,0,0,0,1,0,0,0,1
"4933440J02Rik",0,0,0,0,0,0,0,0,0
"Rassf8",0,5,0,6,0,1,3,1,0
"Tchhl1",0,0,0,0,0,0,0,0,0
"Treml1",15,59,55,14,32,42,15,34,43
"Rcbtb1",26,31,22,36,32,24,31,29,20
"Rbks",15,16,24,27,61,54,62,30,57
"Tprg1",0,0,0,0,0,0,0,0,0
"5430400D12Rik",0,10,1,3,5,0,6,3,0
"Riok1",105,131,53,55,71,33,56,85,65
"5430434I15Rik",0,0,0,0,0,0,0,0,0
"Ano9",0,0,0,0,0,0,0,0,0
"5430427M07Rik",0,0,0,0,0,0,0,0,0
"5430402E10Rik",0,0,0,0,0,0,0,0,0
"Wdr31",0,0,0,0,0,1,0,0,0
"Col24a1",0,0,0,0,0,0,0,0,0
"Aifm2",6,22,1,2,5,4,4,8,2
"5430440P10Rik",0,0,0,0,0,0,0,0,0
"Krtap7-1",0,0,0,0,0,0,0,0,0
"Pdss2",5,2,4,5,2,1,3,3,4
"Chst9",0,0,0,0,0,0,0,0,0
"Krtap16-3",0,0,0,0,0,0,0,0,0
"Arid5b",15,24,27,41,41,21,18,35,50
"Prr16",0,0,0,0,0,0,0,0,0
"Foxn3",76,166,88,64,64,66,54,88,72
"Pex1",29,65,25,13,24,28,25,23,23
"Krtap28-13",0,0,0,0,0,0,0,0,0
"5530401A14Rik",0,0,0,0,0,0,0,0,0
"Chd6",69,148,66,76,152,86,94,102,128
"Slc6a19os",0,0,0,0,0,0,0,0,0
"5430401F13Rik",0,0,0,0,0,0,0,0,0
"Kctd6",36,58,33,28,43,33,38,36,39
"Cdcp3",0,0,0,0,0,0,0,0,0
"Tasl",61,121,39,55,62,67,64,69,74
"Fam83c",0,0,0,0,0,0,0,0,0
"Spaar",0,0,0,0,0,0,0,0,0
"Fmnl2",479,559,242,93,106,88,90,111,116
"Dhrs2",0,0,0,0,0,0,0,0,0
"Amtn",0,0,0,0,0,0,0,0,0
"5430428K19Rik",0,0,0,0,0,0,0,0,0
"Bpifb9a",0,0,0,0,0,0,0,0,0
"5430437J10Rik",0,5,0,0,0,0,0,5,0
"Arhgap21",39,54,18,22,56,33,64,39,40
"Flrt3",0,8,0,0,0,0,0,0,0
"5530601H04Rik",14,8,6,11,4,1,16,11,9
"Get1",39,46,31,32,23,29,38,31,35
"Tmem80",8,8,9,28,48,33,29,21,25
"Mettl13",30,53,22,9,19,13,33,18,26
"Ankrd40",115,148,85,107,126,229,175,156,161
"Krtap2-4",0,0,0,0,0,0,0,0,0
"7420701I03Rik",0,0,0,0,0,0,0,0,0
"Bcor",31,59,24,31,38,59,51,40,61
"Ptk7",0,0,0,0,0,0,0,0,0
"Obox1",0,0,0,0,0,0,0,0,0
"Usp19",228,419,237,194,366,409,346,242,385
"8430423G03Rik",0,0,0,0,0,0,0,0,0
"Ppp6r2",13,18,21,23,29,14,28,16,28
"Alpk1",17,9,24,15,13,20,17,30,28
"Bcas3os1",0,0,0,0,0,0,0,0,0
"Bbs7",5,42,9,14,23,12,18,23,20
"Zfp935",28,27,15,25,15,15,15,33,44
"8430436N08Rik",0,0,0,0,0,0,0,0,0
"Sfpq",750,1260,581,481,437,489,491,520,563
"Vps35l",69,78,58,144,156,162,104,142,158
"Cyp2u1",0,1,0,0,0,0,0,0,0
"Grap",98,196,120,147,174,159,188,133,187
"Pds5a",81,87,39,89,71,37,61,92,70
"Ggt6",0,0,0,0,0,0,0,0,0
"8430429K09Rik",11,8,4,8,11,6,13,1,19
"9030404E10Rik",0,0,0,0,0,0,0,0,0
"Kazn",0,12,1,0,0,1,0,2,0
"Fam217b",113,147,96,187,233,217,151,187,256
"Fbxo9",38,61,20,43,57,48,72,48,61
"Arhgap42",0,0,0,0,0,0,0,0,0
"Afmid",22,75,26,57,69,69,40,59,96
"Izumo4",20,36,34,31,74,34,53,31,71
"Clmp",11,35,3,3,7,14,17,4,13
"Mcm9",11,10,2,1,2,1,8,0,1
"Sval1",0,0,0,0,0,0,0,0,0
"9130015A21Rik",0,0,0,0,0,0,0,0,0
"9130008F23Rik",0,0,0,0,0,0,0,0,0
"Gdpd2",2,10,1,2,7,9,6,5,2
"Ifih1",232,437,130,129,106,157,93,110,96
"Zfp251",10,38,26,4,17,15,14,10,11
"Pogk",45,104,29,21,33,31,18,30,26
"Isx",0,0,0,0,0,0,0,0,0
"Senp8",5,13,12,28,31,24,36,25,51
"Ceacam20",0,0,0,0,0,0,0,0,0
"Myo1e",114,259,40,41,27,62,46,57,58
"9130004J05Rik",1,7,0,0,2,5,7,5,12
"Snx20",239,427,291,223,454,438,464,274,399
"Tradd",69,102,48,52,84,103,72,54,84
"9130015L21Rik",0,0,0,0,0,0,0,0,0
"Armh3",4,13,7,14,15,10,7,3,15
"Arl14",0,0,0,0,0,0,0,0,0
"Krtap5-2",0,0,0,0,0,0,0,0,0
"4833411C07Rik",9,9,8,12,29,12,9,15,23
"4930413F20Rik",0,0,0,0,0,0,0,0,0
"Zfp949",4,11,13,6,2,3,6,11,3
"Zgrf1",10,38,9,34,24,24,16,21,23
"4930447N08Rik",0,0,0,0,0,0,0,0,0
"Optn",14,32,17,14,7,21,1,5,18
"4930456L15Rik",0,0,0,0,0,0,0,0,0
"Shtn1",12,10,11,4,17,7,12,12,4
"4930518P08Rik",0,0,0,0,0,0,0,0,0
"Rarres2",2,0,0,0,0,0,0,0,0
"0610005C13Rik",0,0,0,0,1,0,0,0,0
"Tmt1b",0,0,0,0,0,0,0,0,0
"Fuca1",355,462,357,583,881,697,706,649,819
"Tmem248",168,290,203,97,146,146,160,129,153
"Acy3",7,5,0,3,0,0,1,0,1
"Rnf215",202,433,187,244,415,454,348,375,346
"Sanbr",41,101,50,25,24,11,25,21,19
"Brox",145,310,150,120,193,163,132,212,171
"Atp5pd",841,730,829,810,779,605,644,878,836
"Wdr27",0,0,0,0,0,0,0,1,0
"Gypc",2,3,4,0,0,0,1,0,0
"Rbm43",50,65,47,55,77,69,67,82,64
"Galnt14",0,1,0,0,0,0,0,0,0
"Tmem25",0,0,0,0,0,0,2,1,0
"Esm1",0,0,0,0,0,0,0,0,0
"Pnma8a",0,0,0,0,0,12,0,0,0
"Colec11",0,5,0,0,0,0,0,0,0
"Slc41a3",40,55,27,17,38,46,39,33,43
"Pnpt1",67,120,28,71,47,42,66,86,54
"Cdc5l",115,184,104,104,92,91,94,142,105
"Armcx3",8,5,13,5,14,7,11,15,4
"Arhgef3",26,70,19,21,43,23,38,38,37
"Slc46a3",7,7,15,108,155,74,95,117,120
"Ubiad1",28,59,34,7,45,57,42,59,39
"Syde1",0,0,0,0,0,0,0,4,0
"Lrrcc1",52,77,25,71,75,51,52,81,54
"Mus81",57,56,79,79,90,115,79,56,71
"Dram1",6,18,3,4,9,2,2,2,4
"Cdc40",69,98,49,58,70,72,61,86,53
"Dhx35",15,43,12,20,34,46,28,25,50
"Telo2",86,162,63,49,88,96,54,47,65
"Osbpl3",5,10,9,12,34,21,24,32,51
"Fam13c",0,0,0,0,0,0,0,0,0
"Cic",356,506,325,445,471,559,518,360,575
"Dhx34",55,209,97,74,127,96,95,91,129
"Aox3",0,0,0,0,0,0,0,0,0
"Smug1",20,78,25,17,20,28,32,20,21
"Stk11ip",68,142,116,79,157,125,117,107,124
"Rgs12",3,18,16,23,13,27,5,27,20
"Vps11",192,443,215,118,264,182,201,171,214
"Susd2",21,50,7,3,3,2,9,6,4
"Lrwd1",45,79,70,49,75,75,93,42,89
"Mamdc2",0,0,0,0,0,0,0,0,0
"Nectin4",77,127,59,125,106,113,87,115,136
"Ulk3",21,41,27,38,28,61,62,58,38
"Coasy",75,167,65,95,131,142,123,114,105
"Cul2",31,58,17,22,47,19,23,23,41
"Rgl3",44,99,50,52,119,127,159,76,120
"R3hdm2",113,122,70,114,160,172,197,138,164
"Map3k13",2,0,0,0,1,0,0,0,0
"Gtf3c2",233,371,187,235,242,229,217,229,269
"Tmprss6",0,0,0,0,0,0,0,0,0
"Cyp2d40",0,0,0,0,0,0,0,0,0
"Dhdh",38,50,12,34,39,10,35,44,50
"Cpn2",0,0,0,0,0,0,0,0,0
"Etnppl",1,0,0,1,0,0,0,0,0
"Amdhd1",0,0,0,0,0,0,0,0,0
"C2cd2l",92,104,67,118,197,191,199,151,205
"Klhdc3",252,322,374,301,299,194,260,341,300
"Raver1",30,50,39,26,21,35,28,41,31
"Tysnd1",91,138,80,73,92,101,85,73,89
"Vwce",0,0,0,0,0,0,0,0,0
"Bbs10",5,4,4,7,7,5,5,8,6
"Ap2b1",106,156,107,113,192,196,144,112,151
"Plbd2",334,386,291,278,441,386,318,310,516
"Ugt2b1",0,0,0,0,0,0,0,0,0
"Shroom1",1,5,0,1,4,4,7,6,0
"Inhca",0,0,0,0,0,0,0,0,0
"Tha1",135,171,115,170,239,255,192,243,260
"Ing3",23,61,23,30,40,23,14,36,27
"Klhl5",108,132,79,97,116,121,137,109,84
"Marchf8",70,119,47,58,69,93,51,53,57
"Isyna1",256,247,274,263,293,198,244,268,311
"Slc16a14",1,0,0,0,2,0,7,0,8
"Ankle2",112,188,186,213,221,139,172,230,204
"Pdgfd",0,0,0,0,0,0,0,0,0
"Trnau1ap",147,180,125,104,70,113,82,94,87
"Anxa9",21,25,12,11,25,21,14,15,10
"Cpa4",0,0,0,0,0,0,0,0,0
"Ints12",86,122,53,50,46,66,52,60,78
"Pitpnc1",85,212,87,194,221,129,171,169,262
"Chst13",0,0,0,0,0,0,0,0,0
"Ptcd1",47,114,40,35,65,66,60,32,72
"Plekhf2",110,203,139,114,114,102,122,151,182
"Slc25a18",0,4,1,0,0,1,4,0,0
"Mtfr2",5,8,8,3,2,8,1,1,5
"Nup93",90,200,70,70,75,100,78,70,52
"Tars2",380,504,375,331,307,275,370,349,372
"Ranbp3",224,337,187,165,225,243,261,245,201
"Rnf180",10,5,3,4,3,3,2,3,5
"Tmem50a",611,706,848,989,1154,862,931,961,1271
"3200001D21Rik",0,0,0,0,0,0,0,0,0
"Kif23",18,10,5,12,6,5,3,10,24
"Dync2i2",16,19,16,34,49,44,25,34,40
"1700006A11Rik",0,0,0,0,0,0,0,0,0
"1700001F09Rik",0,0,0,0,0,0,0,0,0
"Lrrc34",1,1,0,2,1,1,1,0,3
"Gtf2a1l",0,0,0,0,0,0,0,0,0
"Ddi1",0,0,0,0,0,0,0,0,0
"Pdilt",0,0,0,0,0,0,0,0,0
"Iqcm",0,0,0,0,0,0,0,0,0
"Csl",0,0,0,0,0,0,0,0,0
"Dcaf7",108,157,44,78,148,115,93,87,101
"Zbtb43",46,152,49,49,70,50,71,65,66
"Lancl2",5,8,3,0,8,9,2,8,9
"Shcbp1l",2,5,0,3,2,6,1,3,8
"1700003E16Rik",0,0,0,0,0,0,0,0,0
"Phf7",41,63,30,26,63,29,50,17,51
"Osgin1",22,57,41,9,12,6,7,22,27
"Tekt4",0,0,0,0,0,0,0,0,0
"Tcp11x2",0,0,0,0,0,0,0,0,0
"R3hcc1",32,86,37,21,26,17,33,24,17
"Nup58",22,43,19,24,22,17,25,41,17
"Syce2",21,17,7,31,18,36,16,17,17
"Btbd35f1",0,0,0,0,0,0,0,0,0
"Pdia6",355,408,419,1166,1850,2234,1906,1275,1475
"Dpep3",0,0,0,0,0,0,0,0,0
"Wfdc3",0,0,0,0,0,0,0,0,0
"Cfap52",0,0,0,0,0,0,0,0,0
"Zswim2",0,0,0,0,0,0,0,0,0
"Gpr160",42,58,85,123,109,111,70,128,121
"Tex44",0,0,0,0,0,0,0,0,0
"Fam217a",0,0,0,0,0,0,0,0,0
"Fbxo30",31,64,22,19,16,10,5,30,22
"1700016G22Rik",0,1,0,0,0,0,0,0,0
"Spmap2l",0,0,0,0,0,0,0,0,0
"Serpinb12",3,0,0,0,0,0,0,0,0
"Cfap45",2,0,0,0,0,0,0,0,0
"Aox4",0,0,0,0,0,0,0,0,0
"Mab21l4",0,0,0,0,0,0,0,0,0
"Cenpu",5,23,2,8,18,14,2,8,3
"Efhc1",0,0,0,0,2,4,1,2,4
"Fam83d",1,1,0,0,2,0,2,0,1
"Apmap",86,132,84,85,61,140,56,69,68
"Coq2",141,192,99,104,143,260,175,142,139
"Chit1",0,0,0,0,0,0,0,0,0
"Faap100",71,77,92,37,44,60,63,48,69
"2310002L09Rik",0,0,0,0,0,0,0,0,0
"Ppm1j",0,1,0,2,0,3,2,2,3
"Krt33a",0,0,0,0,0,0,0,0,0
"Epn3",0,0,0,0,0,0,0,0,0
"Mad2l2",182,357,214,113,118,167,153,157,150
"Cdadc1",54,109,51,45,60,85,30,50,70
"Noxo1",6,10,15,38,30,18,22,29,35
"Lypd6b",0,0,0,0,0,0,0,0,0
"Apol9b",0,0,0,1,0,0,1,0,0
"Tmem106b",138,206,154,146,140,108,118,157,168
"Fam219a",26,59,4,8,26,14,21,13,23
"Cand1",136,219,93,109,139,157,133,113,95
"Ces2f",0,0,0,0,0,0,0,0,0
"Paqr7",402,609,307,359,449,477,480,412,478
"Serpina9",0,0,0,0,0,0,0,0,0
"Cldn23",0,0,0,0,0,0,0,0,0
"Haus5",26,42,40,75,84,99,84,86,80
"Plpp5",61,83,45,36,59,42,87,37,68
"Bdh1",1,3,1,1,0,2,1,1,3
"Jsrp1",0,0,0,0,0,0,0,0,0
"Tmem79",2,7,0,1,1,2,1,4,2
"Antxr2",22,26,4,7,6,8,19,25,4
"Dus4l",35,21,15,17,17,23,11,18,8
"Zcchc24",48,71,63,67,147,85,142,69,101
"Rpap3",51,50,22,24,23,39,24,30,39
"Epgn",0,0,0,0,0,0,0,0,0
"Borcs6",83,90,61,68,146,132,91,73,96
"Tube1",2,8,1,10,3,8,7,3,1
"Itfg1",108,162,92,162,144,79,109,143,166
"Tmem123",116,146,91,122,96,80,119,108,92
"Ephx3",0,0,0,0,3,0,1,0,0
"Car13",10,33,3,3,3,7,1,1,8
"Apol6",0,0,0,0,0,0,0,0,0
"Cars2",67,110,110,109,120,165,105,125,143
"Tom1l1",46,50,25,35,40,54,59,41,17
"Endod1",23,43,31,37,67,59,39,46,48
"Tmem94",4,0,5,7,26,15,8,8,21
"Cers5",136,186,105,102,123,158,128,142,129
"Nanog",0,0,0,0,0,0,1,0,0
"Gpc2",22,13,11,75,109,96,85,46,76
"Riox1",91,129,107,67,59,97,107,68,99
"Suds3",72,127,91,89,136,131,91,96,134
"Ist1",225,435,217,223,251,244,166,293,238
"Rnf135",33,43,36,53,81,99,90,60,63
"Ints11",101,222,112,77,121,126,118,96,112
"Myh14",0,1,0,0,0,0,1,0,0
"Castor1",12,30,22,43,134,83,69,42,100
"Cdca4",67,86,57,42,71,102,47,83,81
"Nkiras2",90,176,97,120,111,98,77,128,141
"Mageb16",0,0,0,0,0,0,0,0,0
"Wdr73",86,229,82,60,77,73,76,73,82
"Zbed5",6,15,5,5,8,7,11,5,21
"Zswim1",46,45,13,26,32,41,50,25,30
"Dnmbp",2,2,0,1,0,0,1,0,0
"Rbpms2",0,4,0,0,0,0,0,0,0
"Prmt3",136,351,120,48,66,108,82,60,64
"Ppp2r2a",183,301,149,112,106,90,99,160,145
"Prr23a3",0,0,0,0,0,0,0,0,0
"Tdrd12",0,0,2,0,0,4,0,0,0
"Snx10",386,448,237,103,179,98,120,126,136
"Tmco6",2,9,3,9,5,16,14,7,5
"Sars2",70,84,47,39,97,69,77,61,88
"Acad10",9,1,17,17,33,43,33,18,39
"Ddx28",75,154,59,29,90,59,69,73,58
"Esco2",0,0,0,9,6,5,1,3,4
"Rpusd4",97,122,75,53,63,79,100,94,87
"Ddx54",343,725,300,133,167,214,269,166,216
"Ercc8",40,55,27,13,21,42,14,20,14
"Cnn3",0,3,0,0,2,2,2,0,4
"Erv3",0,0,0,0,0,0,0,0,0
"Fthl17a",0,0,0,0,0,0,0,0,0
"Smg9",356,767,301,248,181,288,289,240,327
"Slc25a35",12,6,9,10,17,10,12,15,34
"Fbxo22",100,186,58,44,99,73,67,70,85
"Lmntd2",0,0,0,2,4,4,1,0,1
"Slc39a5",0,0,0,0,0,0,0,0,0
"Synpr",1,5,0,0,0,0,0,0,0
"Fndc3b",78,117,62,86,149,112,146,126,134
"Zfyve19",109,187,152,216,258,287,234,270,251
"1600020E01Rik",138,444,155,69,197,147,147,107,154
"Btbd17",6,18,9,3,8,9,3,11,6
"Tedc2",46,68,30,28,20,45,32,61,18
"Cyb5r1",36,48,40,42,50,84,110,75,61
"Fundc1",49,57,61,93,120,46,71,77,123
"Zfp654",49,47,23,22,17,6,13,28,28
"Slc35f2",0,0,0,0,0,0,0,0,0
"Cyb561d1",95,211,65,42,62,90,69,58,88
"1600012P17Rik",0,0,0,0,0,0,0,0,0
"Trmu",113,178,87,101,99,80,83,65,94
"Slc39a4",119,244,65,52,78,125,106,58,58
"Cnpy3",447,574,417,404,543,726,570,392,514
"1600025M17Rik",0,0,0,0,0,0,0,0,0
"Tsc22d2",119,205,67,96,72,45,57,80,70
"Mccc1",36,79,30,26,55,38,39,30,46
"Cdhr5",1,0,2,0,0,0,0,0,1
"Alkbh4",58,45,41,40,34,53,43,66,64
"Cotl1",915,969,897,1617,2020,2874,1983,1775,2296
"Sulf2",10,8,8,18,19,35,34,20,31
"Mfsd4b2",0,0,0,0,0,0,0,0,0
"Urgcp",77,189,99,89,124,132,125,117,124
"Ddx42",136,270,101,70,107,127,117,155,117
"Tnfrsf13c",2,0,0,0,0,0,0,0,0
"Poglut2",47,50,33,34,30,53,36,35,25
"Tmub2",127,263,143,128,215,203,211,134,189
"Cyp4f18",67,36,116,141,447,391,419,262,346
"Slc38a10",275,406,272,421,604,707,493,442,627
"1810055G02Rik",91,55,37,8,21,27,23,17,6
"Phf10",56,64,42,60,83,88,54,84,61
"Igsf5",0,0,0,0,0,0,0,0,0
"Aopep",33,61,27,13,35,25,27,30,23
"Rap2c",120,149,84,81,120,42,72,110,109
"Cnot2",129,210,86,152,207,259,240,216,252
"Anks4b",0,0,0,0,0,0,0,0,0
"Ogfr",290,445,271,185,269,324,232,224,296
"Mospd4",1,2,0,0,0,1,0,0,0
"Gcnt3",0,0,0,0,0,0,0,0,0
"Sapcd2",0,0,0,5,1,1,0,2,8
"Cyp2c55",0,0,0,0,0,0,0,0,0
"Mzt2",231,226,233,374,473,398,354,424,618
"Pigx",152,137,117,119,206,219,204,160,190
"Osgepl1",14,41,30,17,7,8,13,28,11
"Ush1c",0,0,0,0,0,0,0,0,0
"Entpd8",0,0,0,0,0,0,0,0,0
"Snhg7",27,52,16,9,9,23,23,18,24
"2010320M18Rik",35,70,33,21,93,56,57,50,56
"Ugt2a3",0,0,0,0,0,0,0,0,0
"Eef1akmt2",18,14,16,8,21,12,18,16,19
"Cracdl",0,2,1,1,1,6,5,3,4
"Tmem68",126,225,89,93,119,62,93,149,117
"Dusp11",283,435,239,200,292,253,284,281,231
"Aplf",6,6,3,3,7,10,14,4,10
"2010106C02Rik",0,0,0,0,0,0,0,0,0
"Jmjd8",57,37,65,87,148,139,78,84,98
"Dscc1",7,3,1,34,5,20,2,14,24
"Ddhd2",119,178,102,99,177,81,144,156,159
"Ppp1r14d",1,1,0,0,0,1,0,0,1
"Adck1",84,106,54,43,101,102,67,68,80
"Zbed3",16,44,16,11,25,19,5,14,16
"Naa50",175,275,99,105,73,94,105,120,60
"Tpx2",4,17,7,37,13,10,11,7,36
"Dennd2d",4,25,6,2,1,9,1,5,5
"2010308F09Rik",1,4,0,0,0,0,0,0,1
"Ccdc71l",106,258,60,42,71,52,55,45,96
"Seh1l",89,134,47,41,39,62,44,43,55
"Amer2",0,1,7,7,5,14,5,5,8
"2610008E11Rik",32,44,46,35,53,43,22,32,39
"Pex13",108,183,127,43,87,88,61,81,68
"2010310C07Rik",0,1,0,1,0,0,0,0,0
"Trub1",71,133,76,20,51,56,58,58,45
"Pygo1",0,0,0,0,0,0,0,0,0
"Chst14",81,139,54,65,108,141,105,97,89
"Wdsub1",32,37,27,36,68,63,49,37,63
"Zfp1006",27,63,15,13,12,7,21,15,16
"Cep89",29,49,15,8,19,30,23,25,51
"Adpgk",135,170,126,98,147,195,175,114,155
"Slc37a3",24,20,25,28,39,48,27,32,38
"Wdfy3",175,405,130,147,189,149,199,201,224
"Zbtb46",2,7,12,0,0,4,6,2,9
"Tdrp",0,1,0,0,0,0,0,0,0
"Strada",97,125,100,105,242,184,184,135,237
"Rfc5",30,62,43,77,51,79,41,67,44
"Zfp157",46,62,39,24,35,33,26,48,62
"Cenpn",1,3,4,26,12,32,8,9,27
"Pgm1",55,95,45,41,54,70,76,69,43
"Tmem163",0,0,0,0,0,0,0,0,0
"Dhx36",131,356,102,110,168,59,148,133,140
"Thumpd2",10,36,15,13,12,30,16,18,19
"Aifm3",1,1,0,0,2,0,2,1,0
"Trim29",0,0,0,0,0,0,0,0,0
"Chchd4",60,115,41,36,43,59,38,48,34
"Shq1",32,45,36,9,29,17,47,23,14
"Mfsd8",48,81,62,26,39,34,44,44,31
"Fbxl2",0,1,0,0,0,0,0,0,0
"Zfp661",22,24,12,12,17,15,19,29,25
"Nsun4",84,87,42,29,63,44,54,43,65
"Snx6",178,232,165,313,421,349,451,359,422
"Klhl35",8,20,17,6,7,4,3,12,12
"Dbndd1",0,0,0,0,0,0,0,0,0
"2510009E07Rik",59,48,51,122,175,194,254,164,191
"Scaf11",176,255,192,191,205,177,226,242,229
"Fbxl20",68,81,210,200,402,280,239,233,388
"Supt7l",22,54,37,33,40,61,43,56,47
"Mtrex",79,165,89,95,132,62,78,79,94
"Mms19",152,219,146,202,289,274,199,222,303
"Otud6b",31,50,23,21,23,12,34,19,28
"2610507I01Rik",45,54,37,57,101,72,106,114,64
"Eml2",5,37,3,3,4,7,2,3,1
"1700016L21Rik",0,0,0,0,0,0,0,0,0
"1700025C18Rik",0,0,0,0,0,0,0,0,0
"Spmap1",0,1,0,0,0,0,0,0,0
"Rab11fip4os2",0,0,0,0,0,0,0,0,0
"Spata31d1a",0,0,0,0,0,0,1,0,0
"Cimip1",0,0,0,0,0,0,0,0,0
"1700001J11Rik",0,0,0,0,0,0,0,0,0
"1700003M07Rik",1,0,0,0,0,0,0,0,0
"Lncbate3",0,0,0,0,0,0,0,0,0
"Zfp558",2,4,2,4,1,3,3,1,0
"Tsnaxip1",0,2,0,0,0,0,0,0,0
"Tbc1d5",45,27,49,74,139,93,106,92,106
"1600014C23Rik",0,0,0,0,0,0,0,0,0
"Psg21",0,0,0,0,0,0,0,0,0
"1700012D01Rik",2,4,0,3,3,0,1,6,7
"1600014C10Rik",204,165,140,259,339,311,215,282,375
"1700030C12Rik",0,0,0,0,0,0,0,0,0
"1700019G24Rik",0,0,0,0,0,0,0,0,0
"1700029E06Rik",0,0,0,0,0,0,0,0,0
"1700022A21Rik",0,0,0,0,0,0,0,0,0
"1700030K09Rik",15,28,20,39,38,48,36,32,58
"1700006H21Rik",0,0,0,0,0,0,0,0,0
"Kcnk10",0,0,0,0,0,0,0,0,0
"1700030M09Rik",0,0,0,0,0,0,0,0,0
"1700030F04Rik",0,0,0,0,0,0,0,0,0
"1700029J03Rik",0,0,0,0,0,0,0,0,0
"Tram1",217,335,226,397,795,456,839,598,498
"Lrrc8e",1,2,0,2,0,0,0,1,1
"Cda",0,0,0,0,0,0,0,0,0
"Smim24",0,2,1,0,0,0,0,2,0
"1700027H10Rik",0,0,0,0,0,0,0,0,0
"2200002D01Rik",2,0,3,2,3,0,0,1,1
"1700025M24Rik",0,0,0,0,0,0,0,0,0
"Fam186a",0,0,0,0,0,0,0,0,0
"Ccpg1",103,145,129,138,270,188,209,219,211
"Sh2d4a",0,0,0,0,0,0,0,0,0
"1810062G17Rik",1,0,0,0,0,0,1,2,1
"LTO1",42,91,60,40,66,63,45,58,61
"1700030O20Rik",0,0,0,0,0,0,0,0,0
"Plekhf1",10,17,5,7,6,10,6,7,4
"Malat1",1546,1679,1060,1043,1441,825,1461,1897,2268
"Lsm11",29,58,24,26,37,28,16,49,35
"Nkd2",0,0,0,0,0,0,0,0,1
"Rusc1",88,175,80,38,79,82,87,57,63
"B3gnt3",2,1,0,0,0,0,0,1,3
"Shisal1",1,0,1,0,0,0,0,1,0
"Cyp2c65",0,0,0,0,0,0,0,0,0
"Zfp777",125,263,143,66,39,42,56,48,52
"2510002D24Rik",44,52,48,37,62,70,47,69,57
"Brf1",108,147,68,87,214,186,301,174,173
"Tmem158",2,7,0,4,3,3,2,3,0
"Nkg7",0,0,1,0,0,0,2,0,0
"Fryl",62,91,60,46,83,91,80,70,80
"Ccdc74a",0,3,0,0,0,0,0,0,2
"2310008N11Rik",0,0,0,0,0,0,0,0,0
"Asb17os",0,0,0,0,0,0,0,0,0
"Cyth4",1994,3762,1861,2030,2860,3087,2488,2756,3092
"Kifbp",31,62,30,32,78,47,66,59,61
"Xpo5",30,45,9,14,27,20,17,18,16
"Asb6",220,355,170,105,93,165,145,136,154
"Plxdc1",41,35,75,325,403,340,333,291,409
"Vps9d1",209,348,190,225,313,350,371,300,384
"2500004C02Rik",5,5,3,12,21,12,16,17,12
"Klhl40",0,2,0,0,0,0,1,0,0
"Palld",2,2,0,0,0,0,2,1,1
"Wdr89",2,0,0,1,0,7,0,3,1
"2010009K17Rik",0,0,0,0,0,0,0,0,0
"Elp6",24,29,32,16,17,14,16,20,22
"Usp36",76,121,41,48,70,71,77,90,82
"Amer1",19,35,8,10,14,5,7,5,9
"Dusp3",210,343,310,85,156,167,182,172,219
"Zc2hc1c",0,0,0,0,0,0,0,0,0
"Ptar1",24,57,24,8,4,3,20,11,8
"Ttc4",97,148,88,110,160,150,153,105,145
"Cdpf1",66,49,57,61,128,96,96,92,103
"2210016L21Rik",76,159,74,53,84,53,94,57,75
"Ces2g",0,0,0,0,0,0,0,0,0
"Borcs8",20,13,15,40,65,59,51,47,49
"2210408I21Rik",9,23,9,7,4,4,10,2,2
"Psca",0,0,2,1,0,0,0,1,0
"Pinc",0,0,0,0,0,0,0,0,0
"2210409E12Rik",0,0,1,0,0,0,0,0,0
"Mir223",0,0,0,0,0,0,0,0,0
"Mir128-2",0,0,0,0,0,0,0,0,0
"Mir130b",0,0,0,0,0,0,0,0,0
"Mir133b",0,0,0,0,0,0,0,0,0
"Mir135b",0,0,0,0,0,0,0,0,0
"Mir181c",0,0,0,0,0,0,0,0,0
"Mir196b",0,0,0,0,0,0,0,0,0
"Mir199a-2",0,0,0,0,0,0,0,0,0
"Mir218-1",0,0,0,0,0,0,0,0,0
"Mir219a-1",0,0,0,0,0,0,0,0,0
"Mir103-1",0,0,0,0,0,0,0,0,0
"Mir103-2",0,0,0,0,0,0,0,0,0
"Mir107",0,0,0,0,0,0,0,0,0
"Mir221",0,0,0,0,0,0,0,0,0
"Mir222",0,0,0,0,0,0,0,0,0
"Mir106a",0,0,0,0,0,0,0,0,0
"Cnfn",0,1,0,0,0,0,0,0,0
"Mir28a",0,0,0,0,0,0,0,0,0
"Mir298",0,0,0,0,0,0,0,0,0
"Mir300",0,0,0,0,0,0,0,0,0
"Mir301",0,0,0,0,0,0,0,0,0
"Mir302c",0,0,0,0,0,0,0,0,0
"Mir30e",0,0,0,0,0,0,0,0,0
"Mir32",0,0,0,0,0,0,0,0,0
"Mir320",0,0,0,0,0,0,0,0,0
"Mir323",0,0,0,0,0,0,0,0,0
"Mir326",0,0,0,0,0,0,0,0,0
"Mir328",0,0,0,0,0,0,0,0,0
"Mir329",0,0,0,0,0,0,0,0,0
"Mir337",0,0,0,0,0,0,0,0,0
"Mir338",0,0,0,0,0,0,0,0,0
"Mir340",0,0,0,0,0,0,0,0,0
"Mir346",0,0,0,0,0,0,0,0,0
"Mir34a",0,0,0,0,0,0,0,0,0
"Mir34b",0,0,0,0,0,0,0,0,0
"Mir361",0,0,0,0,0,0,0,0,0
"Mir362",0,0,0,0,0,0,0,0,0
"Mir363",0,0,0,0,0,0,0,0,0
"Mir365-2",0,0,0,0,0,0,0,0,0
"Mir370",0,0,0,0,0,0,0,0,0
"Mir376a",0,0,0,0,0,0,0,0,0
"Mir376c",0,0,0,0,0,0,0,0,0
"Mir377",0,0,0,0,0,0,0,0,0
"Mir379",0,0,0,0,0,0,0,0,0
"Mir380",0,0,0,0,0,0,0,0,0
"2610035D17Rik",1,2,0,2,11,5,1,1,11
"Mir383",0,0,0,0,0,0,0,0,0
"Mir384",0,0,0,0,0,0,0,0,0
"Mir409",0,0,0,0,0,0,0,0,0
"Mir410",0,0,0,0,0,0,0,0,0
"Mir425",0,0,2,1,0,1,0,0,2
"Mir429",0,0,0,0,0,0,0,0,0
"Mir431",0,0,0,0,0,0,0,0,0
"Mir434",0,0,0,0,0,0,0,0,0
"Mir449a",0,0,0,0,0,0,0,0,0
"Mir450-1",0,0,0,0,0,0,0,0,0
"Mir451a",0,0,0,0,0,0,0,0,0
"Mir468",0,0,0,0,0,0,0,0,0
"Mir470",0,0,0,0,0,0,0,0,0
"Mir483",0,0,0,0,0,0,0,0,0
"Mir485",0,0,0,0,0,0,0,0,0
"Mir486",0,0,0,0,0,0,0,0,0
"Mir489",0,0,0,0,0,0,0,0,0
"Mir494",0,0,0,0,0,0,0,0,0
"Mir503",0,0,0,0,0,0,0,0,0
"Ripk4",0,0,0,0,0,0,0,0,0
"Mir540",0,0,0,0,0,0,0,0,0
"Mir543",0,0,0,0,0,0,0,0,0
"Mir546",0,0,0,0,0,0,0,0,0
"Mir7b",0,0,0,0,0,0,0,0,0
"Mir7-2",0,0,0,0,0,0,0,0,0
"Mir93",0,0,0,0,0,2,0,0,0
"Mir96",0,0,0,0,0,0,0,0,0
"Mir463",0,0,0,0,0,0,0,0,0
"Mir465",0,0,0,0,0,0,0,0,0
"Mir378a",0,0,0,0,0,0,0,0,0
"Mir181b-1",0,0,0,0,0,0,0,0,0
"Mir19a",0,0,0,0,0,0,0,0,0
"Mir100",0,0,0,0,0,0,0,0,0
"Mir10a",0,0,0,0,0,0,0,0,0
"Mir224",0,0,0,0,0,0,0,0,0
"Mir31",0,0,0,0,0,0,0,0,0
"Mir324",0,0,0,0,0,0,0,0,0
"Mir33",0,0,0,0,0,0,0,0,0
"Mir339",0,0,0,0,0,0,0,0,2
"Mir365-1",0,0,0,0,0,0,0,0,0
"Mir375",0,0,0,0,0,0,0,0,0
"Mir542",0,0,0,0,0,0,0,0,0
"Mir7-1",0,0,0,0,0,0,0,0,0
"Mir181b-2",0,0,0,0,0,0,0,0,2
"Mir219a-2",0,0,0,0,0,0,0,0,0
"Mir17",0,1,0,0,0,0,0,0,0
"Mir296",0,0,0,0,0,0,0,0,0
"Mir322",0,0,0,0,0,0,0,0,0
"Mir331",0,0,0,0,0,0,0,0,0
"Mir342",0,0,0,0,0,0,0,0,0
"Cdkn3",0,1,0,1,3,6,0,2,7
"Mir351",0,0,0,0,0,0,0,0,0
"Mir367",0,0,0,0,0,0,0,0,0
"Mir382",0,0,0,0,0,0,0,0,0
"Mir412",0,0,0,0,0,0,0,0,0
"Mir448",0,0,0,0,0,0,0,0,0
"Mir484",0,0,0,0,0,0,0,0,0
"Mir539",0,0,0,0,0,0,0,0,0
"Mir547",0,0,0,0,0,0,0,0,0
"Mir452",0,0,0,0,0,0,0,0,0
"Tmem175",52,88,64,104,158,142,105,118,138
"Mir302a",0,0,0,0,0,0,0,0,0
"Mir350",0,0,0,0,0,0,0,0,0
"Mir466",0,0,0,0,0,0,0,0,0
"Mir20b",0,0,0,0,0,0,0,0,0
"Mir218-2",0,0,0,0,0,0,0,0,0
"Mir106b",0,0,0,0,0,0,0,0,0
"Mir25",0,0,0,0,0,0,2,0,0
"Mir299a",0,0,0,0,0,0,0,0,0
"Mir302d",0,0,0,0,0,0,0,0,0
"Mir325",0,0,0,0,0,0,0,0,0
"Faim2",1,3,2,2,2,1,0,0,1
"Mir335",0,0,0,0,0,0,0,0,0
"Mir344",0,0,0,0,0,0,0,0,0
"Mir34c",0,0,0,0,0,0,0,0,0
"Mir369",0,0,0,0,0,0,0,0,0
"Mir376b",0,0,0,0,0,0,0,0,0
"Mir381",0,0,0,0,0,0,0,0,0
"Mir411",0,0,0,0,0,0,0,0,0
"Mir433",0,0,0,0,0,0,0,0,0
"Mir450-2",0,0,0,0,0,0,0,0,0
"Mir471",0,0,0,0,0,0,0,0,0
"Mir487b",0,0,0,0,0,0,0,0,0
"Mir541",0,0,0,0,0,0,0,0,0
"Mir92-2",0,0,0,0,0,0,0,0,0
"Mir200c",0,0,0,0,0,0,0,0,0
"Mir345",0,0,0,0,0,0,0,0,0
"Mir98",0,0,0,0,0,0,0,0,0
"Mir302b",0,0,0,0,0,0,0,0,0
"Mir16-2",0,0,0,0,0,0,0,0,0
"2610028E06Rik",0,0,0,0,0,0,0,0,0
"Mir124a-2",0,0,0,0,0,0,0,0,0
"Mir124a-3",0,0,0,0,0,0,0,0,0
"Mir125b-2",0,0,0,0,0,0,0,0,0
"Mir129-2",0,0,0,0,0,0,0,0,0
"Mir133a-2",0,0,0,0,0,0,0,0,0
"Mir135a-2",0,0,0,0,0,0,0,0,0
"Mir138-2",0,0,0,0,0,0,0,0,0
"Mir194-2",0,0,0,0,0,0,0,0,0
"Mir196a-2",0,0,0,0,0,0,0,0,0
"Mir1a-2",0,0,0,0,0,0,0,0,0
"Mir24-2",0,0,0,0,0,0,0,0,4
"Mir26a-2",0,0,0,0,0,0,0,0,0
"Mir29b-2",0,0,0,0,0,0,0,0,0
"Mir30c-2",0,0,0,0,0,0,0,0,0
"Mirlet7a-2",0,0,0,0,0,0,0,0,0
"Mirlet7c-2",0,0,0,0,0,0,0,0,0
"Mir9-2",0,0,0,0,0,0,0,0,0
"Mir9-3",0,0,0,0,0,0,0,0,0
"Rbm12b1",6,31,13,7,13,16,21,16,4
"Mir500",0,0,0,0,0,0,0,0,0
"Mir721",0,0,0,0,0,0,0,0,0
"Mir652",0,0,0,0,0,0,0,0,0
"Brap",106,201,114,57,120,86,107,88,151
"Pinx1",134,179,70,49,47,50,99,60,60
"Slc43a1",5,19,5,28,2,17,3,26,12
"Igkv20-101-2",0,0,0,0,0,0,0,0,0
"Wdr44",39,65,33,70,56,48,51,80,72
"Mir101b",0,0,0,0,0,0,0,0,0
"Mir330",0,0,0,0,0,0,0,0,0
"Mir148b",0,0,0,0,0,0,0,0,0
"BC106175",0,0,0,0,0,0,0,0,0
"Kcnmb2",0,0,0,0,0,0,0,0,0
"Sgo1",1,0,0,14,3,6,0,0,5
"Lrpprc",103,124,68,93,113,134,109,145,134
"Ift70b",6,16,6,6,11,3,3,2,9
"Katnbl1",39,29,27,15,20,10,26,20,16
"Dnajc25",91,98,73,61,153,123,144,117,131
"Ceacam18",0,0,0,0,0,0,0,0,0
"Spink5",0,0,0,0,0,0,0,0,0
"Rab38",0,0,0,0,0,0,0,0,1
"Lypd3",0,0,0,0,0,0,0,0,0
"Rhno1",80,97,63,73,136,101,75,79,92
"Prr5l",9,12,11,61,45,101,48,59,66
"Ccdc71",65,135,111,59,119,123,119,97,131
"Htatsf1",79,78,44,26,39,40,38,70,46
"Prcp",189,163,244,180,375,325,285,141,306
"Rrp1b",112,187,91,68,86,72,86,111,80
"Zfp131",136,175,83,102,110,99,121,110,89
"Plcd3",2,1,3,7,1,0,0,1,0
"Slc16a10",56,87,26,78,115,134,136,106,108
"Ssbp3",14,34,39,50,90,73,89,57,87
"Tmem87b",390,588,393,137,258,197,229,240,296
"Hsdl2",16,26,16,32,36,37,40,26,27
"Tspyl4",0,4,1,0,4,0,0,1,2
"2610203C22Rik",4,4,6,12,7,25,18,16,14
"Acbd6",132,193,121,75,154,145,93,124,209
"Obi1",45,64,34,21,20,14,31,18,41
"2610206C17Rik",0,0,0,0,0,0,2,0,0
"Ier5l",29,13,51,25,19,29,21,27,60
"Cwf19l1",51,94,44,31,51,56,32,41,48
"Bltp2",203,214,119,224,331,289,292,271,274
"Taf4b",26,42,26,13,5,6,1,4,2
"Dzip1l",0,1,0,0,0,0,0,0,0
"Rps6kb1",224,295,171,175,211,125,219,294,227
"2610316D01Rik",0,0,0,0,0,0,0,0,0
"Sting1",311,282,328,1069,1070,1078,748,1104,1031
"Fgfbp3",4,8,5,1,3,2,6,0,7
"Wdr43",415,553,354,149,221,173,214,228,220
"2610307P16Rik",0,0,0,0,0,0,0,1,0
"Pip4p2",52,60,21,38,31,16,39,40,49
"Atxn7l2",30,53,29,18,22,17,36,17,19
"Aldh1b1",2,12,2,6,13,15,8,3,5
"Tagap",420,1090,457,182,384,298,288,418,405
"Pgam5",54,120,42,35,28,51,51,44,24
"Mvb12b",187,314,269,266,372,396,316,219,391
"Exosc6",201,232,115,66,58,143,108,115,115
"Reep4",101,148,90,107,139,131,122,142,98
"Hsdl1",64,129,74,53,64,76,54,55,90
"Utp14a",99,107,90,43,66,85,70,73,57
"Shisa9",0,0,0,0,0,0,0,0,0
"Zfp566",44,43,21,10,13,14,21,11,10
"Naalad2",7,9,4,28,15,16,11,24,3
"Pcbd2",45,32,28,61,123,87,90,76,97
"Uaca",2,0,0,3,3,2,0,2,0
"Bclaf1",349,512,211,218,199,166,178,252,229
"Lin9",18,32,13,29,24,43,24,28,14
"Bbs5",13,29,9,6,12,10,8,5,7
"Spats2",3,6,4,6,13,4,8,4,18
"Mir503hg",0,2,1,8,4,6,2,2,5
"2700054A10Rik",0,2,0,0,0,0,0,0,0
"Zup1",32,52,24,46,41,19,39,53,66
"Cul4b",48,78,62,62,37,42,40,58,40
"Lypd1",1,0,0,0,0,0,0,1,0
"Pan3",93,147,67,58,109,68,66,113,98
"2700012I20Rik",4,0,4,3,10,14,6,3,5
"Ppme1",70,138,52,36,64,52,74,55,49
"Pdia5",32,21,20,92,112,97,108,78,76
"2700033N17Rik",0,0,0,0,0,0,0,0,0
"Car10",2,0,0,0,0,0,2,0,2
"Usp13",0,1,0,0,0,0,0,0,0
"2700069I18Rik",0,0,0,0,0,0,0,0,0
"2700070H01Rik",0,0,0,0,0,0,0,0,0
"Zfp655",49,67,49,31,24,27,35,47,32
"Hpf1",143,286,130,175,189,188,205,186,156
"Pih1d2",0,2,0,1,0,2,0,0,0
"Anks3",194,332,245,237,283,233,325,294,306
"Pdzd11",97,133,49,63,74,80,49,61,56
"Hoxaas3",0,0,0,0,0,0,0,0,0
"Hspa12b",0,0,0,0,0,0,0,0,0
"Smim18",0,0,0,0,0,0,0,1,0
"Tdrkh",22,31,10,16,12,17,35,21,33
"Lins1",29,44,20,15,3,27,18,27,10
"Mex3a",18,11,7,9,7,8,29,23,7
"2700089I24Rik",0,0,0,0,0,0,0,0,0
"Smc2os",0,2,0,0,2,2,1,0,1
"Tmem209",82,122,82,60,68,98,67,95,88
"Mtrfr",13,9,14,34,31,34,31,26,35
"Ccdc12",66,121,102,188,265,318,257,190,319
"Snhg5",235,199,111,36,69,86,75,64,55
"Ints8",45,57,23,35,38,22,44,32,43
"Selenoh",131,146,100,160,205,203,145,185,220
"2700097O09Rik",35,36,21,49,68,44,29,44,34
"Serp2",1,2,1,2,0,3,1,0,0
"Dis3",61,131,67,36,22,26,24,51,34
"2810039B14Rik",4,2,3,7,10,5,5,1,3
"Zfp444",39,53,22,46,41,29,40,57,40
"Skida1",0,1,0,0,0,0,0,0,0
"2810032G03Rik",0,0,0,0,0,0,0,0,0
"Zfp518a",26,57,21,37,79,23,48,45,52
"Adipor1",114,193,191,149,340,267,202,192,260
"2810049E08Rik",0,0,0,0,0,0,0,0,0
"Dnajc6",0,4,0,0,0,2,1,1,0
"Fam110d",0,0,0,0,3,2,0,3,0
"Calhm2",47,226,82,95,139,92,105,107,114
"Hnrnpll",69,147,76,56,75,46,79,96,98
"Zcchc12",1,5,0,0,0,0,0,0,0
"Lime1",140,304,141,117,136,163,170,147,144
"Zfp618",0,6,1,0,0,0,0,0,0
"C1qtnf6",0,0,0,0,0,0,1,0,0
"Angptl1",0,0,0,0,0,0,0,0,0
"Gm45351",0,0,2,0,0,0,1,0,0
"Zfp248",1,6,2,7,2,7,8,6,1
"Fam98a",110,218,82,56,56,63,80,76,77
"Zfp74",32,69,37,30,24,13,47,38,55
"Tbcc",77,127,78,49,101,110,65,62,98
"B3gat3",92,141,80,122,105,105,132,102,101
"Cdc42se2",85,175,53,58,89,91,88,78,79
"Eldr",0,0,0,4,0,1,1,8,0
"Tmx1",291,375,221,209,329,254,296,304,286
"Zkscan3",72,71,48,77,83,70,108,79,89
"Tmem161b",68,104,43,35,29,30,44,35,28
"Ttc39c",14,42,6,0,2,0,3,1,4
"Hdhd3",6,7,6,6,3,3,13,3,0
"Tonsl",6,19,8,38,13,43,24,13,35
"Fam117b",74,110,120,78,148,85,99,93,122
"2810442N19Rik",0,0,0,0,0,0,0,0,7
"Arhgef10l",50,67,60,26,105,88,107,62,81
"Tmem135",118,202,109,131,174,75,126,204,203
"Rint1",43,55,29,20,19,26,29,22,16
"Defa-ps1",0,0,0,0,0,0,0,0,0
"Neil1",0,0,1,1,10,2,2,5,12
"Fance",88,172,87,92,131,182,169,110,109
"Sass6",22,24,7,67,60,30,41,40,65
"Dnajc22",0,0,0,0,0,0,0,0,0
"Rspo3",0,0,0,0,0,0,0,3,0
"Ndc1",13,30,5,12,11,6,9,6,8
"Veph1",0,0,0,0,0,0,0,0,0
"2810459M11Rik",0,0,0,0,0,0,0,0,0
"Ttc19",46,69,18,9,3,9,7,7,20
"9130017K11Rik",0,0,0,0,0,0,0,0,0
"Zfp839",69,90,58,61,118,114,120,88,113
"Zfp429",56,61,42,36,32,15,36,49,35
"2810454H06Rik",9,22,5,5,9,14,1,9,8
"2810471M01Rik",0,0,0,0,0,0,0,0,0
"Scn2b",0,0,0,0,0,1,0,1,0
"Pard3b",20,12,13,6,6,7,13,9,18
"Mon1a",44,100,88,63,30,19,67,60,42
"Fam76b",78,129,70,79,131,91,66,122,106
"Ubash3b",572,1825,517,986,855,899,880,1318,1051
"Dhx30",220,319,149,152,138,148,191,124,156
"Crtac1",0,1,0,1,0,0,0,2,0
"Cerox1",2,5,0,4,6,8,11,7,5
"Pot1b",27,39,19,45,60,59,46,46,36
"Prdm4",64,142,46,36,58,62,38,65,38
"Kctd17",8,2,9,6,4,4,9,3,22
"Mblac2",21,37,19,28,31,25,35,28,24
"Rtl8c",4,2,1,2,8,0,9,4,5
"Bbof1",0,1,0,1,0,0,1,1,0
"Zdhhc4",92,118,90,72,101,76,81,63,105
"Yju2",31,85,38,12,19,24,12,21,36
"Xlr4c",8,2,5,2,3,3,5,0,5
"Setd5",76,157,115,92,149,139,113,124,155
"Asphd2",5,2,1,0,1,2,3,4,0
"Macrod2",1,2,0,1,0,0,1,0,0
"Ndufv2",295,400,256,164,224,285,256,308,281
"Spock3",0,2,0,0,0,0,0,0,0
"Marchf1",604,1091,288,325,336,172,267,347,320
"Hepacam",0,0,0,2,0,1,0,0,0
"Ppp2r2b",0,0,0,0,0,1,0,1,0
"Swi5",279,283,167,252,303,377,289,335,319
"Ddx41",111,84,98,45,109,65,97,89,86
"72937",19,26,19,6,16,22,30,19,33
"Ift25",10,3,3,16,51,22,16,20,35
"Lrrc47",107,181,89,74,104,124,91,120,99
"Phykpl",17,12,14,16,36,21,24,19,29
"Tppp",0,11,1,40,41,27,41,35,33
"Ccnt2",93,149,64,88,67,58,89,104,96
"Zfp493",6,0,2,3,14,0,2,11,1
"Top1mt",26,21,8,21,34,34,41,24,20
"Slc17a7",1,2,1,4,0,1,1,5,0
"Tymp",0,0,0,0,0,0,0,0,0
"Ccser2",36,46,19,26,22,13,24,32,48
"Fbxo47",0,1,0,2,0,0,0,0,0
"Cnih3",1,0,0,0,0,0,0,0,0
"Thap12",81,112,52,26,41,28,24,29,41
"Tmem138",1,6,2,4,4,4,4,6,7
"Appl1",43,98,44,49,34,30,59,54,32
"Kantr",17,27,33,18,44,8,13,31,29
"Insig2",49,59,58,90,98,100,52,111,103
"73001",1,1,0,0,0,0,0,0,0
"2900057B20Rik",0,0,0,0,0,0,0,0,0
"Gpr22",0,1,0,0,0,1,0,0,0
"Kremen2",0,0,0,0,0,0,0,0,0
"Emc7",500,758,390,254,425,488,522,409,488
"Ttc9b",4,2,0,2,0,0,0,1,0
"2900052N01Rik",1,3,3,0,0,0,3,0,0
"Glrx5",208,331,174,117,170,196,176,115,176
"Camk2n2",10,8,6,6,3,1,7,3,8
"Cldn34c1",0,0,0,0,1,0,0,0,0
"Ppp1r16a",40,104,45,56,54,46,41,49,29
"Tmem192",90,220,118,50,83,73,64,78,116
"Pofut4",96,189,103,69,134,89,136,88,121
"Prr36",0,4,0,0,2,0,0,0,3
"Ppil6",0,0,0,0,0,1,0,0,0
"3100003L05Rik",0,0,0,0,0,0,0,0,0
"Pmpcb",128,132,69,61,123,102,78,104,86
"3110009M11Rik",0,0,0,0,0,0,0,0,0
"Rps6ka5",8,14,11,22,36,41,17,31,22
"2900092C05Rik",0,0,0,0,0,0,0,0,0
"3110006O06Rik",0,4,0,0,0,1,0,0,0
"Sgip1",29,21,19,4,7,1,3,1,9
"Slc25a42",7,9,13,9,14,14,14,8,15
"2900092D14Rik",0,0,0,0,0,0,0,0,0
"Slc22a23",0,0,0,0,0,0,1,2,0
"3110009E18Rik",5,3,0,7,2,5,8,4,8
"Prss57",0,0,0,0,0,0,0,1,0
"Abracl",132,199,90,82,79,90,96,120,54
"Rflna",0,0,0,0,0,0,0,0,0
"Tgfbrap1",117,239,107,120,244,197,194,185,181
"Golim4",33,60,29,30,21,13,41,30,43
"3110015C05Rik",0,0,0,0,0,0,0,0,0
"Tmed5",705,870,484,369,534,494,521,498,516
"Slc25a16",51,82,43,24,35,39,33,35,42
"73133",2,2,1,0,0,0,0,3,0
"Prrc1",102,179,79,80,139,115,177,86,107
"Cenpv",40,68,70,34,59,42,40,36,56
"Mir100hg",0,0,0,0,0,0,0,0,0
"Clec4a3",302,520,186,282,488,166,340,392,440
"Larp1",647,1007,363,337,386,449,385,463,402
"3110018I06Rik",0,0,0,0,0,0,0,0,0
"Otud3",33,74,22,17,17,9,18,12,17
"Tm7sf2",8,15,21,45,87,85,57,46,64
"Arhgap8",0,0,0,0,0,0,0,0,0
"Exo5",7,25,37,18,18,26,37,14,26
"Pcdh18",0,0,0,0,0,0,0,0,0
"Tbkbp1",184,228,197,246,291,351,294,258,309
"3110040M04Rik",0,0,0,0,0,0,0,0,0
"Wasl",77,135,43,66,77,39,85,92,98
"Nfatc4",0,0,0,0,0,0,0,0,0
"Pear1",20,8,10,1,3,3,1,2,6
"5430402O13Rik",0,0,2,0,2,0,2,0,0
"Fezf1",0,0,0,0,0,0,0,0,0
"Xpot",69,112,71,58,84,92,125,89,73
"3110056K07Rik",3,1,0,1,6,4,3,2,3
"C9orf72",70,120,82,58,86,57,57,111,107
"Chlsn",54,71,77,33,45,56,41,45,51
"B9d1os",0,4,0,0,0,0,0,0,0
"Sppl2b",182,214,171,168,144,161,202,162,156
"Fam118a",34,66,24,16,30,29,35,18,24
"Zfp983",9,7,11,30,26,14,16,26,16
"Bmper",0,2,0,0,0,0,0,0,0
"Zfp942",42,70,41,26,12,15,26,26,18
"Snorc",0,0,0,0,0,0,0,0,0
"Atat1",43,67,37,75,75,88,81,65,77
"Prl8a1",0,0,0,0,0,0,0,0,0
"Rassf6",0,0,0,0,0,0,0,0,0
"Mrgbp",2,4,3,1,1,2,2,4,3
"Ccnq-ps2",0,0,0,0,1,0,0,0,0
"Mir674",0,0,0,0,0,0,0,0,0
"Ceacam5",0,0,0,0,0,0,0,0,0
"Setd7",33,46,52,27,57,59,46,35,47
"Ccdc18",2,1,0,4,1,2,1,4,6
"1700026J12Rik",0,0,0,0,0,0,0,0,0
"1700023C21Rik",0,0,0,0,0,0,0,0,0
"Cib4",0,0,0,0,0,0,0,0,0
"1700037C18Rik",23,23,1,25,28,15,17,15,32
"Speer6-ps1",0,0,0,0,0,0,0,0,0
"73270",0,0,0,0,3,0,0,0,0
"1700108F19Rik",0,0,0,0,0,0,0,0,0
"Gpbp1",127,176,89,104,109,80,116,150,134
"1700031P21Rik",0,0,0,0,0,0,0,0,0
"1700036G14Rik",0,0,0,0,0,0,0,0,0
"Ddit4l",1,1,0,0,0,0,0,0,0
"1700031A10Rik",0,0,0,0,0,0,0,0,0
"Cabcoco1",0,0,0,0,0,0,0,0,0
"Vps50",56,92,46,70,80,70,42,89,70
"Ccdc103",0,0,0,0,0,2,0,0,0
"1700047L14Rik",0,0,0,0,0,0,0,0,0
"Rhobtb3",2,1,0,0,0,0,0,0,0
"Fundc2b",0,0,0,0,0,0,0,0,0
"1700031F05Rik",0,0,0,0,0,0,0,0,0
"Ttc29",0,0,0,0,0,0,0,0,0
"1700031M16Rik",0,0,0,0,0,0,0,0,0
"Bcas1os2",0,0,0,0,0,0,0,0,0
"1700034J04Rik",0,0,0,0,0,0,0,0,0
"1700044C05Rik",0,0,0,0,0,0,0,0,0
"1700046C09Rik",0,0,0,0,0,0,0,0,0
"Spanxn4",0,0,0,0,0,0,0,0,0
"Lrrc69",0,0,0,0,0,0,0,1,0
"Calr3",0,0,0,1,0,4,0,1,0
"Ube2d2b",0,0,0,0,0,0,0,0,0
"1700042O10Rik",18,35,20,1,0,2,1,0,0
"1700039E22Rik",0,0,0,0,0,0,0,0,0
"Clhc1",0,1,0,0,1,0,0,0,5
"4932702P03Rik",0,0,0,0,0,0,0,0,0
"Pradc1",25,52,30,30,38,48,32,43,36
"1700040F15Rik",0,0,0,0,0,0,0,0,0
"1700034P13Rik",0,0,3,0,0,0,0,0,0
"Ccdc30",0,0,0,0,0,0,0,0,0
"Slc25a31",0,0,0,0,3,0,2,1,0
"1700040F17Rik",0,0,0,0,0,0,0,0,0
"Prss44",0,0,0,0,0,0,0,0,0
"Itpripl1",158,180,138,148,164,145,168,210,157
"1700047G03Rik",0,0,0,0,0,0,0,0,0
"Nptxr",0,0,0,0,0,0,0,0,0
"Arhgef6",64,118,69,140,152,90,100,157,190
"1700034J05Rik",0,0,0,0,0,0,0,0,0
"Cldn34b2",0,0,0,0,0,0,0,0,0
"1700045H11Rik",0,0,0,0,0,0,0,0,0
"1700042G15Rik",0,0,0,0,0,0,0,0,0
"1700045I11Rik",0,0,0,0,0,0,0,0,0
"Actrt2",0,0,0,0,0,0,0,0,0
"1700054M17Rik",0,0,0,0,0,0,0,0,0
"Actrt1",0,0,0,0,0,0,0,0,0
"1700056E22Rik",0,4,3,3,5,1,0,3,13
"1700051A21Rik",0,0,0,0,0,0,0,0,0
"Col20a1",3,15,0,1,2,2,1,0,8
"Phospho2",116,165,80,68,103,49,102,68,70
"Cimip4",0,0,0,0,0,0,0,0,0
"Dcbld2",19,63,4,10,18,19,18,20,20
"Cmtm2a",0,0,0,0,0,0,0,0,0
"Prss52",0,0,0,0,0,0,0,0,0
"Fam177a",0,0,1,0,0,0,0,0,0
"Bpifa3",0,0,0,0,0,0,0,0,0
"Hbp1",134,185,250,178,368,200,178,243,363
"Msl3l2",27,76,21,19,18,18,12,18,21
"1700049E22Rik",0,0,0,1,4,0,0,0,0
"1700055C04Rik",0,0,0,0,0,0,0,0,0
"Nipsnap3a",0,0,0,0,0,0,0,0,0
"1700060C20Rik",0,1,0,0,0,0,0,0,0
"1700064J06Rik",0,0,0,0,0,0,0,0,0
"1700055D18Rik",2,6,4,4,11,6,8,4,10
"Spmip8",0,0,0,0,0,0,0,0,0
"1700065J11Rik",0,0,0,0,0,0,0,0,0
"1700065D16Rik",0,2,0,0,0,1,0,0,0
"Nme8",0,0,0,0,0,0,0,0,0
"Armt1",24,53,21,11,26,28,27,33,35
"Ccsap",0,5,0,5,0,2,1,0,2
"Prox2",15,6,13,5,8,11,2,2,7
"1700060C16Rik",0,0,0,0,0,0,0,0,0
"1700066B17Rik",0,0,0,0,0,0,0,0,0
"Hoxd3os1",0,0,0,0,0,0,0,0,0
"Zfp974",2,6,5,4,6,4,2,1,0
"1700052K11Rik",9,22,6,8,6,8,7,10,14
"Tex35",0,3,0,0,0,0,0,0,0
"1700061F12Rik",0,0,0,0,0,0,0,0,0
"Hspa12a",7,10,25,35,41,43,18,52,52
"Wdr13",61,119,53,141,140,112,102,112,163
"Smim33",1,0,5,2,3,4,6,4,6
"Zfp763",9,5,7,2,0,2,7,4,7
"1700063O14Rik",0,0,0,0,0,0,0,0,0
"1700067K01Rik",4,2,1,7,6,10,3,0,8
"1700063A18Rik",0,0,0,0,0,0,0,0,0
"1700065J18Rik",0,0,0,0,0,0,0,0,0
"Izumo1",0,0,0,0,0,0,0,1,1
"1700064M15Rik",0,1,1,0,4,0,2,0,0
"Aldh3b3",0,0,1,0,0,0,1,0,0
"C2cd6",0,0,0,2,0,0,0,0,0
"Ms4a13",0,0,0,0,0,0,0,0,0
"1700066M21Rik",9,27,11,18,10,11,8,24,26
"Rnf38",38,92,55,66,120,124,107,121,110
"Kif2b",0,0,0,0,0,0,0,0,0
"1700066N21Rik",0,0,0,0,0,0,0,0,0
"Spata18",0,0,0,0,0,0,0,0,0
"Iws1",55,99,30,41,46,43,41,63,45
"Snhg9",25,55,44,9,14,20,26,8,20
"1700067G17Rik",0,0,0,0,0,0,0,0,0
"1700081H04Rik",0,0,0,0,0,0,0,0,0
"1700074H08Rik",0,0,0,0,0,0,0,0,0
"Prss59",0,0,0,0,0,0,0,0,0
"1700084J12Rik",0,0,0,0,0,0,0,0,0
"1700084M14Rik",0,0,0,0,0,0,0,0,0
"1700080N15Rik",0,0,0,0,0,0,0,0,0
"Mipol1",6,0,1,4,14,6,7,0,0
"Samt3",0,0,0,0,0,0,0,0,0
"Mbd3l1",0,0,0,0,0,0,0,0,0
"1700071M16Rik",0,0,0,0,0,0,0,0,0
"1700072O05Rik",0,0,0,0,0,0,0,0,0
"Nell1os",0,0,0,0,0,0,0,0,0
"1700086O06Rik",17,24,19,2,18,2,14,9,9
"Pebp4",0,0,1,0,0,0,0,0,0
"Mir181a-1",0,0,0,0,0,0,0,0,0
"Mir488",0,0,0,0,0,0,0,0,0
"Mir669b",0,0,0,0,0,0,0,0,0
"Mir669a-1",0,0,0,0,0,0,0,0,0
"Mir467b",0,0,0,0,0,0,0,0,0
"Mir669a-2",0,0,0,0,0,0,0,0,0
"Mir670",0,0,0,0,0,0,0,0,0
"Speer4b",0,0,0,0,0,0,0,0,0
"735260",0,0,0,0,0,0,0,0,0
"Mir684-2",0,0,0,0,0,0,0,0,0
"Mir455",0,0,0,0,0,0,0,0,0
"Mir698",0,0,0,0,0,0,0,0,0
"Mir671",0,0,0,0,0,0,0,0,0
"Mir703",389,426,322,258,574,479,363,328,531
"Mir592",0,0,0,0,0,0,0,0,0
"Mir705",0,0,0,0,0,0,0,0,0
"Mir680-1",0,0,0,0,0,0,0,0,0
"Mir707",0,0,0,0,1,0,1,1,0
"Mir710",0,0,0,0,0,0,0,0,0
"Mir709",0,0,0,0,0,0,0,0,0
"Mir684-1",0,0,0,0,0,0,0,0,0
"Mir499",0,0,0,0,0,0,0,0,0
"Mir697",0,0,0,0,0,0,0,0,0
"Mir701",0,0,0,0,0,0,0,0,0
"Mir490",0,0,0,0,0,0,0,0,0
"Mir675",0,0,0,0,0,0,0,0,0
"Mir491",0,0,0,0,0,0,0,0,0
"Mir702",0,0,0,0,0,0,0,0,0
"Mir708",0,0,0,0,0,0,0,0,0
"Mir700",0,0,0,0,0,0,0,0,0
"Mir467a-1",0,0,0,0,0,0,0,0,0
"Mir695",0,0,0,0,0,0,0,0,0
"Mir704",0,0,0,0,0,0,0,0,0
"1700072B07Rik",0,0,0,0,0,0,0,0,0
"Mir216b",0,0,0,0,0,0,0,0,0
"Mir449c",0,0,0,0,0,0,0,0,0
"1700069P05Rik",0,0,0,0,0,0,0,0,0
"Nudt16l2",0,0,0,0,0,0,0,0,0
"1700092K14Rik",0,0,0,0,0,0,0,0,0
"Tssk5",0,0,0,0,0,0,0,0,0
"Cfap141",26,60,39,43,67,44,55,65,72
"Dusp21",0,0,0,0,0,0,0,0,0
"1700110I01Rik",0,0,0,0,0,0,0,0,0
"1700091H14Rik",0,0,0,0,0,0,0,0,0
"1700092C10Rik",0,0,0,0,0,0,0,0,0
"1700110K17Rik",0,1,0,0,0,0,0,0,0
"Gldnos",0,0,0,0,0,0,0,0,0
"Vgll3",0,0,0,0,0,0,0,0,0
"1700096K18Rik",10,27,16,8,34,26,13,16,22
"1700101O22Rik",0,0,0,0,0,0,0,0,0
"1700092E19Rik",0,0,0,0,0,0,0,0,0
"Camkmt",19,15,7,16,12,7,13,10,3
"1700100L14Rik",0,0,0,0,0,0,0,0,0
"1700111E14Rik",0,0,0,0,0,0,0,0,0
"St8sia3os",0,0,0,0,0,0,0,0,0
"1700112H15Rik",0,0,0,0,0,0,0,0,0
"1700109I08Rik",0,0,0,0,0,0,0,0,0
"1700001O22Rik",0,0,0,0,0,0,0,0,2
"1700120C14Rik",3,7,1,2,1,3,4,0,11
"Trp53tg5",0,0,0,0,0,0,0,0,0
"1700120E14Rik",0,0,0,0,0,0,0,0,0
"Marveld3",0,0,0,0,0,0,0,0,0
"1700125H03Rik",0,0,0,0,0,0,0,0,0
"Zfp433",0,0,0,1,0,0,0,1,0
"Rhox13",0,0,0,0,0,0,0,0,0
"Pldi",0,0,0,0,0,0,0,0,0
"1700122H20Rik",0,0,0,0,0,0,0,0,0
"1700122E12Rik",0,0,0,0,0,1,1,1,0
"1700123O12Rik",0,0,0,0,0,0,0,0,0
"1810009J06Rik",0,0,0,0,0,0,0,0,0
"1700125G02Rik",0,0,0,0,0,0,0,0,0
"1700128A07Rik",0,0,0,0,0,0,0,0,0
"Chct1",0,0,0,0,0,0,0,0,0
"Ptges3l",8,17,8,28,19,37,34,16,34
"1700126H18Rik",0,0,0,0,0,0,0,0,0
"2210039B01Rik",0,0,0,0,0,0,0,0,0
"Capn9",0,0,0,0,0,0,0,0,0
"2410012E07Rik",0,0,0,0,0,0,0,0,0
"Cybrd1",1,1,7,0,0,2,2,0,0
"2210408F21Rik",16,0,11,29,28,22,36,40,35
"Ms4a6c",1820,789,866,631,1392,920,1407,923,1086
"Spns1",338,523,318,300,383,362,298,309,362
"Cabp4",0,1,0,3,0,0,2,0,3
"Thoc3",180,316,126,96,150,172,122,156,116
"Cimip5",0,0,0,0,0,0,0,0,0
"Ttc21b",8,15,4,6,17,10,23,15,22
"Defb30",0,0,0,1,0,0,0,0,1
"Sult6b1",0,0,1,2,0,0,0,2,1
"Rec114",6,5,4,6,5,8,2,8,4
"Wdr75",142,237,75,63,58,34,72,94,46
"Psma8",3,5,3,3,4,5,2,5,2
"Tex19.1",0,0,0,0,0,0,2,0,0
"Zbtb8a",1,0,0,2,6,13,4,1,14
"Trmt11",13,27,14,12,7,12,15,15,8
"Atg16l2",15,18,15,14,20,25,37,15,25
"Bloc1s2",22,22,10,14,29,15,11,28,11
"Glipr1",56,310,40,49,82,62,58,46,50
"Cplane1",41,111,37,38,52,49,62,43,65
"Dppa4",0,0,0,0,0,0,0,0,0
"Ndufaf7",53,87,55,80,125,133,106,127,115
"Platr9",0,0,0,0,0,0,0,0,0
"Ppp2r1b",50,50,33,48,50,39,38,64,38
"Dppa2",0,0,0,0,0,0,0,0,0
"Gucy2g",0,0,0,0,0,0,0,0,0
"Dppa3",0,0,0,0,0,0,0,0,0
"Tubb2b",6,4,7,14,17,15,10,15,22
"Mvb12a",132,116,122,111,77,87,62,100,105
"Dmkn",0,0,0,0,0,0,0,0,0
"Rbm20",0,0,2,0,0,0,0,0,0
"Lce1c",0,0,0,0,0,0,0,0,0
"Cst6",0,5,0,0,1,0,0,0,0
"Spmip6",1,4,0,4,3,0,0,1,0
"Lce1a2",0,0,0,0,0,0,0,0,0
"Sh3bgrl3",1547,1696,1810,1042,1668,1625,1442,1400,1912
"Mcee",13,14,19,57,93,57,45,46,47
"Psd",0,2,1,1,2,0,1,2,1
"Zfp383",7,24,13,15,9,9,6,14,17
"Lce1l",0,0,0,0,0,0,0,0,0
"Muc16",0,0,0,0,0,0,0,0,0
"Fcf1",174,293,136,54,57,45,52,80,63
"Bbln",248,463,114,35,102,49,130,70,84
"Haus7",95,114,46,57,35,63,38,84,54
"Cby1",14,30,10,12,22,12,15,12,16
"Man2c1",194,390,203,167,281,298,305,213,313
"Shld1",9,21,9,29,42,33,21,27,22
"Gadl1",0,0,0,4,3,5,4,11,0
"Whrn",44,56,79,120,233,208,111,115,196
"Thap1",26,54,18,22,34,66,23,28,28
"4930430J02Rik",0,0,0,0,0,0,0,0,0
"Prr27",0,0,0,0,0,0,0,0,0
"4930430F21Rik",0,0,0,0,0,0,0,0,0
"4930402F11Rik",0,0,0,0,0,0,0,0,0
"4930401C15Rik",0,0,0,0,0,0,0,0,0
"Kif2c",75,64,50,71,80,127,53,98,122
"4930406D18Rik",0,0,0,0,0,0,0,0,0
"Tex36",0,0,0,0,0,0,0,0,0
"Satl1",0,0,0,0,0,0,0,0,0
"4930405J17Rik",0,0,0,0,0,0,0,0,0
"Fam83e",1,5,0,0,0,0,0,0,0
"4930404H11Rik",0,0,0,0,0,0,0,0,0
"4930401O10Rik",0,0,0,0,0,0,0,0,0
"4930404A05Rik",0,0,0,0,0,0,0,0,0
"Mfsd12",2,1,2,1,0,2,3,6,1
"Gm17014",0,0,0,0,0,0,0,0,0
"Snhg6",468,553,300,152,170,106,150,173,176
"Ppp1r21",312,340,322,219,652,320,439,223,522
"Poldip3",145,290,125,125,132,181,136,145,160
"Tmem198b",47,47,56,37,91,76,54,71,87
"Dcaf4",61,105,61,48,82,84,39,42,81
"Eif3k",582,624,574,484,716,586,493,562,673
"Fam98c",185,354,184,183,304,282,202,247,283
"Atp6v1d",218,366,238,193,355,360,210,302,376
"Ifitm5",3,13,0,0,0,4,2,0,0
"Slc35b2",151,242,162,255,476,411,362,336,400
"Ankrd45",0,0,0,0,0,1,0,0,0
"Ankrd42",1,0,0,4,1,0,1,1,2
"Fam110a",67,57,28,81,108,124,94,67,115
"D3Ertd751e",4,6,8,16,11,7,7,12,18
"4930428G15Rik",0,0,0,0,0,1,0,0,0
"Spmip7",7,50,0,0,0,0,0,1,0
"Spmip11",0,0,0,0,0,2,0,0,0
"4930425K10Rik",0,0,0,0,0,0,0,0,0
"Pabir3",0,0,0,0,0,0,0,0,0
"4930428E07Rik",0,0,0,0,0,0,0,0,0
"4930417O13Rik",0,0,0,0,0,0,0,0,0
"4930423M02Rik",0,0,0,0,0,0,0,0,0
"Fam161a",8,11,0,5,14,2,5,2,13
"4930419G24Rik",0,0,0,0,0,0,0,0,0
"4930432J09Rik",1,0,0,0,0,0,0,0,0
"Zdbf2",0,0,1,0,0,1,0,0,0
"4930417O22Rik",0,0,0,0,0,0,0,0,0
"4930413M19Rik",0,0,0,0,0,0,0,0,0
"Tmem202",2,4,2,3,8,3,2,3,8
"4930414N06Rik",0,0,0,0,0,0,0,0,0
"4930431P03Rik",0,0,0,0,0,0,0,0,0
"Psmb11",0,0,0,0,0,0,0,0,0
"4833412C05Rik",0,0,0,0,0,0,0,0,0
"4833417C18Rik",10,19,2,6,1,3,7,4,6
"Arhgap18",13,27,10,18,19,10,14,31,33
"Irak3",186,351,48,23,37,34,39,33,27
"4833419F23Rik",8,31,16,9,14,9,5,7,8
"Ift57",82,121,71,15,20,12,20,36,30
"Lyrm1",4,7,11,16,5,16,3,12,11
"Scpep1os",0,0,0,0,0,0,0,0,0
"4930405D11Rik",0,0,0,0,0,0,0,0,0
"4930401O12Rik",0,0,0,0,0,0,0,0,0
"Cldn34c4",0,0,0,0,0,0,0,0,0
"Ccdc175",0,1,0,0,0,0,1,0,0
"1700029M20Rik",0,0,0,0,0,0,0,0,0
"4930412B13Rik",0,0,0,0,0,0,0,0,0
"Hapln2",0,0,0,0,1,0,0,0,0
"Fam151b",14,45,8,13,13,17,16,11,22
"Otud4",118,217,115,69,94,43,63,93,92
"Speer9-ps1",0,0,0,0,0,0,0,0,0
"4930413G21Rik",1,4,7,7,1,11,1,2,0
"4930433B08Rik",0,0,0,0,0,0,0,0,0
"4930447J18Rik",0,0,0,0,2,0,0,0,3
"4930441J16Rik",0,0,0,0,0,0,0,0,0
"4930448I18Rik",0,0,0,0,0,0,0,0,0
"4930444F02Rik",0,0,0,0,0,0,0,0,0
"4930448C13Rik",0,0,0,0,0,0,0,0,0
"4930438E09Rik",0,0,0,0,0,0,0,0,0
"4930438A08Rik",5,2,0,0,0,0,0,0,0
"4930452G13Rik",0,0,0,0,1,0,0,0,0
"4930455C13Rik",0,0,0,0,0,0,0,0,0
"Atl1",1,10,3,4,5,3,0,8,3
"4930448F12Rik",0,0,0,0,0,0,0,0,0
"4930449C09Rik",0,0,0,0,0,0,0,0,0
"Herc3",15,13,10,22,23,11,13,21,7
"Psd2",0,2,0,5,4,1,4,2,4
"Jakmip3",0,1,0,2,0,0,0,0,0
"Dnm1l",174,280,105,136,145,102,121,159,144
"Abtb3",13,22,6,0,5,0,5,2,4
"Arsg",119,64,147,94,244,153,202,165,292
"Slc25a27",0,2,2,5,8,12,6,1,9
"Rap2b",52,90,44,56,66,34,99,67,102
"Rftn2",0,4,2,5,1,0,3,2,4
"Fcho1",2,4,6,2,1,1,9,8,4
"Phf19",2,3,5,4,8,17,1,11,24
"Als2",19,21,15,9,15,5,8,16,18
"Traf3ip1",10,39,12,11,9,15,3,22,9
"Cpne4",0,3,0,0,1,0,0,0,0
"Glyr1",267,506,269,165,223,292,233,242,287
"Rd3",0,0,0,0,0,0,0,0,0
"Nphp3",13,34,19,16,37,29,18,12,29
"Msl1",341,730,370,328,465,500,357,426,450
"Rin2",434,674,327,248,265,167,239,285,324
"Sdr42e1",19,39,19,18,28,12,29,30,48
"Nol9",145,237,78,55,81,85,91,82,76
"Nfam1",365,475,513,462,621,501,671,432,540
"Ddias",4,12,4,10,3,0,2,0,1
"Phf8l",0,0,0,0,0,0,0,0,0
"Pex26",18,26,8,8,4,24,17,11,6
"Ttf2",23,43,11,27,32,46,17,36,20
"Slc36a1os",0,0,0,0,0,0,0,0,0
"Vsir",1763,1839,2381,2753,4674,4061,4014,3159,4186
"4921525O09Rik",0,0,0,0,0,0,0,0,0
"Steap2",1,0,0,1,0,0,0,0,0
"Ttc21a",0,0,0,1,0,0,0,0,0
"Grip1",0,0,0,0,0,0,0,0,0
"Siglecl2",0,0,0,0,0,0,0,0,0
"Plce1",2,0,1,0,0,0,0,0,0
"4933405D12Rik",0,0,0,0,0,0,0,0,0
"4933406G16Rik",0,0,0,0,0,0,0,0,0
"4933404K08Rik",0,0,0,0,0,0,0,0,0
"Speer8-ps1",0,0,0,0,0,0,0,0,0
"4933406D12Rik",0,0,0,0,0,0,0,0,0
"4933404G15Rik",0,0,0,0,0,0,0,0,0
"Asz1",0,0,0,0,0,0,0,0,0
"Serpina3a",0,0,0,0,0,0,0,0,0
"Lmntd1",0,0,0,0,0,0,0,0,0
"4933407I05Rik",0,0,0,0,0,0,0,0,0
"Syce1",1,5,1,0,1,1,0,4,1
"4933406C10Rik",1,6,0,0,0,1,4,0,2
"Nmnat3",22,32,41,2,13,19,10,17,21
"Cep350",85,130,68,158,156,80,169,137,171
"Slc7a13",0,0,0,0,0,0,0,0,0
"Them7",0,0,0,0,0,0,0,0,0
"Paqr5",0,0,0,0,0,0,0,0,0
"Npl",67,51,62,192,210,257,185,222,262
"Tbc1d22bos",0,0,0,0,0,0,0,0,0
"Tjap1",69,130,60,50,70,93,76,63,88
"Hvcn1",2562,4177,1396,944,1261,1472,1365,1203,1357
"Pop7",136,188,137,73,152,148,121,108,152
"Czib",100,128,117,122,143,129,156,118,181
"Arpp21",2,1,1,0,0,0,0,0,3
"Slc35a5",94,110,88,82,119,50,107,91,102
"Nebl",0,0,0,0,0,0,0,0,0
"Abcb6",61,60,29,55,87,92,62,90,45
"Gga2",42,53,38,37,51,58,49,61,60
"Dcaf6",8,20,8,7,15,9,16,13,10
"Cep55",7,5,0,8,8,10,2,2,6
"Parn",54,103,45,49,83,60,75,40,41
"Rbm19",100,176,62,34,51,86,93,39,65
"Usp16",121,215,73,89,80,64,136,124,99
"Crot",55,109,59,70,78,41,56,51,80
"Pi16",8,6,9,6,9,19,13,6,13
"Actr3",556,938,515,394,466,433,346,397,367
"Zfp263",139,223,117,113,132,134,167,154,151
"Acoxl",0,0,0,0,0,0,0,0,0
"Tmem43",119,160,76,75,102,109,98,103,75
"Foxp4",55,156,47,22,16,15,44,22,31
"Armc8",133,195,73,70,86,102,76,80,63
"Syvn1",200,275,267,191,459,463,627,267,358
"Krt80",0,0,0,0,0,0,0,0,0
"Dmgdh",0,0,0,0,0,0,0,0,0
"Sash3",179,214,162,223,370,307,254,298,335
"Rnf6",123,408,124,74,92,96,133,129,134
"Smg8",39,52,25,19,41,49,41,43,36
"Cyp2s1",0,0,0,0,0,0,1,1,0
"Sec14l1",143,189,214,346,440,444,425,355,443
"Nuak2",130,145,170,73,131,124,121,121,118
"Tm9sf1",52,102,49,65,148,111,97,79,94
"Lonp1",352,552,284,151,231,210,212,227,209
"Opa1",101,168,72,97,72,76,95,96,58
"Robo4",0,1,0,0,0,0,1,3,0
"F13a1",23,15,12,14,51,20,34,27,42
"Ehhadh",16,20,22,7,17,29,33,20,24
"Cluh",182,342,123,66,125,181,160,101,113
"Zfp946",16,10,1,4,1,2,8,11,1
"Slc35f5",37,63,61,74,92,50,56,67,86
"Stra6l",7,10,0,1,0,2,0,0,0
"Uba7",362,596,317,619,701,632,571,584,758
"Unkl",6,3,7,5,3,11,6,12,7
"Errfi1",29,46,37,27,40,31,21,23,51
"Acot12",0,0,0,0,0,0,0,0,0
"Cmtr1",157,300,144,138,189,213,141,183,162
"Josd1",30,42,28,44,64,64,58,26,32
"Acbd5",53,54,33,36,44,29,33,31,47
"Ctcflos",0,0,0,0,0,0,0,0,0
"Nfx1",47,93,38,54,64,55,84,52,68
"Fbxl22",9,7,7,2,2,2,0,0,5
"Tmem38a",9,17,14,14,20,35,11,24,19
"Nudt9",179,177,171,259,301,303,261,292,288
"Zdhhc16",100,164,72,85,93,91,101,84,85
"Rab10os",66,136,58,20,41,37,43,31,46
"Gtsf1",0,0,0,0,0,0,0,0,0
"Crct1",0,0,0,0,0,0,0,0,0
"Tgm5",0,0,0,0,1,0,0,0,0
"Stk40",123,135,115,177,145,154,163,154,182
"1700030A11Rik",0,0,0,0,0,0,0,0,0
"Muc5b",0,0,0,0,0,0,0,0,0
"Gpcpd1",128,165,132,91,173,81,97,145,146
"Perm1",0,0,0,0,1,1,0,1,1
"2310065F04Rik",0,0,0,0,0,0,0,0,0
"Gbe1",40,76,32,23,14,11,13,3,8
"Ccdc3",0,0,0,0,0,0,0,0,0
"Katnb1",59,69,49,23,30,32,15,48,58
"Prl8a8",0,0,0,0,0,0,0,0,0
"Phactr3",4,3,1,1,0,0,5,0,1
"Exoc3l4",19,65,4,12,12,6,14,5,2
"P2ry13",496,231,678,1125,1202,1497,762,1496,1422
"Arpc5l",228,242,188,195,267,258,248,195,278
"Rnd3",0,2,0,0,0,3,1,0,0
"Elp3",105,141,82,66,110,111,90,108,75
"Ttc27",33,52,26,15,13,20,26,30,31
"Gtf2e1",28,30,20,19,9,12,11,21,33
"Dtx2",799,1429,366,119,120,111,136,119,137
"Vit",0,0,0,0,0,0,0,0,0
"Khdc4",130,237,91,82,121,101,105,115,72
"Cep97",7,13,16,10,10,10,20,19,19
"Fblim1",21,56,54,94,179,112,136,93,199
"Eif4enif1",78,124,67,48,77,73,82,68,81
"Xpo6",105,300,131,104,199,190,155,136,147
"Acsl3",5,18,9,14,22,11,16,14,23
"Sipa1l3",13,22,17,31,29,47,46,11,45
"1700017B05Rik",386,721,391,392,640,581,582,394,694
"Rbm26",381,506,230,158,281,117,191,238,215
"1700016H13Rik",0,0,0,0,0,0,0,0,0
"1700009C05Rik",0,0,0,0,0,0,0,0,0
"Spmip9",0,0,0,0,0,0,0,0,0
"Septin14",0,0,0,0,0,0,0,0,0
"Paqr8",1,0,0,3,1,3,2,3,5
"Liat1",0,0,0,0,0,0,0,0,0
"Gsdmcl1",0,0,0,0,0,0,0,0,0
"Tubgcp2",67,72,86,66,76,67,41,102,97
"Mterf2",0,0,5,0,0,0,0,0,0
"Iqce",30,60,58,111,61,60,78,89,80
"Chpf",59,60,15,18,31,41,45,19,34
"Slx4ip",17,7,4,17,13,7,8,17,25
"Atg7",102,164,109,43,71,103,88,78,95
"Ctbs",46,39,68,123,180,173,187,145,196
"Gale",34,45,41,21,40,38,50,36,26
"2310003L06Rik",0,0,0,0,0,0,0,0,0
"Lrrc2",0,2,1,0,0,0,1,1,0
"Ankrd9",8,9,13,4,11,18,10,9,15
"Armc1",141,206,93,69,100,124,85,107,132
"Klrg2",3,5,17,18,15,17,15,20,19
"Gpn1",105,191,75,68,83,100,88,92,120
"Smu1",175,275,148,109,125,157,128,148,128
"Cyld",81,122,61,74,114,94,90,93,95
"Tspan17",23,40,23,12,23,11,18,32,19
"Rnf138rt1",0,0,0,0,0,0,0,0,0
"Iqcf1",0,0,0,0,0,0,0,0,0
"Aven",63,38,50,33,63,51,46,30,24
"1700063H04Rik",0,0,0,0,0,0,0,0,0
"Usp20",47,75,37,23,41,32,64,37,32
"Mageb5",0,0,0,0,0,0,0,0,0
"1700054O19Rik",0,1,0,0,0,0,0,0,0
"Cldnd2",0,0,0,0,0,0,0,0,0
"Chic2",76,138,98,119,251,210,236,147,238
"Magea14",0,3,0,0,0,0,0,0,0
"1700084F23Rik",0,0,0,0,0,0,0,0,0
"Spatc1",0,0,0,0,0,0,0,0,0
"1700085C21Rik",0,0,0,0,0,0,0,0,0
"Sertad4b",0,1,0,0,0,0,0,0,0
"Tbc1d21",0,0,0,0,0,0,0,0,0
"Kcmf1",166,309,108,115,173,198,131,174,134
"Spem1",0,2,0,0,0,0,0,0,0
"1700095J03Rik",0,0,0,0,0,0,0,0,0
"1700093J21Rik",0,0,0,0,3,1,2,0,2
"Ccdc182",0,0,0,0,0,0,0,0,0
"Mtmr3",108,160,106,104,173,135,161,106,162
"1700094M24Rik",0,0,0,0,0,0,0,0,0
"1700111N16Rik",0,0,0,0,0,0,0,0,0
"Prss46",0,0,0,0,0,0,0,0,0
"Tex54",3,0,4,2,2,0,1,2,3
"Osbp2",0,4,2,0,0,0,0,0,0
"1700120G07Rik",0,0,0,0,0,0,0,0,0
"Rnf145",114,184,120,159,198,249,192,185,209
"Isca2",204,254,186,129,313,276,218,181,197
"Hopx",4,3,8,0,1,2,0,0,4
"Mettl23",46,35,40,55,100,101,95,91,106
"Wdr33",161,313,172,135,220,151,191,157,147
"Cxxc1",143,266,136,121,198,204,143,154,190
"Cltb",109,156,91,76,132,121,104,109,157
"Hnrnpr",85,85,71,61,73,81,86,61,58
"Dnajc14",114,184,63,64,103,78,110,75,75
"A330040F15Rik",0,0,0,0,1,1,0,0,0
"Ranbp10",101,186,75,118,191,157,193,198,153
"Xrcc3",4,23,6,11,10,20,3,9,8
"Palm3",0,0,0,0,0,0,0,0,0
"Slc6a19",0,4,3,0,0,0,0,0,1
"Ahcyl2",23,38,27,40,31,28,37,25,33
"G630025P09Rik",0,1,0,0,1,1,0,0,0
"Lrrtm1",0,0,0,0,0,0,0,0,0
"Crtc2",236,339,122,140,161,210,187,174,169
"Meak7",2,2,1,3,0,0,2,2,0
"Fhip1b",44,27,58,52,126,114,103,93,139
"Ddx23",4,10,4,18,11,3,15,15,5
"Zfp84",17,40,21,24,31,32,27,20,31
"Lrguk",3,13,7,7,13,18,5,20,21
"Smchd1",37,63,22,88,58,38,72,82,57
"Matcap1",23,57,5,15,29,46,41,29,14
"4931414P19Rik",7,8,8,13,32,25,18,16,34
"Cep57",80,104,52,55,66,46,54,77,60
"4931429L15Rik",0,0,0,0,0,0,0,0,0
"Spag17",0,0,0,0,0,0,0,0,0
"4931430N09Rik",0,0,0,0,0,0,0,0,0
"4931431C16Rik",0,0,0,1,0,2,0,1,0
"Lonrf3",8,28,6,46,23,52,21,39,43
"4932422M17Rik",10,10,10,2,0,5,3,8,9
"Mei1",0,0,1,0,0,0,0,0,0
"Rptor",293,722,395,237,336,314,288,291,363
"Clec16a",36,74,12,30,43,51,57,43,50
"Gcc1",24,48,34,30,35,42,29,25,20
"Myo18b",10,27,13,28,18,11,5,11,16
"Hsf2bp",2,0,0,2,7,3,4,3,1
"Ubap2l",346,411,237,226,305,352,425,299,295
"Ap5m1",24,39,14,21,37,16,13,19,35
"Rmi1",73,62,35,85,56,88,67,71,80
"Epcip",0,1,0,0,0,0,0,0,0
"Dpp8",89,185,85,50,66,58,61,67,38
"Specc1l",70,176,51,39,109,54,67,61,67
"Map10",13,37,20,10,15,15,12,3,6
"4933407K13Rik",9,7,0,6,9,7,3,8,8
"Duxf3",0,0,0,0,0,0,0,0,0
"Zfp819",2,1,0,0,0,4,0,4,4
"Terb2",0,0,0,0,0,0,0,0,0
"4933400F21Rik",0,0,0,0,0,0,0,0,0
"Efhc2",0,0,0,0,0,0,0,0,0
"Odad4",0,4,1,8,2,6,3,10,6
"4933414I15Rik",0,0,0,0,0,0,0,0,0
"Hyal6",0,0,0,0,0,0,1,0,0
"Ttll11",3,12,11,0,3,0,2,1,0
"Plpp6",34,81,47,22,44,24,38,35,48
"Gle1",55,87,52,24,52,38,33,50,40
"Tc2n",0,1,0,0,0,0,0,0,0
"Polr3c",7,10,5,8,2,1,1,1,4
"Tktl2",0,0,0,0,0,0,0,0,0
"Tmc5",0,0,0,0,2,0,3,2,1
"4933402J15Rik",0,0,0,0,0,0,0,0,0
"4933402D24Rik",0,0,0,0,0,0,0,0,0
"Eaf1",52,150,45,20,50,38,65,45,28
"4930478P22Rik",0,0,0,0,0,0,0,0,0
"Cfap20dc",0,0,0,0,0,0,1,0,0
"Sohlh2",0,0,0,0,0,0,0,2,0
"Lrriq3",0,1,0,2,0,3,0,1,2
"Magec2",0,0,0,0,0,0,0,0,0
"Clvs1",1,0,0,1,0,0,0,0,1
"Cmip",355,616,381,352,401,251,355,356,476
"Slco6c1",0,0,0,0,0,0,0,0,0
"Sgms2",0,0,0,0,0,0,1,1,0
"P4htm",3,8,0,1,1,0,2,2,1
"Slc9b1",0,0,0,0,0,0,0,0,0
"Arl13a",0,0,0,0,0,0,0,0,0
"Pank2",152,165,133,138,164,166,166,135,150
"Pgs1",455,763,288,295,632,597,612,405,654
"Cfap53",0,0,0,0,0,0,0,0,0
"4933408J17Rik",2,1,0,0,0,0,0,0,0
"Nsun6",31,21,18,16,8,16,15,20,13
"4933424G05Rik",0,0,0,0,0,0,0,0,0
"Gsdmcl-ps",0,0,0,0,0,0,0,0,0
"Exoc3l2",0,1,1,1,0,2,1,3,0
"Zswim5",3,7,0,5,10,2,7,2,3
"Mfsd13b",0,0,0,0,1,0,1,0,0
"Pus10",40,64,52,51,46,31,25,55,35
"Hyal5",0,0,0,0,0,0,0,0,0
"Taf7l",0,0,0,0,0,0,0,0,0
"Cep72",0,1,3,21,5,9,5,14,5
"Stpg3",0,0,0,0,0,0,0,0,0
"4933433H22Rik",0,2,0,0,0,0,0,0,0
"4933439C10Rik",13,32,23,57,68,83,70,73,93
"4933427D14Rik",35,59,29,34,25,26,27,35,31
"Snx29",0,0,1,8,0,4,0,6,1
"Snx11",159,278,205,97,100,100,152,93,110
"Samd4",0,9,2,7,9,5,5,2,7
"Batf2",26,20,16,11,16,9,15,15,28
"Ifitm7",16,8,1,0,1,0,8,1,0
"Rbm31y",0,0,0,0,0,0,0,0,0
"Lrrc71",0,2,0,0,0,1,1,0,0
"Osbpl10",0,0,0,0,0,0,0,0,0
"5430405H02Rik",11,53,34,15,29,28,37,16,41
"Lrrc15",0,0,0,0,0,0,0,0,0
"5430421F17Rik",0,0,0,0,0,0,0,0,0
"Mamstr",0,0,0,0,0,0,0,0,0
"Kbtbd13",0,0,0,0,0,0,0,0,0
"Tnks2",101,218,91,104,120,40,122,142,121
"Gorasp1",61,48,66,37,78,105,134,62,68
"Sost",0,0,0,0,0,0,0,0,0
"Fam53a",100,100,88,74,136,139,182,108,115
"Lrrc17",0,0,0,0,0,0,0,0,0
"Neto2",1,0,0,1,0,2,4,3,2
"A730049H05Rik",0,0,0,0,0,0,0,0,0
"7420700N18Rik",0,0,0,0,0,0,0,0,0
"Cyp2j9",0,0,0,0,0,0,3,0,0
"Ppp4r4",2,3,1,1,10,0,0,5,3
"Morc2a",34,65,17,23,40,29,24,19,16
"Fam234b",47,47,48,64,76,94,100,72,80
"Mgme1",28,51,27,44,73,73,52,45,58
"8430422H06Rik",0,0,0,0,0,0,0,0,0
"9030612E09Rik",0,0,0,0,0,0,0,0,1
"Gzf1",29,52,29,16,25,11,20,34,21
"8430437L04Rik",0,0,0,0,0,0,0,0,0
"Gsdmc4",2,2,8,0,0,0,0,0,0
"Mau2",88,140,71,57,105,56,61,96,74
"Pck2",129,131,109,202,213,191,170,151,302
"Nipal3",13,19,28,33,55,52,39,18,27
"Themis3",0,0,0,0,0,1,0,0,0
"Gvin1",3,2,3,4,6,1,2,2,2
"Elovl7",2,0,0,0,0,0,0,0,0
"Nkx6-3",0,0,0,0,0,0,0,0,0
"Fer1l4",0,0,0,0,0,0,0,0,0
"Rasgef1c",0,0,0,0,0,0,0,0,0
"Mlkl",5,9,2,8,2,0,4,8,8
"Ttc17",64,87,56,70,92,63,94,82,59
"Zkscan1",49,68,48,33,43,12,15,53,42
"Kcnk16",0,0,0,0,0,0,0,0,0
"Lvrn",0,0,0,0,0,0,0,0,0
"4731417B20Rik",0,0,0,0,0,0,0,0,0
"Glb1l",17,61,10,24,17,22,17,23,25
"Pyroxd2",14,23,14,67,116,87,43,40,110
"Sppl3",104,214,156,241,394,312,265,255,313
"Kbtbd12",0,1,5,9,2,1,2,6,2
"Abca12",0,0,0,0,0,0,0,0,0
"Cds1",118,144,197,259,377,289,210,229,336
"4833418N02Rik",3,11,7,10,6,6,9,7,9
"Mrpl47",63,97,36,38,28,21,31,33,30
"4833427F10Rik",1,3,0,0,0,0,0,0,0
"4833428L15Rik",0,0,0,0,0,0,0,0,0
"Cd200r3",0,0,0,0,0,0,0,0,0
"Abcb8",61,56,53,42,83,101,98,81,61
"Ocstamp",13,20,51,0,0,3,1,0,0
"Scrn3",14,28,21,20,37,22,15,21,40
"Scpep1",300,603,380,330,290,431,316,257,350
"4930429F11Rik",0,0,0,0,0,0,0,0,0
"4930429D17Rik",0,0,0,0,0,0,0,0,0
"Tmem81",1,4,0,2,11,13,6,8,12
"4930413E15Rik",0,0,0,0,0,0,0,0,0
"4930426L09Rik",1,4,1,3,2,4,4,2,1
"4930429F24Rik",0,0,0,0,0,0,0,0,0
"4930425O10Rik",0,0,0,0,0,0,0,0,0
"Shpk",13,9,7,7,14,10,13,8,16
"Tent5c",51,56,55,97,86,77,38,71,85
"Spsb1",208,213,197,162,317,365,234,272,348
"S100pbp",2,5,1,8,4,2,8,4,2
"Cpa5",0,0,0,0,0,0,0,0,0
"Pomk",41,50,46,38,127,57,65,62,84
"4930455H04Rik",0,0,0,0,0,0,0,0,0
"4930442J19Rik",0,0,0,0,0,0,0,0,0
"4930448K20Rik",0,0,0,0,0,0,0,0,0
"Tex55",0,0,0,0,0,0,0,0,0
"Drc3",0,0,0,1,0,0,0,0,0
"Brme1",1,4,2,12,13,18,7,2,10
"4930434J06Rik",0,0,0,0,0,0,0,0,0
"Zfp943",23,43,24,32,36,6,33,24,35
"Spdye4a",0,0,0,0,0,0,0,0,0
"Ptchd3",0,0,0,0,0,0,0,0,0
"Wdr35",12,8,11,4,22,6,15,16,6
"Dnaaf8",0,2,0,3,0,4,5,4,5
"Lrrc74b",0,0,0,0,0,0,0,0,0
"Slc25a54",0,0,0,0,0,0,0,0,0
"4930443O20Rik",0,0,0,0,0,0,0,0,0
"4930440C22Rik",0,0,0,0,0,0,0,0,0
"Tdrd9",0,0,0,0,0,0,0,0,0
"4930509J09Rik",0,0,0,0,0,0,0,0,0
"Tbc1d30",5,20,8,2,3,0,5,3,16
"4930510E17Rik",0,0,0,0,0,0,0,0,0
"4930524O08Rik",0,0,0,0,0,0,0,0,0
"4930517E11Rik",0,0,0,0,0,0,0,0,0
"Ccdc7a",0,0,0,0,0,0,0,0,0
"4930518I15Rik",10,39,17,21,30,19,19,30,20
"4930507D05Rik",0,4,0,0,0,0,0,0,0
"Dnaaf6rt",0,0,0,0,0,0,0,0,0
"4930505O20Rik",0,0,0,0,0,0,0,0,0
"Ttll9",0,0,0,0,0,0,0,0,0
"4930511A02Rik",0,0,0,0,0,0,0,0,0
"Wbp2nl",0,0,0,0,0,0,0,0,0
"Spata17",0,0,0,0,0,0,0,0,0
"Snx16",33,53,27,18,31,16,28,20,43
"Tmem114",0,0,0,0,0,0,0,0,0
"4930512B01Rik",0,0,0,0,0,0,0,0,0
"4930523O13Rik",0,0,0,0,0,0,0,0,0
"Setmar",10,13,9,7,9,6,6,7,3
"Stx11",1,24,6,2,4,8,3,0,5
"Rhoh",73,121,76,224,266,342,201,208,227
"Trim14",15,24,18,38,50,14,17,46,43
"Pcf11",91,153,54,93,80,50,61,85,99
"C2cd5",11,18,14,20,20,33,25,18,32
"Ddit4",1294,990,1748,58,1013,195,525,256,479
"Slamf8",133,129,35,120,110,206,111,118,137
"Trmo",15,31,12,5,10,17,13,15,21
"Dhcr24",0,1,0,8,15,29,4,6,5
"5830416I19Rik",1,2,2,0,0,0,2,0,1
"Rab3il1",315,351,449,792,935,1016,741,1009,597
"Mxra8",3,15,12,12,25,12,9,3,22
"Mdga1",5,20,12,2,19,7,8,8,25
"Naa60",187,213,180,254,570,550,420,361,590
"Klc4",75,144,131,137,256,210,189,163,213
"Yipf2",12,20,18,60,90,71,27,28,54
"Pik3cb",48,57,75,50,115,68,61,67,87
"Hhatl",0,3,0,0,0,0,0,0,0
"Atp13a2",516,820,874,756,1419,1266,1324,868,1482
"Lmbr1l",83,113,89,75,74,78,44,64,122
"Ppa2",23,41,45,46,36,35,36,70,67
"Selenon",112,156,129,88,138,159,126,115,106
"Rrp7a",136,200,81,55,41,80,55,57,64
"Wipi2",26,63,44,28,19,40,54,73,82
"Glt8d2",0,0,0,0,0,0,0,0,0
"Naa15",163,220,69,126,93,55,111,150,113
"Manf",329,355,358,468,959,1205,937,490,668
"Usp38",75,106,62,58,114,94,84,94,98
"Mss51",8,30,9,7,5,6,5,2,15
"4930405A21Rik",0,0,0,1,0,1,0,1,0
"Meikin",0,0,0,0,0,0,0,0,0
"Spin2-ps1",0,0,0,0,0,0,0,0,0
"4930402F06Rik",0,0,0,0,0,0,0,0,0
"Fam228a",0,0,0,0,0,0,0,0,0
"4930455B14Rik",0,0,0,0,0,0,0,0,0
"4930447F04Rik",0,0,0,0,0,0,0,0,0
"4930449E01Rik",0,0,0,0,0,0,0,0,0
"Tmem65",47,48,68,43,67,52,69,69,53
"4930448H16Rik",0,0,0,0,0,0,0,0,0
"4930461G14Rik",0,0,0,0,0,0,0,0,0
"Morn3",0,0,0,0,0,1,0,0,0
"4930447A16Rik",0,0,0,0,0,0,0,0,0
"Ccdc181",24,45,22,19,42,25,25,17,27
"4930405A10Rik",0,0,0,0,0,0,0,0,0
"4930448I06Rik",0,0,0,0,0,0,0,0,0
"Kbtbd11",1,1,2,1,8,4,12,11,3
"4930480E11Rik",0,0,0,0,0,0,0,0,0
"Cylc2",0,0,0,0,0,0,0,0,0
"Atp6v1e2",0,0,0,0,0,0,0,0,0
"1700066O22Rik",0,0,0,0,0,0,0,0,0
"4930474M22Rik",0,0,0,0,0,0,0,0,0
"Iqca1",0,0,0,0,0,0,0,0,0
"Slc35f6",387,604,270,282,366,499,447,434,414
"4930471D02Rik",0,0,0,0,0,0,0,0,0
"4930479D17Rik",1,0,0,0,0,0,0,0,0
"Pmis2",0,0,0,0,0,0,0,0,0
"4930467K11Rik",0,0,0,0,0,0,0,0,0
"4930480M12Rik",0,0,0,0,0,0,0,0,0
"4930481A15Rik",0,3,1,4,14,6,5,12,5
"Odad2",2,0,0,0,0,0,0,1,0
"74937",0,0,0,0,1,0,0,0,0
"4930503H13Rik",0,0,0,0,0,0,0,0,0
"4930503O07Rik",0,0,0,0,0,0,0,0,0
"Acss2os",0,0,0,0,0,0,0,0,0
"Kif4-ps",0,0,0,0,0,0,0,0,0
"4930502A04Rik",0,0,0,0,0,0,0,0,0
"4930483K19Rik",0,0,0,0,0,0,0,0,0
"4930503E14Rik",0,0,0,0,0,0,0,0,0
"Platr14",0,0,0,0,0,0,0,0,0
"4930471G03Rik",0,0,1,0,0,0,0,0,0
"4930474H20Rik",0,0,0,0,0,0,0,0,0
"4930465M20Rik",0,0,0,0,0,0,0,0,0
"4930483O08Rik",0,0,0,0,0,0,0,0,0
"4930488B22Rik",0,0,0,0,0,0,0,0,0
"4930500L23Rik",0,0,0,0,0,0,0,0,0
"Lrriq1",0,0,0,0,0,0,0,0,0
"Cldn34d",0,0,0,0,0,0,0,0,0
"4930480G23Rik",0,0,0,0,0,0,0,0,0
"Csmd2os",0,0,0,0,0,0,0,0,0
"4930487H11Rik",0,0,0,0,0,0,0,1,0
"4930502E09Rik",0,0,0,0,0,0,0,0,0
"Usp47",76,144,51,57,132,66,84,87,83
"Rab11fip2",46,74,53,34,49,23,29,47,49
"Tmprss12",0,0,0,0,0,0,0,0,0
"Mindy1",74,100,59,28,100,60,86,70,61
"Tmbim7",0,0,0,0,0,0,0,0,0
"4930488N24Rik",0,0,0,0,0,0,0,0,0
"Ct55",0,0,0,0,0,0,0,0,0
"Samd13",0,0,0,0,0,0,0,0,0
"Rnase10",2,1,0,0,0,0,0,0,3
"4930471L23Rik",0,0,0,0,0,0,0,0,0
"4930473O22Rik",0,0,0,0,0,0,0,0,0
"4930486I03Rik",0,0,0,0,0,0,0,0,0
"Purg",4,9,2,5,12,5,12,2,10
"4930503E24Rik",1,2,0,0,0,0,0,2,0
"Mei4",0,0,0,0,0,0,0,0,0
"Nudt12os",0,0,0,0,0,0,0,0,0
"Efcab10",0,0,0,0,0,0,0,0,0
"Kif27",0,0,0,0,0,4,2,0,0
"Cfap210",13,33,9,19,9,13,10,16,15
"4930519H02Rik",0,0,0,0,0,0,0,0,0
"Sf3a3",170,279,146,124,106,132,171,140,140
"Zcchc13",0,0,0,0,0,0,0,0,0
"4930521E06Rik",0,0,0,0,0,0,0,0,0
"4930515L03Rik",0,0,0,0,0,0,0,0,0
"4930515G16Rik",0,0,0,0,0,0,0,0,0
"Samt2b",0,0,0,0,0,0,0,0,0
"Zbtb49",26,47,40,14,11,19,15,20,23
"Usp50",0,0,0,0,0,0,0,0,0
"4930511M06Rik",0,0,0,0,0,0,0,0,0
"4930520P13Rik",0,0,0,0,0,0,0,0,0
"Cimip6",0,0,0,0,0,0,0,0,0
"4930505G20Rik",0,0,0,0,0,0,0,0,0
"Bltp3b",93,186,67,62,67,72,83,95,93
"4930519D14Rik",0,0,0,0,0,0,0,0,0
"4930522N08Rik",0,0,0,0,0,0,0,0,0
"4930513D17Rik",0,0,0,0,0,0,0,0,0
"4930524O05Rik",0,0,0,0,0,0,0,0,0
"Ube2dnl2",0,0,0,0,0,0,0,0,0
"Lysmd4",9,11,2,12,11,14,28,7,12
"4930525D18Rik",4,4,0,0,0,0,1,0,0
"Mmd2",0,4,1,0,0,0,3,0,3
"4930519F16Rik",0,0,0,0,0,0,0,0,0
"4930512H18Rik",0,0,0,0,0,0,0,0,0
"4930509E16Rik",0,0,0,0,0,0,0,0,0
"4930520O04Rik",0,0,0,0,0,0,0,0,0
"Zc2hc1b",0,0,0,0,0,0,0,0,0
"Nxnl2",0,0,0,0,0,0,0,0,0
"4930513O06Rik",0,0,0,0,0,0,0,0,0
"4930515B02Rik",0,0,0,0,0,0,0,0,0
"4930515L19Rik",0,0,0,0,0,0,0,0,0
"4930526I15Rik",156,213,167,74,102,84,96,76,148
"Rsph10b",1,2,2,3,3,10,2,0,11
"Rprd2",78,83,52,69,107,84,85,73,69
"4930526L06Rik",0,0,0,0,0,0,0,0,0
"Slxl1",0,0,0,0,0,0,0,0,0
"Rasd2",0,1,1,0,0,0,0,0,0
"4930547E14Rik",0,0,0,0,0,0,0,0,0
"Mfsd13a",25,8,28,39,49,50,33,52,54
"4930545H06Rik",0,0,0,0,0,0,0,0,0
"4930539M17Rik",0,0,0,0,0,0,0,0,0
"Mir677",0,0,0,0,0,0,0,0,0
"Mir423",0,0,0,0,0,1,0,0,0
"Mir680-3",0,0,0,0,0,0,0,0,0
"Mir666",0,0,0,0,0,0,0,0,0
"Mir495",0,0,0,0,0,0,0,0,0
"Mir668",0,0,0,0,0,0,0,0,0
"Mir496a",0,0,0,0,0,0,0,0,0
"Mir686",0,0,0,0,0,0,0,0,0
"Mir719",0,0,0,0,0,0,0,0,0
"Mir19b-1",0,0,0,0,0,0,0,0,0
"Mir692-1",1,2,0,1,1,0,0,0,0
"Mir717",0,0,0,0,0,0,0,0,0
"Mir450b",0,0,0,0,0,0,0,0,0
"Mir718",0,0,0,0,0,0,0,0,0
"Mir676",0,0,0,0,0,0,0,0,0
"Mir672",0,0,0,0,0,0,0,0,0
"Mir711",0,0,0,0,0,0,0,0,0
"Mir497",0,0,0,0,0,0,0,0,0
"Mir681",0,0,0,0,0,0,0,0,0
"Mir679",0,0,0,0,0,0,0,0,0
"Mir687",0,0,0,0,0,0,0,0,0
"Mir688",0,0,0,0,0,0,0,1,0
"Mir690",0,0,0,0,0,0,0,0,0
"Mir532",0,0,0,0,0,0,0,0,0
"Mir505",0,0,0,0,0,0,0,0,0
"Mir374b",0,0,0,0,0,0,0,0,0
"Mir673",0,0,0,0,0,0,0,0,0
"Mir713",0,0,0,0,0,0,0,0,0
"Mir92-1",0,0,0,0,0,0,0,0,0
"4930529K09Rik",0,0,0,0,0,0,0,0,0
"Mir146b",0,0,0,0,0,0,0,0,0
"Mir680-2",0,0,0,0,0,0,0,0,0
"Mir667",0,0,0,0,0,0,0,0,0
"Mir693",0,0,0,0,0,0,0,0,0
"Mir678",0,0,0,0,0,0,0,0,0
"Mir665",0,0,0,0,0,0,0,0,0
"Mir682",182,202,126,123,181,201,170,156,190
"Mir615",0,0,0,0,0,0,0,0,0
"Mir694",0,0,0,0,0,0,0,0,0
"Mir683-1",0,0,0,0,0,0,0,0,0
"Mir501",0,0,0,0,0,0,0,0,0
"Mir691",0,0,0,0,0,0,0,0,0
"4930533P14Rik",0,0,0,0,0,0,0,0,0
"4930544M13Rik",0,0,0,0,0,0,0,0,0
"4930545E07Rik",0,0,0,0,0,0,0,0,0
"4930527J03Rik",0,0,0,0,0,0,0,0,0
"4930533B01Rik",0,0,0,0,0,0,0,0,0
"Nrg3os",0,0,0,0,0,0,0,0,0
"Ccdc146",4,4,0,0,0,0,0,0,1
"Tex38",0,0,0,1,0,1,0,1,0
"4930542C21Rik",0,0,0,0,0,0,0,0,0
"Meiob",0,0,0,0,0,0,0,0,2
"Tmem269",1,0,2,1,1,1,0,4,3
"Samt4",0,0,0,0,0,0,0,0,0
"Sirpd",0,0,0,0,0,1,0,0,0
"Sap25",0,0,0,0,0,0,0,0,0
"Kis2",0,0,0,0,0,0,0,0,0
"1700009J07Rik",0,2,5,1,0,1,2,4,4
"Ankrd7",0,2,1,0,0,0,0,0,0
"Rhox2a",0,0,0,0,0,0,0,0,0
"Spaca6",32,39,6,1,4,4,10,6,15
"4930539N22Rik",0,0,0,0,0,0,0,0,0
"4930539C22Rik",0,0,0,0,0,0,0,0,0
"Sv2c",0,1,0,0,0,0,0,0,0
"Prr3",25,37,18,23,28,43,34,29,35
"4930542D17Rik",0,0,0,0,0,0,0,0,0
"Rnf121",40,31,17,8,19,16,22,15,18
"Cep128",5,21,16,8,11,2,3,7,13
"Dusp18",8,11,9,8,10,9,5,16,11
"Dpp3",249,500,205,151,140,195,194,156,159
"4930528D03Rik",0,0,0,0,0,0,0,0,0
"Rnf19b",395,867,284,243,472,502,485,465,469
"4930543E12Rik",0,0,0,0,0,0,0,0,0
"4930553E22Rik",0,0,0,0,0,0,0,0,0
"4930554C24Rik",0,0,0,0,0,0,0,0,0
"4930562F07Rik",0,0,0,0,0,0,0,0,0
"4930563M21Rik",0,0,0,0,0,0,0,0,0
"4930556M19Rik",4,3,0,3,9,6,6,10,8
"Tomm20l",0,0,0,1,0,0,0,0,0
"4930564D02Rik",0,0,0,0,0,0,0,0,0
"Erich6b",0,0,0,0,0,0,0,0,0
"Pelp1",155,245,123,124,154,86,114,117,137
"4930558G05Rik",0,0,0,0,0,0,0,0,0
"Tmco5b",0,0,0,0,0,0,0,0,0
"Ppp1r1c",0,2,0,0,0,0,0,0,0
"4930555B11Rik",0,0,0,0,0,0,0,0,0
"4930548G14Rik",0,0,0,0,0,0,0,0,0
"4930556L07Rik",0,0,0,0,0,0,0,0,0
"Bcdin3d",89,85,65,58,68,109,71,71,64
"4930549G23Rik",0,0,0,0,0,0,1,0,0
"Slc35f4",0,0,0,0,0,0,0,0,0
"Zbtb3",9,20,10,12,12,18,19,10,19
"Prkd3",122,213,101,107,133,84,98,151,135
"Cep43",132,193,113,87,159,96,123,106,132
"4930547M16Rik",0,1,0,0,0,0,1,0,0
"4930556N09Rik",0,0,0,0,0,0,0,0,0
"Asxl2",267,333,221,292,319,201,298,398,312
"4930562A09Rik",0,0,0,0,0,0,0,0,0
"4930563E22Rik",0,0,2,0,0,0,0,0,2
"Ankrd53",0,0,0,0,0,0,0,0,0
"4930565D16Rik",0,0,0,0,0,0,0,0,0
"4930556C24Rik",0,0,0,0,0,0,0,0,0
"4930550C14Rik",1,0,1,1,1,0,0,0,0
"Taf1d",572,837,311,211,154,85,211,217,190
"Parpbp",2,2,1,5,0,1,7,2,6
"Etnk1",207,248,166,268,259,319,239,272,281
"Grip1os2",0,0,0,0,0,0,0,0,0
"4930558J18Rik",0,0,0,4,5,0,0,0,0
"Fam243",0,0,0,0,0,0,0,0,0
"Atf7ip2",0,1,0,0,0,0,0,0,0
"4930556G01Rik",0,0,0,0,0,0,0,0,0
"Ccdc83",0,0,0,0,0,0,0,0,0
"Mphosph8",116,194,92,123,137,75,167,144,128
"4930564C03Rik",0,0,0,0,0,0,0,0,0
"4930556J24Rik",0,0,0,0,0,0,0,0,0
"Slamf7",5,5,3,0,0,0,0,0,0
"4930556J02Rik",0,0,0,0,0,0,0,0,0
"4930553J12Rik",0,0,0,0,0,0,0,0,0
"Magea13",0,0,0,0,0,0,0,0,0
"4930557J02Rik",0,0,0,0,0,0,0,0,0
"4930555F03Rik",0,0,0,0,0,0,0,0,0
"4930548K13Rik",0,0,0,0,0,0,0,0,0
"4930552N02Rik",0,0,0,0,0,0,0,0,0
"4930558K02Rik",0,0,0,0,3,0,1,0,1
"4930563F08Rik",0,0,0,0,0,0,0,0,0
"4930563E18Rik",0,0,0,0,0,0,0,0,0
"4930597O21Rik",0,0,1,0,0,0,3,2,0
"4930597G03Rik",0,0,0,0,0,0,0,0,0
"4930599N23Rik",0,3,3,13,8,13,5,5,14
"4930598F16Rik",0,0,0,0,0,0,0,0,0
"Lyzl4os",0,0,1,0,0,1,0,0,0
"Sirt4",21,17,20,13,17,24,21,14,18
"Boll",1,0,0,0,1,0,0,0,0
"0610040F04Rik",0,0,0,0,0,0,0,0,0
"Spp2",0,0,0,0,0,0,0,0,0
"Mrpl32",120,169,73,61,61,97,85,77,76
"Defb29",0,0,0,0,0,0,0,0,0
"Arhgap36",0,0,0,0,0,0,0,0,0
"Ndufs7",535,730,504,355,449,421,434,422,485
"Slitrk5",0,0,0,0,0,0,0,0,0
"Kmt2b",83,130,60,45,59,71,64,46,93
"Arhgap12",72,108,93,104,140,76,74,99,117
"Nop14",272,512,207,82,118,145,150,130,155
"Secisbp2",46,87,43,40,34,45,53,51,58
"Mettl5",52,74,57,78,64,58,75,60,104
"Arl5a",36,48,17,25,46,35,34,44,23
"Zfp820",2,0,0,1,0,0,0,2,0
"Tti1",44,83,60,95,114,141,106,95,120
"Igfbpl1",0,0,0,0,0,0,0,0,2
"Cfap144",0,0,0,0,0,0,0,0,0
"Anapc15",83,138,31,57,62,82,87,77,104
"1700006F04Rik",0,0,0,0,0,0,0,0,0
"Cimip2c",0,0,0,0,0,0,0,0,0
"Cfap97d1",0,0,0,0,0,0,0,0,0
"Cypt12",0,0,0,0,0,0,0,0,0
"Fam236e",0,0,0,0,0,0,0,0,0
"Ccdc192",2,3,5,3,0,2,7,2,2
"Ascc2",112,261,107,61,42,76,87,65,47
"Ccdc7b",0,0,0,0,0,0,0,0,0
"Phpt1",68,78,98,61,119,118,75,82,111
"Prps1l1",0,0,0,0,0,0,0,0,0
"Cklf",59,39,53,78,113,153,115,97,126
"Syce3",0,0,0,0,0,0,0,0,0
"Cimip3",0,5,0,0,1,3,4,3,2
"Dynlrb2",0,0,0,0,0,0,0,1,0
"Stpg4",0,0,0,0,0,0,0,0,0
"Spata19",0,0,0,0,0,0,0,0,0
"Iqcf5",0,0,0,0,0,0,0,0,0
"1700009N14Rik",0,0,0,0,0,0,0,0,0
"Cfap126",3,0,7,15,28,12,11,9,15
"Oplah",14,125,43,50,28,15,12,21,27
"1700010I02Rik",0,0,0,0,0,0,0,0,0
"Pfn3",0,0,0,0,0,0,0,0,0
"Zbed5-ps",0,1,0,1,1,3,0,3,3
"1700003F12Rik",170,313,238,77,62,42,38,70,73
"Hspb9",0,0,0,0,0,1,0,0,0
"Cox8c",0,0,0,0,0,0,0,0,0
"1700010B08Rik",0,0,0,0,0,0,0,0,0
"1700003L19Rik",0,0,0,0,0,0,0,0,0
"Morn5",0,0,0,0,0,1,0,0,0
"Fabp12",0,0,5,0,0,0,0,0,0
"1700010H22Rik",0,0,0,0,0,0,0,0,0
"1700010K23Rik",0,0,0,0,0,0,0,0,0
"Cmtm2b",0,0,0,0,0,0,0,0,0
"Cfap276",0,0,0,0,0,0,0,0,0
"Pou5f2",14,40,15,28,15,26,28,18,14
"1700017J07Rik",0,1,0,0,0,0,0,0,0
"1700020N15Rik",0,0,0,0,0,0,0,0,0
"Izumo2",0,0,0,0,0,0,0,0,0
"Gpx6",0,0,0,0,0,0,0,0,0
"1700013H16Rik",0,0,0,1,0,0,1,2,0
"Ttc32",33,24,16,24,26,23,40,27,38
"Ccdc34os",0,0,0,0,0,0,0,0,0
"1700021P04Rik",0,0,0,0,0,0,0,0,0
"Tex48",0,0,0,0,0,0,0,0,0
"Eppin",0,0,0,0,0,0,0,0,0
"Tex29",0,0,0,2,0,1,0,0,0
"Lyrm7",1,0,0,3,10,4,4,6,4
"1700025H01Rik",0,0,0,0,0,0,0,0,0
"Nme5",0,0,0,0,0,0,0,0,0
"Garin5a",4,10,9,12,9,10,1,8,6
"Fpgt",24,34,18,10,30,6,25,21,15
"Nat8f4",2,9,4,3,2,1,1,3,4
"Tslrn1",0,0,0,0,0,0,0,0,0
"1700019P21Rik",0,0,0,0,0,0,0,0,0
"Akap13",318,733,174,251,296,269,270,318,370
"Paqr9",0,0,0,0,0,0,0,0,0
"Zc3h14",80,108,37,72,79,60,91,81,76
"Nscme3l",3,5,5,4,2,9,2,7,2
"Cfap161",1,0,0,0,0,0,2,0,1
"Spata45",0,0,0,0,1,0,0,0,0
"Ep400",180,253,90,95,214,205,190,154,216
"Dnali1",0,0,1,0,1,0,1,0,0
"Rsph9",0,2,12,0,5,2,3,0,4
"Sgf29",110,92,79,79,79,108,109,101,89
"1700027I24Rik",0,0,0,0,0,0,0,0,0
"Capsl",0,0,0,0,0,0,0,0,0
"1700028D13Rik",0,0,0,0,0,0,0,0,0
"Nhej1",16,4,9,18,8,15,11,17,23
"Spata9",0,0,0,0,0,0,0,0,0
"Acyp2",11,9,1,2,7,1,1,1,3
"Prr29",0,0,0,0,0,0,0,0,0
"Dynap",0,0,0,0,0,0,0,0,0
"Fggy",17,18,12,13,32,27,21,10,29
"2310034G01Rik",0,1,0,0,4,4,0,0,3
"Zbtb4",128,122,112,114,180,199,197,167,219
"Yipf7",0,0,0,0,0,0,0,0,0
"2310030A07Rik",0,2,0,0,0,0,0,0,0
"Krtap9-3",0,0,0,0,0,0,0,0,0
"2310043L19Rik",1,6,0,0,0,0,0,0,0
"Dusp9",0,3,0,2,0,0,1,0,1
"Malsu1",220,278,147,108,238,167,194,163,214
"Prl7b1",0,0,0,0,0,0,0,0,0
"Ndufaf2",47,37,23,51,30,30,21,20,30
"Pcdh1",0,0,0,0,0,0,0,0,0
"Calml4",0,0,3,0,0,1,0,2,0
"1810062O18Rik",4,1,0,0,9,8,4,5,5
"Tm4sf5",0,0,1,0,0,0,0,0,0
"Kdm5b",23,35,32,20,45,31,23,24,32
"Wnk2",1,3,0,0,0,0,0,0,2
"Chmp4b",404,541,375,256,379,546,368,382,496
"2010109A12Rik",1,2,0,0,1,1,1,0,5
"Gns",2377,3772,2660,1958,3369,2615,2165,2175,3335
"Med25",182,249,148,168,180,150,122,186,168
"Rab26os",14,11,5,1,7,12,9,3,13
"Smim15",71,122,75,64,95,43,81,98,65
"Rps25",2008,1969,1461,1280,1549,983,1187,1370,1539
"Fastkd2",67,82,39,52,48,59,67,58,33
"Kxd1",131,115,75,45,146,112,144,132,165
"Spaca3",0,0,0,0,0,0,0,0,0
"Tex30",19,37,9,10,23,10,6,31,4
"Metap1",101,167,77,63,67,95,93,103,67
"Mageh1",2,2,0,4,3,5,1,1,5
"Snapc1",36,64,29,27,45,40,46,40,26
"1700020G17Rik",0,0,0,0,0,0,0,0,0
"1700022E09Rik",0,0,0,0,0,0,0,0,0
"Frey1",4,4,0,15,20,11,5,9,10
"Spata25",0,4,0,0,0,0,0,0,0
"Ccdc172",0,0,0,0,0,0,0,0,0
"Rai14",26,52,21,19,45,34,28,28,36
"Ssmem1",0,3,0,0,0,0,0,0,0
"1700028P15Rik",0,0,0,0,0,0,0,0,0
"1700020A23Rik",0,0,0,0,0,0,0,0,0
"Speer4a1",0,0,0,0,0,0,0,0,0
"Wdr54",1,1,1,5,0,4,4,4,1
"Lin37",102,161,76,87,86,58,54,89,79
"Bicdl1",0,1,0,1,0,0,0,0,0
"Tmem225",0,0,0,0,0,0,0,0,0
"Rasl10a",1,0,0,0,0,1,0,0,0
"Pik3r4",63,108,65,87,130,140,133,106,110
"Tex22",1,2,0,0,0,0,0,0,1
"Cldn22",0,0,0,0,0,0,0,0,0
"Ippk",10,28,10,8,4,19,11,20,1
"Nudt16",68,205,90,47,101,72,113,64,144
"Ripor1",39,86,32,58,101,108,74,55,82
"Higd1b",0,0,0,0,0,2,0,0,0
"Vsig10l",7,12,18,11,18,36,31,17,13
"Anks6",19,17,7,20,52,23,28,18,28
"Nr2c2ap",276,484,176,101,127,212,165,159,120
"3010001F23Rik",0,0,0,0,0,0,0,0,0
"2310058D17Rik",1,0,3,4,6,1,2,2,2
"Rilpl1",136,131,194,253,248,294,195,211,315
"C2cd4b",0,0,0,0,0,0,0,0,0
"Shld2",29,25,17,11,21,16,14,20,18
"Ces1h",0,0,0,0,0,0,0,0,0
"Eif4b",134,188,91,110,174,173,134,168,175
"Krt24",0,0,0,0,0,0,0,0,0
"Rbm12",63,171,48,26,55,46,51,40,65
"Tmem14a",5,10,5,0,5,5,1,2,8
"Cul5",78,163,69,46,94,34,90,83,73
"Vwa5b1",0,0,0,0,0,0,0,0,0
"4932414N04Rik",0,0,0,0,0,0,0,0,0
"4932412D23Rik",0,0,0,0,0,0,0,0,0
"Amotl1",38,70,60,53,127,76,77,74,70
"Phf14",144,171,91,192,174,117,174,205,203
"Fam227a",8,17,9,4,6,2,13,10,7
"Idnk",91,113,100,69,111,68,98,68,101
"Iqcd",0,0,1,1,0,2,4,5,0
"Mff",174,269,151,96,178,170,166,137,184
"Pank1",3,3,1,9,5,21,7,5,4
"Bcl2l12",37,37,21,25,60,60,49,56,44
"Mpp7",4,1,1,7,12,16,9,22,14
"Egfem1",1,2,0,1,2,7,5,0,6
"Svip",6,10,9,4,6,11,20,14,8
"Rian",0,0,0,0,0,0,0,0,0
"Morc4",1,0,0,0,0,0,0,0,0
"Sesn3",1,8,0,1,0,1,5,0,0
"Slc10a6",24,37,43,18,116,29,77,29,66
"Ipo4",296,272,127,138,143,221,189,136,162
"Klf17",0,0,0,0,0,0,0,0,0
"9130401M01Rik",90,133,83,72,60,111,64,104,83
"Apol7a",0,0,0,0,0,0,0,0,0
"Dcaf17",93,178,102,73,63,46,102,89,69
"Slx1b",38,43,66,56,109,79,62,78,92
"Dcstamp",0,0,0,0,0,0,0,0,0
"Rab11fip1",10,17,4,3,2,3,0,1,0
"Plppr5",0,0,0,0,0,0,0,0,0
"Brsk2",1,1,1,0,0,0,0,0,0
"Pnpla5",0,0,0,0,0,0,0,0,0
"Adad2",0,0,0,0,0,0,0,0,0
"4930402K13Rik",0,0,0,0,0,0,0,0,0
"Ttc23l",0,0,0,0,0,0,0,0,0
"Them4",19,14,18,8,6,13,8,5,16
"Lca5",0,1,0,0,0,6,3,3,0
"4930431F12Rik",0,0,0,0,0,0,0,0,0
"Cfap299",0,0,0,0,0,0,0,0,0
"Klhl24",44,51,99,84,115,51,68,80,145
"Ckap5",16,70,53,38,73,53,39,43,37
"4930471M09Rik",0,0,0,0,0,0,0,0,0
"Smurf1",112,325,66,70,94,112,125,111,98
"4930444M15Rik",0,0,0,0,0,0,0,0,0
"4933432K03Rik",0,0,0,0,0,0,0,0,0
"4930455D15Rik",0,0,0,0,0,0,0,0,0
"Cdyl2",24,43,41,17,30,26,26,26,28
"4930444P10Rik",0,0,0,0,1,0,0,0,2
"4930447C04Rik",0,0,0,0,0,0,0,0,0
"4930458D05Rik",0,0,0,0,0,0,0,0,1
"Nln",55,178,79,12,27,28,39,32,30
"4930488L21Rik",0,0,0,0,0,0,0,0,0
"Saxo1",0,0,0,0,0,0,0,0,0
"Tasp1",5,19,1,5,11,12,3,3,8
"4930467D21Rik",0,0,0,0,0,0,0,0,0
"4930470H14Rik",0,0,0,0,0,0,0,0,0
"4930478L05Rik",0,0,0,0,0,0,0,0,0
"4930509K18Rik",0,0,0,0,0,0,0,0,0
"Wdr64",0,0,0,0,0,0,0,0,0
"4930524C18Rik",0,0,0,0,0,0,0,0,0
"Fam227b",0,0,0,0,0,0,0,0,0
"Senp2",124,183,126,219,290,271,262,273,349
"Hormad2",0,0,0,1,0,0,0,0,0
"Pramex1",0,0,0,0,0,0,0,0,0
"Vmn2r-ps54",0,0,0,0,0,0,0,0,0
"Rnf139",117,197,131,135,202,105,110,174,142
"Crppa",2,8,0,0,0,0,0,0,0
"4930592I03Rik",0,0,0,0,0,0,1,0,0
"4930568G15Rik",0,0,0,0,0,0,0,0,0
"Speer4cos",0,0,0,0,0,0,0,0,0
"4930568D16Rik",0,0,0,0,0,0,0,0,0
"Tex26",0,0,0,0,0,0,0,0,0
"4930571K23Rik",0,0,0,0,0,0,0,0,0
"4930572O13Rik",0,0,0,0,0,0,0,0,0
"Clec4g",0,0,0,0,0,0,0,0,0
"Arl5b",9,27,14,6,6,1,5,10,13
"Tcam1",0,3,1,0,0,0,0,0,3
"Zfp821",62,160,27,29,55,39,24,30,39
"4930589L23Rik",3,3,2,1,0,0,2,0,0
"4930592A05Rik",0,0,0,0,0,0,0,0,0
"4930579K19Rik",7,3,1,3,2,0,3,9,10
"Gstt4",0,0,0,0,0,0,0,0,0
"1700003P14Rik",0,0,0,0,0,0,0,0,0
"Adal",21,19,8,23,22,13,26,19,24
"Dcp1a",77,148,39,33,57,65,55,44,68
"Dipk2b",0,0,0,0,0,0,0,0,0
"Fam184a",0,0,0,0,0,0,0,0,0
"Vmp1",471,1222,386,205,310,400,327,301,369
"4930590L20Rik",0,0,0,0,0,0,0,0,0
"4930579G18Rik",0,0,0,0,0,0,0,0,0
"Exoc6b",16,33,6,10,31,22,19,23,37
"4930572K03Rik",0,0,0,0,0,0,0,0,0
"Pitpnm2os1",0,0,0,0,0,0,0,0,0
"4930567H12Rik",0,0,0,0,0,0,0,0,0
"4930579D07Rik",0,0,0,0,0,0,0,0,0
"4930579G24Rik",0,12,3,8,7,15,11,8,12
"4930584F24Rik",0,0,0,0,0,0,0,0,0
"4930583P06Rik",0,0,0,0,0,0,0,0,0
"4930578M01Rik",0,1,0,10,5,2,2,7,2
"Samd7",0,0,0,0,0,0,0,0,0
"5033403H07Rik",0,1,0,0,0,0,0,0,0
"Srrm2",716,1141,592,797,991,588,767,1049,1053
"Mir17hg",12,26,22,12,11,7,9,23,15
"Trappc8",34,60,41,40,52,45,33,62,55
"Zdhhc20",291,561,346,179,207,175,151,267,216
"Ccdc162",1,0,4,0,1,3,0,0,0
"Dock11",64,102,67,62,73,31,55,51,67
"Rab30",0,0,0,0,0,0,0,1,0
"Agmat",0,2,0,0,0,0,0,0,0
"Slain2",99,181,79,74,98,82,120,92,93
"5033430I15Rik",2,0,2,0,0,1,0,0,1
"Ms4a18",0,0,0,0,0,0,0,0,0
"Tmem150cos",0,0,0,0,0,0,0,0,0
"Zmym2",47,73,56,42,63,31,57,70,57
"Zc3h18",114,177,87,90,157,148,212,128,150
"Gon4l",96,181,126,89,149,128,119,99,155
"Gm11346",0,2,0,0,0,0,0,0,0
"Cant1",200,296,177,197,219,290,239,205,269
"Ccdc125",7,16,4,4,3,5,9,2,13
"Ncapg2",7,9,1,36,16,27,5,18,31
"Ganc",40,15,38,64,93,92,88,80,92
"Oga",166,395,180,152,277,113,157,156,311
"5830428M24Rik",0,2,0,0,0,0,0,0,0
"Jakmip1",0,0,0,0,0,0,0,0,0
"Rnf183",1,1,0,0,0,0,0,2,0
"Pcgf5",36,59,26,19,32,29,24,30,20
"Gbp8",5,6,3,11,1,8,0,5,6
"Ttpal",30,28,20,22,24,28,40,14,29
"Dock8",195,199,146,382,532,494,521,416,525
"Rapgef2",41,108,21,33,41,36,44,26,56
"Rap2a",125,162,168,231,299,325,293,260,356
"Lpo",2,0,0,0,0,0,0,0,0
"Arhgap15",0,0,4,2,4,5,8,3,3
"Gpsm2",0,3,0,2,2,2,0,1,2
"Las1l",38,50,22,16,38,36,24,20,21
"Depdc1a",0,0,0,0,0,0,0,0,0
"Faxc",0,2,0,0,0,0,0,0,0
"6230400D17Rik",5,2,2,0,1,0,0,0,2
"Mcur1",224,366,206,253,316,340,331,342,321
"Ccdc138",4,0,0,0,6,1,0,8,10
"Ppp1r14c",0,4,0,0,0,0,0,0,1
"Fam131b",3,0,0,0,0,0,0,0,1
"Slc35d3",0,0,0,0,0,0,0,0,0
"Lamp5",0,0,0,2,0,0,1,3,0
"Cplane2",0,0,0,0,0,0,0,1,0
"Snrnp35",64,44,21,45,63,46,36,49,43
"Coa5",99,121,96,89,85,100,105,103,112
"Usp31",39,42,27,19,40,20,21,33,24
"Celf6",3,0,0,1,0,0,0,0,0
"Abca6",0,3,9,0,0,2,1,0,1
"Adhfe1",8,17,2,0,0,2,0,4,1
"Abhd12",748,785,918,1969,2966,2794,2239,1957,2927
"Med13l",147,291,166,174,325,229,224,216,264
"Stard3nl",44,30,36,40,100,97,64,61,73
"Gpr165",0,0,3,1,1,6,0,0,2
"Jakmip2",0,4,1,0,1,0,0,1,0
"Arxes1",0,5,0,0,0,0,0,0,0
"6530402F18Rik",29,48,3,5,19,3,26,14,11
"Agbl3",5,1,2,3,8,5,3,7,1
"76224",0,0,0,0,0,0,0,0,0
"Vmn2r29",3,3,3,5,4,8,9,3,4
"Dnttip1",151,247,119,134,144,166,157,116,198
"Grhpr",24,13,17,33,41,25,28,19,33
"Rtf1",298,464,211,265,250,193,242,298,305
"Ercc6l2",29,52,15,33,28,22,30,27,26
"Atp6v0e2",2,8,2,1,1,0,1,6,1
"Slc38a3",2,0,0,1,0,0,0,0,1
"Ttc8",11,10,2,15,9,20,6,7,12
"Pgcka1",103,155,162,191,363,314,264,259,365
"Gstk1",6,6,13,18,39,33,14,20,24
"Tsen54",72,80,47,27,30,37,32,48,24
"Fads1",86,136,93,351,500,563,352,409,487
"Ndfip2",144,147,108,114,99,123,97,122,111
"Cyp2d26",0,0,0,0,0,0,0,0,1
"Tax1bp3",0,0,3,0,3,1,0,1,0
"Gpt",12,16,1,9,10,37,29,29,20
"Mfap4",0,0,0,0,0,0,0,0,0
"Asb5",0,0,1,0,4,1,0,4,1
"Atp11b",49,59,52,32,37,46,40,55,68
"Erp44",149,247,120,188,303,304,319,266,231
"Pcnp",44,61,32,49,33,31,39,38,38
"Osbp",62,131,85,59,130,107,150,67,115
"Slc18b1",11,28,15,22,16,31,37,21,28
"Rab1b",191,240,121,121,169,243,234,178,241
"1110019D14Rik",0,0,0,5,4,2,5,2,1
"Cog2",147,362,166,100,157,147,135,127,177
"Rab2b",29,37,14,24,55,38,25,29,43
"Tgds",27,25,14,27,34,37,28,17,28
"Trmt5",30,38,17,13,18,15,19,21,8
"Tbx18",0,0,0,0,0,0,0,1,0
"Mtif3",51,106,75,63,75,78,77,77,61
"Trp53rkb",44,87,26,27,12,31,33,15,24
"Zfp773",6,4,3,5,8,5,5,8,12
"Det1",4,13,17,15,30,26,13,11,21
"Slc24a2",0,0,2,0,0,1,3,0,0
"Gm9734",0,0,0,0,0,0,0,0,0
"Ropn1",0,0,0,0,0,0,0,0,0
"Cep112",6,5,11,8,6,13,10,12,7
"1700012A03Rik",0,0,0,0,0,0,0,0,0
"H2al1m",0,0,0,0,0,0,0,0,0
"1700010D01Rik",0,0,0,0,0,0,0,0,0
"Ankrd48",0,0,0,0,0,0,0,0,0
"Zfp735",0,0,0,0,0,0,0,0,0
"Slfn5os",0,0,0,0,0,0,0,0,0
"4930455F16Rik",0,0,0,0,0,0,0,0,0
"Il31",0,0,0,0,0,0,0,0,0
"Pbp2",0,0,0,0,0,0,0,0,0
"1700020M21Rik",0,0,0,0,0,0,0,0,0
"1700018B08Rik",0,0,0,0,0,0,0,0,0
"Saxo5",0,5,0,0,0,0,0,0,0
"Sun5",0,0,0,0,0,0,0,0,0
"Abcc3",29,35,28,54,134,184,152,142,149
"1700025B11Rik",0,0,0,0,0,0,0,0,0
"Ift43",8,5,7,9,18,31,12,16,16
"Spaca7b",0,0,0,0,0,0,0,0,0
"Fam187b",2,0,3,1,0,0,0,1,0
"Polr1has",2,5,1,10,8,11,14,4,22
"Smkr-ps",1,0,3,2,3,0,3,3,3
"1700028K03Rik",0,0,0,0,0,3,3,0,0
"Mroh3",0,0,0,0,0,0,0,0,0
"Gid8",30,52,24,41,47,74,35,37,60
"Fam209",11,38,8,5,4,7,7,9,6
"Lhpp",13,12,19,15,8,35,13,5,11
"2310001H17Rik",4,8,2,10,4,6,5,5,12
"Rftn1",49,144,35,22,79,74,95,36,53
"Daam2",0,0,0,1,0,0,0,0,0
"Krtap4-7",0,0,0,0,0,0,0,0,0
"Ppp1r18",557,698,625,447,818,761,663,509,768
"Prss23",0,0,0,0,0,0,0,0,0
"Fbxo31",63,110,69,34,45,51,48,49,34
"2310067E19Rik",0,0,0,0,0,0,0,0,0
"Ccdc134",127,393,158,117,140,239,257,167,137
"Car12",0,0,0,0,0,0,0,0,0
"Knl1",1,1,0,7,0,0,1,3,5
"Msrb2",20,61,43,92,114,166,102,121,135
"Cmya5",5,16,13,24,19,14,7,15,21
"Pcolce2",0,1,1,0,0,0,0,3,0
"Haus8",20,21,7,29,54,84,63,34,73
"Smndc1",148,179,94,65,107,87,152,112,124
"Rmc1",10,25,12,15,27,19,29,16,27
"Lmf1",76,82,68,175,173,197,166,185,180
"Kndc1",3,2,0,2,0,0,0,2,0
"Glt8d1",51,65,47,94,107,76,98,136,124
"Ly6k",12,17,13,57,20,31,4,8,32
"Ppp1r3g",0,0,0,0,0,0,0,0,0
"Abhd14b",23,22,44,33,67,63,54,63,61
"Ppp1r11",184,153,105,157,210,173,177,219,249
"Paqr4",19,38,33,50,40,65,22,30,49
"Clasp2",59,98,37,52,59,75,81,59,94
"Ip6k2",43,64,51,13,52,24,40,26,39
"Commd9",133,174,96,155,138,196,154,171,234
"Smim45",2,4,5,1,1,0,1,0,0
"Aoc1",0,0,0,0,0,0,0,2,1
"Ube2d-ps",30,54,23,9,52,26,43,22,23
"Plet1",236,74,220,10,67,22,46,31,28
"Trappc9",59,79,56,70,87,112,111,86,90
"Lsm8",76,74,29,48,37,40,44,61,49
"Cln6",33,89,48,95,132,147,112,113,137
"Il34",0,0,0,0,0,0,0,0,0
"Fam204a",42,77,15,11,47,31,30,38,35
"Tmem101",64,94,86,76,117,120,89,94,92
"Ccdc6",29,65,21,40,37,20,27,43,52
"Atg2b",53,68,65,34,73,81,83,72,87
"Prss8",0,0,0,0,0,1,0,1,0
"Snx7",22,42,10,2,0,13,7,14,5
"Qrsl1",86,120,49,20,42,42,58,44,52
"Rflnb",132,156,149,1,1,1,6,8,1
"Ift46",25,69,57,76,79,47,67,61,94
"Styxl1",0,0,0,0,0,0,0,0,0
"Rbmxl2",0,0,0,0,0,0,0,0,0
"Spatc1l",0,0,0,0,0,5,0,0,0
"Mfsd2a",1,5,0,0,0,0,2,2,0
"Faf2",143,179,104,110,156,146,176,148,157
"Mib2",62,142,111,218,188,144,146,211,259
"Ipo11",53,87,39,67,88,99,75,69,81
"Lce1i",0,0,0,0,0,0,0,0,0
"Unc5cl",11,3,29,16,16,25,5,18,14
"Dnajc18",56,94,36,62,85,77,83,78,68
"1700041M19Rik",0,0,0,0,0,0,0,0,0
"1700040D17Rik",1,1,0,0,6,0,0,2,0
"Llcfc1",0,0,0,0,0,0,0,0,0
"Hectd3",85,117,86,50,105,67,99,67,104
"1700065O20Rik",0,0,0,0,0,0,0,0,0
"1700063K16Rik",0,0,0,0,0,0,0,0,0
"Lrrc27",0,4,5,1,14,4,7,1,1
"Immt",340,469,288,210,264,275,235,260,259
"Got1l1",0,0,0,0,0,0,0,0,0
"1700099I09Rik",0,4,0,0,0,1,0,1,1
"Msi2",36,44,49,46,37,31,42,50,30
"Prr30",0,0,0,0,0,0,0,0,0
"Tmem270",0,0,0,0,0,0,0,0,0
"Stambpl1",23,48,13,26,25,12,24,16,19
"Lrmda",17,12,25,43,65,61,66,49,57
"1700110C19Rik",3,3,0,0,0,4,3,0,6
"1700121N20Rik",0,0,0,0,0,0,0,0,0
"1700113H08Rik",0,0,0,0,0,0,0,0,0
"1700113A16Rik",0,0,0,0,4,1,1,1,5
"1700121L16Rik",0,0,0,0,0,0,0,0,0
"Pkd1l2",0,0,0,0,0,0,0,0,0
"Wdr38",0,0,0,0,0,0,0,0,0
"1700119H24Rik",0,0,0,0,0,0,0,0,0
"Srxn1",36,43,11,5,22,23,10,14,19
"1700122O11Rik",0,0,0,0,0,0,0,0,0
"Actrt3",0,0,0,0,0,0,0,1,0
"Upp2",0,0,0,0,0,0,0,0,0
"1700125G22Rik",0,0,0,0,0,0,0,0,0
"1700123K08Rik",0,0,0,0,0,0,0,0,0
"Mdh1b",0,0,0,0,0,0,0,0,0
"1700128F08Rik",0,0,0,0,0,0,0,0,0
"Cfap70",0,0,0,2,0,0,0,0,0
"5330411J11Rik",0,0,0,0,0,0,0,0,0
"5330417H12Rik",0,0,0,0,0,0,0,0,0
"Trim12a",133,186,142,134,184,139,89,154,184
"1500002F19Rik",0,2,0,0,0,5,0,0,0
"Pla2g10os",0,0,0,0,0,0,0,0,0
"Clip3",5,7,20,4,0,1,0,4,3
"Spcs3",124,170,99,165,330,305,322,263,212
"Arfrp1",157,222,112,101,154,161,150,148,143
"Ctrc",0,0,0,0,0,0,0,2,0
"Cpb1",0,0,0,0,0,0,0,0,0
"Ppp1r2-ps7",0,0,0,0,0,0,0,0,0
"Clasp1",31,72,35,33,55,39,62,41,54
"Arpc2",1942,2698,1801,1129,1634,1664,1603,1522,1598
"Slc6a21",0,0,0,2,0,0,0,0,0
"Catsperg2",0,0,0,0,0,0,0,0,0
"Kansl1",157,219,120,167,239,160,194,194,213
"Ckmt2",0,0,0,0,0,0,0,0,0
"Creld2",95,106,85,177,218,303,299,137,175
"Efr3a",191,310,138,126,193,186,177,171,152
"Snx27",68,119,89,102,161,122,177,143,165
"Gje1",0,0,0,0,0,0,0,0,0
"Dapl1",0,0,0,0,1,0,0,0,0
"Trdn",0,0,0,0,0,0,0,0,0
"Gsdma2",0,0,0,0,0,0,0,0,0
"Mospd2",12,25,12,13,10,2,8,11,6
"Alpi",0,0,0,0,0,0,0,0,0
"Csta2",2,1,0,0,0,1,0,0,0
"Ntaq1",43,63,37,56,62,82,59,63,70
"Slc10a7",18,21,19,49,25,29,23,28,29
"Cluap1",74,112,44,43,60,60,58,74,55
"Mettl4",4,1,1,3,1,0,9,3,1
"AA474408",2,2,0,0,2,0,5,1,3
"AU019990",2,19,9,0,1,0,0,0,1
"BB557941",0,0,0,0,0,0,0,0,0
"Mtif2",96,128,80,70,66,52,87,126,93
"2410124H12Rik",0,0,0,0,0,0,0,0,0
"Ppfia3",3,6,0,12,14,6,8,3,12
"Klhdc10",135,216,91,86,158,130,126,118,130
"Mzt1",64,155,46,59,78,81,64,54,86
"Spring1",18,50,17,7,8,38,22,20,17
"Snip1",37,55,36,27,49,36,28,30,30
"Man2c1os",7,10,0,0,13,0,8,1,0
"Tbc1d9b",184,202,153,199,258,264,258,172,279
"2410137M14Rik",0,0,0,0,0,0,0,0,0
"Srrm4os",0,0,0,0,0,0,0,0,0
"Tmem234",448,626,358,321,646,385,438,528,587
"Usp42",52,86,33,40,46,36,65,67,45
"Zfp998",0,0,0,0,0,0,0,0,0
"Kdm4c",20,49,16,13,42,39,29,28,35
"Rpl18a",4747,5388,4339,3022,4973,2706,3468,3956,5379
"Bri3bp",212,178,152,87,166,173,123,129,155
"Armc6",58,89,39,35,21,29,37,36,32
"Scarletltr",0,0,0,0,0,0,0,0,0
"Calcoco2",0,0,0,0,0,0,0,0,0
"Sdccag8",40,37,19,52,86,56,79,58,87
"Cyria",63,317,39,16,44,22,19,18,41
"Mtfr1l",180,288,146,163,318,287,210,198,255
"Foxl2os",0,0,0,0,0,0,0,0,0
"Nubpl",24,18,25,26,32,26,67,21,39
"BE949265",0,0,0,0,0,0,0,0,0
"Dok5",0,0,0,0,0,0,0,0,0
"Hyls1",2,3,0,4,3,2,1,3,2
"Dtl",0,0,0,14,12,25,2,14,13
"Rps9",3797,3903,3113,2191,3544,2802,2663,2958,4120
"Ago4",6,23,28,27,40,31,17,27,31
"Gper1",0,2,6,3,3,0,0,1,0
"Catsper3",0,0,0,3,0,1,2,1,6
"Spopl",66,138,59,26,24,29,33,31,34
"Nlrp14",0,0,0,0,0,0,0,0,0
"Dcun1d5",189,256,156,147,223,169,199,189,168
"Morn1",5,5,1,0,7,3,0,2,9
"Rhbdd1",45,58,43,36,36,40,40,62,76
"Ccdc116",5,2,0,1,4,0,0,0,1
"Rab36",0,0,1,1,1,0,0,1,3
"6430411K18Rik",0,0,0,0,0,0,0,0,0
"Cyfip2",0,8,8,4,1,0,6,4,1
"Fam81a",0,0,0,0,0,1,0,0,0
"Coq8b",65,99,60,46,43,55,52,62,66
"Memo1",108,251,111,100,124,205,146,146,159
"Rnft1",43,85,62,57,80,92,79,55,89
"Cers2",391,475,356,313,645,720,643,415,457
"Mettl15",8,3,2,13,10,10,12,5,20
"Bicd2",334,450,326,427,573,406,641,484,470
"Ralyl",0,1,0,0,0,0,0,0,0
"B3gat1",0,0,0,0,0,0,1,0,0
"Golga1",35,59,23,28,40,29,49,37,40
"Ssbp4",383,514,381,397,412,420,344,449,535
"Jade2",241,377,339,117,340,194,157,168,230
"Lrg1",135,106,334,201,447,313,214,218,509
"Mnd1",0,0,0,0,1,4,2,1,0
"Timmdc1",20,17,10,25,15,17,28,13,11
"Flywch2",1,4,1,0,0,1,0,0,3
"Arrdc5",0,0,0,0,0,0,0,0,0
"1700013D24Rik",0,0,0,0,0,0,0,0,0
"1700021A07Rik",0,0,0,0,0,0,0,0,0
"Spata46",0,0,0,0,0,0,0,0,0
"Tsacc",5,10,18,11,30,16,16,26,20
"Arfip2",77,61,53,88,168,127,117,117,145
"Ifi27l2a",268,124,303,1011,710,606,292,485,999
"Hnrnpm",331,630,245,276,401,517,401,303,363
"2810429I04Rik",1,3,1,5,0,0,1,4,4
"Rbm17",162,280,114,91,121,202,137,134,168
"Lypd5",0,0,0,0,0,0,0,0,0
"Psapl1",0,0,0,0,0,0,0,0,0
"Ndufaf6",22,59,24,27,47,26,41,32,39
"Nt5c2",278,281,247,150,201,226,184,189,224
"Dennd2b",172,248,161,150,462,437,306,205,446
"Chmp5",58,86,44,51,61,95,85,75,61
"Bcas1",0,1,0,0,0,0,0,0,0
"2210420H20Rik",0,0,0,0,0,0,0,0,0
"2610028H24Rik",0,0,0,0,0,1,0,0,0
"Slitrk1",1,0,0,0,1,0,0,0,0
"2700049A03Rik",27,9,24,36,49,32,55,28,33
"Chst1",53,48,85,348,303,418,269,381,391
"Sult2a8",0,0,0,0,0,0,0,0,0
"Snhg20",81,269,100,77,162,162,103,84,140
"Urah",0,0,0,0,0,0,0,0,0
"Arxes2",0,1,0,0,0,0,0,1,0
"Ube2ql1",0,0,0,1,4,0,1,2,0
"Vxn",0,0,4,0,0,0,0,1,0
"Scfd1",114,132,64,81,100,66,93,89,84
"Hdhd2",46,97,38,43,42,86,67,77,66
"Fam219aos",0,0,0,0,0,0,0,0,0
"1700095A13Rik",0,0,0,0,0,0,0,0,0
"Fbxw27",0,0,0,0,0,0,0,0,0
"Ddrgk1",384,469,353,500,676,625,603,485,642
"Ticrr",0,6,0,10,4,17,2,2,17
"Mpped2",6,4,0,0,0,0,0,1,0
"E130018N17Rik",0,0,0,0,0,0,0,0,0
"Col25a1",0,0,0,0,0,0,4,0,0
"2700099C18Rik",1,6,6,42,10,16,2,27,30
"Slc9a8",264,424,243,116,235,174,154,163,228
"Tstd3",17,25,14,10,29,33,28,22,26
"2510039O18Rik",184,291,191,150,233,317,277,146,285
"Kdm8",10,26,8,8,5,8,7,7,9
"1700109H08Rik",21,46,10,2,3,5,2,11,13
"Mrap",10,13,4,0,7,0,4,0,1
"Arfgap2",194,338,155,132,165,133,124,134,158
"Atg16l1",151,277,133,96,134,155,175,98,131
"Arsk",40,58,49,75,95,80,118,76,96
"Hyal4",0,0,0,0,0,0,0,0,0
"Arid2",184,380,189,170,239,180,259,201,257
"Bcl7a",6,8,11,30,25,70,28,35,29
"Cep83",64,105,46,25,28,24,63,40,40
"4921528I07Rik",0,0,0,0,0,0,0,0,0
"Sun1",53,90,56,42,56,83,70,72,55
"Krt76",0,0,0,0,0,0,0,0,0
"Tmco4",53,121,67,31,50,52,43,53,40
"Ston1",11,2,2,0,14,0,2,0,5
"Ccdc183",0,0,0,0,0,0,0,1,0
"4931408D14Rik",0,0,0,0,0,0,0,0,0
"Ints7",3,9,0,4,6,10,2,10,6
"Pate5",0,0,0,0,0,0,0,0,0
"Ankrd11",182,317,132,216,278,154,230,198,279
"Ocel1",63,112,57,46,52,42,69,62,51
"Tanc2",158,279,194,547,784,515,631,570,685
"Tmem181a",60,45,36,32,32,25,33,56,44
"Gpbp1l1",53,61,38,50,74,63,40,50,45
"Klhl2",43,37,29,17,33,20,26,30,31
"Mtmr2",75,143,52,62,46,50,42,67,52
"Zfp934",2,2,2,23,1,10,4,14,19
"7630403G23Rik",0,0,0,0,0,0,0,0,0
"9130221H12Rik",29,88,42,47,38,48,39,39,20
"Il33",2,1,0,0,0,0,0,1,0
"A930001A20Rik",0,0,0,0,0,0,0,0,0
"Crebrf",24,24,64,70,127,33,54,77,90
"2810433D01Rik",0,0,0,0,0,0,0,0,0
"Hnrnpa0",285,316,188,153,218,157,182,252,211
"8030423J24Rik",0,0,0,0,0,0,1,0,0
"8030443G20Rik",0,0,0,0,0,0,0,0,0
"8030453O22Rik",12,35,10,10,10,26,3,8,20
"Krtap5-3",0,0,0,0,0,0,0,0,0
"Ptgr2",16,16,18,76,84,68,52,76,102
"Tmem200a",0,0,0,0,0,0,0,0,0
"9430014N10Rik",0,0,0,0,0,0,0,0,0
"9430038I01Rik",61,87,59,26,56,56,49,65,72
"Yif1b",234,175,228,238,196,231,171,259,250
"Zfp142",40,70,25,35,22,48,35,43,24
"9430002A10Rik",5,7,10,1,4,2,0,6,4
"9430019J16Rik",0,0,0,0,0,0,0,0,0
"Nkrf",13,41,2,15,16,7,11,10,9
"9430021M05Rik",0,0,0,0,0,0,0,0,0
"Fam162b",0,0,0,0,0,0,0,0,0
"Raph1",17,46,17,48,23,25,23,31,37
"Wdr82",64,125,61,67,69,85,75,93,95
"Ankrd55",0,2,0,1,1,0,0,1,2
"9430041J12Rik",0,0,0,0,0,0,3,0,0
"C030007H22Rik",0,0,0,0,0,0,0,0,0
"Akr1c21",0,0,0,0,0,0,0,0,0
"9530026F06Rik",0,0,0,0,0,0,0,0,0
"Axdnd1",0,2,0,2,2,0,0,0,4
"9430069I07Rik",0,0,0,0,1,0,0,3,0
"Sec24a",38,66,28,11,27,37,33,26,29
"C030018K13Rik",0,0,0,0,0,0,0,0,0
"C030029H02Rik",0,0,0,0,0,0,0,0,0
"Lyz3",0,0,0,0,0,0,0,0,0
"Rab35",174,290,146,150,241,243,255,239,192
"Esrp2",0,0,0,0,0,0,0,0,0
"C030013G03Rik",0,0,0,0,0,0,0,0,0
"C330018D20Rik",37,36,18,17,41,26,30,38,50
"Spinkl",0,0,0,0,0,0,0,0,0
"9430083A17Rik",0,0,0,3,3,3,1,2,0
"9530002B09Rik",0,0,0,0,0,0,0,0,0
"Redrum",0,0,0,0,0,0,0,0,0
"Heg1",4,15,0,0,0,3,0,0,0
"Tmem116",0,2,0,2,6,0,0,1,0
"Kidins220",119,232,118,106,146,193,100,160,168
"C030048H21Rik",0,0,0,0,0,0,0,0,0
"Stk31",0,0,0,0,0,0,0,0,0
"Zfp593os",0,0,0,0,0,0,1,0,0
"Zfp266",35,50,19,31,41,46,34,48,31
"Mtus2",19,33,6,18,9,11,4,20,22
"Tmem213",0,0,0,0,0,0,0,0,0
"Anks1b",0,2,0,0,0,0,0,1,0
"Jrkl",33,39,35,36,41,19,47,35,26
"C030034I22Rik",8,23,11,6,9,9,18,14,8
"8030442B05Rik",0,0,2,8,1,0,0,4,1
"Shisa4",3,3,2,0,0,1,2,0,0
"9330179D12Rik",0,4,0,0,0,0,3,0,0
"Agl",24,42,32,45,42,31,35,33,38
"Limch1",1,3,0,1,0,2,1,2,0
"Vps33a",103,164,58,58,80,61,59,82,70
"Tcaf1",0,1,0,3,2,2,1,0,1
"Spns3",1,2,3,30,42,71,28,42,39
"Bcl9",1,4,1,8,8,10,5,6,2
"Myh10",5,7,6,4,6,7,8,3,6
"5730596B20Rik",0,0,0,0,0,0,0,0,0
"Mboat7",598,758,442,424,730,712,467,444,735
"Notum",0,0,3,0,0,0,0,0,0
"Chst15",10,8,3,14,21,16,8,34,25
"Ddx10",40,47,23,12,27,19,19,24,18
"4931406H21Rik",0,1,0,0,0,0,1,0,3
"Usp45",36,73,23,19,37,41,40,25,57
"4930552P12Rik",3,0,0,0,0,0,0,0,0
"Nup210l",3,3,1,7,6,2,4,3,2
"Adgrf1",0,0,0,0,0,0,0,0,1
"Rbm12b2",15,28,7,19,8,31,23,18,7
"H2az2",24,49,83,174,172,233,128,112,217
"Odad3",0,0,0,0,0,0,6,0,0
"Prss36",5,13,13,18,9,25,15,21,15
"Prelid2",3,1,4,13,9,6,10,6,6
"Apex2",11,27,31,16,31,37,27,29,29
"Smpd4",46,97,43,40,53,69,62,70,66
"Efcab6",0,0,0,0,0,0,0,0,0
"Sphkap",0,0,0,0,0,0,0,0,0
"Prdm8",0,0,0,0,0,0,0,0,0
"Pramel13",0,0,0,0,0,0,0,0,0
"4930594C11Rik",2,2,2,4,0,3,2,2,1
"Snapc3",13,18,9,10,7,12,11,12,12
"Steep1",19,16,2,12,25,14,16,12,16
"Ptprtos",0,0,0,0,0,0,0,0,0
"Trat1",0,0,0,0,0,0,0,0,0
"Zfp955a",8,10,7,4,13,1,4,11,13
"9030204H09Rik",0,0,0,0,0,0,0,0,0
"9130209A04Rik",0,0,0,1,0,0,0,0,0
"Arhgef38",0,0,0,0,0,0,0,0,0
"Defb41",0,0,0,0,0,0,0,0,0
"Defb12",0,0,0,0,0,0,0,0,0
"5033406O09Rik",0,0,0,0,2,1,0,0,0
"Gata3un",0,0,0,0,0,0,0,0,0
"Ehmt1",77,73,49,35,58,107,106,70,80
"Bsph2",0,0,0,0,0,0,0,0,0
"Mmab",14,25,16,10,41,31,17,15,15
"Gvin5",8,8,11,3,1,3,1,3,2
"Lcn12",0,0,0,1,0,0,0,0,0
"Lcn9",0,0,0,0,0,0,0,0,0
"Cstdc2",0,0,0,0,0,0,0,0,0
"Abcb5",0,0,0,0,0,0,0,0,0
"Smim41",0,0,3,0,0,0,0,0,0
"Mrps5",21,45,39,27,21,24,38,33,19
"6030468B19Rik",0,0,0,0,0,2,0,0,0
"Rnf170",38,84,33,42,53,35,37,46,74
"Adamtsl1",0,0,0,0,0,0,0,0,0
"6720483E21Rik",0,0,0,0,1,0,0,0,0
"Bora",3,4,4,2,2,2,1,1,2
"Krtap10-30",0,0,0,0,0,0,0,0,0
"Ighj1",0,0,0,0,0,0,0,0,0
"Ighj2",0,0,0,0,0,0,0,0,0
"Ighj3",0,0,0,0,0,0,0,0,0
"Ighj4",0,0,0,0,0,0,0,0,0
"Ighd1-1",0,0,0,0,0,0,0,0,0
"Elp4",14,36,12,12,30,19,20,15,21
"Ighd4-1",0,0,0,0,0,0,0,0,0
"Ighd3-2",0,0,0,0,0,0,0,0,0
"Ighd2-8",0,0,0,0,0,0,0,0,0
"Ighd2-7",0,0,0,0,0,0,0,0,0
"Ermn",0,1,0,0,0,0,0,0,0
"Ighd2-6",0,0,0,0,0,0,0,0,0
"Ighd2-5",0,0,0,0,0,0,0,0,0
"Ighd2-4",0,0,0,0,0,0,0,0,0
"Ighd2-3",0,0,0,0,0,0,0,0,0
"Ighd3-1",0,0,0,0,0,0,0,0,0
"Ighv5-2",0,0,0,0,0,0,0,0,0
"Ighv2-2",0,0,0,0,0,0,0,0,0
"Ighv5-4",0,0,0,0,0,0,0,0,0
"Csrnp3",0,0,0,0,0,0,0,0,0
"Dcst1",0,0,0,0,0,0,0,0,0
"Ulbp1",1,3,3,3,0,2,0,6,5
"Ighv5-6",0,0,0,0,0,0,0,0,0
"A930007I19Rik",2,0,0,6,3,0,2,8,4
"Epm2aip1",43,69,35,35,46,22,26,53,30
"Polq",1,1,1,11,1,5,2,5,1
"Adamtsl2",0,1,0,1,0,0,0,0,1
"A930009A15Rik",0,0,0,0,0,0,0,0,0
"Sla2",0,0,0,1,1,1,2,0,4
"4933406J10Rik",0,1,0,2,1,0,1,3,1
"Shisal2b",0,3,0,0,0,0,0,0,0
"Esco1",42,52,29,32,37,14,33,60,32
"A930019D19Rik",0,0,0,0,0,0,0,0,0
"Lrrc42",11,14,11,6,20,21,18,8,6
"A930015D03Rik",0,5,2,0,2,0,0,4,1
"Krba1",21,87,33,63,139,99,97,72,100
"Tchp",56,109,64,45,93,84,55,71,94
"Mlana",0,0,0,1,0,0,0,0,1
"Msl2",71,82,59,96,87,51,75,99,95
"D730045A05Rik",0,0,0,0,0,0,0,0,0
"Thyn1",111,150,68,62,37,86,50,89,60
"Ypel2",6,8,9,6,20,22,11,17,18
"E130102H24Rik",3,14,11,5,0,13,3,8,4
"Cyp4f41-ps",0,0,0,2,5,10,2,6,1
"6030458C11Rik",53,89,32,34,71,66,72,50,52
"6030440G07Rik",0,0,0,0,0,0,0,0,0
"6030498E09Rik",0,0,0,0,0,0,0,0,0
"Lbh",10,26,35,40,54,44,36,33,65
"Ube2s",1,3,0,1,0,1,7,2,4
"Fate1",0,0,0,0,0,0,0,0,0
"Krtap17-1",0,0,0,0,0,0,0,0,0
"Krtap19-3",0,0,0,0,0,0,0,0,0
"A330102I10Rik",0,1,0,0,0,0,0,1,0
"Yipf6",99,176,94,68,73,59,69,77,62
"Fam53b",233,392,214,204,408,297,288,275,304
"A930004D18Rik",0,0,0,0,0,0,1,0,0
"Rpgrip1",65,72,40,41,58,33,42,68,57
"Cyp20a1",16,17,7,7,17,6,16,6,3
"Hook1",0,1,0,0,0,0,0,0,0
"Rdh12",3,7,1,0,0,0,0,1,0
"Tmem50b",97,178,92,304,466,522,436,366,507
"Nuak1",67,61,66,144,186,211,260,216,281
"Sbf1",255,472,212,161,216,263,241,168,233
"B230119M05Rik",0,0,0,0,0,0,0,0,0
"Ascc3",38,40,18,55,34,30,25,52,30
"Mir99ahg",4,4,1,6,7,2,10,5,6
"Cutal",0,0,0,0,0,0,0,0,0
"Grifin",0,0,0,0,0,0,0,0,0
"Prr15",3,1,7,0,5,0,3,4,0
"Ccdc150",5,0,0,0,0,0,0,0,0
"4930529L06Rik",0,0,0,0,0,0,0,0,0
"4930540M03Rik",0,0,0,0,0,0,0,0,0
"4930547E08Rik",0,0,0,0,0,0,0,0,0
"Mccc2",12,23,13,17,29,29,28,19,26
"4930548J01Rik",0,0,0,0,0,0,0,0,0
"4930573O16Rik",0,0,0,0,0,0,0,0,0
"Tmem190",0,0,0,0,0,0,0,0,0
"4930567K20Rik",0,0,0,0,0,0,0,0,0
"4930583I09Rik",0,0,0,0,0,0,0,0,0
"4930578E11Rik",0,0,0,0,0,0,0,0,0
"4930593C16Rik",0,0,0,0,0,0,0,0,0
"Cpt1c",2,1,5,1,8,6,1,1,3
"6720468P15Rik",0,2,0,0,0,0,0,0,0
"Lcn8",0,0,0,0,0,0,0,0,0
"Ighv5-15",0,0,0,0,0,0,0,0,0
"Ighv2-7",0,0,0,0,0,0,0,0,0
"Ighv5-17",0,0,0,0,0,0,0,0,0
"Ighv7-2",0,0,0,0,0,0,0,0,0
"Ighv14-1",0,0,0,0,0,0,0,0,0
"Ighv4-1",0,0,0,0,0,0,0,0,0
"Ighv3-1",0,0,0,0,0,0,0,0,0
"Ighv11-1",0,0,0,0,0,0,0,0,0
"Crisp4",0,0,0,0,0,0,0,0,0
"Ighv11-2",0,0,0,0,0,0,0,0,0
"Ighv9-3",0,0,0,0,0,0,0,0,0
"Ighv13-1",0,0,0,0,0,0,0,0,0
"Ighv3-6",0,0,0,0,0,0,0,0,0
"Ighv3-8",0,0,0,0,0,0,0,0,0
"Ighv15-2",0,0,0,0,0,0,0,0,0
"Sowahb",0,0,0,0,0,0,0,0,0
"Ighv1-22",0,0,0,0,0,0,0,0,0
"Ighv1-23",0,0,0,0,0,0,0,0,0
"Ighv1-24",0,0,0,0,0,0,0,0,0
"Ighv1-39",0,0,0,0,0,0,0,0,0
"Samt1",0,0,0,0,0,0,0,0,0
"Ighv1-50",0,0,0,0,0,0,0,0,0
"Ighv1-53",0,0,0,0,0,0,0,0,0
"Ighv1-55",0,0,0,0,0,0,0,0,0
"Ighv8-8",0,0,0,0,0,0,0,0,0
"Ighv1-58",0,0,0,0,0,0,0,0,0
"Ighv1-63",0,0,0,0,0,0,0,0,0
"Ighv8-12",0,0,0,0,0,0,0,0,0
"Msantd4",48,62,30,18,44,27,40,34,34
"8430426J06Rik",0,0,0,0,0,0,0,0,0
"8430431K14Rik",0,0,0,0,0,0,0,0,0
"Particl",13,30,11,5,15,5,7,17,6
"4930452N14Rik",2,1,0,0,0,0,1,0,0
"4930451I11Rik",0,0,0,0,0,0,0,0,0
"4930449E18Rik",0,0,0,0,0,0,0,0,0
"Spata31",0,0,0,0,0,0,0,0,0
"Spag11a",0,0,0,0,0,0,0,0,0
"Lpar4",3,1,1,0,0,0,1,0,0
"4922502H24Rik",0,0,0,0,0,0,0,0,0
"4930459L07Rik",0,0,0,0,0,0,0,0,0
"4930486F22Rik",0,0,0,0,0,0,0,0,0
"4930487D11Rik",0,0,0,0,0,0,0,0,0
"Cox7b2",0,0,0,0,0,0,0,0,0
"4930471C04Rik",0,0,0,0,0,0,0,0,0
"Ninl",43,38,13,44,31,30,32,33,52
"4930522O17Rik",0,0,0,0,0,0,0,0,0
"Flicr",2,0,0,0,0,0,0,0,0
"4930528P14Rik",0,0,0,0,0,0,0,0,0
"4930546K05Rik",0,0,0,1,0,0,0,0,1
"4930527G23Rik",0,0,0,0,0,0,0,0,0
"Rbm46os",0,0,0,0,0,0,0,0,0
"4930563M20Rik",0,0,0,0,0,0,0,0,0
"4930578N18Rik",0,0,0,0,0,0,0,0,0
"Tmem210",0,0,0,0,0,0,0,0,0
"4930568E12Rik",0,0,0,0,0,0,0,0,0
"4930567J20Rik",0,0,0,0,0,0,0,0,0
"Trappc6b",60,140,86,66,71,85,86,81,82
"Spint4",0,0,0,0,0,0,0,0,0
"Cst11",0,0,0,0,0,0,0,0,0
"Spink12",0,0,0,0,0,0,0,0,0
"9230112D13Rik",0,0,0,0,0,0,0,0,0
"Dnajc21",98,144,36,48,57,58,97,61,80
"Acbd7",0,0,0,0,0,0,0,0,0
"Phf23",358,381,339,252,301,333,409,313,367
"Armcx1",0,1,0,0,0,0,0,0,0
"Adgrf4",0,2,0,0,0,0,1,6,0
"Iqch",0,0,0,0,0,0,0,0,0
"Zfp712",7,13,4,3,12,5,22,17,8
"Nxpe2",0,5,0,0,0,0,0,0,0
"Ralgps2",46,52,24,47,62,46,56,50,78
"Lrrc9",3,5,0,2,1,0,1,7,5
"Mroh9",0,0,0,0,0,0,0,0,0
"4632411P08Rik",0,2,0,1,0,0,0,0,0
"Zfp687",80,224,107,59,56,110,76,75,76
"Klhdc8b",13,39,23,32,22,47,21,28,24
"5330427O13Rik",4,16,1,1,1,4,0,5,4
"Map7d2",3,3,1,3,3,1,0,0,0
"Creb3l4",2,6,0,0,0,1,7,2,2
"Nav2",7,8,5,31,30,24,13,31,24
"Rbsn",103,138,49,49,62,72,60,64,48
"Rps27a",3142,3208,2270,1612,2015,1300,2236,1947,2118
"H2bc27",3,0,8,11,24,14,27,16,38
"Naa38",176,136,138,202,285,283,236,234,273
"Tsga10ip",0,0,0,0,2,4,0,0,1
"Gpr108",210,243,204,310,343,299,373,368,322
"Cul9",77,133,52,30,95,77,64,77,76
"Ccdc88b",601,990,485,577,663,626,736,569,683
"Ankrd23",0,8,2,2,4,1,9,1,6
"Fam219b",55,69,45,44,74,42,59,82,67
"2310010J17Rik",17,34,5,22,29,10,32,16,37
"Ndufv3",251,268,279,383,428,394,377,484,546
"Cdk19",34,70,50,83,180,81,108,94,129
"2810030D12Rik",0,0,0,0,0,0,0,0,0
"Ttyh3",187,333,231,457,599,856,530,406,620
"1700034K08Rik",0,0,0,0,0,0,0,0,0
"Lypd8l",0,0,0,0,0,0,0,0,0
"Lhx1os",0,0,0,0,0,1,1,0,0
"Icam4",0,1,0,0,2,0,1,2,2
"Snrnp25",65,95,78,44,84,96,56,65,82
"Nudt17",2,3,1,0,0,0,0,2,0
"Sapcd1",12,6,9,9,6,10,8,6,10
"Lce6a",0,0,0,0,0,0,0,0,0
"Mvp",431,731,381,231,239,310,277,287,328
"Pla2g4d",0,0,0,0,0,0,0,0,0
"Ddx52",122,172,86,71,85,75,81,72,89
"2900041M22Rik",0,0,0,0,0,0,0,0,0
"Ntf5",0,0,0,0,0,0,0,0,0
"Fam131a",12,13,21,23,48,44,51,26,42
"Cyren",71,111,90,102,117,95,113,128,136
"1700034E13Rik",0,0,0,0,0,0,0,0,0
"Rnase6",2,3,16,8,9,1,7,8,14
"Bcas3os2",0,0,0,0,0,0,0,0,0
"Pym1",2,0,0,0,1,0,0,1,0
"A930041C12Rik",0,0,0,0,0,0,0,0,0
"Pgpep1l",0,0,0,0,0,0,0,0,0
"C330013E15Rik",7,26,7,10,28,6,11,4,9
"D730050B12Rik",0,0,0,0,0,0,0,0,0
"2700046A07Rik",0,0,0,0,0,0,0,0,0
"Helz",58,71,51,65,88,105,84,69,110
"1700054A03Rik",0,0,0,0,0,0,0,0,0
"Plscr1l1",0,0,0,0,0,0,0,0,0
"1700057H15Rik",0,0,0,0,0,0,0,0,0
"1700065I16Rik",0,0,0,0,0,0,0,0,0
"Ccdc190",0,0,0,0,0,0,0,0,0
"Tmem247",0,0,0,0,0,0,0,0,0
"1700109G15Rik",0,0,0,0,0,0,0,0,0
"Skap1",0,0,0,0,0,0,5,0,0
"Tmsb15a",0,0,0,0,0,0,0,0,0
"Nup50l",0,0,0,0,0,0,0,0,0
"Tspan2os",0,0,0,0,0,0,0,0,0
"1700063D05Rik",0,0,0,0,0,0,0,0,0
"Micu3",13,33,23,16,6,6,18,26,27
"Frmpd1os",0,0,0,0,0,0,0,0,0
"3300005D01Rik",0,3,1,0,3,0,8,2,3
"Arhgap10",1,1,0,4,1,0,3,2,0
"C330022C24Rik",0,0,0,0,0,0,0,0,0
"B230219D22Rik",125,227,118,178,235,198,198,218,171
"Mrpl9",92,168,74,79,94,53,79,74,72
"Platr21",0,0,0,0,0,0,0,0,0
"Asb8",48,151,81,56,104,97,79,60,77
"E130304I02Rik",0,0,0,0,0,0,0,0,0
"E130201H02Rik",0,0,0,0,0,0,0,0,0
"Htra3",64,135,79,162,321,285,210,142,391
"Adgra2",0,0,0,2,0,0,0,0,0
"B430319G15Rik",0,1,0,0,0,0,0,0,0
"Utp23",72,124,55,33,34,67,61,54,64
"Srbd1",26,40,30,35,41,47,33,32,36
"Nrip3",1,1,0,0,0,5,0,0,1
"Pde6h",0,0,0,0,0,0,0,0,3
"B230216N24Rik",0,2,1,0,0,0,0,0,1
"6430706D22Rik",0,0,0,0,0,0,0,0,0
"Cstdc1",0,0,0,0,0,0,0,0,0
"Uvrag",85,124,120,109,155,139,139,112,209
"Btbd19",78,177,74,56,110,98,101,63,117
"9530036M11Rik",0,0,0,0,0,1,0,0,0
"Cstad",1,5,0,2,2,0,0,3,5
"Acap2",117,212,154,193,252,258,266,239,228
"Zfp449",3,23,4,14,5,5,6,12,13
"Acsbg3",0,0,0,0,0,0,0,0,0
"Cypt15-ps",0,0,0,0,0,0,0,0,0
"Spaca7",0,0,0,0,0,0,0,0,0
"Kcnd3os",0,0,0,0,0,0,0,0,0
"Platr5",0,0,0,0,0,0,0,0,0
"Lsm6",212,159,158,151,212,178,130,169,153
"Bola3",117,147,95,63,86,103,83,88,90
"1700066C05Rik",0,0,0,0,0,0,0,0,0
"Eif3j1",155,193,113,63,111,58,102,134,108
"Brd8",71,94,52,136,127,130,95,138,112
"Ncapd3",48,43,32,58,55,72,32,55,65
"E130112N10Rik",1,2,0,0,1,2,0,1,0
"Plekhj1",91,124,79,104,124,121,130,107,127
"0610025J13Rik",3,1,0,0,2,0,0,0,0
"Nol3",0,2,2,2,0,0,1,0,0
"Naa35",74,137,69,142,186,118,114,131,164
"Pus7",95,118,34,17,10,27,35,34,25
"Platr4",0,0,0,0,0,0,0,0,0
"Spink8",0,0,0,0,0,0,0,0,0
"D530049I02Rik",0,0,0,0,0,0,0,0,0
"Pramel13os",0,0,0,0,0,0,0,0,0
"Ly6g6g",0,0,0,0,0,0,0,0,0
"Troap",1,1,1,11,14,11,1,3,6
"Rassf10",0,0,0,0,0,0,0,0,0
"Filip1l",555,917,266,128,213,126,157,196,214
"Zc3h6",56,165,78,50,71,46,52,46,56
"Csgalnact2",35,61,23,29,20,31,25,31,43
"Lipm",0,0,0,0,0,0,0,0,0
"Galnt15",0,0,0,0,0,0,0,0,0
"Pabir2",13,36,12,11,11,4,12,14,24
"Rictor",76,134,54,32,74,51,48,56,57
"Efcab11",0,0,0,2,0,6,0,0,0
"Mctp1",115,126,63,28,34,15,50,49,35
"Hhipl2",0,0,0,0,0,0,0,0,0
"4930511E03Rik",0,0,0,0,0,0,0,0,0
"Cfap61",0,0,0,0,0,0,0,0,0
"Tepsin",82,121,78,60,94,73,82,79,80
"Spata2l",15,47,37,14,18,17,24,37,32
"Zc3hav1",94,186,75,100,76,85,53,93,68
"Brpf1",316,472,284,249,264,362,310,320,346
"Celf3",0,0,0,0,4,0,0,0,0
"Clip4",5,1,1,0,0,1,0,2,0
"Usp54",12,30,25,16,7,16,13,19,11
"Vsig1",0,0,0,0,0,0,0,0,0
"Armc9",5,13,4,8,4,2,1,3,8
"Zcchc4",2,3,5,0,2,4,1,0,2
"Ndor1",158,344,221,91,136,121,133,134,122
"Eml4",83,146,70,90,131,87,96,117,105
"4930480K15Rik",0,0,0,0,0,0,0,0,0
"Ak7",0,1,0,0,0,0,0,0,0
"Ift70a1",15,21,13,12,6,8,19,12,14
"Fbxo43",0,0,0,0,0,0,0,0,0
"4930545L23Rik",0,0,0,0,0,0,0,0,0
"Stpg1",0,0,0,0,0,0,0,0,0
"4930544L04Rik",0,0,0,0,0,0,0,0,0
"Stxbp5",79,162,85,71,123,99,88,122,140
"4930562C15Rik",0,0,0,0,0,0,0,0,0
"4930570E03Rik",0,0,0,0,0,0,0,0,0
"Gmip",501,863,408,500,559,562,580,531,630
"Desi2",92,175,73,71,89,70,122,119,96
"P2ry10",0,0,0,0,0,0,1,0,0
"Tsc22d4",800,985,611,621,763,725,638,690,809
"Slc25a12",49,70,67,45,71,67,60,31,50
"Cacul1",73,126,86,78,75,66,68,86,66
"Gins3",7,19,16,25,17,23,14,26,8
"Zfp623",29,48,22,22,37,27,34,21,46
"B430010I23Rik",4,7,5,9,12,9,5,8,5
"Ftx",12,29,6,8,3,14,19,1,7
"Coro7",179,262,179,125,204,193,231,150,163
"Sfi1",15,16,22,29,42,44,41,31,44
"Wsb1",218,310,205,365,400,175,208,289,338
"Trmt44",11,25,11,9,5,12,13,7,11
"Scyl1",393,550,292,269,315,375,309,274,304
"Crispld2",62,12,38,1,4,0,0,8,3
"Cnot10",102,128,95,79,136,163,153,111,158
"Aacs",17,32,10,10,18,14,24,8,18
"Pus7l",17,47,11,4,10,8,10,8,3
"Ecrg4",0,3,0,0,2,0,0,1,1
"4932443L11Rik",0,0,0,1,0,0,0,0,0
"Wrnip1",26,50,25,29,27,29,20,16,18
"Misp",0,0,0,0,0,0,0,0,0
"Igsf3",0,3,0,0,0,0,0,0,1
"Asb15",0,0,0,0,0,0,0,0,0
"Trim42",0,0,0,0,0,0,0,0,0
"Sp2",8,19,16,22,36,37,25,25,37
"Ltn1",66,81,65,75,76,66,89,83,93
"Nadsyn1",38,37,34,51,65,54,58,36,55
"4930455G09Rik",0,0,0,0,0,0,0,0,0
"Fndc8",0,0,0,0,0,0,0,0,0
"Dlst",350,562,333,191,364,421,329,292,365
"Zfp747l1",10,25,17,4,22,12,8,17,6
"Chsy3",0,0,0,0,0,0,0,2,0
"4930420G21Rik",0,0,0,0,0,0,0,0,0
"Srd5a1",3,0,0,1,1,10,5,5,1
"Gas2l1",40,67,22,45,90,78,101,47,63
"Pigt",85,149,126,76,203,312,184,156,204
"Polr3h",67,120,44,20,27,28,33,26,39
"4930546C10Rik",0,0,0,0,0,0,0,0,0
"Agbl4",0,0,0,0,0,0,0,0,0
"4930581F22Rik",2,4,0,1,0,2,1,2,1
"Saal1",57,118,47,42,84,56,41,44,45
"Avl9",54,76,40,40,46,35,47,39,45
"Fbxo34",30,68,43,44,69,102,58,55,63
"Ern1",7,9,1,7,1,3,1,2,15
"Popdc3",0,0,0,0,0,0,0,0,0
"Spsb3",134,204,177,104,104,93,101,113,119
"Mrps34",193,201,149,109,106,185,130,143,161
"Nme3",40,39,81,234,283,267,195,178,311
"Gm11186",0,0,0,0,0,0,0,0,0
"Gm11201",0,0,0,0,0,0,0,0,0
"Slc13a2os",0,0,0,0,0,0,0,0,0
"Rab11fip4os1",0,0,0,0,0,0,0,1,0
"Gm11413",0,0,0,0,0,0,0,0,0
"Mir301b",0,0,0,0,0,0,0,0,0
"Mir744",0,0,0,0,0,0,0,0,0
"Mir758",0,0,0,0,0,0,0,0,0
"Mir551b",0,0,0,0,0,0,0,0,0
"Mir762",0,0,0,0,0,0,0,0,0
"Mir802",0,0,0,0,0,0,0,0,0
"Mir761",0,0,0,0,0,0,0,0,0
"Mir763",0,0,0,0,0,0,0,0,0
"Mir760",0,0,0,0,0,0,0,0,0
"Mir770",0,0,0,0,0,0,0,0,0
"Mir759",0,0,0,0,0,0,0,0,0
"Mir764",0,0,0,0,0,0,0,0,0
"Tmem147os",0,2,3,1,3,1,2,0,5
"Ighv2-9-1",0,0,0,0,0,0,0,0,0
"Ighv2-6-8",0,0,0,0,0,0,0,0,0
"Tomt",0,0,0,0,0,2,3,0,0
"Gm9984",0,0,0,0,0,0,0,0,0
"Gm16488",0,1,0,0,0,0,0,0,0
"Gm10115",0,0,0,0,0,0,0,0,0
"Gm10091",48,49,62,34,53,31,41,73,68
"Gm9885",0,0,0,0,0,0,0,0,0
"Gm16495",0,0,0,0,0,0,0,0,0
"Gm10253",0,0,0,0,0,0,0,0,0
"Gm9978",0,0,0,0,0,0,0,0,0
"Gm10152",0,0,0,0,0,0,0,0,0
"Gm9881",0,1,0,0,0,0,0,0,0
"Gm9938",2,5,2,3,1,0,4,4,0
"Gm9948",0,1,0,0,0,0,0,0,0
"Gm9958",4,1,0,2,3,1,2,0,1
"C030005K15Rik",0,0,0,0,0,0,0,0,0
"Gm9966",0,0,0,0,0,0,0,0,0
"Gm9956",0,0,0,0,0,0,1,0,0
"Gm10069",2,1,0,2,3,0,3,1,4
"Gm9752",1,0,0,0,0,0,0,0,0
"Gm10277",0,0,0,0,0,0,1,2,0
"Gm10248",0,0,0,0,0,0,0,0,0
"Duxf5",0,1,5,0,0,0,0,0,0
"Gscdt",0,0,0,0,0,0,0,0,0
"Gm9997",0,0,0,0,0,0,0,0,2
"791315",0,2,0,0,0,0,0,0,0
"Zeb1os1",0,2,0,0,2,0,0,0,0
"Gm9799",0,0,0,0,0,0,0,0,0
"Gm9968",0,0,0,0,0,0,0,0,0
"Gm9924",0,0,0,2,1,0,0,0,0
"Gm10190",3,5,0,2,1,1,1,5,4
"Gm10006",0,0,0,0,0,0,0,0,0
"Gm9990",3,11,0,5,3,7,0,3,4
"Gm10118",0,0,0,0,0,0,0,0,0
"Gm10007",0,0,0,0,0,0,0,0,0
"Gm9898",0,0,0,0,0,0,0,0,0
"Gm9930",0,0,0,0,0,0,0,0,0
"Gm9931",0,0,0,0,0,0,0,0,0
"Gm9944",0,0,0,0,0,0,0,0,0
"Gm9982",1,2,0,2,0,4,1,2,0
"Gm9961",0,0,0,0,0,0,0,0,0
"Gm16497",0,0,0,0,0,0,0,0,0
"Gm10099",7,28,3,4,13,22,3,8,7
"A130051J06Rik",0,2,3,0,0,3,0,0,7
"Gm9932",0,0,0,0,0,0,0,0,0
"Gm9964",0,0,0,0,0,0,0,0,0
"Gm9916",0,0,0,0,0,0,0,0,0
"Gm10280",0,0,0,0,0,0,0,0,0
"Gm15413",11,10,1,4,4,0,0,1,0
"Gm9753",0,0,0,0,0,0,0,0,0
"Gm9962",0,0,0,0,0,0,0,0,0
"Gm10113",0,0,0,0,0,0,0,0,0
"791389",0,0,0,0,0,0,0,0,0
"Gm16485",0,0,0,0,0,0,0,0,0
"Gm9972",0,0,0,0,0,0,0,0,0
"Mhrt",0,0,0,0,0,0,0,0,0
"Gm10002",0,0,0,0,0,0,0,0,0
"Gm9979",0,0,0,0,0,0,0,0,0
"791407",0,0,0,0,0,0,0,0,0
"Gm16496",0,0,0,0,0,0,0,0,0
"Gm9883",0,0,0,0,0,0,0,0,0
"Gm13199",3,5,0,0,5,0,1,2,1
"Gm12592",1,0,0,0,0,0,0,0,1
"Gm14164",0,0,0,0,0,0,0,0,0
"Gm11426",0,0,0,0,0,0,0,0,0
"Gm11190",0,0,0,0,0,0,0,0,0
"Osbpl5",0,5,1,0,0,0,0,2,0
"Tnfrsf23",18,21,37,13,28,13,16,20,8
"Tnfrsf22",2,5,7,2,0,0,0,6,3
"Hdac9",9,10,10,6,15,3,10,6,16
"Zfp319",21,29,22,11,24,40,21,17,24
"Lrat",0,0,0,0,0,0,0,0,0
"Trim39",52,82,53,69,97,79,84,61,72
"Krit1",70,138,56,76,58,70,89,76,79
"Bhlhe41",2,5,7,26,12,9,5,23,18
"Spz1",0,0,0,0,0,0,0,0,0
"Pdcl2",0,0,0,0,0,0,0,0,0
"Recql4",14,9,2,10,9,18,15,25,10
"Aldoart2",1,0,0,0,0,0,0,0,0
"Lias",63,95,56,41,54,65,54,48,58
"Cptp",32,56,16,18,40,34,65,32,20
"BC005537",145,262,108,69,96,37,108,129,139
"Ublcp1",31,41,23,17,30,31,24,24,36
"Mettl27",6,13,5,7,2,1,3,0,16
"Sh3bp5l",48,99,29,35,47,48,59,31,59
"Cdk5rap3",110,128,158,135,256,207,246,167,196
"Cttnbp2nl",601,812,472,559,865,581,697,661,726
"Abtb1",71,86,108,87,118,75,84,115,132
"Smim12",138,231,96,87,142,191,151,109,202
"Parp9",242,468,220,163,222,264,157,246,241
"Tusc3",73,62,48,48,71,67,52,51,63
"Apobec3",908,1326,1066,825,1201,895,704,987,1242
"Bcl9l",90,143,100,68,137,51,95,91,111
"Lysmd3",17,23,12,13,12,8,26,21,18
"Gpr146",189,155,295,399,661,549,455,411,675
"Rilpl2",108,304,59,37,91,75,53,56,74
"Zxdc",33,77,33,48,35,30,68,56,44
"Pofut2",360,752,306,127,221,167,282,214,250
"Sptbn4",0,5,3,9,3,3,5,9,9
"Kcnip4",0,1,0,0,0,0,0,0,0
"Tex21",0,0,0,0,0,0,0,0,0
"Tusc2",99,125,76,67,74,105,88,85,105
"Med8",295,433,235,150,238,243,215,177,213
"Rnf227",6,9,8,21,27,25,36,54,23
"Herpud2",58,111,76,63,90,88,71,76,67
"Or8a1b",0,0,0,0,0,0,0,0,0
"Wwox",10,2,16,14,15,20,12,12,7
"Pacsin3",4,14,0,2,0,4,4,4,1
"Rab27b",0,0,0,0,0,0,0,1,0
"Igsf6",1287,1608,618,331,542,506,727,558,488
"Pbx4",1,0,0,0,1,1,1,0,0
"Slc19a3",0,0,0,0,0,0,0,0,0
"Mynn",18,47,37,51,30,35,31,37,57
"Car15",5,8,19,6,5,8,7,9,22
"Vps16",316,651,231,164,257,248,225,177,181
"Cwc22",25,68,32,20,32,28,26,25,23
"BC004004",510,515,497,500,647,575,550,651,673
"Lrfn1",1,0,1,8,2,10,4,2,13
"N4bp1",469,1103,253,228,452,406,395,400,413
"Rnf34",107,112,58,42,44,66,60,45,42
"Fam20c",42,41,33,38,34,46,24,27,47
"Klrb1b",2,6,4,0,0,2,1,0,1
"Cblc",0,0,0,0,0,0,0,0,0
"Selenok",212,189,170,195,336,395,365,235,282
"Calm4",0,0,0,0,0,0,0,0,0
"Clca3a2",0,0,0,0,0,0,0,0,0
"Snord82",0,0,0,0,0,0,0,0,1
"Rhoj",0,0,0,0,0,0,0,0,0
"H1f1",5,1,2,4,6,6,1,16,7
"Fgf20",0,0,0,0,0,0,0,0,0
"Nfkbiz",801,1408,300,127,146,176,175,221,254
"Ghdc",22,27,16,28,28,43,73,43,36
"Dhx58",121,252,101,155,187,203,115,165,142
"Ifitm2",86,91,50,30,54,36,58,46,89
"Lrba",23,127,16,15,11,13,16,29,14
"Slc16a3",163,180,171,66,93,141,145,81,104
"Kank3",47,95,42,25,43,54,42,39,55
"Ntng1",0,0,0,0,0,0,1,0,0
"Maged2",23,23,11,47,61,63,35,47,52
"Hcar2",557,946,316,191,242,469,248,282,320
"Senp3",78,86,67,75,94,117,101,101,172
"Hspb8",0,2,0,0,2,0,0,1,0
"Tlnrd1",42,94,12,22,32,46,24,26,22
"Trim2",32,59,33,26,36,19,25,42,53
"Fcrl2",1956,1644,2300,3629,2488,3079,1542,2612,3088
"Zfhx4",0,0,0,0,0,0,1,0,0
"Tmprss5",0,0,0,0,0,0,0,0,0
"Erap1",165,210,111,114,101,84,125,115,102
"Cxcr6",0,0,0,0,0,0,1,0,0
"Zfp202",45,60,28,23,21,10,19,14,27
"Fgf16",0,0,0,0,0,0,0,0,0
"Dtx3",65,137,63,83,120,80,77,71,97
"Polh",0,1,0,2,0,0,0,0,0
"Kcnip2",0,0,0,0,0,0,0,0,0
"Lactb",87,132,128,176,235,197,228,231,233
"Abo",0,0,0,0,0,0,0,0,0
"Castor2",27,50,32,34,29,22,17,30,38
"Gpr84",5750,6834,1552,1377,1891,3690,3788,2427,2052
"Acox3",152,205,248,301,577,418,366,374,629
"Pum1",165,228,110,123,212,158,236,205,192
"Pum2",240,336,196,226,198,104,202,226,284
"Uck2",35,37,16,2,2,13,7,5,2
"Dusp12",65,91,61,49,93,106,52,83,80
"Syt13",0,1,1,0,0,0,0,1,0
"Mrgprh",0,0,0,0,0,0,0,0,0
"Slc26a5",0,0,0,0,0,0,0,0,0
"Arl4d",4,2,6,0,8,9,3,3,5
"Cemip",1,1,0,0,0,0,0,0,0
"Trim44",142,175,98,101,129,48,84,97,122
"Ckap2",7,16,5,29,8,19,1,10,19
"Nckipsd",171,229,189,97,182,182,240,190,203
"Rad54l2",14,79,13,9,25,27,34,27,33
"Trim23",0,2,2,0,5,1,6,6,1
"Tbl1xr1",106,144,106,79,84,101,87,91,122
"Gpr63",0,0,0,0,0,0,0,0,0
"Defb5",0,0,0,0,0,0,0,0,0
"Vmn1r172",0,0,0,0,0,0,0,0,0
"Vmn1r148",0,0,0,0,0,0,0,0,0
"Vmn1r171",0,0,0,0,0,0,0,0,0
"Vmn1r65",0,0,0,0,0,0,0,0,0
"Vmn1r58",0,0,0,0,0,0,0,0,0
"Vmn1r56",0,0,0,0,0,0,0,0,0
"Vmn1r62",0,0,0,0,0,0,0,0,0
"Vmn1r63",0,0,0,0,0,0,0,0,0
"Rnf114",408,549,350,404,482,486,339,424,456
"Dnajb1",180,190,122,140,117,192,136,233,211
"Btnl5-ps",0,0,0,0,0,0,0,0,0
"Sil1",140,163,123,204,208,277,227,222,238
"Sgpp1",54,67,61,90,59,58,68,59,68
"Chia1",0,0,0,0,0,0,0,0,4
"Kat5",87,166,83,53,130,130,108,76,131
"Zbtb22",107,107,86,46,87,66,79,50,75
"Egfl8",38,62,41,30,100,54,63,59,68
"Ankrd17",208,312,128,205,198,153,139,211,174
"Jdp2",98,287,103,39,105,62,96,53,93
"C1qtnf3",0,0,0,0,0,0,0,2,0
"Sorcs2",0,0,0,0,0,0,0,0,1
"Gpank1",79,83,51,51,105,96,91,71,95
"Tnxb",0,0,0,0,0,0,0,0,0
"Tfcp2l1",1,0,0,0,0,0,0,1,0
"Ift122",7,19,8,17,6,16,19,6,15
"Tlr9",11,13,2,13,6,8,5,5,5
"Sf3b1",624,756,465,832,1087,508,693,914,972
"Cacng7",0,0,0,0,0,0,0,0,0
"Cacng8",0,0,0,0,0,0,0,0,0
"Cyp4x1",0,0,0,0,0,0,0,0,0
"Tmem108",0,1,0,0,0,0,0,0,0
"Zfpl1",200,366,138,167,135,113,120,174,142
"Rrbp1",2910,4412,2535,2868,3232,2010,3165,3059,3099
"Bambi-ps1",0,4,7,0,5,0,6,1,0
"Klb",0,0,0,0,0,0,0,0,0
"Prp2",0,0,0,0,0,0,0,0,0
"Siglece",108,62,71,57,150,112,137,85,159
"Tfap4",12,8,4,9,8,22,7,8,7
"Sp6",1,3,0,0,0,0,0,0,0
"Glis2",0,11,3,2,5,8,3,2,10
"Akap12",3,2,0,0,0,0,1,2,0
"Ndst3",0,0,0,0,0,0,0,1,0
"Gimap3",0,0,0,0,0,0,2,0,1
"Lamtor2",114,104,110,193,278,356,280,267,300
"Cstf2t",34,63,28,33,28,18,30,56,50
"Ucn3",0,0,0,0,0,0,0,0,0
"Ctns",72,169,94,104,182,230,158,138,149
"Il23a",2,0,2,0,0,2,3,0,2
"Ndel1",85,126,70,61,130,126,112,84,103
"Trem2",1533,1440,2070,3554,5648,4381,3660,3517,5832
"Rsph6a",0,0,0,0,0,0,0,0,0
"Plekha3",68,102,42,43,49,60,46,47,52
"Plekha2",113,171,118,146,115,136,113,109,119
"Chrdl1",0,0,0,0,0,0,0,0,0
"Nxf2",0,2,0,0,0,2,0,0,0
"Mov10l1",0,0,0,0,0,0,0,0,0
"Fthl17e",0,0,0,0,0,0,0,0,0
"Ngrn",32,72,44,46,105,92,82,70,75
"Rbm5",221,248,241,304,531,382,438,404,486
"Pik3ap1",62,72,10,37,12,35,32,17,41
"Pramel1",0,0,0,0,0,0,0,0,0
"Gsdmc",0,0,0,0,0,0,0,0,0
"Sacm1l",94,168,75,46,68,30,71,73,62
"Tktl1",0,0,0,0,0,0,0,0,0
"Fstl3",0,0,0,3,0,0,0,0,0
"Tex13b",0,0,0,0,0,0,0,0,0
"Tex16",0,0,0,0,0,0,0,0,0
"Lin28a",0,0,0,0,0,0,0,0,0
"Tex11",1,0,0,5,1,0,7,0,1
"Tex18",0,0,0,0,0,0,0,0,0
"Tex14",5,2,1,4,0,5,2,0,1
"Tdrd1",0,0,0,0,0,0,0,0,0
"Usp26",5,0,0,1,0,0,0,0,13
"Nlrp4c",0,0,0,0,0,0,0,0,0
"Pramel3a",0,0,0,0,0,0,0,0,0
"Gtf2a1",13,40,20,30,51,28,29,41,27
"Elovl4",0,2,0,0,0,0,0,0,0
"Wdr6",28,32,19,35,35,67,34,45,47
"Sytl2",2,0,0,0,0,0,0,0,0
"Sytl3",2,0,0,0,0,0,0,0,0
"Snhg1",554,644,311,195,176,149,178,251,184
"Cnnm1",0,6,0,0,0,0,0,1,0
"Bicc1",0,0,0,0,0,0,0,0,0
"Pde4dip",88,182,74,88,92,131,104,101,88
"Crispld1",0,0,0,0,0,0,0,0,0
"Srrt",275,365,189,234,224,278,291,235,251
"Akr1c6",0,0,0,0,0,0,0,0,0
"Dbr1",46,81,36,31,25,37,29,37,32
"Slc12a9",459,559,538,594,698,904,626,798,804
"Otof",0,0,0,0,0,0,0,0,0
"Actl6b",0,3,0,1,0,2,0,0,0
"Wasf1",0,0,0,0,0,0,0,0,0
"Dpp7",48,148,97,179,158,115,113,131,198
"Tas1r2",0,0,0,0,0,0,0,0,0
"Tas1r3",1,0,0,0,0,1,1,2,1
"Smarcd2",116,181,88,121,208,201,181,153,192
"Smarcd1",64,120,63,39,82,82,66,56,96
"Tnk1",0,0,0,0,0,0,0,0,0
"Nedd4l",32,69,29,42,63,46,48,55,67
"Cenpq",9,24,21,26,10,6,6,27,13
"Slc25a2",0,0,0,0,1,1,0,0,0
"Cemip2",18,42,6,4,12,5,14,6,12
"Cep41",10,5,4,22,37,24,24,30,15
"Gpr137b",21,70,56,45,50,55,20,42,57
"Trps1",18,17,1,1,5,2,3,6,10
"Dnaja3",83,75,53,34,39,75,40,48,32
"Phip",182,298,176,237,222,131,151,301,238
"Nrg4",0,2,0,0,0,0,0,0,0
"Btbd1",57,113,62,73,83,71,79,95,102
"Jam3",30,19,13,21,24,41,19,13,29
"Enpp5",0,0,6,3,0,4,0,2,5
"Tssk6",2,2,0,0,0,0,0,4,3
"Tbx19",0,0,0,1,0,0,0,0,0
"Mmp1a",0,0,0,0,0,0,0,0,0
"Mmp1b",0,0,0,0,0,0,0,0,0
"Slmap",72,149,97,90,88,43,85,112,111
"Mcam",0,0,2,0,0,0,0,0,2
"Kremen1",48,113,49,39,49,60,54,29,36
"Kcnn1",0,0,1,3,1,3,3,2,8
"Usp8",159,164,95,172,232,229,250,197,221
"Plvap",0,2,0,0,0,3,0,0,0
"Pi4k2a",320,515,272,255,337,386,460,323,376
"Gpr87",0,0,0,0,0,0,0,0,0
"Sucnr1",0,0,0,0,0,0,0,0,0
"Ptov1",249,415,290,450,492,409,317,427,628
"Setdb1",169,193,123,157,237,190,173,147,195
"Hamp",0,0,0,0,0,0,0,0,0
"Sval2",0,0,0,0,0,0,0,0,0
"Cd96",0,0,0,0,0,0,0,0,0
"Rnf123",107,298,140,51,117,120,120,78,105
"Hycc1",135,141,136,129,145,106,136,176,189
"Hes7",1,0,2,2,0,5,6,2,2
"Cox4i2",0,0,0,0,0,0,0,0,0
"Snurf",0,0,0,0,0,0,0,0,0
"Rpph1",48,16,14,38,22,28,30,37,24
"Tnfrsf25",3,1,1,6,2,7,8,3,7
"Pla1a",3,8,1,0,3,1,3,0,0
"Kars1",213,275,170,115,151,173,175,168,120
"Emc9",23,19,29,39,62,64,49,60,51
"Sec16b",4,31,17,1,4,1,0,0,0
"Tac4",1,0,0,0,0,0,2,0,0
"Cd163",2,1,6,2,0,3,7,2,4
"Il24",0,0,0,0,0,0,0,0,0
"Nat8f2",0,0,0,0,0,0,0,0,0
"Nat8f3",0,0,0,0,0,0,0,0,0
"Clec2i",0,3,0,0,0,0,0,1,0
"Lmod2",0,0,0,0,0,0,0,0,0
"Trim8",142,261,163,172,266,284,270,170,231
"Zkscan8",33,47,29,32,31,8,15,21,18
"Glce",27,29,34,17,16,28,16,16,13
"Selenof",482,506,402,441,651,694,569,613,649
"Entpd7",56,85,38,31,57,50,78,24,32
"Rbfox2",6,12,3,0,4,11,21,2,11
"Csnk1a1",156,178,86,117,162,151,185,178,201
"Klhl1",0,0,0,0,0,0,0,0,0
"Lmod1",0,0,0,0,0,0,0,0,0
"Gpr45",0,0,0,0,0,0,0,0,0
"Klf7",359,742,203,122,245,179,241,197,231
"Glrx",306,416,101,74,100,136,95,124,82
"Clec2d",542,615,147,248,132,281,231,452,210
"Gpnmb",11,21,7,0,3,10,5,4,2
"Chrac1",116,197,118,75,104,131,80,88,106
"Ice2",25,31,23,17,54,22,29,39,65
"Pcdhgb1",0,0,0,0,0,0,1,0,0
"Pcdhgb2",6,14,3,2,11,4,7,3,15
"Pcdhgb4",0,0,0,0,1,0,2,0,0
"Pcdhgb5",0,0,3,0,2,0,0,1,0
"Pcdhgb6",0,0,0,0,0,1,2,0,0
"Pcdhgb7",0,1,0,0,0,0,0,0,0
"Pcdhgb8",0,0,2,1,0,0,1,0,0
"Pcdhgc3",0,0,0,0,0,0,0,0,0
"Pcdhgc4",0,0,0,0,0,0,0,0,0
"Pcdhgc5",0,0,0,0,0,0,0,0,0
"Pcdhga1",3,16,0,0,3,1,1,1,1
"Pcdhga2",0,5,3,3,0,1,5,0,0
"Pcdhga3",0,0,0,0,0,0,0,0,0
"Pcdhga4",4,20,7,1,1,0,1,1,1
"Pcdhga5",0,0,0,0,3,1,0,0,1
"Pcdhga6",0,1,0,4,0,0,0,1,1
"Pcdhga7",0,0,0,0,0,0,0,1,1
"Pcdhga8",0,0,0,0,0,0,0,0,0
"Pcdhga9",0,0,0,0,0,0,0,0,0
"Ear6",0,0,0,0,0,0,0,0,0
"Cpn1",2,5,4,2,7,2,3,5,5
"Pcdhga10",0,2,1,0,0,0,0,0,0
"Pcdhga11",0,0,0,0,0,0,0,0,0
"Pcdhga12",0,3,0,0,2,0,0,0,6
"Ear10",0,0,0,0,0,0,0,0,0
"Rnase2a",1,1,0,0,0,0,3,0,0
"Pabpc5",0,0,0,0,0,0,0,0,0
"Lztfl1",12,51,19,18,9,12,15,24,23
"Acox2",0,0,0,0,0,0,0,0,0
"Mpv17l",12,19,6,5,12,9,6,11,15
"Wnt16",0,0,0,0,0,0,0,0,0
"Aff4",132,193,138,99,169,115,113,127,134
"Pard6g",0,5,0,1,0,0,0,0,0
"Gabarapl2",17,23,17,11,27,24,9,24,30
"Pard3",0,2,0,0,0,0,0,1,0
"Gprc5d",2,7,3,0,3,1,4,1,11
"Echs1",234,345,239,127,225,224,210,206,242
"Immp2l",5,4,3,12,23,24,10,19,19
"Sirt1",53,71,40,33,39,22,35,52,37
"Arid1a",379,477,231,326,437,398,414,448,478
"Smarca1",0,0,0,0,0,0,0,0,0
"Smarca5",92,168,53,103,70,42,73,119,117
"Ube2n",14,15,7,21,37,35,15,26,28
"Nipa2",151,208,145,145,171,88,105,129,186
"Serpinb9g",0,0,0,0,0,0,0,0,0
"Peli2",103,99,164,98,136,87,75,91,163
"Amn",3,6,1,2,7,0,5,2,3
"Rnf111",108,170,81,69,117,76,66,108,116
"Dach2",0,0,0,0,0,0,1,0,0
"Dqx1",5,12,1,1,9,8,7,8,2
"Vangl2",5,13,2,7,1,4,5,3,14
"Uchl4",2,1,1,2,1,1,2,2,1
"Igsf9",0,3,1,1,6,3,6,4,3
"Pnck",0,3,1,0,3,0,5,1,0
"Brwd1",61,122,23,58,76,66,68,106,85
"Pcdhb1",0,0,0,0,0,0,0,0,0
"Pcdhb2",0,0,0,0,0,0,0,0,0
"Pcdhb3",0,0,1,0,0,0,0,0,0
"Pcdhb4",0,0,2,0,0,0,1,0,0
"Pcdhb5",0,0,0,0,0,0,0,0,0
"Pcdhb6",0,0,0,0,0,0,0,0,0
"Pcdhb7",0,0,0,0,0,0,0,0,0
"Pcdhb8",0,0,0,0,0,0,0,0,0
"Pcdhb9",0,0,0,0,0,0,0,0,0
"Pcdhb10",0,0,0,0,0,0,0,0,0
"Pcdhb11",0,0,0,0,0,0,0,0,0
"Pcdhb12",0,0,0,0,0,0,0,0,0
"Pcdhb13",0,0,0,0,0,0,0,0,0
"Pcdhb14",0,0,5,0,0,0,0,0,0
"Pcdhb15",0,0,0,0,0,0,0,0,0
"Pcdhb16",0,0,0,0,0,0,0,0,0
"Pcdhb17",0,0,0,0,0,0,0,1,0
"Pcdhb18",0,0,0,0,0,0,0,0,1
"Pcdhb19",0,0,0,0,0,0,0,0,0
"Pcdhb20",0,0,0,0,0,0,0,0,0
"Pcdhb21",0,0,0,0,0,0,0,0,0
"Pcdhb22",1,7,20,5,1,8,13,7,10
"Msx1os",0,0,0,0,0,0,0,0,0
"Glp2r",0,0,0,0,0,0,0,0,0
"Fzd10",1,0,0,0,0,1,0,0,3
"Cers1",0,0,0,0,0,0,0,0,0
"Nkd1",0,0,0,1,0,0,0,0,0
"B3galt5",93,84,99,168,232,233,160,241,203
"Hemgn",0,0,0,0,0,0,0,0,0
"Clmn",1,0,0,0,7,4,1,0,5
"Allc",0,0,0,0,0,0,0,0,0
"Tm2d1",70,122,75,56,84,163,111,97,129
"Bcl2l13",71,73,36,46,70,67,67,57,72
"P2rx5",0,0,0,0,0,0,0,0,0
"Tmem121b",1,0,0,0,0,0,0,0,0
"Lce3c",0,0,0,0,0,0,0,0,0
"Mrpl1",46,80,31,42,17,27,35,28,30
"Mrpl3",151,236,102,70,114,150,94,88,173
"Mrpl16",190,293,137,60,127,131,132,157,116
"Mrpl27",80,149,83,66,95,113,94,63,69
"Mrpl34",119,154,151,127,175,170,202,149,194
"Mrpl36",125,174,112,103,240,220,204,184,219
"Mrpl43",243,308,266,252,347,322,296,290,391
"Clec2h",0,1,0,0,0,0,0,1,0
"Trim6",0,2,0,0,0,0,0,0,0
"Trim7",0,0,0,0,0,0,0,0,1
"Trim9",0,0,0,0,1,0,1,0,0
"Trim11",96,179,152,102,195,165,121,158,134
"Trim16",14,5,8,1,5,1,8,10,3
"Trim33",38,62,51,47,71,57,77,80,71
"Trim34a",41,37,22,66,44,45,21,61,56
"Csmd1",0,0,0,0,0,0,0,1,0
"Mepe",0,0,0,0,0,0,0,0,0
"Med15",143,299,115,57,103,102,97,99,121
"Hrg",0,0,0,0,0,0,0,0,0
"Dock2",168,272,193,308,510,556,420,369,527
"Mcoln1",101,207,154,209,272,337,182,208,295
"Krt23",0,0,0,0,0,0,0,0,0
"Acsbg1",9,24,3,1,1,0,1,1,0
"Nans",120,146,85,114,113,126,110,129,111
"Pdxdc1",99,141,74,75,108,79,78,136,114
"Tnfrsf21",166,162,127,171,175,203,124,191,208
"Strn3",117,139,97,84,106,51,110,139,87
"Zfp423",0,0,0,0,0,0,1,0,0
"Ophn1",91,186,63,179,237,225,220,184,216
"Adarb2",0,0,0,0,0,0,0,0,0
"C1galt1",10,20,9,8,12,2,23,20,3
"Pag1",496,825,564,613,674,430,545,532,621
"Ddx50",207,352,145,95,146,147,134,115,160
"Spock2",0,1,3,0,0,0,0,0,0
"Ugt2a1",0,0,0,0,0,0,0,0,0
"Col4a6",0,0,0,0,0,0,0,0,0
"Lrp1b",1,0,0,0,0,0,0,0,0
"Cnnm3",59,49,58,62,96,97,61,85,84
"Cnnm2",2,2,3,11,38,25,26,7,40
"Cnnm4",39,58,45,25,53,81,63,59,52
"Gopc",55,63,30,40,53,34,58,31,32
"Olig3",0,0,0,0,0,0,0,0,0
"Dgcr8",53,84,45,25,39,34,47,43,64
"Srd5a2",0,0,0,0,0,0,0,0,0
"S1pr5",2,2,0,0,0,0,0,0,0
"Pi15",0,0,0,0,0,0,0,0,0
"Slc4a10",3,1,0,0,2,3,0,1,0
"Cpsf1",224,425,177,126,190,214,145,154,234
"Ubqln4",75,153,64,42,38,80,62,79,47
"Tinagl1",0,0,1,1,0,0,0,1,0
"Fkbp6",0,0,3,0,0,0,0,0,0
"Dtnbp1",196,355,156,155,203,262,176,178,200
"Arid4b",82,95,69,74,121,75,99,83,137
"Slc24a3",128,133,132,30,59,65,91,52,57
"Hecw1",1,0,0,0,0,0,0,0,0
"Rcc1l",55,85,41,21,38,56,50,32,45
"Maged1",33,45,21,51,87,86,79,37,78
"Sfxn2",126,159,64,89,110,111,120,147,106
"Sfxn3",83,81,98,36,38,63,57,50,37
"Sfxn4",8,10,9,21,28,22,22,30,13
"Sfxn5",9,14,19,11,27,16,11,23,5
"Ugt1a6a",0,0,0,0,0,0,0,0,0
"Prcc",9,14,3,9,9,3,2,1,8
"Cadm3",0,5,1,1,0,2,0,3,4
"Tmem40",6,0,0,1,0,0,0,1,0
"Loxl2",0,0,0,0,0,0,0,0,0
"Hmgn3",16,21,13,15,33,30,13,12,8
"Prg4",0,0,2,1,0,0,0,0,0
"Susd4",0,0,0,0,0,0,0,0,0
"Tmem62",64,131,43,18,28,15,36,22,26
"Ptges2",104,166,69,30,37,27,50,41,53
"C79798",0,0,0,0,0,0,0,0,0
"Tprn",16,27,9,13,11,15,16,14,19
"Wwtr1",21,32,2,17,22,31,22,17,19
"Slc9b2",0,0,0,0,0,0,0,0,0
"Nmd3",216,379,116,84,107,122,113,121,113
"H3c15",2,12,0,6,5,3,8,7,21
"H4c14",2,1,0,6,9,1,3,19,4
"Nhsl3",0,1,3,0,0,0,1,2,0
"A430005L14Rik",76,138,61,67,58,107,90,91,80
"Hmgb2",74,109,56,50,70,48,48,89,62
"Pramel29",0,0,0,0,0,0,0,0,0
"A230098N10Rik",0,0,0,0,0,0,0,0,0
"Hadha",108,149,95,134,177,145,139,147,178
"Naa11",0,0,0,0,0,0,0,0,0
"Mtmr14",56,59,63,51,94,155,107,85,93
"Strn4",79,144,79,111,153,149,185,73,130
"Misfadt",0,0,0,0,0,0,0,0,0
"Rnu5g",0,0,0,0,0,0,0,0,0
"R74862",4,12,16,8,19,11,9,15,15
"B3gnt9",0,0,0,3,0,0,0,0,0
"Fam90a1a",0,0,0,0,0,0,0,0,0
"Cog8",120,241,135,99,115,86,137,136,128
"Cmtm4",29,59,51,81,97,95,71,88,116
"Qars1",310,335,256,191,289,255,298,247,292
"C78653",0,0,0,0,0,0,0,0,0
"Sgsm2",10,25,5,16,19,28,12,19,29
"D930048N14Rik",4,0,0,0,0,0,0,0,3
"4833439L19Rik",100,119,89,111,123,128,101,128,107
"Exd2",39,58,19,24,69,72,64,31,67
"C87198",0,0,0,0,0,0,0,0,0
"Serpinb6c",0,0,0,0,0,0,0,0,0
"Fam8a1",6,18,10,2,17,7,14,16,3
"B3galnt2",31,39,21,17,24,23,31,20,24
"Nlrp4f",0,0,0,0,0,0,0,0,0
"H3c8",0,0,0,4,0,0,0,0,4
"Nol12",184,316,166,68,131,126,103,131,119
"Deptor",38,81,43,22,46,46,39,62,54
"Gtf2f1",415,618,272,182,178,195,202,213,228
"Tmem132a",4,1,14,11,17,12,13,16,4
"Dcaf8",113,192,130,98,177,173,170,160,195
"Eif3m",132,206,105,71,79,96,75,113,113
"Lrrc59",208,306,146,79,135,166,158,145,161
"Kmo",1,0,0,0,0,0,0,0,0
"Txndc9",154,196,107,85,83,79,94,79,94
"Stk17b",168,223,135,78,106,82,116,131,106
"D630023F18Rik",0,1,0,0,0,0,0,0,0
"D2hgdh",18,8,19,22,43,42,31,52,38
"Efhd1",1,2,0,0,0,0,0,0,4
"Slamf9",320,460,312,471,413,527,501,634,552
"Smap1",428,548,280,280,562,231,471,457,587
"Gorab",13,31,13,28,32,11,19,21,14
"Lbr",87,86,95,49,65,41,42,44,46
"Chst10",1,11,8,0,0,8,1,1,6
"Slc41a1",38,108,33,53,61,60,52,46,65
"Sh3bp4",25,82,7,5,3,9,6,5,14
"Zfp451",28,37,23,27,25,28,22,31,29
"AI597479",28,51,18,27,27,30,23,24,30
"Nucks1",123,203,80,86,88,47,126,115,78
"Cnih4",214,290,163,127,145,132,151,197,123
"Phlpp1",15,26,12,20,41,31,33,16,46
"Celrr",0,0,0,0,0,0,0,0,0
"Gtf3c3",16,22,23,22,33,13,23,18,15
"Pid1",121,130,84,81,230,139,147,112,177
"Mael",0,0,0,0,1,0,0,0,0
"Khdc1b",0,0,0,0,0,0,0,0,0
"Atp1a2",17,29,17,17,11,2,13,5,0
"Mfsd6",1,0,1,1,4,7,13,5,13
"Trmt1l",66,77,60,83,140,151,106,119,123
"Rabif",83,160,89,27,56,39,89,42,44
"Rdh10",29,40,14,11,45,16,21,27,17
"Rab3gap2",40,80,46,60,85,88,86,84,116
"Obsl1",0,0,0,0,0,0,0,0,0
"1700034H15Rik",0,0,1,0,0,0,0,2,0
"Kcnb2",0,0,0,0,0,0,0,0,0
"Fcrla",0,10,0,0,1,0,1,0,0
"Hnrnpf",111,213,90,52,133,130,132,101,110
"Ubac1",55,73,40,79,86,83,95,69,99
"Cdc123",190,382,208,199,236,265,220,215,219
"Eps8l2",0,0,1,0,0,0,0,2,0
"AI182371",3,0,4,7,4,10,6,2,2
"Ehd4",113,198,230,390,541,518,527,495,658
"Usp6nl",16,26,14,5,33,17,16,20,23
"Myl9",1,0,0,0,0,0,0,2,0
"Eeig1",13,12,10,12,24,21,18,17,25
"Nat10",82,112,57,29,47,37,43,45,33
"Fibcd1",0,0,0,0,0,0,0,0,0
"Clp1",66,95,67,34,42,60,31,37,45
"Znfx1",291,494,264,290,458,468,310,320,436
"Qser1",42,89,31,40,34,17,35,44,27
"Lpcat4",0,4,0,1,3,1,0,0,0
"Pomt1",68,40,52,91,98,95,111,97,117
"Osbpl6",3,0,0,0,0,0,0,0,0
"Olah",0,0,0,0,0,0,0,0,0
"Pax1dt",0,0,0,0,0,0,0,0,0
"Mrps26",279,531,260,180,312,261,252,197,302
"Cep152",122,58,197,74,163,61,55,84,127
"Stard7",111,196,96,59,73,56,74,91,90
"Cercam",4,27,9,7,4,8,4,9,11
"Anapc2",180,244,229,194,233,270,218,246,263
"Ssx2ip",27,22,29,27,69,29,37,48,33
"AU015228",0,0,0,0,0,0,0,0,0
"Tm9sf4",211,380,127,153,280,308,243,211,289
"Hrh3",3,0,0,0,0,1,0,0,0
"Commd7",217,338,160,126,213,243,196,181,166
"Garnl3",19,47,34,73,114,106,91,95,154
"Zscan29",15,31,23,27,33,27,22,31,45
"Dnajc24",54,66,39,43,52,59,74,42,64
"Arfgef2",80,114,82,39,76,67,68,72,110
"Cul4a",94,139,73,59,86,95,62,99,99
"Sall4",0,0,0,0,0,0,0,0,0
"Abtb2",26,12,21,1,2,1,4,4,6
"Golga2",87,259,110,73,163,147,162,117,161
"Duox1",0,0,0,0,0,0,0,0,0
"Magi3",5,14,3,8,22,12,21,26,40
"Dnttip2",182,277,129,81,88,84,120,110,98
"Wdr47",17,37,20,16,15,12,8,8,17
"Usp53",0,1,1,0,8,0,0,2,1
"AI115009",0,0,0,0,0,0,0,0,0
"Olfml3",467,407,592,4459,5172,5687,2900,3772,5521
"Fgg",0,0,0,0,0,0,0,0,0
"Dpyd",0,0,0,0,0,0,0,0,0
"Adgrl2",2,4,9,15,22,22,20,20,35
"4933434E20Rik",128,158,124,118,168,154,153,144,157
"Eps8l3",0,0,0,0,0,0,0,0,1
"Clca4a",0,0,0,0,0,0,0,0,0
"Tchh",0,0,0,1,0,1,0,0,0
"Sec24b",84,136,72,109,100,89,108,96,136
"AI606473",0,0,0,0,0,0,0,0,0
"Ankrd50",25,62,21,15,43,34,38,23,34
"Clca4b",0,0,0,0,0,0,0,0,0
"Cept1",359,287,241,325,429,260,259,303,346
"Taf13",49,46,21,35,27,48,21,28,23
"Kcnc4",1,0,2,1,0,0,0,0,0
"AW047730",1,0,2,0,0,0,2,0,0
"Tlcd4",0,0,0,0,0,0,0,0,0
"Arfip1",36,48,49,35,49,11,38,52,43
"Prmt6",57,111,21,42,26,30,28,37,34
"Ifi44",14,35,8,23,7,7,14,8,12
"Tiparp",158,289,156,35,70,16,39,93,53
"Kdm1a",36,67,50,30,49,39,49,31,53
